date,open,high,low,close,volume,sma_10,sma_20,sma_50,rsi,macd,macd_signal,macd_diff,bb_high,bb_low,bb_mid,atr,returns,log_returns,volume_sma
2018-03-14 00:00:00-04:00,163.60556813918518,163.7287911427087,162.01320007452026,162.7240753173828,40536400,160.7772186279297,159.1687469482422,156.79461334228515,60.00269606526805,2.0912773413694197,1.5868482059808806,0.5044291353885391,164.9946558727945,153.34283802368986,159.1687469482422,2.6999401956412634,-0.0001747584812475944,-0.00017477375329028364,44518195.0
2018-03-15 00:00:00-04:00,162.83776719038923,163.52968146407628,161.98470852512554,162.58184814453125,28810400,161.4454360961914,159.58816299438476,157.04180694580077,59.5740731730686,2.0651484676552627,1.6825082583157571,0.3826402093395056,165.12141386596443,154.0549121228051,159.58816299438476,2.617442534449083,-0.000874038906499619,-0.0008744211012229236,43353345.0
2018-03-16 00:00:00-04:00,162.85674987509069,163.21691675040657,162.02265181328218,162.09848022460938,31176700,161.9221923828125,159.8402877807617,157.25014099121094,58.0562080092196,1.9825834081115659,1.7425232882749189,0.240060119836647,165.34851349391423,154.3320620676092,159.8402877807617,2.5157869917830333,-0.0029730743341789267,-0.002977502699093988,42330485.0
2018-03-19 00:00:00-04:00,160.5386962562349,160.65261617920999,157.2538651099721,158.63995361328125,71395100,161.87869567871093,159.95455169677734,157.3839959716797,48.528824414824534,1.6194082795527436,1.717900286530484,-0.09849200697774041,165.25988741440486,154.64921597914983,159.95455169677734,2.682131857701193,-0.02133595951384537,-0.021566861346394656,42787425.0
2018-03-20 00:00:00-04:00,158.70639994416626,159.5323483471703,158.1747543290714,159.16209411621094,34075700,161.8201171875,160.07928543090821,157.4977734375,49.86644946427127,1.3580667998095635,1.6459335891863,-0.2878667893767366,165.1830980410341,154.97547282078233,160.07928543090821,2.587522012015316,0.003291355620303138,0.00328595096524102,42651930.0
2018-03-21 00:00:00-04:00,158.74435039364795,160.2158640317878,157.77598780092563,158.46902465820312,43863500,161.6552703857422,160.19163970947267,157.5857470703125,48.08032483193453,1.0825479423941147,1.533256459827863,-0.4507085174337484,165.0435643802967,155.33971503864865,160.19163970947267,2.5769758847900905,-0.004354488182982674,-0.004363996579490363,42787015.0
2018-03-22 00:00:00-04:00,156.27599198035415,157.37726603615164,154.358258122673,154.55763244628906,66607300,161.0111343383789,160.10937118530273,157.59530395507812,39.484797641939394,0.5423289694812468,1.33507096175854,-0.7927419922772931,165.2747040368414,154.94403833376407,160.10937118530273,2.6865323598429507,-0.024682377015637136,-0.024992093871442057,44263660.0
2018-03-23 00:00:00-04:00,154.37729201963617,155.03236063774952,150.40891182692076,150.48486328125,80110400,159.64693450927734,159.66375503540038,157.5306088256836,32.89113025532028,-0.21199316741351026,1.02565813592413,-1.2376513033376402,166.32041767263354,153.00709239816723,159.66375503540038,2.824883534913366,-0.026351135822777372,-0.02670454939690779,45764335.0
2018-03-26 00:00:00-04:00,153.53233662060612,156.26653075738153,151.10194827069787,156.07664489746094,57481500,158.7547134399414,159.3920455932617,157.5567074584961,46.17994741735346,-0.3545023689021036,0.7496260349588832,-1.1041284038609869,166.16751496904064,152.6165762174828,159.3920455932617,3.0360823878575203,0.03715843237841221,0.03648469711338079,46675075.0
2018-03-27 00:00:00-04:00,157.2348357739461,157.2348357739461,149.6968269783542,151.0259552001953,78889100,157.5820571899414,158.96779556274413,157.45904388427735,38.72156752383337,-0.8650189855892734,0.426697030849252,-1.2917160164385253,166.66081179004914,151.27477933543912,158.96779556274413,3.3576485598385455,-0.03236031694930286,-0.03289548925310442,48509035.0
2018-03-28 00:00:00-04:00,150.16205510177866,151.69054345711947,148.13988961981215,149.28863525390625,89369700,156.23851318359374,158.50786590576172,157.33554260253905,36.53570729832254,-1.393728250953103,0.06261197448878097,-1.456340225441884,167.28439126675204,149.7313405447714,158.50786590576172,3.3714346510863153,-0.011503452793833469,-0.011570129340472758,50830705.0
2018-03-29 00:00:00-04:00,150.0956196813061,153.52285091307365,148.70004260581092,152.02284240722656,68692600,155.18261260986327,158.31402435302735,157.23317260742186,42.07753228452381,-1.5739628226860702,-0.26470298494618927,-1.309259837739881,167.4752290561394,149.1528196499153,158.31402435302735,3.4751041979560595,0.01831490487316767,0.01814920710414154,50424840.0
2018-04-02 00:00:00-04:00,150.94055674999305,151.65258526531605,146.08926855280865,147.63673400878906,85549400,153.73643798828124,157.82931518554688,157.0425112915039,36.56201650591536,-2.047124335768899,-0.6211872551107313,-1.425937080658168,168.1052825682617,147.55334780283204,157.82931518554688,3.6507091734176207,-0.028851640509972465,-0.02927603195010351,51830055.0
2018-04-03 00:00:00-04:00,148.92787199117498,149.92471475875274,146.62090667325108,149.29812622070312,64090000,152.80225524902343,157.3404754638672,156.8752212524414,39.78190178227369,-2.2619731586210605,-0.9493444358127971,-1.3126287228082634,168.2439418388633,146.4370090888711,157.3404754638672,3.6259305242807662,0.01125324414054818,0.011190397435404452,53107545.0
2018-04-04 00:00:00-04:00,146.41198021345693,152.11769406284654,146.2410859199414,151.6525115966797,65768700,152.05129699707032,156.93570709228516,156.72127563476562,44.11109245208728,-2.2167103185142594,-1.2028176123530896,-1.0138927061611698,168.0506383767599,145.8207758078104,156.93570709228516,3.7866932113253635,0.01576969139248363,0.015646641759798824,54921935.0
2018-04-05 00:00:00-04:00,153.16209009628864,153.39943294690218,151.40574720724516,152.51651000976562,43054900,151.45604553222657,156.55565795898437,156.55826110839843,45.6551315613996,-2.0870633730161785,-1.3796667644857075,-0.707396608530471,167.7290664252791,145.38224949268965,156.55565795898437,3.6586212490633394,0.005697224556252323,0.005681056751108251,55344210.0
2018-04-06 00:00:00-04:00,150.8361128349577,152.33612118808048,147.98799900944118,148.7000274658203,59870900,150.8702850341797,155.9407096862793,156.33976806640624,40.35199613290275,-2.2661526827780847,-1.5569639481441828,-0.7091887346339019,167.41790238381046,144.46351698874813,155.9407096862793,3.720756231296275,-0.02502340594930308,-0.025341814374290263,57046335.0
2018-04-09 00:00:00-04:00,149.98168182677352,152.73486743371004,149.48801915484603,149.7443389892578,41810400,150.79623260498047,155.2215835571289,156.1432992553711,42.32611720054799,-2.297332816103335,-1.7050377217360135,-0.5922950943673215,166.35413798460192,144.08902912965587,155.2215835571289,3.743190783910093,0.007022941025868645,0.0069983950319133185,57221330.0
2018-04-10 00:00:00-04:00,152.0987550908306,153.5417887781341,151.01647258222604,153.04812622070312,48296800,150.49338073730468,154.62404708862306,155.9639990234375,48.1702934170257,-2.0320312859596186,-1.7704364345807346,-0.26159485137888394,164.8383185961934,144.4097755810527,154.62404708862306,3.7470664271219647,0.022062852283733614,0.021822989189660587,57754420.0
2018-04-11 00:00:00-04:00,152.0892707299291,153.79814187018226,151.99434229707123,152.16522216796875,41622100,150.60730743408203,154.0946823120117,155.78277313232422,46.80531615039923,-1.8714480026069396,-1.7906387481859758,-0.08080925442096376,163.64482321489604,144.5445414091274,154.0946823120117,3.6082616518354698,-0.005768800145002695,-0.005785503944123008,57053580.0
2018-04-12 00:00:00-04:00,153.08614040418246,154.52918900864083,153.00070045368207,153.99754333496094,30467900,151.0781982421875,153.65835571289062,155.66473266601562,49.9735592891367,-1.5781397758029243,-1.7481389537093657,0.16999917790644137,162.3504365988744,144.96627482690684,153.65835571289062,3.5193834510380846,0.012041655385417682,0.011969731466205832,56550155.0
2018-04-13 00:00:00-04:00,154.76652948311843,154.9943693476174,152.53550090151325,153.20005798339844,44604900,151.1959197998047,153.18926620483398,155.51747314453124,48.61637554746544,-1.3939724492201435,-1.6773056528115213,0.2833332035913778,160.85662260638932,145.52190980327865,153.18926620483398,3.4436323792570898,-0.005178558919137322,-0.005192014127872871,57339880.0
2018-04-16 00:00:00-04:00,154.2728396661685,154.92790819547514,153.30447686257358,154.36778259277344,28180800,151.86902465820313,152.8027313232422,155.42086517333985,50.72652846622869,-1.1406442621271538,-1.569973374674648,0.4293291125474943,159.3291145953937,146.2763480510907,152.8027313232422,3.3210765101727766,0.0076222204139213545,0.007593318065704385,57190085.0
2018-04-17 00:00:00-04:00,155.9247661260972,158.03237182239752,155.61147182137603,157.6905975341797,35536100,152.7082717895508,152.7552635192871,155.45421997070312,56.23427252726959,-0.6641011086842354,-1.3887989214765655,0.72469781279233,159.12301667498565,146.38751036358855,152.7552635192871,3.345613132990727,0.021525313673591562,0.021296915853071887,55397135.0
2018-04-18 00:00:00-04:00,157.69058392327872,158.5450123269451,156.94057245924859,158.01336669921875,29573900,153.3443572998047,152.6978271484375,155.6170574951172,56.74011641128846,-0.2574250167963896,-1.1625241405405304,0.9050991237441408,158.85047850015158,146.54517579672344,152.6978271484375,3.2212436140411413,0.0020468510493727443,0.0020447591038777586,55172045.0
2018-04-19 00:00:00-04:00,157.21585939007375,157.58611353829434,156.0196425371662,156.560791015625,34705700,153.74878540039063,152.6024154663086,155.67141571044922,53.730345770714344,-0.051745511965293645,-0.9403684148254832,0.8886229028601895,158.4455190019219,146.7593119306953,152.6024154663086,3.1335636531848143,-0.009192739284890727,-0.009235253259841668,54714155.0
2018-04-20 00:00:00-04:00,156.16211839183057,156.2760383326835,153.5418438621416,154.08299255371094,49197100,154.28708190917968,152.57868347167968,155.7160269165039,48.95953334847493,-0.08767004489172336,-0.7698287408387312,0.6821586959470078,158.39361710089744,146.76374984246192,152.57868347167968,3.1253767603489986,-0.01582643039703835,-0.015953005612172357,53843645.0
2018-04-23 00:00:00-04:00,154.83298366808154,155.44058080628807,152.86779233288942,153.69374084472656,33040600,154.68202209472656,152.7391273498535,155.8810009765625,48.23495752549978,-0.14586837602215041,-0.645036667875415,0.4991682918532646,158.49085214778157,146.98740255192544,152.7391273498535,3.0859061684239735,-0.002526247073301624,-0.0025294434197480086,51490155.0
2018-04-24 00:00:00-04:00,154.42470304294324,154.6620458124721,149.4215134051245,150.43734741210938,70256800,154.4209442138672,152.45716247558593,155.93061279296876,42.56026980633142,-0.44957231810204235,-0.6059437979207405,0.15637147981869814,158.0782081870226,146.83611676414927,152.45716247558593,3.239808042632803,-0.021187547487096725,-0.021415225270494057,52128920.0
2018-04-25 00:00:00-04:00,150.70317596749572,151.24430997004072,148.5480994809047,150.6177215576172,52089300,154.26619415283204,152.43675079345704,155.93132080078124,42.96056225958369,-0.6680048500830935,-0.6183560083532111,-0.049648841729882376,158.08135229118074,146.79214929573334,152.43675079345704,3.200979645954461,0.0011989984442739576,0.0011982802196820587,50788930.0
2018-04-26 00:00:00-04:00,152.56396865295923,154.3013199117636,152.0702915090282,153.78866577148438,43005500,154.24530639648438,152.66175231933593,155.97990234375,49.608964568854375,-0.5785760435479688,-0.6104000153921627,0.03182397184419394,158.14285000620524,147.18065463246663,152.66175231933593,3.235452410825315,0.021052929104721452,0.020834378294021575,48470720.0
2018-04-27 00:00:00-04:00,156.0481715789864,156.08615454709528,153.010186011879,153.88360595703125,51043400,154.31366119384765,152.75479049682616,155.97370391845703,49.7976386999867,-0.4943437040418246,-0.5871887531220951,0.09284504908027047,158.25249470225162,147.2570862914007,152.75479049682616,3.2240607054246695,0.0006173418897328364,0.000617151412617397,47588260.0
2018-04-30 00:00:00-04:00,154.2443613184627,155.20322114779478,152.41206711663665,152.7918243408203,35615300,154.15606536865235,153.01254501342774,155.88842071533202,47.59088801836348,-0.5098098495504928,-0.5717129724077746,0.061903122857281834,157.98450396591429,148.0405860609412,153.01254501342774,3.193138800119917,-0.007094853343349583,-0.007120141496811895,45091555.0
2018-05-01 00:00:00-04:00,152.39310680222823,154.55767251512577,152.0323410213258,154.53868103027344,36513500,153.84087371826172,153.27457275390626,155.85210083007811,51.30881651828203,-0.3767670099835243,-0.5327237799229245,0.15595676993940022,157.98118284110527,148.56796266670725,153.27457275390626,3.145438278239921,0.011432919902550243,0.011368057979752577,43712730.0
2018-05-02 00:00:00-04:00,154.80448472212976,155.28867336528526,153.44689069143448,153.6272735595703,38646800,153.4022644042969,153.3733108520508,155.79129791259766,49.34205607404971,-0.34094239533635573,-0.4943675030056108,0.15342510766925505,158.0221649858056,148.72445671829598,153.3733108520508,3.0523200207835544,-0.0058976009412464725,-0.005915060469742554,42356635.0
2018-05-03 00:00:00-04:00,152.84877644412694,154.17789044479082,151.1588967206017,153.6082763671875,60337100,153.1070129394531,153.4278991699219,155.73902465820314,49.29963665598949,-0.3105047394315079,-0.4575949502907902,0.1470902108592823,158.0608405078982,148.79495783194557,153.4278991699219,3.0499395710268096,-0.00012365768097455376,-0.00012366532721593657,43220745.0
2018-05-04 00:00:00-04:00,152.94369319801766,156.88357755078243,152.82975881298637,156.52281188964844,41543200,153.3509948730469,153.81903839111328,155.74542083740235,55.60545796095584,-0.050620497378901064,-0.3762000597084124,0.32557956232951135,158.09657607746615,149.5415007047604,153.81903839111328,3.121645225796042,0.018973818282381982,0.018796060370151756,42304360.0
2018-05-07 00:00:00-04:00,157.25382735990206,158.3361098271246,157.13040448213658,157.82345581054688,32500200,153.76396636962892,154.22299423217774,155.71394622802734,58.10938173604907,0.2573244551542757,-0.24949515673587483,0.5068196118901506,158.4100032007333,150.03598526362217,154.22299423217774,3.0281918480589076,0.008309612542709788,0.008275277786952183,41838850.0
2018-05-08 00:00:00-04:00,157.49124548112314,158.00389974296775,156.51339394581458,157.66213989257812,26040200,154.48644561767577,154.45369491577148,155.6369723510742,57.674889732316004,0.4827908894074824,-0.10303794750720338,0.5858288369146858,158.85910460011812,150.04828523142484,154.45369491577148,2.9183571301370685,-0.0010221289170248005,-0.0010226516470149586,40726020.0
2018-05-09 00:00:00-04:00,157.94688755325822,159.49436730016512,157.3867620019411,159.3804473876953,29122700,155.3627182006836,154.8144561767578,155.6343621826172,61.018406218706765,0.7910094527273372,0.07577153253970476,0.7152379201876324,159.57829876627056,150.05061358724504,154.8144561767578,2.8604462850004233,0.010898669117950233,0.010839706645155654,40101050.0
2018-05-10 00:00:00-04:00,159.8931211678611,161.14629830435564,159.76969825665134,161.03236389160156,27067600,156.08708801269532,155.16619720458985,155.68526489257812,63.965511329645544,1.155253695494963,0.29166796513075643,0.8635857303642066,160.62498050921536,149.70741389996434,155.16619720458985,2.7822609015475592,0.010364612039819088,0.010311267727239835,39931035.0
2018-05-11 00:00:00-04:00,160.84246442799184,161.26019006720205,160.17790749572774,160.8804473876953,24688800,156.78677215576172,155.5502166748047,155.78488037109375,63.49012817695314,1.4153462592264248,0.5164036239498901,0.8989426352765346,161.46340715849828,149.6370261911111,155.5502166748047,2.6608338779708984,-0.0009433911310431364,-0.0009438364045229301,38935230.0
2018-05-14 00:00:00-04:00,161.25073516911476,162.1716265693658,160.8899694080348,161.15579223632812,21821700,157.6231689453125,155.8896171569824,155.86137786865234,64.01217587111692,1.6249580135026918,0.7381145018604505,0.8868435116422413,162.25435724207264,149.52487707189218,155.8896171569824,2.563001399663726,0.0017114873379813211,0.0017100244124750906,38617275.0
2018-05-15 00:00:00-04:00,159.88359442243134,159.96903434686527,158.5259861826594,159.3709259033203,49361600,158.10639343261718,155.97363357543946,155.86729797363282,58.2024630819538,1.6282832073708562,0.9161482429625317,0.7121349644083245,162.47416258238414,149.4731045684948,155.97363357543946,2.5677731606640823,-0.01107540913199312,-0.01113719812487658,39308550.0
2018-05-16 00:00:00-04:00,159.5798190299316,160.79501314028263,159.5038675872526,160.4247589111328,22941200,158.78614196777343,156.09420318603514,155.88083557128905,60.48294894416682,1.6963989330205038,1.0721983809741262,0.6242005520463776,162.82689435329462,149.36151201877567,156.09420318603514,2.4860813089710994,0.006612454573124538,0.006590688195484682,38976915.0
2018-05-17 00:00:00-04:00,159.86462292060756,161.02285699518038,159.02917159173393,159.8076629638672,27480200,159.4060806274414,156.25654678344728,155.87463897705078,58.471152981942424,1.6812067458357092,1.1940000539464428,0.48720669188926635,163.18028309002207,149.33281047687248,156.25654678344728,2.4509101728621956,-0.0038466378347962182,-0.0038540551734323977,38615640.0
2018-05-18 00:00:00-04:00,159.19056832369682,159.74120540115013,158.74437715212443,158.98171997070312,26217900,159.65197143554687,156.50148315429686,155.8342935180664,55.79607359299493,1.5842577935059126,1.2720516018583368,0.3122061916475758,163.44688417382832,149.5560821347654,156.50148315429686,2.3517941470679498,-0.005168356622240355,-0.0051817587753425765,37466680.0
2018-05-21 00:00:00-04:00,160.2159045159777,160.9184445331218,159.19058171511492,159.87413024902344,22954600,159.85703887939454,156.8105026245117,155.74923889160155,58.03031404582845,1.56143584116478,1.3299284497196255,0.23150739144515442,163.77863648516225,149.84236876386117,156.8105026245117,2.322146319593002,0.005613288612582368,0.005597592817350515,36962380.0
2018-05-22 00:00:00-04:00,160.60516615188584,160.87098899847823,159.38048335767505,159.665283203125,19477700,160.0573532104492,157.2718994140625,155.64256744384767,57.300394269941144,1.5091010903281585,1.3657629778413323,0.14333811248682626,163.69139117497664,150.85240765314833,157.2718994140625,2.262743413965157,-0.0013063217017859063,-0.0013071756837780084,34423425.0
2018-05-23 00:00:00-04:00,158.4500527844908,161.03234369374988,158.43107578995966,161.01336669921875,26557800,160.22064514160155,157.79168167114258,155.60778442382812,60.733706179365925,1.558439771380165,1.404298336549099,0.1541414348310659,163.62891380542342,151.95444953686174,157.79168167114258,2.286923734666947,0.008443184824209471,0.008407740508084276,33146850.0
2018-05-24 00:00:00-04:00,160.96591186523438,161.25072616142643,159.3424805173194,160.96591186523438,27696500,160.21399993896483,158.1505439758301,155.57262115478517,60.54914271078809,1.5755498649762103,1.4385486422345213,0.13700122274168902,163.83987351286797,152.4612144387922,158.1505439758301,2.259875299626954,-0.00029472605260794094,-0.0002947694928665108,32381400.0
2018-05-25 00:00:00-04:00,160.94690596405545,161.70640585710885,160.64311469858742,161.12728881835938,27460500,160.23868408203126,158.5127281188965,155.5435299682617,60.98336440087184,1.5838735999235496,1.4676136337723271,0.11625996615122247,163.98763552700007,153.03782071079291,158.5127281188965,2.174405003833702,0.001002553591968658,0.001002051370757364,31202255.0
2018-05-29 00:00:00-04:00,160.39627646239435,161.31716777210193,159.45640815700145,160.41526794433594,41220500,160.16463165283204,158.89390029907227,155.50986572265626,57.95252231719126,1.5155458171263376,1.4772000704431294,0.038345746683208226,163.74896216823757,154.03883842990697,158.89390029907227,2.152001761781329,-0.004418996181497881,-0.004428788804816054,31482515.0
2018-05-30 00:00:00-04:00,160.99441170252544,161.848840210226,160.65263740219348,161.56402587890625,22665800,160.38394165039062,159.24516754150392,155.56834716796874,61.294794311298666,1.5363802861583054,1.4890361135861647,0.04734417257214063,163.7960353925356,154.69429969047223,159.24516754150392,2.100685369217667,0.007161150863575827,0.00713563158191948,30790130.0
2018-05-31 00:00:00-04:00,161.56402693838626,162.53238987672006,161.0418842281778,161.45960998535156,35670900,160.4874267578125,159.63678436279298,155.61429748535156,60.821553577605734,1.5268655078666598,1.496601992442264,0.03026351542439576,163.479380850542,155.79418787504397,159.63678436279298,2.0571011034551385,-0.0006462818253424318,-0.0006464907554646595,30641335.0
2018-06-01 00:00:00-04:00,162.2665524404628,164.0893437282254,162.21908097482293,163.99441528320312,45543300,160.9061019897461,160.15609130859374,155.72480529785156,67.40145545583871,1.7042174231890783,1.538125078591627,0.16609234459745137,163.35234484498915,156.95983777219834,160.15609130859374,2.0980034348421883,0.015699315129533264,0.015577355678886365,29901645.0
2018-06-04 00:00:00-04:00,164.41209723882514,165.5133713060274,164.30768031377193,165.47540283203125,20459600,161.55547027587892,160.60372085571288,155.9431607055664,70.51700907569172,1.9418885297078532,1.6188777688148723,0.32301076089298086,164.12982621042823,157.07761550099752,160.60372085571288,2.056642905412338,0.009030719407551846,0.008990186306981347,28847465.0
2018-06-05 00:00:00-04:00,165.86468970869214,166.26342397286297,165.25709257001398,165.98809814453125,24779300,162.1668670654297,161.0119529724121,156.25322540283204,71.53137834459659,2.1468670736504123,1.7244756297819805,0.42239144386843175,165.01434402546118,157.00956191936302,161.0119529724121,1.9816206552292415,0.003098317355482827,0.003093527461456097,28461420.0
2018-06-06 00:00:00-04:00,166.15895256194668,166.98490087572253,165.32350126490581,166.9564208984375,25036600,162.89598083496094,161.47666702270507,156.47082092285157,73.39329851011826,2.3602421972942125,1.851628943284427,0.5086132540097854,165.94638600694915,157.006948038461,161.47666702270507,1.9587477234854895,0.005833687865157033,0.005816737797093064,28411240.0
2018-06-07 00:00:00-04:00,166.98490428121306,167.02287275628242,164.76337909014498,165.59881591796875,39600300,163.35452575683593,161.78758544921874,156.76227813720703,66.79714873379154,2.392220119686641,1.95974717856487,0.43247294112177115,166.48985103908427,157.0853198593532,161.78758544921874,1.9802295765320577,-0.008131493075636764,-0.008164733986922437,28935120.0
2018-06-08 00:00:00-04:00,164.8202815278322,166.0259866196625,164.41204451046042,165.60826110839844,31780300,163.81876068115236,162.0163803100586,157.08867065429686,66.8194916119399,2.390765742225682,2.0459508912970326,0.3448148509286493,166.98702955362407,157.04573106649312,162.0163803100586,1.9540661860084874,5.703658191835714e-05,5.7034955394365966e-05,29170755.0
2018-06-11 00:00:00-04:00,165.48495196602633,166.46280350009977,165.45647197852983,166.05458068847656,22319700,164.31148986816407,162.27508697509765,157.3693054199219,67.91810198600898,2.39798492020725,2.116357697079076,0.281627223128174,167.51369185491487,157.03648209528043,162.27508697509765,1.886370852834305,0.002695032102208783,0.002691407014883295,29052300.0
2018-06-12 00:00:00-04:00,166.28236801762193,167.08933937158923,166.10199964925502,166.92794799804688,22511800,164.96275787353517,162.5636947631836,157.75512969970703,70.01059575664226,2.445983834543597,2.1822829245719806,0.2637009099716163,168.14841161032973,156.97897791603748,162.5636947631836,1.8255414121399025,0.005259519526346512,0.005245736560252811,29086805.0
2018-06-13 00:00:00-04:00,167.18427981741723,168.1716195251448,166.54818834381487,166.91845703125,37858600,165.49820098876953,162.9410713195801,158.10753631591797,69.95719656009645,2.4549582477459353,2.236817989206772,0.2181402585391634,168.630838123703,157.25130451545718,162.9410713195801,1.8111049670820467,-5.685666726695793e-05,-5.6858283668533375e-05,28511655.0
2018-06-14 00:00:00-04:00,167.68747649490828,168.88367925439383,167.5640535762184,168.60836791992188,35916000,166.21307678222655,163.35025177001953,158.44665344238283,73.79045780238152,2.568820457211615,2.3032184828077407,0.26560197440387423,169.4215791574266,157.27892438261244,163.35025177001953,1.8221133425150309,0.010124170320814141,0.010073264208250707,29160395.0
2018-06-15 00:00:00-04:00,167.97227340620293,168.35203065469668,167.1937963977419,168.01974487304688,49615700,166.61560974121093,163.7608558654785,158.75671813964843,70.42005014208898,2.581798749125369,2.358934536071266,0.22286421305410276,169.92830910244732,157.5934026285097,163.7608558654785,1.7930032124910988,-0.003491066630539663,-0.0034971746233991513,30267170.0
2018-06-18 00:00:00-04:00,166.96171091589943,168.06532731796574,166.43843638369808,167.92262268066406,31633200,166.8603317260742,164.20790100097656,159.14117004394532,69.85311431842844,2.5547970793050183,2.398107044718017,0.15669003458700148,170.21906683150866,158.19673517044447,164.20790100097656,1.7811380497608535,-0.0005780403514848986,-0.0005782074812171272,30537935.0
2018-06-19 00:00:00-04:00,165.80108233149804,167.48505597576812,165.26829872536078,167.44700622558594,38236000,167.0062225341797,164.5865447998047,159.4952233886719,67.0080780360361,2.46658651446171,2.4118029386667557,0.05478357579495441,170.40914532549027,158.76394427411913,164.5865447998047,1.843508471585313,-0.0028323548518093267,-0.002836373558876016,31302005.0
2018-06-20 00:00:00-04:00,168.21761070505016,169.3307507945637,168.06538269692987,168.63623046875,33038000,167.17420349121093,165.03509216308595,159.8069854736328,70.26874770675754,2.4642333162248065,2.422289014178366,0.041944302046440285,170.65061757004017,159.41956675613173,165.03509216308595,1.8463824785419163,0.007102093193364967,0.007076992106267991,31980020.0
2018-06-21 00:00:00-04:00,169.06436483378408,169.23562497810494,166.8475933853099,167.17108154296875,43469400,167.33143005371093,165.34297790527344,160.1071026611328,62.12261274826545,2.317429234452902,2.4013170582332735,-0.0838878237803713,170.71257621986175,159.97337959068514,165.34297790527344,1.8850717009885682,-0.008688221515083971,-0.008726184156801401,32825600.0
2018-06-22 00:00:00-04:00,167.73240473875433,167.79899542079593,166.20064484465013,166.80003356933594,30073200,167.4506072998047,165.63468399047852,160.36315246582032,60.21867153860215,2.1464030729520687,2.3503342611770326,-0.20393118822496392,170.6431844763834,160.62618350457365,165.63468399047852,1.8645916206426565,-0.0022195703360179397,-0.002222037233233435,32944435.0
2018-06-25 00:00:00-04:00,165.28727380166822,165.53464792461108,161.55777500130765,163.04196166992188,77799700,167.14934539794922,165.73041763305665,160.55999053955077,45.13161807612168,1.6881585718462873,2.217899123310884,-0.5297405514645965,170.455831578395,161.0050036877183,165.73041763305665,2.105853545455916,-0.022530402536471317,-0.022788089945405085,35461395.0
2018-06-26 00:00:00-04:00,163.6413873463879,164.6498726433185,163.04199854953652,163.70799255371094,39008100,166.8273498535156,165.8950538635254,160.74679473876952,47.63555690223276,1.3630274967881917,2.046924798006345,-0.6838973012181535,170.06506513435883,161.72504259269195,165.8950538635254,2.070286218880253,0.004085027418508691,0.004076706347508292,35350775.0
2018-06-27 00:00:00-04:00,164.4025047587715,165.1445982238207,161.36752569458307,161.481689453125,52843500,166.28367309570314,165.89093704223632,160.82261657714844,40.91428939393573,0.915165267601509,1.820572891925378,-0.9054076243238691,170.07817033035087,161.70370375412176,165.89093704223632,2.1921995267629235,-0.013599232791615345,-0.01369254934602695,36859660.0
2018-06-28 00:00:00-04:00,161.28187071590713,163.42252786529906,160.94887379687535,162.87071228027344,46407700,165.70990753173828,165.96149215698242,160.91976348876952,46.0308194864537,0.6646520626539427,1.5893887260710913,-0.9247366634171486,169.8870532809195,162.03593103304533,165.96149215698242,2.212303422595837,0.008601735787212128,0.008564951645733258,37396500.0
2018-06-29 00:00:00-04:00,163.6508706247533,164.51665108130692,163.0705140515677,163.30836486816406,36408500,165.23876953125,165.92718963623048,161.05471496582032,47.57133704729845,0.49571910780991857,1.370654802418857,-0.8749356946089384,169.9320943894936,161.92228488296735,165.92718963623048,2.171848806769954,0.002687116558669489,0.002683512715490413,36939760.0
2018-07-02 00:00:00-04:00,161.77658385767745,164.45003888085847,161.424569340705,164.4024658203125,31770000,164.88675384521486,165.87354278564453,161.26110443115235,51.312854065448555,0.4449937164902735,1.1855225852331404,-0.7405288687428668,169.92963504594562,161.81745052534345,165.87354278564453,2.2328217162973476,0.006699601413753031,0.006677258819669618,37505280.0
2018-07-03 00:00:00-04:00,165.0209233863235,165.0209233863235,162.33797324065023,162.4997100830078,25512700,164.39202423095702,165.69912338256836,161.43722381591797,45.263151057863666,0.24839366485667824,0.9980968011578479,-0.7497031363011697,170.01237282427968,161.38587394085704,165.69912338256836,2.2649737469670557,-0.011573766414089803,-0.011641263752974002,37541950.0
2018-07-05 00:00:00-04:00,163.55576562722146,164.64987375472649,162.71852597101744,164.5166778564453,31626200,163.98006896972657,165.57713623046874,161.7188104248047,51.75621736795194,0.2524293024566475,0.8489633014176079,-0.5965339989609604,169.87923727078393,161.27503519015355,165.57713623046874,2.256773027306457,0.012412131519540459,0.012335732548230846,37871430.0
2018-07-06 00:00:00-04:00,164.8972055880862,167.1995995341059,164.59274960319414,167.07591247558594,37005600,163.97055206298828,165.6509910583496,162.04797424316405,58.48545885299322,0.4568699077731537,0.770544622688717,-0.3136747149155633,170.00247669701272,161.29950541968648,165.6509910583496,2.287212216617465,0.015556080103767744,0.015436324643262724,37741695.0
2018-07-09 00:00:00-04:00,167.94167848934913,168.61716655751658,167.27569922592377,168.57911682128906,27362100,164.1484603881836,165.79953384399414,162.34378326416015,61.85132487942548,0.7317514135014846,0.7627859808512706,-0.031034567349785935,170.33402238779004,161.26504530019824,165.79953384399414,2.2339294927112636,0.008997133838325011,0.008956900771129189,37520785.0
2018-07-10 00:00:00-04:00,168.89314338586786,169.0834211711498,168.12250891925413,168.70286560058594,23902500,164.71455078125,165.93194808959962,162.64016845703125,62.123578154343996,0.9486470666114428,0.799958198003305,0.1486888686081378,170.63984671884492,161.2240494603543,165.93194808959962,2.1429996897958645,0.0007340694484005983,0.0007338001512035652,37599925.0
2018-07-11 00:00:00-04:00,167.3803648040443,168.46497843265436,167.25669225476,167.8465576171875,30280600,165.12840728759767,165.97787857055664,162.94126312255858,58.98653638546883,1.039459296821235,0.8478584177668911,0.19160087905434398,170.7413451477488,161.21441199336448,165.97787857055664,2.0932263795122985,-0.0050758354361674085,-0.00508876124693195,37988365.0
2018-07-12 00:00:00-04:00,168.58863490234341,170.7388153076172,168.47447117012,170.7388153076172,27930100,166.0541198730469,166.168896484375,163.26526580810548,65.3508070036707,1.329484201244128,0.9441835744623386,0.38530062678178933,171.35551663753284,160.98227633121718,166.168896484375,2.1503000445778264,0.017231557986587598,0.017084778452048945,37491940.0
2018-07-13 00:00:00-04:00,170.72931800949908,171.15744658785678,170.25361636304336,170.8815460205078,28049800,166.8552032470703,166.2825553894043,163.61035125732423,65.63421596682215,1.5529467991707975,1.0659362194040305,0.487010579766767,171.7689899492515,160.7961208295571,166.2825553894043,2.061266486023226,0.000835959372410322,0.0008356101529827788,37098630.0
2018-07-16 00:00:00-04:00,170.9196033558627,171.20502725986537,170.18703324021325,170.47244262695312,21405300,167.5716110229492,166.40519027709962,163.94763458251953,64.01791470811582,1.6776919051924892,1.1882873565617222,0.489404548630767,172.1452488542419,160.66513169995733,166.40519027709962,1.9867470241395755,-0.0023940759144676083,-0.00239694629639972,35688110.0
2018-07-17 00:00:00-04:00,168.66478964119295,171.87101437859212,168.66478964119295,171.50949096679688,31034100,168.28231353759764,166.58453369140625,164.2473681640625,66.28450073209747,1.839035181690548,1.3184369215874874,0.5205982601030605,172.71396050916786,160.45510687364464,166.58453369140625,2.0738525750866894,0.006083378192175859,0.006064949149850324,35658155.0
2018-07-18 00:00:00-04:00,171.5284951497321,171.67121435557232,170.66272917692228,171.1859893798828,23220800,169.15094146728515,166.7714828491211,164.51461883544923,64.9108842249108,1.9186796713674994,1.4384854715434898,0.48019419982400957,173.21477240339178,160.32819329485042,166.7714828491211,1.9977549039126425,-0.0018862022450797378,-0.001887983364587885,34907395.0
2018-07-19 00:00:00-04:00,170.56756271152025,171.13841043232307,170.1299253738639,170.3297119140625,31094100,169.73224487304688,166.8561569213867,164.7679702758789,61.29038354047954,1.8909068706060168,1.5289697513559954,0.36193711925002137,173.43825716104075,160.27405668173267,166.8561569213867,1.9304912683488047,-0.005002030066374896,-0.005014582093339094,34810200.0
2018-07-20 00:00:00-04:00,170.84351799261015,171.41435133055936,170.1014099739274,170.2917022705078,35897300,170.05382385253907,167.01218795776367,164.98619537353517,61.12739728638548,1.844566649206115,1.5920891309260194,0.25247751828009557,173.76255236965434,160.261823545873,167.01218795776367,1.8863805603690305,-0.00022315333671119042,-0.000223178239121806,34431595.0
2018-07-23 00:00:00-04:00,169.78738873192682,170.91003732324356,169.10237739858653,170.83392333984375,22184700,170.27930450439453,167.21388244628906,165.1822265625,62.6531356259515,1.830493607780511,1.639770026296918,0.19072358148359303,174.16491311776048,160.26285177481765,167.21388244628906,1.8807576578181735,0.0031840721662093063,0.003179013743174542,34037170.0
2018-07-24 00:00:00-04:00,172.59409854191225,173.20299615226392,170.83399640152513,171.5380401611328,36900300,170.5628219604492,167.6386863708496,165.39537841796874,64.59642116712644,1.854776257845856,1.6827712726067057,0.1720049852391503,174.55632160943796,160.72105113226124,167.6386863708496,1.915637311718316,0.004121645206779823,0.004113174494710811,31992200.0
2018-07-25 00:00:00-04:00,171.6141658177924,174.04023309847682,171.5285284707475,173.9355926513672,35026600,171.17172546386718,168.15006637573242,165.65097442626953,70.26921432709669,2.0439218232679366,1.755001382738952,0.2889204405289847,175.33670496556627,160.96342778589857,168.15006637573242,1.9582135485762457,0.013976797729426504,0.013880022983553711,31793125.0
2018-07-26 00:00:00-04:00,171.57610204074132,172.1279178074579,171.07185935201613,171.30020141601562,40873500,171.22786407470704,168.64099197387696,165.88955993652343,59.06586217457568,1.9585895970803335,1.7957190256072284,0.16287057147310513,175.25725696609467,162.02472698165926,168.64099197387696,2.0228935307744464,-0.015151535089393042,-0.015267492375403114,31194625.0
2018-07-27 00:00:00-04:00,172.3847363755139,172.49890010620544,168.01779946944635,168.98822021484375,59456100,171.0385314941406,168.94686737060547,166.06082916259766,51.3335702094698,1.6849822061323891,1.7735716617122608,-0.08858945557987163,175.01033266330174,162.8834020779092,168.94686737060547,2.198479752630493,-0.013496663646979878,-0.013588571515028755,31847045.0
2018-07-30 00:00:00-04:00,168.99779088113996,169.09292251094698,165.80107487089546,166.60025024414062,60193000,170.65131225585938,169.1114616394043,166.19668090820312,44.80881265700809,1.2609220337252793,1.6710417361148646,-0.4101197023895853,174.71503429942064,163.50788897938796,169.1114616394043,2.2765774588748515,-0.014130984796852486,-0.014231777825684164,33036270.0
2018-07-31 00:00:00-04:00,167.2566852803158,168.5220532770016,166.3243142101697,167.87509155273438,47285100,170.28787231445312,169.28509292602538,166.37454833984376,48.56730878890104,1.0160084186077825,1.5400350726134482,-0.5240266540056657,174.49568110152967,164.0745047505211,169.28509292602538,2.270946145157498,0.0076520972010880595,0.0076229684084966765,33812025.0
2018-08-01 00:00:00-04:00,168.26521357312942,169.01681590578653,167.54215218239193,168.5125732421875,37101900,170.0205307006836,169.5857360839844,166.54731719970704,50.38675117580198,0.8633993287871249,1.4047079238481834,-0.5413085950610586,173.79284401795928,165.3786281500095,169.5857360839844,2.214068829317291,0.0037973572109883946,0.003790165450799685,34391485.0
2018-08-02 00:00:00-04:00,167.32331052764283,171.00525154011203,167.2471965139282,170.80545043945312,47178200,170.06810455322267,169.90017471313476,166.77012054443358,56.36569999401497,0.916902076672045,1.3071467544129558,-0.39024467774091076,173.43043545719564,166.36991396907388,169.90017471313476,2.3243535576649004,0.013606564502283591,0.013514826426752027,35169085.0
2018-08-03 00:00:00-04:00,171.12890375708824,171.33821364059392,170.37730155159926,171.32870483398438,28934400,170.17180480957032,170.1128143310547,166.97642730712892,57.6208515458429,0.9901122487761427,1.2437398532855932,-0.25362760450945054,173.44368909852446,166.78193956358493,170.1128143310547,2.2269648813313117,0.003063452560705837,0.003058769751182357,34765525.0
2018-08-06 00:00:00-04:00,171.21460046160405,172.38482283992903,171.0052905055112,172.33724975585938,24808800,170.32213745117187,170.30072097778321,167.2038540649414,60.00866866934848,1.1166410412149332,1.2183200908714613,-0.10167904965652808,173.68785369832437,166.91358825724205,170.30072097778321,2.166433985123206,0.00588660798464713,0.005869349603626485,34637860.0
2018-08-07 00:00:00-04:00,172.8223839603069,173.28857675043997,172.45133729624527,172.96510314941406,29895700,170.46484375,170.51383285522462,167.4406103515625,61.4643270534019,1.2531332029680584,1.2252827132907809,0.027850489677277546,174.00670552501194,167.0209601854373,170.51383285522462,2.079640628655877,0.0036431670717975706,0.003636546812908397,34937520.0
2018-08-08 00:00:00-04:00,172.72729296873396,173.48841860450418,172.26110006897449,173.17445373535156,22680700,170.38872985839845,170.7802276611328,167.69579406738282,61.96151143140314,1.362491117715905,1.2527243941758057,0.1097667235400992,174.23119911441256,167.32925620785306,170.7802276611328,2.018760479146864,0.0012103631433484363,0.0012096312443951975,34557525.0
2018-08-09 00:00:00-04:00,173.06980895996094,173.7548206207242,172.8129259578585,173.06980895996094,18852900,170.56569061279296,170.89677734375,167.9259097290039,61.53414661857828,1.4242956999775913,1.2870386553361628,0.13725704464142852,174.4888466868255,167.30470800067448,170.89677734375,1.9418414922696363,-0.0006042737432309098,-0.0006044563901921706,34103665.0
2018-08-10 00:00:00-04:00,171.8995279361938,172.4132938079921,171.1003527103533,171.747314453125,33818500,170.8416000366211,170.94006576538087,168.13166381835939,56.25349764476406,1.3509886661617543,1.2998286575012812,0.0511600086604731,174.55117402904688,167.32895750171485,170.94006576538087,1.943813974936637,-0.007641393463038382,-0.007670738496950435,34392100.0
2018-08-13 00:00:00-04:00,172.06126460025467,173.16488121546607,171.48090810104648,171.55702209472656,26089200,171.3372772216797,170.99429473876953,168.28291595458984,55.51526090061597,1.2629784809789726,1.2924586221968195,-0.029480141217846922,174.60825828427508,167.38033119326397,170.99429473876953,1.9252539134711333,-0.0011079786545971082,-0.0011085929167147573,34626295.0
2018-08-14 00:00:00-04:00,172.21349085800819,172.83191165860697,171.29062857734274,172.63211059570312,20913000,171.81297912597657,171.05042572021483,168.42605010986327,58.80455619944516,1.265393760688852,1.287045649895226,-0.021651889206374175,174.72894885939732,167.37190258103234,171.05042572021483,1.897827425456354,0.006266654013048489,0.006247100185650523,34120240.0
2018-08-15 00:00:00-04:00,171.26209766279058,171.80440449578785,169.46394606049,170.52000427246094,58528000,172.01372222900392,171.01712646484376,168.51668823242187,50.849634716461054,1.0843785180298084,1.2465122235221426,-0.1621337054923342,174.70218969430817,167.33206323537934,171.01712646484376,1.9885657904389806,-0.012234724559376131,-0.01231018492474616,35885600.0
2018-08-16 00:00:00-04:00,171.8329621331598,172.19450005696288,170.74836287901388,171.08135986328125,27711800,172.04131317138672,171.0547088623047,168.59918701171875,52.681781502330765,0.9749803719888348,1.1922058532154811,-0.2172254812266463,174.72626966007516,167.38314806453423,171.0547088623047,1.966132218586335,0.003292021913882781,0.0032866150727853195,35716485.0
2018-08-17 00:00:00-04:00,170.63417434670214,171.5475133137641,169.60665712081155,171.119384765625,36092600,172.02038116455077,171.09609298706056,168.70959838867188,52.810102370374906,0.8811920119215984,1.1300030849567047,-0.2488110730351063,174.75094030141813,167.441245672703,171.09609298706056,1.964326788183923,0.00022226210017350922,0.00022223740361226107,35726250.0
2018-08-20 00:00:00-04:00,171.49994658929725,171.56655178584808,170.3011837067378,170.9671630859375,24939000,171.88337249755858,171.10275497436524,168.81677642822265,52.19981976338112,0.7855259888520152,1.0611076657357668,-0.27558167688375157,174.75615193638066,167.44935801234982,171.10275497436524,1.9144011661072349,-0.0008895642062761722,-0.0008899601033160196,35863965.0
2018-08-21 00:00:00-04:00,171.48095952488995,172.6226407379396,171.37630456685332,171.59512329101562,26258700,171.74637451171876,171.10560913085936,168.92758728027343,54.534033943022,0.751715804927926,0.9992292935741987,-0.24751348864627265,174.76045077589828,167.45076748582045,171.10560913085936,1.8959066293854399,0.003672987220139312,0.003666258274433952,35331885.0
2018-08-22 00:00:00-04:00,171.23357575028086,172.46089423644077,171.01475703837568,172.26109313964844,18042400,171.65503845214843,171.02188415527343,169.03425018310546,56.93582083548671,0.7697855825999511,0.9533405513793491,-0.18355496877939803,174.48527776238882,167.55849054815803,171.02188415527343,1.8637802414339861,0.003881053469703577,0.0038735416113624627,34482675.0
2018-08-23 00:00:00-04:00,171.95662052303152,173.20295639900183,171.72827852758428,172.01370239257812,25776200,171.54942779541017,171.05755920410155,169.13615509033204,55.757496409806556,0.7554354561367802,0.9137595323308354,-0.1583240761940552,174.5462914989354,167.5688269092677,171.05755920410155,1.8359872150042411,-0.0014361382629202168,-0.001437170497881779,33727810.0
2018-08-24 00:00:00-04:00,172.58455846593722,173.75479501569603,172.54650872028634,173.61207580566406,23136100,171.73590393066405,171.28875198364258,169.23622924804687,61.32644118234687,0.8630890999102405,0.9036254458467166,-0.04053634593647604,174.8109857724204,167.76651819486477,171.28875198364258,1.829209029869503,0.009292128422641932,0.009249222186035898,31911810.0
2018-08-27 00:00:00-04:00,174.48740745497963,175.38172912597656,174.21150680961088,175.38172912597656,29343600,172.11837463378907,171.7278259277344,169.38346893310546,66.37320846940403,1.0787662754282223,0.9386536117630178,0.14011266366520458,174.98191102412594,168.47374083134284,171.7278259277344,1.8249550506154313,0.010193146485348192,0.010141546714159127,30369340.0
2018-08-28 00:00:00-04:00,175.84787495237077,176.02864390343962,175.26751835448457,175.63856506347656,20277000,172.4190200805664,172.1159996032715,169.53778778076173,67.0453612141681,1.2559388236212214,1.0021106541346585,0.25382816948656295,175.29033706008687,168.9416621464561,172.1159996032715,1.7489672290682612,0.0014644395330114524,0.0014633682871608453,29018935.0
2018-08-29 00:00:00-04:00,175.94300218429092,177.76018593924667,175.8764115034468,177.66505432128906,29175600,173.1335250854492,172.57362365722656,169.7421487426758,71.82993815485835,1.5420937942119224,1.1101072821501115,0.43198651206181093,176.1513610058126,168.99588630864054,172.57362365722656,1.7755853466898215,0.01153783770141903,0.011471784441016031,28622620.0
2018-08-30 00:00:00-04:00,177.32259430942895,178.40719375136334,176.76125519442212,177.35113525390625,29315500,173.76050262451173,172.90090789794922,169.9164468383789,70.13131499096214,1.7236735886531562,1.2328205434507205,0.4908530452024358,176.9396429405383,168.86217285536014,172.90090789794922,1.7663248617077782,-0.001766915100901767,-0.0017684779365919718,27729485.0
2018-08-31 00:00:00-04:00,177.13230694110652,178.08371049631864,176.9420291335173,177.5794677734375,28653200,174.40651092529296,173.21344604492188,170.12461456298828,70.6745294188838,1.864508516469698,1.3591581380545161,0.5053503784151818,177.663623611921,168.76326847792276,173.21344604492188,1.7217074689287466,0.0012874601518866324,0.001286632085723875,27715425.0
2018-09-04 00:00:00-04:00,177.0370559099902,177.34149729337787,175.8668343910594,176.8182373046875,29063500,174.99161834716796,173.43749542236327,170.32497863769532,66.34260574290369,1.8928763739017995,1.4659017852239729,0.42697458867782667,178.1330942022419,168.74189664248465,173.43749542236327,1.7210593198894149,-0.004286703177425966,-0.004295917431434471,27928160.0
2018-09-05 00:00:00-04:00,176.50435454071743,176.53289547999546,173.9355683848509,174.53494262695312,42623300,175.2856002807617,173.51598739624023,170.55483825683595,55.37815590102554,1.7113874973253473,1.5149989276442477,0.19638856968109963,178.22982353289254,168.80215125958793,173.51598739624023,1.8040314341713557,-0.012913230629032157,-0.012997331182751806,28564540.0
2018-09-06 00:00:00-04:00,174.6110394047914,174.82034928368205,171.80440268709074,172.97462463378906,46091400,175.3569534301758,173.5059959411621,170.7401708984375,49.373056887467264,1.425222554714452,1.4970436530582885,-0.07182109834383654,178.22353104821966,168.78846083410454,173.5059959411621,1.890596802915638,-0.008939860234744246,-0.008980060554762056,29735075.0
2018-09-07 00:00:00-04:00,171.72829818290577,173.7928416322853,171.6712163068258,172.30865478515625,46629500,175.3864486694336,173.4679382324219,170.95671020507814,47.02897216674966,1.1316515997327485,1.4239652423931806,-0.292313642660432,178.21114572122116,168.72473074362262,173.4679382324219,1.9070988402401987,-0.003850101424083263,-0.0038575321433850143,31123905.0
2018-09-10 00:00:00-04:00,173.29813460586064,173.39328075886192,171.94714343337776,172.8890380859375,26132000,175.31414489746095,173.5250244140625,171.1570767211914,49.288585037605,0.9350479342141398,1.3261817807573726,-0.3911338465432328,178.21116331418142,168.83888551394358,173.5250244140625,1.8741730177576243,0.0033682771274889944,0.003362617188020617,30739580.0
2018-09-11 00:00:00-04:00,172.194498508081,174.5064016932559,171.74733776969308,174.22097778320312,30116500,175.19806976318358,173.65822219848633,171.3753289794922,54.12502517769427,0.8766095062055115,1.2362673258470003,-0.3596578196414888,178.26378348726834,169.05266090970431,173.65822219848633,1.9373795110294239,0.007704014736917841,0.007674490355941827,30940945.0
2018-09-12 00:00:00-04:00,173.96409730849152,174.08776986440003,172.21350422252615,173.70721435546875,36204000,175.00493469238282,173.71197738647462,171.56142395019532,52.062458179539234,0.7798505839726317,1.1449839774721267,-0.3651333934994949,178.2934111517713,169.13054362117794,173.71197738647462,1.9423862288613913,-0.0029489182891264676,-0.0029532749156629683,31705495.0
2018-09-13 00:00:00-04:00,174.79180466211247,175.89543590622063,174.71569066073315,175.56243896484375,31133200,174.79467315673827,173.96409912109374,171.82267852783204,58.24958160087518,0.8431502509599511,1.0846172321696916,-0.24146698120974053,178.3666412285605,169.56155701362698,173.96409912109374,1.9599458947107118,0.010680181685364776,0.010623551402584397,30335755.0
2018-09-14 00:00:00-04:00,175.68615986586903,175.9620604713991,174.35418636110776,175.04872131347656,31224100,174.5644317626953,174.1624671936035,172.03331939697264,56.090758735942885,0.8421551318129161,1.0361248120983366,-0.1939696802854205,178.3812610228381,169.94367336436892,174.1624671936035,1.9347979101093278,-0.0029261250549729168,-0.0029304145286260723,30511370.0
2018-09-17 00:00:00-04:00,174.75371508075875,174.87740212973543,172.3656985172122,172.52743530273438,33071200,174.059228515625,174.23286972045898,172.1423498535156,46.90304338376865,0.630650041803051,0.9550298580392795,-0.3243798162362286,178.29008440969773,170.17565503122023,174.23286972045898,1.9882425448346877,-0.014403338635231022,-0.014508073622611535,30360300.0
2018-09-18 00:00:00-04:00,172.67018884993817,174.8013229349284,172.58455152046025,173.95457458496094,31877300,173.77286224365236,174.38224029541016,172.24985900878906,51.72342677979388,0.5715998993028393,0.8783438662919916,-0.3067439669891523,178.15772257345975,170.60675801736056,174.38224029541016,2.008645765360355,0.008271955586207858,0.00823793046899445,30707215.0
2018-09-19 00:00:00-04:00,173.98311743472928,174.39222840413828,172.68920836150778,173.82138061523438,31843400,173.70150604248047,174.4935531616211,172.35222930908202,51.255737595886025,0.5081964236985073,0.8043143777732948,-0.2961179540747876,178.05922458395693,170.92788173928525,174.4935531616211,1.9868153565939368,-0.000765682477993801,-0.0007659757625404696,30986450.0
2018-09-20 00:00:00-04:00,175.02016378970254,175.98107593126423,174.60154399979044,175.74322509765625,33295800,173.97836608886718,174.66765975952148,172.5101626586914,57.2607668017648,0.606039455099733,0.7646593932385826,-0.15861993813884956,178.11850323640277,171.2168162826402,174.66765975952148,1.999163925125074,0.011056433193773918,0.010995757663265273,31749120.0
2018-09-21 00:00:00-04:00,176.21890119800162,176.46626080285094,174.5634544100573,174.78228759765625,38605400,174.2257293701172,174.80608901977538,172.5910321044922,53.6985852608073,0.5991346853417099,0.7315544516592081,-0.1324197663174982,178.03495879551747,171.5772192440333,174.80608901977538,1.9922812442442581,-0.005467849468826058,-0.005482852873631994,32390580.0
2018-09-24 00:00:00-04:00,173.51473356063934,175.3351882213104,172.79989671367989,175.26846313476562,34945600,174.463671875,174.88890838623047,172.67877044677735,55.21654120197159,0.6256804534734499,0.7103796520220564,-0.08469919854860652,178.0757231427246,171.70209362973634,174.88890838623047,2.031067691628991,0.0027816064418868525,0.002777744933827789,32981055.0
2018-09-25 00:00:00-04:00,175.19213826555557,175.64010366426112,174.5916709133786,175.5066680908203,25277500,174.5922409057617,174.89515533447266,172.77945495605468,55.97805280938298,0.6583502631368958,0.6999737742450244,-0.041623511108128564,178.08629668968987,171.70401397925545,174.89515533447266,1.9608794815756714,0.0013590862371601897,0.001358163515404511,32777750.0
2018-09-26 00:00:00-04:00,175.65913123246477,177.2698982195646,175.2874168926251,175.6305389404297,36210600,174.78457336425782,174.8947540283203,172.86187591552735,56.39330797535133,0.6863251360541653,0.6972440466068527,-0.010918910552687344,178.08552332573709,171.70398473090353,174.8947540283203,1.9624224705302311,0.0007057899905278386,0.0007055410379044335,33574430.0
2018-09-27 00:00:00-04:00,176.3454105148666,177.7464912776824,176.2500931601416,177.117431640625,33113300,174.94007263183593,174.86737289428712,172.98050476074218,61.13272656335658,0.8190339255513095,0.7216020223957441,0.09743190315556538,177.9707833109638,171.76396247761042,174.86737289428712,1.9733888895818368,0.008466025949505518,0.008430390139683967,33771315.0
2018-09-28 00:00:00-04:00,176.6218238361947,177.54634699728183,176.2977680697114,177.07931518554688,28076800,175.14313201904298,174.85378189086913,173.11549682617186,60.94984829057555,0.9106336995322692,0.7594083578230492,0.15122534170922008,177.9156669313307,171.79189685040757,174.85378189086913,1.9216167494381653,-0.0002152044252508034,-0.0002152275850459137,33709380.0
2018-10-01 00:00:00-04:00,178.10862974636376,178.7376892580963,176.9934867265016,177.4414520263672,27371300,175.63453369140626,174.8468811035156,173.25849182128906,62.10959326968577,1.000910721155094,0.8077088304894582,0.19320189066563587,177.88469020836095,171.80907199867028,174.8468811035156,1.9089443053064898,0.0020450544460308695,0.0020429661687963395,33645285.0
2018-10-02 00:00:00-04:00,177.2890035172982,178.40414687311264,176.63136605878296,177.04119873046875,25618600,175.94319610595704,174.8580291748047,173.38263732910156,59.98899570430582,1.0283051535667767,0.851828095104922,0.17647705846185469,177.92617909857293,171.78987925103647,174.8580291748047,1.899218341665289,-0.00225569218087196,-0.002258240086728025,33473040.0
2018-10-03 00:00:00-04:00,177.78463552512463,178.2040086779017,176.95542968247182,177.23182678222656,29128700,176.28424072265625,174.99287338256835,173.49651306152344,60.677610032561546,1.0532562468663969,0.892113725457217,0.16114252140917984,178.22504264576745,171.76070411936925,174.99287338256835,1.8527441026484741,0.001076744018481346,0.0010761647454225894,32798310.0
2018-10-04 00:00:00-04:00,176.51694001920336,176.63132373781573,172.5710434966114,173.82916259765625,80557300,176.09283447265625,175.0356002807617,173.49438446044923,45.59358333544229,0.7893643052765356,0.8715638414210807,-0.08219953614454512,178.18135849627137,171.88984206525205,175.0356002807617,2.0533183300032376,-0.01919894550740786,-0.019385638665580313,34521605.0
2018-10-05 00:00:00-04:00,173.81011136147947,174.39151229184202,170.06436056923917,171.70372009277344,83325600,175.78497772216798,175.00535354614257,173.5024548339844,39.06148736323204,0.40406478591748396,0.7780640303203614,-0.37399924440287746,178.2649814483497,171.74572564393546,175.00535354614257,2.21573500090321,-0.012227191761846945,-0.01230255885305313,36356410.0
2018-10-08 00:00:00-04:00,171.103254027982,172.17073845581982,168.63467447353017,170.65528869628906,66864500,175.32366027832032,174.89366607666017,173.53579620361327,36.29889045768038,0.0139516632138168,0.6252415568990526,-0.6112898936852358,178.56301647034778,171.22431568297256,174.89366607666017,2.310044213859384,-0.006106049396704338,-0.00612476755120396,38393035.0
2018-10-09 00:00:00-04:00,170.7792010826923,172.53294437607687,170.36936846385632,171.20811462402344,49097900,174.89380493164063,174.74302291870117,173.62795349121095,38.75839907701434,-0.24775144054626708,0.4506429574099886,-0.6983943979562557,178.74296227592544,170.7430835614769,174.74302291870117,2.299582192313753,0.003239430386000164,0.0032341947353573862,39342105.0
2018-10-10 00:00:00-04:00,170.14060245480064,170.24544571675534,163.45926961462604,163.67848205566406,114471100,173.69859924316407,174.24158630371093,173.54402130126954,24.74468307975164,-1.0506205564605295,0.15039025463588498,-1.2010108110964146,180.5076850239747,167.97548758344718,174.24158630371093,2.6888152506768708,-0.04397941408848871,-0.04497583278233373,43255460.0
2018-10-11 00:00:00-04:00,163.0017985776529,165.2702033234154,159.94229176713324,161.64837646484375,143084500,172.15169372558594,173.54588317871094,173.40673736572265,22.393732526075866,-1.829621927382334,-0.24561218176775884,-1.5840097456145752,181.83423876219166,165.25752759523021,173.54588317871094,2.877322129648676,-0.01240300841823494,-0.012480567706755645,48853025.0
2018-10-12 00:00:00-04:00,166.0041034352188,166.6617553721652,162.91600437870872,166.14707946777344,102078400,171.0584701538086,173.10080108642578,173.31356994628905,36.7374486273527,-2.0602293496385755,-0.6085356153419222,-1.4516937342966534,181.95524634185878,164.24635583099277,173.10080108642578,3.0298976137681604,0.02783017745871441,0.02744995636184509,52395740.0
2018-10-15 00:00:00-04:00,165.56569001026918,165.88020530829272,163.516483081692,164.13601684570312,64885300,169.7279266357422,172.6812301635742,173.16971618652343,33.735679405300374,-2.3778529312336616,-0.9623990785202701,-1.4154538527133915,182.36135223803228,163.00110808911614,172.6812301635742,3.001376097504823,-0.012104110577883409,-0.012177961865442274,53986445.0
2018-10-16 00:00:00-04:00,165.86115108845334,169.32095020750754,165.55614717023394,168.91111755371094,71979700,168.9149185180664,172.4290573120117,173.10119354248047,45.18782735692236,-2.218685561972933,-1.2136563752108027,-1.0050291867621302,182.22542742564383,162.63268719837959,172.4290573120117,3.1573444735262224,0.029092339388841593,0.02867718984118258,55991565.0
2018-10-17 00:00:00-04:00,169.73078299024405,169.9023367721327,167.2431513491558,168.97781372070312,66987600,168.08951721191406,172.18687896728517,173.02144775390624,45.32994883147636,-2.0633771247354105,-1.3836005251157242,-0.6797765996196863,182.07266520965442,162.30109272491592,172.18687896728517,3.121761684201272,0.00039485954481932595,0.00039478160830456804,57748775.0
2018-10-18 00:00:00-04:00,168.339251189797,168.39643579157547,164.35523546975935,165.06053161621094,82486200,167.21265411376953,171.6527442932129,172.85916931152343,38.943160307503355,-2.2306721964918665,-1.5530148593909527,-0.6776573371009138,181.8613199031334,161.4441686832924,171.6527442932129,3.228962867540022,-0.023182227407480327,-0.023455161641377127,60208295.0
2018-10-19 00:00:00-04:00,166.39492381047177,167.81507129536035,164.30759831178617,164.90806579589844,82923700,166.53308868408203,171.159033203125,172.69593444824218,38.71452485657826,-2.348485583716439,-1.71210900425605,-0.6363765794603888,181.66519057721334,160.65287582903667,171.159033203125,3.2488564472567485,-0.0009236964089452959,-0.0009241232793592681,62424210.0
2018-10-22 00:00:00-04:00,165.899232827918,167.03344226639734,164.49815229137107,165.7562713623047,52909300,166.0431869506836,170.68342361450195,172.57611358642578,40.796951701151784,-2.346363028994233,-1.8389598092036867,-0.5074032197905463,181.263357880605,160.10348934839888,170.68342361450195,3.1978874135260003,0.005143505639415125,0.005130322998287443,63322395.0
2018-10-23 00:00:00-04:00,162.63957318315215,165.965950385715,160.90491112398104,165.14627075195312,77567000,165.43700256347657,170.1654037475586,172.44789855957032,39.75085342146051,-2.366621896302661,-1.9444922266234816,-0.4221296696791792,180.7645030325851,159.5663044625321,170.1654037475586,3.330969688397997,-0.0036801057681747906,-0.0036868940168401656,65936870.0
2018-10-24 00:00:00-04:00,164.95568113987076,165.23207819317656,157.302151474654,157.5880889892578,102997400,164.82796325683594,169.26328125,172.1470181274414,29.617296135312614,-2.9584560566447635,-2.147284992627738,-0.8111710640170253,180.8714608842944,157.6551016157056,169.26328125,3.6594666191211793,-0.04576659060044763,-0.046846973518360924,69276210.0
2018-10-25 00:00:00-04:00,160.0376242958517,164.0121141161188,159.32278768335647,163.03993225097656,83481100,164.9671188354492,168.55940628051758,171.9974166870117,41.25119356919414,-2.9535243145917036,-2.3085328570205315,-0.6449914575711722,179.8809147229651,157.23789783807007,168.55940628051758,3.8569350839597365,0.034595528740058334,0.03401055684979121,71794600.0
2018-10-26 00:00:00-04:00,157.45469723955176,161.99153689057556,156.5301739262998,158.84625244140625,130970900,164.2370361328125,167.64775314331055,171.75271453857422,36.28299441853733,-3.2505405776829264,-2.496934401153011,-0.7536061765299156,179.01452091574885,156.28098537087226,167.64775314331055,4.046422458296667,-0.025721795585113116,-0.026058385308211814,76939305.0
2018-10-29 00:00:00-04:00,161.27666706587974,161.89618627324805,152.58424452179858,155.5770263671875,111871900,163.38113708496093,166.55453186035157,171.44186737060548,32.95127047490486,-3.7069953928324253,-2.738946599488894,-0.9680487933435313,178.14677322761315,154.96229049309,166.55453186035157,4.422530979236153,-0.02058107146987731,-0.020795813241373168,81164335.0
2018-10-30 00:00:00-04:00,155.11955563006742,158.25529938779908,154.4142448880495,158.14093017578125,92584000,162.30411834716796,165.6095184326172,171.18534271240233,37.77695168133461,-3.817843785864227,-2.9547260367639607,-0.8631177491002662,176.69877272020642,154.52026414502797,165.6095184326172,4.380996944987112,0.01647996409535768,0.01634564321355837,84512605.0
2018-10-31 00:00:00-04:00,160.71428233785176,163.22097999842578,160.63803137571213,161.8580322265625,73828600,161.5921401977539,164.840828704834,170.99060089111327,44.06270035933413,-3.5646616648340625,-3.0767131623779815,-0.487948502456081,174.65954270110572,155.02211470856227,164.840828704834,4.430929293391213,0.023504996756054997,0.023233008135677986,86747600.0
2018-11-01 00:00:00-04:00,162.0963213899249,164.1645797862354,160.86679454399038,163.99301147460938,52706800,161.48538818359376,164.34902114868163,170.8252392578125,47.352413666253085,-3.1553649443556253,-3.0924435187735106,-0.06292142558211467,173.26111267810558,155.43692961925768,164.34902114868163,4.349990432595058,0.013190443617023595,0.013104207218770364,85355075.0
2018-11-02 00:00:00-04:00,163.48785156156262,164.4600331523922,160.33304252885935,161.43865966796875,75966800,161.1384475708008,163.8357681274414,170.61373840332033,44.017006944166205,-3.002498256825504,-3.0744544663839095,0.07195620955840543,172.15726932924508,155.51426692563774,163.8357681274414,4.334061874804901,-0.015575979632742487,-0.015698559739716636,84987135.0
2018-11-05 00:00:00-05:00,161.64839972962636,161.70558433449273,159.24654452151685,161.0384063720703,39573500,160.66666107177736,163.35492401123048,170.36226501464844,43.49995476531807,-2.8804434425436796,-3.035652261615864,0.1552088190721843,171.13865142138152,155.57119660107944,163.35492401123048,4.2001317275313985,-0.002479290256259814,-0.002482368785778723,83622585.0
2018-11-06 00:00:00-05:00,161.0479163992154,163.16383383080117,160.80963754019348,162.2583770751953,34410400,160.37787170410155,162.90743713378907,170.0997979736328,45.59759559091622,-2.6546712847511458,-2.959456066242921,0.304784781491775,169.81333293737762,156.00154133020052,162.90743713378907,4.068279196322562,0.007575650620301966,0.0075470994840980245,82888210.0
2018-11-07 00:00:00-05:00,164.2027084352181,167.34799194335938,163.81192765820543,167.34799194335938,51169600,161.3538619995117,163.09091262817384,169.93398651123047,53.37479582234584,-2.0415224390515903,-2.775869340804655,0.7343469017530646,170.25900492465777,155.9228203316899,163.09091262817384,4.1412317443112405,0.031367347313016714,0.030885443526845347,79723135.0
2018-11-08 00:00:00-05:00,166.56644056082771,167.081131016466,165.4894300580785,166.280517578125,40296500,161.67792053222655,163.3225196838379,169.7062957763672,51.70525483214639,-1.6230246040173313,-2.54530039344719,0.9222757894298588,170.58788365881028,156.0571557088655,163.3225196838379,3.978183897237642,-0.006378770087636765,-0.006399201372205828,74583735.0
2018-11-09 00:00:00-05:00,164.7268958006214,165.1272024249304,162.18208005391074,163.4783172607422,50602700,162.14112701416016,163.18908157348633,169.4288394165039,47.50454725906733,-1.500183025203171,-2.3362769197983866,0.8360938945952157,170.3391527447432,156.03901040222948,163.18908157348633,3.9867734420216863,-0.016852246782707025,-0.016995861669023195,72009950.0
2018-11-12 00:00:00-05:00,162.3346127122697,162.63960206043032,158.38870121816151,158.53167724609375,62578400,162.43659210205078,162.90886459350585,169.04788360595703,41.14912788240126,-1.7814472819993057,-2.2253109922385708,0.4438637102392651,170.3229307695236,155.4947984174881,162.90886459350585,4.065547913490185,-0.030258691779648794,-0.030725935609831407,71894605.0
2018-11-13 00:00:00-05:00,159.27509328847975,161.53397182360374,158.21713475746253,158.66510009765625,64128100,162.48900909423827,162.3965637207031,168.6848208618164,41.376942763483896,-1.9708662040710863,-2.1744220346050738,0.20355583053398751,169.48987520581792,155.3032522355883,162.3965637207031,4.012068567250973,0.0008416163499953555,0.0008412623895404141,71502025.0
2018-11-14 00:00:00-05:00,160.23774591977588,160.79055456084657,156.54919421677104,157.45465087890625,75270700,162.04867095947264,161.82040557861328,168.34321502685546,39.86906453272274,-2.193371380363004,-2.17821190375666,-0.015159476606344313,168.5441816903499,155.09662946687666,161.82040557861328,4.0284465513098695,-0.007628956954018107,-0.007658206302429079,71916180.0
2018-11-15 00:00:00-05:00,157.16871199408016,160.63805121121447,155.79623813624605,160.2091522216797,73254300,161.6702850341797,161.5778366088867,168.0879055786133,44.79894457109351,-2.1229708115913866,-2.1671636853236054,0.04419287373221881,168.16519954929052,154.9904736684829,161.5778366088867,4.086544160142624,0.017493934459210436,0.01734267709739566,71454585.0
2018-11-16 00:00:00-05:00,158.64606121194257,160.4188565023855,158.00747561584046,159.64683532714844,65390700,161.49110260009766,161.3147750854492,167.83466918945314,44.00576630410271,-2.088477459421341,-2.1514264401431524,0.06294898072181132,167.76800783737772,154.8615423335207,161.3147750854492,3.9668896405999385,-0.0035098924545408083,-0.003516066578302514,70577935.0
2018-11-19 00:00:00-05:00,158.88430714660728,159.07492728538725,153.96622903180833,154.46185302734375,67280500,160.833447265625,160.75005416870118,167.46612548828125,37.425783556997736,-2.451269262014165,-2.211395004517355,-0.23987425749681002,167.51878406482953,153.98132427257283,160.75005416870118,4.08929797308138,-0.03247782700596358,-0.03301693651751602,71296495.0
2018-11-20 00:00:00-05:00,150.94492172313053,153.81380915424984,149.7630676179594,151.69789123535156,102652800,159.77739868164062,160.0776351928711,167.0156637573242,34.467157511819565,-2.9280601419023355,-2.354728031994351,-0.5733321099079847,167.59628547038278,152.55898491535942,160.0776351928711,4.1328327899601645,-0.017894138506177937,-0.018056174509345792,72550785.0
2018-11-21 00:00:00-05:00,153.7851375508401,154.37606429872233,151.76452351336928,152.85107421875,42965800,158.32770690917968,159.8407844543457,166.59854095458985,36.71502477373012,-3.176254238388026,-2.519033273273086,-0.6572209651149401,167.9346572942611,151.74691161443033,159.8407844543457,4.028928523775208,0.007601839247780573,0.007573090869583177,69549205.0
2018-11-23 00:00:00-05:00,151.63113017498264,153.2990821764563,151.63113017498264,151.74551391601562,23503700,156.87420654296875,159.27606353759765,166.12220245361328,35.45925463121857,-3.422704517751498,-2.6997675221687683,-0.7229369955827298,167.95332752956438,150.59879954563092,159.27606353759765,3.860287343610811,-0.007232924651561001,-0.007259209069902604,66550335.0
2018-11-26 00:00:00-05:00,153.87094584356763,155.32921117898448,153.2228198370567,155.25296020507812,42012600,156.05167083740236,159.09639892578124,165.72628723144533,42.21223520381481,-3.2969908786067776,-2.8192121934563703,-0.47777868515040733,167.94885155002444,150.24394630153805,159.09639892578124,3.8405309092792423,0.02311400316587764,0.022850920805355092,62102420.0
2018-11-27 00:00:00-05:00,154.40467234122326,156.16794139210347,153.62311084607882,155.77716064453125,36608100,155.7762191772461,159.10640563964844,165.39128173828124,43.16928747797497,-3.119108181786544,-2.879191391122405,-0.23991679066413862,167.94336149783214,150.26944978146474,159.10640563964844,3.747980883332486,0.0033764279841150824,0.0033707406494707663,58339230.0
2018-11-28 00:00:00-05:00,156.90187523800697,160.79058837890625,155.8057981864786,160.79058837890625,70141000,155.9887680053711,159.2388885498047,165.12800201416016,51.45070617037548,-2.5442644469853235,-2.812206002294989,0.26794155530966535,168.09340421578722,150.38437288382218,159.2388885498047,3.838369944121237,0.032183329787446535,0.03167629642521559,57217080.0
2018-11-29 00:00:00-05:00,160.11383951400168,161.32428543620196,158.99869639281278,160.26632690429688,44885700,156.26993560791016,159.1593032836914,164.8569009399414,50.6200108875587,-2.106715263027496,-2.6711078544414906,0.5643925914139944,167.94658133866136,150.37202522872144,159.1593032836914,3.7303141654975187,-0.0032605233919160703,-0.003265850480861155,55769935.0
2018-11-30 00:00:00-05:00,160.48559365739357,161.52448606918858,159.68496557886334,161.42916870117188,36722800,156.39193725585938,159.03111114501954,164.57061981201173,52.45369510717445,-1.6471356135886879,-2.46631340627093,0.8191777926822423,167.60479375784078,150.4574285321983,159.03111114501954,3.595257474413785,0.007255683831634885,0.007229487993859918,54970735.0
2018-12-03 00:00:00-05:00,164.99385631468127,165.18447654242837,161.56263404166884,164.25042724609375,50771700,156.8522964477539,159.17169952392578,164.35998260498047,56.65884054083937,-1.0432376497486757,-2.1816982549664794,1.1384606052178037,167.9874789739106,150.35592007394095,159.17169952392578,3.6066896434739784,0.01747675818206318,0.017325795992218295,53710980.0
2018-12-04 00:00:00-05:00,163.39259927962235,163.85010523592987,157.75969717271258,157.9503173828125,70594700,157.20114288330078,159.01729507446288,164.0136196899414,46.72148541966445,-1.0607823378309718,-1.957515071539378,0.8967327337084063,167.80501607312135,150.2295740758044,159.01729507446288,3.8126925313244926,-0.03835673348868618,-0.039111721921275044,55262040.0
2018-12-06 00:00:00-05:00,154.76686959124498,159.08448080716968,154.18546866703025,159.06541442871094,71715500,157.93789520263672,158.85764694213867,163.6847946166992,48.445031421773486,-0.973485877962446,-1.760709232823992,0.7872233548615459,167.51914974667562,150.19614413760172,158.85764694213867,3.8902867890969888,0.007059796171196453,0.00703499248111564,57127295.0
2018-12-07 00:00:00-05:00,158.36967259651934,159.28465531850662,153.3181576135617,153.81378173828125,80432200,158.03416595458984,158.18093643188476,163.24845947265624,41.6168326307303,-1.3129310214278007,-1.6711535905447539,0.35822256911695316,166.17223206934153,150.189640794428,158.18093643188476,4.038587568800412,-0.03301555343938911,-0.03357286787679817,58590425.0
2018-12-10 00:00:00-05:00,153.52784028407578,156.10124912145577,151.93613920857265,155.42454528808594,73960800,158.40206909179688,157.6381378173828,162.81460174560547,44.214024758374855,-1.435421935880015,-1.624007259611806,0.18858532373179093,164.78524772980415,150.49102790496147,157.6381378173828,4.047624879092033,0.010472166613427758,0.010417713309432676,60273640.0
2018-12-11 00:00:00-05:00,157.95979349358987,157.9979262496193,154.6238899668893,155.93919372558594,59058300,158.47069244384767,157.261181640625,162.39179931640626,45.05504757026924,-1.4739779400989335,-1.5940013957092316,0.12002345561029815,163.91464234034595,150.60772094090407,157.261181640625,3.999511407923316,0.0033112429992707693,0.003305772906049792,60696420.0
2018-12-12 00:00:00-05:00,158.21719399703255,159.7421848167697,157.22596014457662,157.31173706054688,53780000,158.62415008544923,157.20018463134767,161.98920501708983,47.33539825532958,-1.3778975299020715,-1.5507806225477996,0.1728830926457281,163.82825645470336,150.57211280799197,157.20018463134767,3.98547424244192,0.008801785504779946,0.008763275596407643,60256500.0
2018-12-13 00:00:00-05:00,158.34106744837337,158.9987194070988,156.33951927341653,157.35935974121094,46378500,158.2810272216797,157.1348976135254,161.5955682373047,47.416942277959166,-1.283119359012204,-1.4972483698406807,0.21412901082847657,163.7296044603239,150.54019076672688,157.1348976135254,3.8907403775305167,0.00030272808344711244,0.0003026822705465265,59369020.0
2018-12-14 00:00:00-05:00,155.55798796956586,156.12984854653067,153.1656587442561,153.52784729003906,56547400,157.6071792602539,156.93855743408204,161.12148864746095,41.80808158272838,-1.4998882313827266,-1.49777634214909,-0.002111889233636699,163.71481558353622,150.16229928462786,156.93855743408204,3.9123804217751115,-0.02434880554593688,-0.024650139176964996,58432855.0
2018-12-17 00:00:00-05:00,152.87020926515117,154.09019605980717,148.84806030222953,150.04898071289062,74834100,156.4691604614258,156.43054885864257,160.64588500976564,37.47376478881747,-1.9301450722275035,-1.5842500881647728,-0.3458949840627308,163.65822338670958,149.20287433057555,156.43054885864257,4.007362945761007,-0.022659515120903695,-0.02292018726348869,58511845.0
2018-12-18 00:00:00-05:00,151.2117203579812,152.45077302416146,149.6772043073376,150.9925079345703,63642100,155.14336853027345,155.99783248901366,160.23166076660155,39.31143930801517,-2.1699778036701503,-1.7013956312658483,-0.468582172404302,163.43664041410273,148.5590245639246,155.99783248901366,3.9192347865512107,0.006288128164529505,0.006268440376409053,58424415.0
2018-12-19 00:00:00-05:00,150.76377727788673,153.1846983822102,146.15070252950704,147.284912109375,81856500,154.0768280029297,155.63898544311525,159.76425323486328,34.962962383501676,-2.6289144789907084,-1.8868994008108206,-0.7420150781798878,163.97756615352503,147.30040473270546,155.63898544311525,4.141717719847779,-0.02455483305702777,-0.02486133070592581,59153215.0
2018-12-20 00:00:00-05:00,146.92268169046883,148.56204076839575,143.33897427587925,145.14988708496094,99002100,152.68527526855468,155.31158523559571,159.24308868408204,32.71852637072344,-3.1288364974545004,-2.135286820139557,-0.9935496773149435,164.69246775500702,145.9307027161844,155.31158523559571,4.218956917895544,-0.014495884159733685,-0.014601976000045421,58970680.0
2018-12-21 00:00:00-05:00,145.87429755808162,146.86553105729587,139.8410760472385,140.65122985839844,141129400,151.3690200805664,154.70159301757812,158.7825436401367,28.558475485743358,-3.8437242793105497,-2.4769743119737555,-1.3667499673367942,166.0279770779554,143.37520895720084,154.70159301757812,4.419349638764246,-0.030993184472333013,-0.031483633547822465,63878860.0
2018-12-24 00:00:00-05:00,139.62943530992285,141.44552972074598,137.1251333237363,137.16336059570312,56163300,149.54290161132812,153.9724853515625,158.2928433227539,25.81763738880946,-4.638253003665653,-2.909230050312135,-1.7290229533535184,167.60813064228492,140.3368400608401,153.9724853515625,4.412281550067492,-0.024798000459766656,-0.02511065042727439,65511840.0
2018-12-26 00:00:00-05:00,138.67360139005768,145.80417671648632,137.72731227094897,145.72772216796875,98982100,148.5217544555664,153.49622344970703,157.88445617675782,40.833318966050214,-4.5246924998466795,-3.2323225402190436,-1.292369959627636,167.577800837144,139.41464606227007,153.49622344970703,4.714319733690043,0.062439134875891256,0.06056733535290614,68360315.0
2018-12-27 00:00:00-05:00,143.73003670350894,146.41595188172448,140.5853211942636,146.2917022705078,85824300,147.4197509765625,153.02195053100587,157.5275698852539,41.67062682955146,-4.339167282123924,-3.4536914886000196,-0.8854757935239044,167.40011358125963,138.6437874807521,153.02195053100587,4.79405623038796,0.003870094818946068,0.0038626252677040783,70821125.0
2018-12-28 00:00:00-05:00,147.34308159147085,148.71949680792892,145.02039185244467,146.21519470214844,77856600,146.30533447265626,152.29318084716797,157.07365142822266,41.58465298581575,-4.150466734864153,-3.5930465378528464,-0.5574201970113069,166.4989258072793,138.08743588705664,152.29318084716797,4.715845425037695,-0.0005229795482036836,-0.0005231163497059411,71206905.0
2018-12-31 00:00:00-05:00,147.64900606640865,148.13648053678216,145.96672835835463,147.44827270507812,53015300,145.69737701416017,151.65227813720702,156.64306060791014,43.60419972597109,-3.856960462733298,-3.645829322828937,-0.21113113990436094,165.51375641726733,137.7907998571467,151.65227813720702,4.5339816217083975,0.008433309584831905,0.008397947901144764,71613385.0
2019-01-02 00:00:00-05:00,144.3226369995191,148.87244118745846,144.21749376102696,148.04086303710938,58576700,145.49656524658204,150.9828628540039,156.30266723632812,44.59553466054782,-3.535779277594287,-3.623819313782007,0.08804003618772027,164.1676669408356,137.79805876717222,150.9828628540039,4.542622036331477,0.004018971000199656,0.004010916509546835,72706080.0
2019-01-03 00:00:00-05:00,145.86154034542182,146.49238517679825,142.88887021857158,143.2042999267578,74820200,144.71774444580078,149.9305564880371,155.8685919189453,38.6274298645288,-3.6296705142501935,-3.6249895538756447,-0.004680960374548793,162.02622593291252,137.83488704316167,149.9305564880371,4.586148520774785,-0.03267046010897123,-0.03321605575994818,73908505.0
2019-01-04 00:00:00-05:00,145.6129820878933,150.06720977656417,145.0394855785965,149.33120727539062,74709300,144.92237396240233,149.499600982666,155.54009063720704,48.102466918316125,-3.173112116135286,-3.534614066327573,0.36150195019228715,161.02222480118584,137.97697716414618,149.499600982666,4.748774329991326,0.04278438113776217,0.04189442515315209,74114235.0
2019-01-07 00:00:00-05:00,149.7040563945971,151.84514896979434,149.21658194182893,151.10914611816406,52059300,145.51829986572267,149.10178756713867,155.25934814453126,50.49110330045305,-2.6374189664378207,-3.355175046349623,0.7177560799118021,159.79547763841722,138.40809749586012,149.10178756713867,4.597330951275189,0.011906009970807041,0.011835691029157417,73131425.0
2019-01-08 00:00:00-05:00,152.49505849128164,153.03989554722472,150.25839123897686,152.4759521484375,49388700,146.70077209472657,149.03489608764647,155.15710540771485,52.308376358611525,-2.078627339998519,-3.0998655050794026,1.0212381650808835,159.62609663201388,138.44369554327906,149.03489608764647,4.467629048201808,0.009045157526101244,0.009004495103508446,71579250.0
2019-01-09 00:00:00-05:00,153.0686169297648,154.38768424320008,152.42820420679234,153.71859741210938,46491700,148.35629577636718,148.94959869384766,154.9706787109375,53.96288855234801,-1.518011174717543,-2.783494639007031,1.2654834642894879,159.35951294075062,138.5396844469447,148.94959869384766,4.288475547359375,0.008149778677637887,0.008116748568756611,70205795.0
2019-01-10 00:00:00-05:00,152.55242569744468,154.2442559428542,151.69215893969894,154.15823364257812,38943400,149.19934692382813,148.86055068969728,154.87691833496095,54.563459215796975,-1.0264120163008386,-2.4320781144657926,1.405666098164954,159.0580839357322,138.66301744366234,148.86055068969728,4.164448508487653,0.0028600067777753146,0.002855924739643184,69200050.0
2019-01-11 00:00:00-05:00,153.2501498361321,153.75674493007966,152.73398698777592,153.59425354003906,30176600,149.92960205078126,148.67467651367187,154.83726287841796,53.597507034352205,-0.6745488431991191,-2.080572260212458,1.4060234170133388,158.37254049430365,138.9768125330401,148.67467651367187,3.968719804652978,-0.0036584494335001327,-0.003665157926414928,68019880.0
2019-01-14 00:00:00-05:00,152.29434771322138,152.89653299898953,151.58701919636664,152.23699951171875,30710200,150.5317825317383,148.41855850219727,154.71918426513673,51.2462616197831,-0.49945637829085854,-1.7643490838281382,1.2648927055372796,157.4318522686054,139.40526473578913,148.41855850219727,3.8286137002972245,-0.008836619841161575,-0.008875894306467336,67236465.0
2019-01-15 00:00:00-05:00,152.93473170166973,155.41992692581888,152.84870941548576,155.2096405029297,40874200,151.30791931152345,148.5026481628418,154.58621643066405,55.81784144782405,-0.119450107302697,-1.43536928852305,1.315919181220353,157.7337896307256,139.27150669495802,148.5026481628418,3.7824932512831464,0.019526402916145935,0.019338208603988022,66452805.0
2019-01-16 00:00:00-05:00,155.46772548444244,156.5478318201917,155.12362171460163,155.1809844970703,33812200,152.02193145751954,148.75924835205078,154.40997589111328,55.76355808544608,0.1773509091841845,-1.1128252489816033,1.2901761581657878,158.42322292461782,139.09527377948373,148.75924835205078,3.6140444551622126,-0.00018462774455585418,-0.00018464479035600143,64401710.0
2019-01-17 00:00:00-05:00,154.6839458351271,157.10222544775576,154.43543211234518,156.4044647216797,39329000,153.34194793701172,149.02984619140625,154.3092919921875,57.65695543420975,0.5054657872075836,-0.789167041743766,1.2946328289513496,159.2176766165592,138.8420157662533,149.02984619140625,3.5463836608942385,0.007884214864176675,0.007853296845375045,63186055.0
2019-01-18 00:00:00-05:00,157.50367962616622,158.68892922791906,156.58607926383704,157.9529266357422,57183200,154.20411987304686,149.5632469177246,154.24758239746095,59.99099180573624,0.8802995817983685,-0.4552737170353391,1.3355732988337077,160.42460674812406,138.70188708732513,149.5632469177246,3.456246578418891,0.009900369000449993,0.009851681433464172,61952390.0
2019-01-22 00:00:00-05:00,156.81547387742702,156.89194300600556,153.6611916022884,154.78909301757812,56711700,154.57211456298828,150.04520721435546,154.0981967163086,53.50178517987322,0.9115552908486961,-0.18190791545853202,1.093463206307228,160.93586095710575,139.15455347160517,150.04520721435546,3.515924325207098,-0.020030231066628046,-0.020233555820501098,59837870.0
2019-01-23 00:00:00-05:00,155.58242389445923,156.28973771949038,153.24061364849095,154.9897918701172,38106100,154.82349853515626,150.76213531494142,153.85103271484374,53.84286836490897,0.9416654523772934,0.04280675810863305,0.8988586942686603,160.9499131251213,140.57435750476154,150.76213531494142,3.4825814499065504,0.0012965955716031097,0.00129575571745402,54686705.0
2019-01-24 00:00:00-05:00,155.49638149994806,156.22283081012745,154.90376408163755,155.99342346191406,32417800,155.0509811401367,151.70363845825196,153.64529083251952,55.59695446128759,1.034586583947572,0.24116272327642085,0.7934238606711512,159.99417790973223,143.4130990067717,151.70363845825196,3.3280446840910756,0.006475468995002842,0.006454593217486574,53499430.0
2019-01-25 00:00:00-05:00,157.24560710962174,158.3352667176428,156.71033777024235,157.8573455810547,36515900,155.42089233398437,152.31011962890625,153.53287139892578,58.73347486039325,1.2442868237822893,0.44178754337759457,0.8024992804046946,160.53769970594408,144.08253955186842,152.31011962890625,3.257601724922338,0.011948722438261727,0.011877900054120573,50376120.0
2019-01-28 00:00:00-05:00,155.82137212670534,155.91694757890176,154.60744866237457,155.9073944091797,33491200,155.65220642089844,152.79090423583983,153.4803857421875,54.403892650932384,1.238850316223619,0.6012000979467995,0.6376502182768196,160.6720377989763,144.90977067270336,152.79090423583983,3.2570513816193225,-0.012352615994507321,-0.012429543717662073,47759465.0
2019-01-29 00:00:00-05:00,155.99345302054616,156.03169487832432,153.88104980565595,154.43544006347656,30784200,155.8720504760742,153.20191650390626,153.3957925415039,51.32800835710052,1.1030521323967832,0.7015705048367963,0.40148162755998695,160.50461808245728,145.89921492535524,153.20191650390626,3.1780223595513974,-0.009441209323529431,-0.009486060060298025,45405845.0
2019-01-30 00:00:00-05:00,156.18463325804805,158.93746387742019,155.69715891294956,158.36395263671875,41346500,156.18748168945314,153.7477005004883,153.41397857666016,58.13168942545728,1.297472767635611,0.8207509573965592,0.4767218102390518,160.87836454223114,146.61703645874545,153.7477005004883,3.2725938920079853,0.025437895418483514,0.025119736402430603,44822405.0
2019-01-31 00:00:00-05:00,159.3389301873309,161.5278175199503,159.11909051219817,160.73446655273438,37258400,156.74282989501953,154.38238067626952,153.42448486328124,61.618186943647096,1.62411143791644,0.9814230535005355,0.6426883844159046,161.6269976558733,147.13776369666573,154.38238067626952,3.2648275342382402,0.014968772100892869,0.014857845617393955,43756490.0
2019-02-01 00:00:00-05:00,159.94105923122956,161.15498277358793,159.61607641988726,160.05575561523438,32143700,157.107958984375,155.22495346069337,153.43266326904296,60.075671297529176,1.8073743505248672,1.146613312905402,0.6607610376194653,160.80100030268187,149.64890661870487,155.22495346069337,3.141547449914128,-0.004222560052341562,-0.004231500234886914,41622665.0
2019-02-04 00:00:00-05:00,160.0844656640517,162.0439453125,159.94109515184655,162.0439453125,26718800,157.51706085205078,155.86059036254883,153.5843051147461,62.99784067694627,2.088961572999665,1.3350829649242546,0.7538786080754103,161.50227827094065,150.21890245415702,155.86059036254883,3.0673547863955077,0.012421856931188024,0.012345338680588475,39223140.0
2019-02-05 00:00:00-05:00,162.26376796255875,163.66885717497178,162.19686659220292,163.47769165039062,28156400,158.38592071533202,156.47901763916016,153.81990112304686,64.98798275758507,2.400145440092274,1.5480954599578585,0.8520499801344155,162.5935605651862,150.36447471313411,156.47901763916016,2.964323148972384,0.008847885893704,0.008808972715769421,38027995.0
2019-02-06 00:00:00-05:00,163.51595056117682,163.80269158545858,162.25423171435247,162.990234375,27970000,159.18596496582032,157.00473175048828,154.02268432617188,63.732907795122536,2.5777128987223534,1.7540189477107577,0.8236939510115957,163.4511583496539,150.55830515132266,157.00473175048828,2.8631900576962215,-0.0029817969073914208,-0.0029862513207643314,36957060.0
2019-02-07 00:00:00-05:00,161.5660225811483,161.9674745963995,159.57786884966893,160.8013458251953,42036200,159.66675720214843,157.35886917114257,154.20380096435548,58.28918079821096,2.5128448649156496,1.9057841311517363,0.6070607337639133,163.82245041965155,150.8952879226336,157.35886917114257,2.902416876812996,-0.01342956869899703,-0.013520560932648466,36734285.0
2019-02-08 00:00:00-05:00,159.3962262665874,161.14541909184325,159.21462851565343,161.1167449951172,29020700,159.9926971435547,157.70679473876953,154.32107666015625,58.83479351226098,2.4585459703324943,2.0163364989878882,0.4422094713446061,164.1928710825989,151.22071839494015,157.70679473876953,2.8330149981970547,0.0019614212076604076,0.0019595001326980933,36238150.0
2019-02-11 00:00:00-05:00,161.69986997810818,162.0917688938215,160.56241509762248,160.9638671875,21434100,160.49834442138672,158.07527542114258,154.42481079101563,58.435784025960764,2.3757911027969385,2.0882274197496984,0.2875636830472401,164.42076038683743,151.72979045544773,158.07527542114258,2.7398963409114807,-0.0009488635561860637,-0.0009493140121802532,35801025.0
2019-02-12 00:00:00-05:00,162.13954644814595,163.58286318121276,161.85279081915994,163.34390258789062,29722100,161.38919067382812,158.63062057495117,154.4758770751953,62.679270004783405,2.473740499456426,2.165330035691044,0.30841046376538195,164.77603673790966,152.48520441199267,158.63062057495117,2.731260601825858,0.014786146990480864,0.014677897674726513,35751620.0
2019-02-13 00:00:00-05:00,164.07031082358392,164.557799688976,163.27697461773968,163.4585723876953,26094100,161.89865264892578,159.04306716918944,154.5397219848633,62.87592687318787,2.5314381532400887,2.238551659200853,0.2928864940392355,165.32055821690574,152.76557612147315,159.04306716918944,2.6276580639266043,0.0007020145716365445,0.0007017682746697817,35012615.0
2019-02-14 00:00:00-05:00,162.87551934300345,164.24238139318197,162.33069682537678,163.65931701660156,30326800,162.1911376953125,159.46698379516602,154.58432495117188,63.24110187242522,2.563808386251253,2.3036030046109333,0.2602053816403198,165.78892089138347,153.14504669894856,159.46698379516602,2.576517099917932,0.0012281070730884025,0.0012273535664583694,34838345.0
2019-02-15 00:00:00-05:00,164.90187855598793,164.9401058215201,163.5828118277445,164.3474884033203,32521700,162.62031097412108,159.86413497924804,154.5862661743164,64.52921377392758,2.614849353092268,2.3658522743072004,0.2489970787850675,166.36213719742312,153.36613276107295,159.86413497924804,2.489429735193479,0.004204901983361875,0.004196086087694763,34497980.0
2019-02-19 00:00:00-05:00,163.84092252536684,165.16954266097235,163.81224842484977,164.67250061035156,19487700,162.88316650390624,160.20011367797852,154.72070983886718,65.1503365314808,2.650966761256882,2.422875171697137,0.22809158955974507,166.95777885357165,153.4424485023854,160.20011367797852,2.4085629138312723,0.0019775915664355104,0.001975638706449466,32613205.0
2019-02-20 00:00:00-05:00,164.7872151228341,165.43719550430995,163.75491822077873,164.6438446044922,32593000,162.9997817993164,160.6928512573242,154.8322784423828,65.04219252196063,2.646767479308636,2.4676536332194368,0.17911384608919922,167.23413533073216,154.15156718391626,160.6928512573242,2.3566853688098397,-0.0001740181618251624,-0.0001740333047422721,31407270.0
2019-02-21 00:00:00-05:00,164.20408684490857,164.65333374098944,163.1717903443303,164.04159545898438,25207400,163.10491790771485,161.14544143676758,155.03683471679688,62.68709358076986,2.565272184359344,2.487177343447418,0.07809484091192598,167.28603474016543,155.00484813336973,161.14544143676758,2.294175227941932,-0.0036578904419690694,-0.003664596882489844,30762335.0
2019-02-22 00:00:00-05:00,164.39531724910438,165.37026586319612,164.30928036021757,165.2555694580078,27735400,163.5503402709961,161.60854873657226,155.23345520019532,65.40622278786341,2.56902995394384,2.5035478655467025,0.06548208839713743,167.5177775577264,155.69931991541813,161.60854873657226,2.2252105976754906,0.007400403511236053,0.007373154876519736,30528215.0
2019-02-25 00:00:00-05:00,166.51726044043835,166.94738647304288,165.7430160797584,165.85772705078125,32608800,164.0244384765625,162.0085678100586,155.43182586669923,66.7024137345386,2.5907327443074166,2.520984841298845,0.06974790300857148,167.93104385226783,156.08609176784935,162.0085678100586,2.187111056058318,0.0036437960593300733,0.003637173517055891,30332860.0
2019-02-26 00:00:00-05:00,165.4563190065506,166.5555318909136,165.1791165534523,166.02981567382812,21939700,164.53103332519532,162.51468887329102,155.60618743896484,67.08201782317565,2.5919402024785256,2.5351759135347813,0.0567642889437443,167.9773175308887,157.05206021569333,162.51468887329102,2.129204219015674,0.001037567716059451,0.0010370298147173048,29755285.0
2019-02-27 00:00:00-05:00,165.26513381394253,166.12540066605757,164.1754741359274,165.92466735839844,25162000,164.7891098022461,163.08915023803712,155.7774935913086,66.58254328744069,2.5549605368235575,2.5391328381925367,0.015827698631020848,167.30709129974778,158.87120917632646,163.08915023803712,2.1163986698095667,-0.0006333098365672862,-0.0006335104619516575,29474175.0
2019-02-28 00:00:00-05:00,165.40851054419096,166.1349454311057,165.07395991002207,165.54232788085938,25085500,164.9974853515625,163.44806900024415,156.017783203125,64.69621357979143,2.4663714896056206,2.5245805684751534,-0.05820907886953286,167.19157721096778,159.7045607895205,163.44806900024415,2.041012016329143,-0.002304295579590998,-0.0023069545541442625,28661125.0
2019-03-01 00:00:00-05:00,166.73714134782693,166.93786007310302,165.53277065618337,166.68934631347656,31431200,165.30048828125,163.74581298828124,156.35059051513673,67.65660269111649,2.4603573647336248,2.511735927726848,-0.0513785629932233,167.52571984820977,159.9659061283527,163.74581298828124,1.9955889735141794,0.00692885286379874,0.006904958672191283,28369765.0
2019-03-04 00:00:00-05:00,167.78858703489837,168.02754766132583,164.85415812656885,166.71804809570312,38063500,165.53754425048828,164.07892761230468,156.66510131835938,67.72952426443182,2.4298967838321914,2.4953680989479166,-0.06547131511572513,167.66882539389456,160.4890298307148,164.07892761230468,2.079717585031522,0.00017218726248158234,0.0001721724399563775,28665755.0
2019-03-05 00:00:00-05:00,166.84228515625,167.35843360799603,166.0202601516198,166.84228515625,22319900,165.75452270507813,164.3188446044922,157.05624877929688,68.06515535807424,2.388251173610257,2.4739447138803845,-0.08569354027012732,167.9734477047939,160.6642415041905,164.3188446044922,2.0267501472704303,0.0007451926289081534,0.0007449151107421668,28445810.0
2019-03-06 00:00:00-05:00,167.00479208200017,167.03346618836568,165.62837663646198,165.89601135253906,27194600,165.8797393798828,164.43976058959962,157.47117126464843,62.71486166669365,2.252920079566451,2.429739787017598,-0.17681970745114706,168.1348417051784,160.74467947402084,164.43976058959962,1.9823458190299497,-0.005671666525214114,-0.005687811500685636,28397720.0
2019-03-07 00:00:00-05:00,165.4754222851838,165.5327704923488,163.24830786863106,163.86004638671875,39407400,165.86158447265626,164.48325119018554,157.93534759521484,53.052245667857676,1.958803982064211,2.335552626026921,-0.3767486439627099,168.12921432540668,160.8372880549644,164.48325119018554,2.029871366521239,-0.012272537170853193,-0.012348466626064685,28969590.0
2019-03-08 00:00:00-05:00,162.02483986471185,163.69756406358974,161.86234840702056,163.61154174804688,39303200,165.69718170166016,164.62376098632814,158.4643112182617,51.999146309074774,1.6862248577787682,2.2056870723772906,-0.5194622145985224,167.88792477190893,161.35959720074734,164.62376098632814,2.02757326746245,-0.0015165663879124214,-0.0015177175387285264,28832940.0
2019-03-11 00:00:00-04:00,164.2902161044366,167.12906954007875,164.26154199579372,167.0143585205078,30518400,165.8128448486328,164.91864166259765,158.8900439453125,62.86836636304001,1.7248992481471532,2.109529507531263,-0.3846302593841098,167.91699218375282,161.92029114144248,164.91864166259765,2.1339985906459797,0.020798146243869997,0.02058481762306981,28907825.0
2019-03-12 00:00:00-04:00,167.45402462294763,168.36207194383215,167.052572583767,167.93194580078125,33953500,166.00305786132813,165.2670455932617,159.32284881591798,65.15938556296834,1.8087405706724269,2.049371720159496,-0.24063114948706898,167.94893238956104,162.5851587969624,165.2670455932617,2.0778353644087195,0.005494062237533681,0.0054790249297258535,29533795.0
2019-03-13 00:00:00-04:00,168.80174978925126,170.07300716657576,168.5627892230632,169.19363403320312,42426100,166.3299545288086,165.55953216552734,159.78241760253906,68.0760757151137,1.9544632826940074,2.030390032666398,-0.0759267499723908,168.5917338012792,162.5273305297755,165.55953216552734,2.0823515073648475,0.007513092439949576,0.00748500973188445,30168995.0
2019-03-14 00:00:00-04:00,169.30834286502082,169.50906157046327,168.85909583951303,168.90689086914062,23751500,166.66641082763672,165.83194808959962,160.2115899658203,66.70924040568622,2.023486314264943,2.0290092889861073,-0.005522974721164253,169.0343785225085,162.62951765669075,165.83194808959962,1.980038237620947,-0.0016947633148315377,-0.0016962010508226207,30051865.0
2019-03-15 00:00:00-04:00,169.56639505796775,170.98105197021258,169.45169866481052,170.47445678710938,38192000,167.044921875,166.172705078125,160.6602618408203,70.22841675560736,2.1795525083620646,2.059117932861299,0.12043457550076564,169.80004730379443,162.54536285245558,166.172705078125,1.9867612992960189,0.009280651072922863,0.00923785043879371,30445125.0
2019-03-18 00:00:00-04:00,170.4017021971632,171.3975955907766,170.05697211653404,170.8804931640625,32935100,167.46116638183594,166.4993553161621,161.2137857055664,71.08116709805329,2.309378753085525,2.109170096906144,0.200208656179381,170.56102746695262,162.4376831653716,166.4993553161621,1.9406085975064862,0.0023818018523453777,0.002378969858254559,30465795.0
2019-03-19 00:00:00-04:00,171.57952332256033,172.36474751924308,170.72727598873237,171.45504760742188,36893300,167.9224426269531,166.83848266601564,161.65626251220704,72.29064333874243,2.4306101681871723,2.17345811116235,0.25715205702482224,171.34197562334708,162.3349897086842,166.83848266601564,1.9189559498639306,0.0033623173290338038,0.0033566773787889526,31336075.0
2019-03-20 00:00:00-04:00,171.4646138008021,173.1882641544157,170.67940423565278,172.13491821289062,50105000,168.54633331298828,167.21303634643556,162.07677795410157,73.6927216151015,2.5521274771140554,2.2491919843526915,0.3029354927613639,172.14937564138802,162.2766970514831,167.21303634643556,1.961091947642429,0.003965299447033166,0.003957458368495444,32211675.0
2019-03-21 00:00:00-04:00,171.61783923336975,175.0747106771811,171.59868350302827,174.82574462890625,42428500,169.64290313720704,167.75224380493165,162.52377380371092,78.35985387191059,2.832902091629336,2.3659340058080205,0.46696808582131544,173.4779337127052,162.0265538971581,167.75224380493165,2.069301606678885,0.01563207769784225,0.015511155321866348,33072730.0
2019-03-22 00:00:00-04:00,174.06925505739073,174.53847549826364,170.80389692562494,170.98583984375,70794500,170.38033294677734,168.03875732421875,162.86911865234376,61.57255509312338,2.714281227358157,2.4356034501180477,0.2786777772401092,173.80934802557485,162.26816662286265,168.03875732421875,2.20876918500763,-0.02196418378372722,-0.022208987719855626,35225685.0
2019-03-25 00:00:00-04:00,170.36339975085755,171.25394390648805,169.4249589662621,170.66024780273438,46336500,170.744921875,168.2788833618164,163.19915893554688,60.39115087669936,2.5644395187186717,2.4613706638381725,0.10306885488049922,174.06612267274068,162.49164405089215,168.2788833618164,2.1816417389517957,-0.0019042047067356904,-0.0019060200093561843,35912070.0
2019-03-26 00:00:00-04:00,171.98172059159438,173.0254813892467,170.58364454374927,171.45504760742188,33248100,171.09723205566405,168.5501449584961,163.55637481689453,62.2931080428308,2.4812206200877256,2.465340655088083,0.015879964999642393,174.39854219163237,162.70174772535984,168.5501449584961,2.2002271037050547,0.004657205265553133,0.00464639403885,36477490.0
2019-03-27 00:00:00-04:00,171.71356924872885,172.0965961104156,169.10894567695212,170.35379028320312,37096700,171.21324768066407,168.77160110473633,163.9187106323242,58.1281489239766,2.29989502270314,2.4322515286110944,-0.13235650590795434,174.5404467139956,163.00275549547706,168.77160110473633,2.2564716272592276,-0.006423009060312346,-0.00644372533787637,37074225.0
2019-03-28 00:00:00-04:00,170.79432672463065,171.38802289109304,169.72183955642973,170.74644470214844,30368200,171.39720306396484,169.03180694580078,164.2294467163086,59.17621902348959,2.162944037970618,2.3783900304829992,-0.21544599251238106,174.6623585777931,163.40125531380846,169.03180694580078,2.2143081777880913,0.002304935031339994,0.002302282743376406,37338360.0
2019-03-29 00:00:00-04:00,172.06788033853897,172.20194120947335,171.01453448724092,172.03915405273438,35205500,171.55367279052734,169.29929733276367,164.56661010742187,62.50381322249075,2.1341194364409546,2.3295359116745904,-0.1954164752336358,174.96748136414263,163.63111330138472,169.29929733276367,2.1601073441835785,0.007570929824283867,0.007542414171313418,37527075.0
2019-04-01 00:00:00-04:00,173.81071996570668,174.52890653349576,173.10211857020903,174.3182373046875,30969500,171.89744720458984,169.6793067932129,164.92488555908204,67.52904580622254,2.2690228207380017,2.317433293487273,-0.04841047274927135,175.61698846344794,163.74162512297787,169.6793067932129,2.1836534253677073,0.013247468371383242,0.013160487999975,37172375.0
2019-04-02 00:00:00-04:00,174.50972185651142,175.15129994355448,174.06922777579706,174.9789276123047,22645200,172.2498352050781,170.0861389160156,165.26540557861327,68.83306962308211,2.4015631854446156,2.3342592718787416,0.06730391356587395,176.29914719896348,163.87313063306775,170.0861389160156,2.104969049824115,0.0037901387590466573,0.0037829742803463344,37188640.0
2019-04-03 00:00:00-04:00,175.96524978779127,177.07604833078008,175.43859141674747,175.98440551757812,31633500,172.63478393554686,170.59055862426757,165.68931182861328,70.75775797940008,2.558246173764246,2.3790566522558425,0.17918952150840362,176.99603994393954,164.1850773045956,170.59055862426757,2.104408454727778,0.0057462799606433634,0.005729833069499106,37410585.0
2019-04-04 00:00:00-04:00,176.03227880716864,176.67385691357842,174.90232459042522,175.91737365722656,28530800,172.74394683837892,171.19342498779298,166.10786346435546,70.4454287503518,2.6465024273340703,2.432545807271488,0.2139566200625822,177.2093565208722,165.17749345471375,171.19342498779298,2.080631588186736,-0.0003808965922543761,-0.00038096915178707574,36866755.0
2019-04-05 00:00:00-04:00,176.42490473443473,176.9324220019062,176.21423553530985,176.82708740234375,25674700,173.32807159423828,171.8542022705078,166.52453674316405,72.23653132266337,2.7580592503700814,2.4976484958912066,0.26041075447887474,177.26674007539043,166.4416644656252,171.8542022705078,2.0045184993647998,0.005171255835650257,0.005157930810525297,36185330.0
2019-04-08 00:00:00-04:00,176.5397880213675,177.42076155786106,175.84075737171685,177.27713012695312,22697500,173.98975982666016,172.3673408508301,166.91293243408202,73.10489705558842,2.8499312891805744,2.5681050545490804,0.2818262346314939,177.7931248938216,166.94155680783857,172.3673408508301,1.974196048420472,0.0025451005907559665,0.0025418673071068874,35794285.0
2019-04-09 00:00:00-04:00,176.6738645919742,177.2579901487995,176.28125249722228,176.6547088623047,25631900,174.50972595214844,172.80347900390626,167.32787872314452,69.8509059924389,2.839781118542419,2.6224402673477485,0.2173408511946704,178.13452257623518,167.47243543157734,172.80347900390626,1.9043161613712127,-0.0035110071118745756,-0.0035171851623694767,35378205.0
2019-04-10 00:00:00-04:00,176.88449012742402,177.66012895488984,176.6929767126174,177.60267639160156,24563000,175.23461456298827,173.22393112182618,167.79122344970702,71.9022352814052,2.8750878690286186,2.6729697876839227,0.2021180813446959,178.67490980523027,167.7729524384221,173.22393112182618,1.8401092993150656,0.005366217155500674,0.005351870314842467,34485050.0
2019-04-11 00:00:00-04:00,177.89956766451954,177.89956766451954,176.8558068800391,177.18138122558594,20654100,175.87810821533202,173.63765563964844,168.16757202148438,69.63464706534197,2.8363777273167727,2.7056513756104925,0.13072635170628022,178.96995454878925,168.30535673050764,173.63765563964844,1.7832272625411638,-0.0023721217189695,-0.0023749396569041838,34330180.0
2019-04-12 00:00:00-04:00,177.9665891995375,178.0623386157482,177.21009137031533,177.9474334716797,24989100,176.46893615722655,174.01130447387695,168.5118313598633,71.40081522427943,2.834835456691735,2.7314881918267413,0.10334726486499379,179.4508476024214,168.5717613453325,174.01130447387695,1.7187794145140987,0.004323548223830631,0.0043142285422808745,33670035.0
2019-04-15 00:00:00-04:00,177.9569795286858,178.17723383987803,176.78872868637035,177.97613525390625,21073000,176.83472595214843,174.36608657836913,168.87023895263673,71.46777661903906,2.803610908696527,2.7459127352006987,0.057698173495828176,179.86778893418082,168.86438422255745,174.36608657836913,1.695188395870783,0.00016129360039984775,0.00016128059398563157,33076930.0
2019-04-16 00:00:00-04:00,178.6272860972096,178.98160126643512,178.04316066852684,178.5889892578125,27195700,177.19573211669922,174.72278366088867,169.20113983154297,72.92546499372675,2.796085888115101,2.7559473657835794,0.04013852233152182,180.34697688366887,169.09859043810846,174.72278366088867,1.6459225113463607,0.0034434616923888495,0.003437546553322461,32592050.0
2019-04-17 00:00:00-04:00,179.78599600637975,179.9583537293581,178.68478270102315,179.21144104003906,29651600,177.5184356689453,175.07660980224608,169.51581481933593,74.35834085948551,2.8079802633002373,2.766353945286911,0.04162631801332628,180.89219035383562,169.26102925065655,175.07660980224608,1.626168365646306,0.0034853872280333764,0.0034793273425847994,31569380.0
2019-04-18 00:00:00-04:00,179.50829140192613,179.82428053908322,178.38790783312317,179.44125366210938,28580900,177.8708236694336,175.30738525390626,169.8448352050781,74.8867893328664,2.803632073957459,2.7738095710210207,0.02982250293643851,181.4233794047635,169.19139110304903,175.30738525390626,1.6126115328115738,0.0012823546350424486,0.0012815331205776955,30877000.0
2019-04-22 00:00:00-04:00,178.65607983625767,180.01584451589116,178.52200432986598,179.9488067626953,17936000,178.18299560546876,175.75553359985352,170.22778442382813,76.06024971448151,2.808763716268885,2.7808004000705937,0.027963316198291288,181.85270052158526,169.65836667812178,175.75553359985352,1.6041278651839743,0.0028285195863693158,0.0028245268520901605,28234075.0
2019-04-23 00:00:00-04:00,180.40841143303865,182.4576359705207,180.1498748585222,182.23739624023438,33665600,178.67902221679688,176.33439102172852,170.65019744873047,80.48763400863956,2.9633410727978173,2.8173085346160387,0.14603253818177864,182.5830438364485,170.08573820700855,176.33439102172852,1.668749389658361,0.012718003073824757,0.012637808500176139,27600530.0
2019-04-24 00:00:00-04:00,182.39065995270045,182.6204849120637,181.6054356335332,181.66290283203125,24977100,179.17984161376953,176.84478378295898,171.0641781616211,76.65523045480121,3.0048498856883725,2.8548168048305054,0.15003308085786715,183.08342691328795,170.60614065263002,176.84478378295898,1.6220565245777983,-0.003152445217368016,-0.0031574246404517284,27186980.0
2019-04-25 00:00:00-04:00,183.02264456001217,183.10882342958087,181.4138992703577,182.40020751953125,29517500,179.6595947265625,177.44710464477538,171.44530426025392,78.09667752155931,3.0619440601958843,2.8962422559035814,0.16570180429230286,183.38136565024882,171.51284363930193,177.44710464477538,1.6272613556238968,0.004058642001232959,0.00405042793159707,26808020.0
2019-04-26 00:00:00-04:00,182.1129083860973,182.60128447874771,180.5903567583341,182.56297302246094,26359500,180.19775390625,178.037931060791,171.82739227294923,78.41355421818575,3.084766156579974,2.93394703603886,0.1508191205411138,183.52188979366363,172.5539723279184,178.037931060791,1.6546660959660187,0.0008923537157283778,0.0008919558048519621,26607585.0
2019-04-29 00:00:00-04:00,182.56298212688608,183.2045748536011,182.26613407778697,182.91729736328125,21716200,180.69474029541016,178.58183822631835,172.21255187988282,79.12166226568434,3.0957578757317776,2.9663092039774437,0.12944867175433394,183.72528467294327,173.43839177969343,178.58183822631835,1.603507144526597,0.001940833537897646,0.0019389525538780876,25933120.0
2019-04-30 00:00:00-04:00,181.44260846085817,181.7969236882625,180.22649000744318,181.50006103515625,31495300,181.04713287353516,178.9409294128418,172.55560333251952,69.32586758848419,2.9560344400517806,2.964254251192311,-0.008219811140530275,183.8406030486017,174.0412557770819,178.9409294128418,1.6811714453345596,-0.007747962322613544,-0.0077781337283408,25959410.0
2019-05-01 00:00:00-04:00,182.6874408544605,183.20454316991572,180.79143312471243,180.91590881347656,34797100,181.27982482910156,179.2377784729004,172.88047149658203,65.71448247985543,2.7662784720197635,2.9246590953578013,-0.15838062333803782,183.85242270103157,174.62313424476923,179.2377784729004,1.7334527738966123,-0.003218468458622392,-0.0032236588680033046,26567005.0
2019-05-02 00:00:00-04:00,180.85849431079924,181.79693512182047,178.94333045220347,180.1307373046875,44110100,181.37175445556642,179.44509506225586,173.19020935058595,61.10671446341217,2.5234499610711225,2.844417268500466,-0.3209673074293433,183.8229494062359,175.06724071827583,179.44509506225586,1.8134636235909256,-0.004339980457984893,-0.00434942551064174,27190835.0
2019-05-03 00:00:00-04:00,181.6245435748637,183.1375246165841,181.2989692600925,183.0034637451172,30386200,181.72797546386718,179.79939956665038,173.5694467163086,69.52597206988291,2.5336058014610217,2.7822549750925774,-0.2486491736315557,184.12454878998366,175.4742503433171,179.79939956665038,1.898701029898474,0.01594800800471119,0.015822174623186608,27283605.0
2019-05-06 00:00:00-04:00,179.1156613486069,182.13203788326405,178.83795447091143,181.88307189941406,38371800,181.92140197753906,180.0521987915039,173.90199676513672,63.73150264880196,2.4233136681895076,2.7104667137119636,-0.287153045522456,184.24179258677833,175.8626049962295,180.0521987915039,2.0606159044918515,-0.006122243933391225,-0.006141061712784894,27918460.0
2019-05-07 00:00:00-04:00,179.90092131828075,180.6669898220825,176.6834452915465,178.34007263183594,58818100,181.53166961669922,180.10534591674804,174.1516436767578,49.641847886445724,2.026653922278939,2.573704155425359,-0.54705023314642,184.1781179064922,176.03257392700388,180.10534591674804,2.2848309547329744,-0.019479543811188216,-0.019671770545709732,29724490.0
2019-05-08 00:00:00-04:00,177.75593850378775,179.2306082482554,177.1143603634872,177.88999938964844,37165300,181.15437927246094,180.16711044311523,174.38884735107422,48.184541920461946,1.6568815673051915,2.3903396378013255,-0.733458070496134,184.0622850328226,176.27193585340788,180.16711044311523,2.2727893068783476,-0.0025236798188179588,-0.002526869666631804,30301160.0
2019-05-09 00:00:00-04:00,175.90779913576608,177.54527067926594,174.36609163070835,176.9324188232422,55351700,180.60760040283202,180.13359756469725,174.6090023803711,45.14774546143342,1.2719038472301065,2.1666524796870816,-0.8947486324569751,184.12675098103944,176.14044414835507,180.13359756469725,2.3621549105970425,-0.005382992690380339,-0.005397533199978857,31840595.0
2019-05-10 00:00:00-04:00,176.30041681700888,178.00491155213172,173.351062600443,177.1526641845703,58526400,180.06656951904296,180.13216171264648,174.84120910644532,45.99086910535423,0.9733579261691716,1.9279935689834997,-0.9546356428143281,184.12957868620938,176.13474473908357,180.13216171264648,2.525847342103592,0.0012447993578166283,0.0012440252374457826,33734210.0
2019-05-13 00:00:00-04:00,172.64243120218214,173.57128679732043,170.50702769500126,171.00497436523438,67185800,178.87533721923828,179.78503875732423,174.92752166748048,31.456480308799854,0.23794802606133203,1.5899844603990663,-1.3520364343377342,185.37108094778958,174.19899656685888,179.78503875732423,2.8201179954939826,-0.034702779366224124,-0.035319224408853656,35844045.0
2019-05-14 00:00:00-04:00,171.90509771253465,173.92559599943024,171.27309018509865,172.88182067871094,43360600,178.01351318359374,179.53032302856445,175.0507971191406,37.908003045696184,-0.19121954617952497,1.2337436590833482,-1.4249632052628731,185.84069580162563,173.21995025550328,179.53032302856445,2.8272968268298313,0.010975390163025178,0.010915597667902196,36958425.0
2019-05-15 00:00:00-04:00,171.74232242036683,175.7641635438806,171.7040109612773,175.32366943359375,40944500,177.45428924560548,179.3670570373535,175.2204248046875,45.14247404995212,-0.33049145229009014,0.9208966368086605,-1.2513880890987505,185.93029910507218,172.80381496963483,179.3670570373535,2.915357952242222,0.014124381298718625,0.014025561649058896,37645865.0
2019-05-16 00:00:00-04:00,175.40027815006388,178.1772744789252,175.1896089592006,177.0856170654297,39281200,177.1497772216797,179.26076583862306,175.4442169189453,49.69681514910703,-0.2952871066485727,0.6776598881172139,-0.9729469947657866,185.89907176447014,172.62245991277598,179.26076583862306,2.9205227784909633,0.01004968489153879,0.009999522605153606,38127345.0
2019-05-17 00:00:00-04:00,175.33322401454575,177.70802265986035,175.1225548609292,175.2757568359375,44702300,176.37700653076172,179.05249099731446,175.6725311279297,45.516624334025295,-0.4087165737362568,0.4603845957465198,-0.8691011694827766,185.91274872618004,172.1922332684489,179.05249099731446,2.896590279950977,-0.010220255374119303,-0.0102728407817652,38933415.0
2019-05-20 00:00:00-04:00,172.83399704338862,173.49471641316532,171.7327688706745,172.31689453125,38608300,175.4203887939453,178.6708953857422,175.84663818359374,39.645446158388154,-0.7289626754041194,0.22251514151639198,-0.9514778169205114,186.11358648667158,171.22820428481282,178.6708953857422,2.9427615431875496,-0.016881184015979267,-0.0170252953518489,39967030.0
2019-05-21 00:00:00-04:00,173.80113790133623,174.59593273713512,173.2457385722885,174.1171417236328,31613800,174.998095703125,178.2648826599121,175.98869384765624,44.34894146024879,-0.8279510112170101,0.01242191096971157,-0.8403729221867217,185.77072134081422,170.75904397901,178.2648826599121,2.895352733380233,0.010447305223785452,0.01039310927152813,39864440.0
2019-05-22 00:00:00-04:00,173.1499782281915,174.34695568653854,173.08294047698425,173.34149169921875,24332600,174.54324493408203,177.84881210327148,176.096884765625,42.80124625561823,-0.9579458516365946,-0.18165164155154967,-0.776294210085045,185.47664291967374,170.22098128686923,177.84881210327148,2.7788286245355223,-0.004454759690721399,-0.0044647116995424315,39832215.0
2019-05-23 00:00:00-04:00,171.3497139762664,171.426322284536,169.6260635690518,170.68898010253906,45351300,173.9189010620117,177.26325073242188,176.12679168701172,37.92680738013026,-1.2604732659268052,-0.3974159664266008,-0.8630572995002044,185.19558161913127,169.3309198457125,177.26325073242188,2.8457285892234805,-0.015302231281604017,-0.01542051868159688,40623905.0
2019-05-24 00:00:00-04:00,171.60827774945867,172.2211296489267,170.39214451042892,170.60281372070312,25903300,173.263916015625,176.66524276733398,176.16071014404298,37.77630169623656,-1.4900054726433893,-0.6159338676699586,-0.8740716049734307,184.71175083966682,168.61873469500114,176.66524276733398,2.773104057028788,-0.0005048151426305658,-0.000504942604693005,40601095.0
2019-05-28 00:00:00-04:00,171.08155047919024,172.03913218171135,169.94202591534417,169.961181640625,24763800,173.15953674316407,176.01743698120117,176.15044464111327,36.61122693403804,-1.7040426042635204,-0.8335556149886709,-0.8704869892748495,184.03235635671075,168.0025176056916,176.01743698120117,2.7248185005529586,-0.0037609700923723066,-0.003768060323404308,40753475.0
2019-05-29 00:00:00-04:00,168.90788622796748,169.49201182493314,167.66302672163422,168.5631561279297,42178800,172.72767028808593,175.37059173583984,176.10409790039063,34.14053610152132,-1.9638396274371814,-1.0596124174783732,-0.9042272099588082,183.59657038975223,167.14461308192745,175.37059173583984,2.694342530441374,-0.008225557737362443,-0.008259574302650364,41287650.0
2019-05-30 00:00:00-04:00,169.01319258970312,169.75053468826593,168.31416194671036,169.27174377441406,30354800,172.12247772216796,174.78838348388672,176.06043182373048,36.48031915242877,-2.08847885467776,-1.2653857049182506,-0.8230931497595093,183.01030175233632,166.56646521543712,174.78838348388672,2.6044875455209597,0.004203692329696196,0.004194881498480094,41065535.0
2019-05-31 00:00:00-04:00,167.28001185627872,167.85455232348826,166.49478755608698,166.57139587402344,45446200,171.07105560302733,174.11041641235352,175.94916137695313,31.83819580680624,-2.37774271018597,-1.4878571059717947,-0.8898856042141754,182.68695480610756,165.53387801859947,174.11041641235352,2.616806736435683,-0.015952738715738324,-0.01608135332284711,41132340.0
2019-06-03 00:00:00-04:00,166.1212684157532,166.57133298148435,162.08985766084714,162.90379333496094,75842300,169.8338592529297,173.1054328918457,175.71072235107422,26.842187223916966,-2.8698494353078274,-1.7642555718390012,-1.1055938634688263,181.983352991777,164.22751279191442,173.1054328918457,2.7500018419171552,-0.022018201383365188,-0.02226421994194,43405145.0
2019-06-04 00:00:00-04:00,164.7328359494608,167.54812946400958,164.10082830098202,167.4906768798828,47797800,169.35123748779296,172.38581314086915,175.64081909179689,39.606199645883784,-2.8567930604060336,-1.9827630695524077,-0.874029990853626,180.61027437927987,164.16135190245842,172.38581314086915,2.8853114338551182,0.028157008814953643,0.027767887680847723,43876445.0
2019-06-05 00:00:00-04:00,169.08980475905693,169.11853104562235,166.98312761220365,168.73550415039062,34412700,168.81307373046874,171.90558471679688,175.60232421875,42.536387689735186,-2.714705200252638,-2.129151495692454,-0.585553704560184,179.79821388792948,164.01295554566428,171.90558471679688,2.8317465766810885,0.007432218280427394,0.007404735434477641,42656175.0
2019-06-06 00:00:00-04:00,169.02276497337724,170.48786401666476,168.27585230862437,170.07611083984375,29913200,168.48653564453124,171.51489028930663,175.57474548339843,45.59763144975191,-2.4655030075236084,-2.196421798058685,-0.26908120946492353,178.94387257682683,164.08590800178644,171.51489028930663,2.7874798003496104,0.007945018425157713,0.00791362294839545,42293570.0
2019-06-07 00:00:00-04:00,170.98581207518632,174.05965622976674,170.76557234184858,173.36061096191406,45888300,168.75369873046876,171.33629989624023,175.63488189697264,52.30199813428242,-1.9801508182115128,-2.1531676020892507,0.1730167838777379,178.39842518480341,164.27417460767705,171.33629989624023,2.8729130567477092,0.019311942787563208,0.01912783377969104,41820400.0
2019-06-10 00:00:00-04:00,174.5192705432129,177.00898888940466,174.48097370303444,175.38108825683594,41385300,169.23152618408204,171.24772109985352,175.7275747680664,55.90219538097857,-1.416145634190201,-2.005763208509441,0.5896175743192398,178.05567766905813,164.43976453064892,171.24772109985352,2.9283034046579153,0.011654765657036936,0.011587372008461655,40963345.0
2019-06-11 00:00:00-04:00,177.21008797355455,177.53566228320085,175.02680260886697,175.62049865722656,41260300,169.79745788574218,171.47849731445314,175.79920166015626,56.322877305311366,-0.9390245534108033,-1.7924154774897134,0.8533909240789102,178.5458655319083,164.41112909699797,171.47849731445314,2.898343138206198,0.0013650867534817923,0.0013641558696213777,39667070.0
2019-06-12 00:00:00-04:00,175.14171224117527,175.50559801513248,174.27989443200633,174.60546875,27758100,170.4016891479492,171.56467971801757,175.8049462890625,53.97202105858121,-0.6354816530528922,-1.5610287126023492,0.925547059549457,178.73961600157924,164.3897434344559,171.56467971801757,2.7870760729929147,-0.005779677856442511,-0.00579644483085782,38886945.0
2019-06-13 00:00:00-04:00,175.3331994013822,176.0705267239967,174.98846943581515,175.63961791992188,23715800,171.0384765625,171.580477142334,175.81816009521484,55.9876244595337,-0.3079249551370822,-1.3104079611092958,1.0024830059722136,178.78975838058622,164.37119590408176,171.580477142334,2.692646208778899,0.005922776516253059,0.0059053058248157,38025510.0
2019-06-14 00:00:00-04:00,174.73952937112477,175.3428106035977,174.222441608676,174.8927459716797,22844100,171.87061157226563,171.4708335876465,175.79632690429688,54.143553715668304,-0.10736262694160814,-1.0697988942757584,0.9624362673341502,178.40326180443148,164.5384053708615,171.4708335876465,2.601541216097968,-0.004252297728082666,-0.004261364458152678,37203655.0
2019-06-17 00:00:00-04:00,175.27572612606565,176.43440626794563,175.0842127322067,175.946044921875,20379500,173.17483673095703,171.50434799194335,175.79690032958985,56.32817933070206,0.1350204538760238,-0.828835024645402,0.9638554785214258,178.5160584274804,164.4926375564063,171.50434799194335,2.525835436109966,0.006022542240636364,0.006004479220369726,35987515.0
2019-06-18 00:00:00-04:00,178.024077640205,179.75729876630058,177.56442774824146,178.50286865234375,48177300,174.27605590820312,171.81364669799805,175.83041595458985,61.16474023569828,0.5273461799799293,-0.5575987837203358,1.084944963700265,179.45859485901607,164.16869853698003,171.81364669799805,2.6176510367039385,0.014531862490026803,0.014427286877801654,36465965.0
2019-06-19 00:00:00-04:00,178.74221734494384,179.57530881218102,177.6984567186175,179.17312622070312,31672900,175.31981811523437,172.06644592285156,175.86833587646484,62.34212074801535,0.8821820827511999,-0.26964261042602866,1.1518246931772285,180.31027831408227,163.82261353162085,172.06644592285156,2.564736826479623,0.0037548840162606734,0.0037478520366211396,36468920.0
2019-06-20 00:00:00-04:00,181.67246241111562,181.71075926292306,179.22105477225978,180.83937072753906,40922000,176.3961441040039,172.44133987426758,175.95202911376953,65.16918664816438,1.2830538523309656,0.040896682125370176,1.2421571702055954,181.52243475180546,163.3602449967297,172.44133987426758,2.5628008418896457,0.009299634057752026,0.009256658692267258,37298390.0
2019-06-21 00:00:00-04:00,180.6286653405313,181.7203080427045,180.18817126947863,180.5712127685547,39980400,177.11720428466796,172.93545150756836,176.0113998413086,64.33214940932746,1.5611139616573269,0.34494013803176155,1.2161738236255653,182.63568411569324,163.23521889944348,172.93545150756836,2.4891819798422326,-0.0014828516484299836,-0.0014839521610014062,37029845.0
2019-06-24 00:00:00-04:00,180.9320645608177,181.11440972719873,180.48100482624744,180.5769805908203,19375200,177.6367935180664,173.4341598510742,176.07931182861327,64.34275796082837,1.7616369623455341,0.6282795028945161,1.133357459451018,183.61698981829323,163.2513298838552,173.4341598510742,2.356626474207165,3.1942091860637234e-05,3.194158172288423e-05,36703440.0
2019-06-25 00:00:00-04:00,180.4521842852067,180.5577517507149,177.20839729399316,177.47711181640625,33921100,177.82245483398438,173.8099563598633,176.06990539550782,54.89315675949858,1.6513832633606,0.8329002549877329,0.8184830083728671,184.00710844590998,163.6128042738166,173.8099563598633,2.4289091043943074,-0.017166466978635775,-0.017315519033825,37161305.0
2019-06-26 00:00:00-04:00,178.65757357178248,179.7804196710262,178.0145769838657,178.30247497558594,22595700,178.19215545654296,174.2969223022461,176.0764321899414,56.7159127158407,1.612023913453811,0.9887249866809485,0.6232989267728625,184.3748253340063,164.2190192704859,174.2969223022461,2.4199375865532824,0.004650532965814191,0.004639752647278156,36182150.0
2019-06-27 00:00:00-04:00,178.94545943051173,179.40611079217862,178.49439978585193,178.9838409423828,19709200,178.52657775878907,174.78252716064452,176.0843292236328,58.21699935080123,1.6171701533174314,1.1144140200082453,0.5027561333091861,184.7807189283641,164.78433539292493,174.78252716064452,2.3259160315560967,0.0038214049854898846,0.0038141219658068774,35649870.0
2019-06-28 00:00:00-04:00,179.415731477446,179.60766835547687,178.57120628534108,179.21420288085938,21179200,178.95872344970704,175.41466751098633,176.08438446044923,58.73800530116383,1.6211492690626699,1.2157610698191301,0.40538819924353975,184.8385121335688,165.99082288840387,175.41466751098633,2.2338121771689328,0.001287054391411413,0.0012862268468952845,34436520.0
2019-07-01 00:00:00-04:00,182.64992264614966,182.8898473986942,180.78810422338893,181.63262939453125,31025600,179.52738189697266,176.35110931396486,176.12821197509766,63.83627771862918,1.7987150871153972,1.3323518732783834,0.46636321383701373,184.20791336755357,168.49430526037614,176.35110931396486,2.336800201502211,0.013494614125419746,0.013404372762023314,32195685.0
2019-07-02 00:00:00-04:00,181.57507827383296,182.37163033446754,181.0568471703529,182.35243225097656,18035800,179.91233825683594,177.09419708251954,176.1762844848633,65.2139419707234,1.9747555987863166,1.46083261837997,0.5139229804063465,184.23719190433332,169.95120226070577,177.09419708251954,2.2637989845459554,0.003962960063094156,0.003955128221561228,30707585.0
2019-07-03 00:00:00-04:00,182.81303574265354,183.72474670410156,182.62108426121856,183.72474670410156,15792100,180.36750030517578,177.8436592102051,176.20603149414063,67.7373908211508,2.1996471173101497,1.6085955181660059,0.5910515991441438,184.4463018062605,171.2410166141497,177.8436592102051,2.2001215180158873,0.007525616391210299,0.007497440213945164,29776555.0
2019-07-05 00:00:00-04:00,182.46758825934742,183.68639553063215,181.75740567812076,183.3505096435547,21415600,180.61861419677734,178.50737915039062,176.2397836303711,66.32439643978658,2.3209233037189847,1.7510610752766018,0.5698622284423829,184.49327185049148,172.52148645028976,178.50737915039062,2.183494340013381,-0.002036944218241854,-0.002039021610616936,29351675.0
2019-07-08 00:00:00-04:00,182.16049054617673,182.21807015128493,181.31595062099882,182.0645294189453,17598800,180.7679458618164,178.94257507324218,176.23307006835938,61.57144378088983,2.286905673401293,1.8582299949015402,0.42867567849975274,184.626424869066,173.25872527741836,178.94257507324218,2.1728561030521303,-0.007013780474946052,-0.007038492651533465,27937200.0
2019-07-09 00:00:00-04:00,181.20076257239893,183.2065299316288,181.0472072206512,182.97621154785156,19193500,181.00786895751952,179.32233123779298,176.24133483886717,63.56488816589729,2.30691886023439,1.9479677679681102,0.35895109226627975,185.01851386272708,173.62614861285888,179.32233123779298,2.171889432189665,0.005007467032792423,0.004994971366813173,26827610.0
2019-07-10 00:00:00-04:00,184.08946895386526,185.30827613860768,183.75356844679305,184.7996368408203,28374500,181.74012145996093,179.78128814697266,176.27898162841797,67.2267259503482,2.4417674617764646,2.046727706729781,0.39503975504668354,185.68581125739806,173.87676503654725,179.78128814697266,2.1833305149444118,0.009965368052731183,0.00991604120858314,26183320.0
2019-07-11 00:00:00-04:00,185.07796139547847,185.54820454202596,184.0798662166549,184.665283203125,23736100,182.37640228271485,180.2842788696289,176.34228607177735,66.69484139794058,2.508873996595554,2.139156964702936,0.36971703189261795,186.05179607800568,174.51676166125213,180.2842788696289,2.132259644260601,-0.0007270232777082386,-0.0007272876872937864,25982220.0
2019-07-12 00:00:00-04:00,184.86683699514674,185.74015202167354,184.6940835473218,185.73056030273438,20211900,183.05107421875,180.78882598876953,176.4385791015625,68.80246721979138,2.6178385546523657,2.234893282692822,0.38294527195954364,186.60808752176152,174.96956445577754,180.78882598876953,2.056731728138311,0.005768691771033119,0.005752116582876478,25807025.0
2019-07-15 00:00:00-04:00,186.16241444498033,186.36395768533632,185.64418341010722,186.3255615234375,15606100,183.7622100830078,181.36046676635743,176.5624755859375,69.94644554837467,2.7208412139876827,2.3320828689517943,0.38875834503588846,186.993853690539,175.72707984217587,181.36046676635743,1.9612347672162245,0.003203571990163079,0.003198451486435352,25445125.0
2019-07-16 00:00:00-04:00,186.0952406131234,186.2679794077989,184.7996410776776,185.36585998535156,20190900,184.13553314208986,181.83145751953126,176.60972351074219,65.75803366350415,2.693977178075585,2.4044617307765526,0.2895154472990322,187.14118079527637,176.52173424378614,181.83145751953126,1.9301408871122019,-0.005150670311894978,-0.005163980738978696,25435695.0
2019-07-17 00:00:00-04:00,185.36584313808572,185.69215190477942,184.43493400113294,184.45413208007812,16765100,184.345703125,182.12902069091797,176.66114471435546,61.96205892417111,2.5694988306801747,2.437469150757277,0.1320296799228977,187.3250547075388,176.93298667429713,182.12902069091797,1.882074959721793,-0.004918531952677219,-0.004930667740823209,23865085.0
2019-07-18 00:00:00-04:00,183.58081862724308,185.02036715359472,183.00500800300935,184.665283203125,28877000,184.43975677490235,182.40362854003905,176.78764892578124,62.50193757610867,2.459534986203977,2.441882317846617,0.01765266835735968,187.52575648660977,177.28150059346834,182.40362854003905,1.8915952590691911,0.0011447351201392397,0.001144080410490051,23725290.0
2019-07-19 00:00:00-04:00,185.93210759842043,186.01847700229007,183.12018164039225,183.31211853027344,29387900,184.43591766357423,182.5272659301758,176.89609130859375,56.92583795092048,2.237407328039808,2.4009873198852554,-0.16357999184544747,187.61162824965686,177.4429036106947,182.5272659301758,1.963502409271236,-0.007327661428180421,-0.007354640616216334,23148585.0
2019-07-22 00:00:00-04:00,183.72475995945143,185.16430831102193,183.72475995945143,184.7708282470703,18954900,184.70654754638673,182.73724670410155,177.0528594970703,60.96839672451927,2.1542424755128025,2.351638351010765,-0.19739587549796234,187.82800873682564,177.64648467137746,182.73724670410155,1.9555515072338971,0.007957519276370117,0.00792602518608182,22097310.0
2019-07-23 00:00:00-04:00,185.77854342200885,185.9992701027162,184.54052344984927,185.98007202148438,23786700,185.00693359375,183.00740127563478,177.2294076538086,63.98586146246373,2.1609989465572994,2.3135104701200717,-0.1525115235627723,188.18366994867688,177.83113260259267,183.00740127563478,1.9200654462076847,0.0065445600146203375,0.006523237362749864,22317885.0
2019-07-24 00:00:00-04:00,185.26990385023888,187.29486942404915,185.25070576903275,187.28526306152344,20422900,185.2554962158203,183.49780883789063,177.55501342773437,66.95528866116695,2.245783513144488,2.299965078724955,-0.05418156558046672,188.33257450525318,178.66304317052808,183.49780883789063,1.9289296039797361,0.007017908025588326,0.006993397119102663,21642975.0
2019-07-25 00:00:00-04:00,186.6518401510065,186.68062994585404,185.15469759972052,185.50979614257812,23434700,185.33994750976564,183.85817489624023,177.8075729370117,59.739490895248224,2.1449845046784617,2.2689689639156563,-0.12398445923719459,188.13214542362434,179.58420436885612,183.85817489624023,1.9433321652528206,-0.009480014016703842,-0.009525235375925605,21684925.0
2019-07-26 00:00:00-04:00,186.6902355104539,187.6691325394075,186.594259757948,187.4196014404297,20431200,185.50885162353515,184.27996292114258,178.04949157714844,64.20785344757812,2.1939157952567427,2.2539583301838735,-0.06004253492713074,188.19661059796127,180.3633152443239,184.27996292114258,1.9587610389368613,0.010294902682032703,0.01024227108796819,21721025.0
2019-07-29 00:00:00-04:00,187.2468691014347,187.314040415425,185.5961856796736,186.776611328125,20451700,185.5539566040039,184.65808334350587,178.24331146240235,61.72401583492432,2.1559577285429725,2.2343582098556936,-0.07840048131272104,187.9569459513705,181.35922073564123,184.65808334350587,1.9490935190668064,-0.0034307516789222614,-0.003436650202240063,21684650.0
2019-07-30 00:00:00-04:00,185.34664532477268,186.69980958664294,185.2122880702663,185.97044372558594,18705000,185.61441497802736,184.8749740600586,178.45720520019532,58.66005476936551,2.0373395173419624,2.1949544713529474,-0.15761495401098502,187.90946113514684,181.84048698497037,184.8749740600586,1.9216099289805122,-0.004316212810622222,-0.00432555454744246,21068620.0
2019-07-31 00:00:00-04:00,186.46947057989684,186.5942214599371,181.69017489168735,183.3984375,41627500,185.50884552001952,184.92727432250976,178.6788360595703,50.1130951348877,1.7160131912278587,2.09916621532793,-0.38315302410007135,187.81873747219578,182.03581117282374,184.92727432250976,2.134641117499744,-0.013830188142053057,-0.013926716228514248,22248205.0
2019-08-01 00:00:00-04:00,183.71515353370492,187.12208755999097,181.60381888091345,182.4867401123047,63251600,185.2909912109375,184.86537399291993,178.84622802734376,47.47265636630239,1.3719780935020367,1.9537285909627513,-0.5817504974607146,187.90630468177298,181.82444330406688,184.86537399291993,2.3763288004695857,-0.004971129526091578,-0.004983526692820503,24621180.0
2019-08-02 00:00:00-04:00,181.114373844308,181.37349664224007,178.70553492677004,179.79959106445312,55214000,184.93973846435546,184.68782806396484,178.97539001464844,40.67072135503253,0.8724403795748401,1.7374709486851692,-0.865030569110329,188.40194138522043,180.97371474270926,184.68782806396484,2.476677113688519,-0.014725174257580909,-0.01483466582034323,26311100.0
2019-08-05 00:00:00-04:00,176.0375647540908,176.1143424244668,171.97804244842098,173.44638061523438,75040000,183.8072937011719,184.2569206237793,179.03053802490234,29.799394506698235,-0.03568647349183607,1.3828394642497681,-1.4185259377416042,190.33553904143156,178.17830220612706,184.2569206237793,2.858453649570207,-0.035334954944037156,-0.03597434146648874,29183160.0
2019-08-06 00:00:00-04:00,175.04907850268626,176.39266578737127,173.77269181580857,175.87442016601562,41897200,182.796728515625,183.9018310546875,179.1359701538086,36.7570077848206,-0.5530854230003399,0.9956544867997466,-1.5487399098000865,190.98494245410512,176.8187196552699,183.9018310546875,2.864727329753542,0.013998790532086636,0.013901712399134741,30318345.0
2019-08-07 00:00:00-04:00,173.9647003381603,177.07411677186002,172.64031058671068,176.82460021972656,49990600,181.75066223144532,183.50307922363282,179.27323852539064,39.29269240209826,-0.8763541635101717,0.6212527567377629,-1.4976069202479345,191.20961432170537,175.79654412556027,183.50307922363282,2.9768043908532418,0.005402605181663356,0.005388063462222144,31399150.0
2019-08-08 00:00:00-04:00,177.62112207791506,180.73055262438618,177.1316807786846,180.67295837402344,38418100,181.26697845458983,183.30346298217773,179.5154345703125,48.32887505331931,-0.8126489175438962,0.3344724218814311,-1.1471213394253272,191.0856908013246,175.52123516303087,183.30346298217773,3.043172106125126,0.021763703407301938,0.021530255075080315,32133250.0
2019-08-09 00:00:00-04:00,179.80922246444626,180.4234292975778,177.57312182280518,178.9742889404297,33608900,180.42244720458984,182.9656494140625,179.7094854736328,45.13529102528276,-0.8889828372867328,0.08978137004779835,-0.9787642073345311,190.88251666683058,175.04878216129444,182.9656494140625,3.047219566488921,-0.009401901916485045,-0.009446378793990896,32803100.0
2019-08-12 00:00:00-04:00,177.87062494891572,178.40805409365007,176.10478214654694,176.9205322265625,24642900,179.43683929443358,182.49539794921876,179.9164682006836,41.55954053824623,-1.1024902007295054,-0.1486729441076624,-0.953817256621843,190.6711626120976,174.31963328633992,182.49539794921876,3.0345257970170514,-0.011475149453175182,-0.011541497034628836,33254940.0
2019-08-13 00:00:00-04:00,176.76695107440693,182.03568891194215,176.60380401097035,180.7976837158203,40241900,178.91956329345703,182.2669891357422,180.27434600830077,49.66647662468979,-0.9479156207996482,-0.30852147944605957,-0.6393941413535886,190.36408625396697,174.1698920175174,182.2669891357422,3.205765733013819,0.021914649704381173,0.021677975284695387,34257490.0
2019-08-14 00:00:00-04:00,177.8897537575505,178.4559724828398,175.0682372025967,175.39453125,51000500,178.11917266845703,181.8140090942383,180.43242309570311,41.10812816650064,-1.2470284329906747,-0.4962228701549826,-0.750805562835692,190.37155749880077,173.2564606896758,181.8140090942383,3.3860286458859474,-0.02988507570878529,-0.030340735852012753,35969260.0
2019-08-15 00:00:00-04:00,175.62491581754216,176.19113470920718,173.85907318395402,175.19305419921875,36685000,177.38980407714843,181.34039764404298,180.5615740966797,40.82562552912424,-1.483237171003367,-0.6936257303246596,-0.7896114406787074,190.2553210542009,172.42547423388507,181.34039764404298,3.310745280126462,-0.0011487077125230671,-0.001149367982914365,36359660.0
2019-08-16 00:00:00-04:00,176.78615197008773,178.45601878942122,176.68058449867115,178.0049591064453,32781400,177.21034088134766,181.07503967285157,180.72015106201172,46.36548664608653,-1.427086506807143,-0.8403178856211563,-0.5867686211859867,190.05511168784466,172.0949676578585,181.07503967285157,3.30733237370332,0.01605032185824573,0.015922877317787645,36529335.0
2019-08-19 00:00:00-04:00,180.57696664368964,181.21996321389716,179.94356179166033,180.83607482910156,22494100,177.94931030273438,180.87830200195313,180.86966033935548,51.30817191166204,-1.1409867378169452,-0.9004516560603141,-0.24053508175663108,189.69683480237433,172.05976920153194,180.87830200195313,3.3007374975425003,0.015904701401960875,0.015779546924282666,36706295.0
2019-08-20 00:00:00-04:00,180.38505921534542,181.03764761024544,179.38696389581403,179.43495178222656,19902900,178.30536346435548,180.55104598999023,180.95073760986327,48.90610539032868,-1.015602298754061,-0.9234817845990635,-0.09212051415499745,189.06862635459854,172.03346562538192,180.55104598999023,3.1828765130345653,-0.00774802841855049,-0.007778200340387576,36512105.0
2019-08-21 00:00:00-04:00,181.00883231487717,181.6038410198232,180.38503381090763,181.0280303955078,20418500,178.7257064819336,180.23818435668946,181.05888824462892,51.676263819829956,-0.7787096175312911,-0.8945273511855091,0.11581773365421799,188.18382546188107,172.29254325149785,180.23818435668946,3.1104488505032846,0.008878307138370234,0.008839126702741089,36511885.0
2019-08-22 00:00:00-04:00,181.36394521541862,181.8246113610181,179.0222768954198,180.44264221191406,24243700,178.70267486572266,179.98482666015624,181.17563171386718,50.59084105219904,-0.6309333877143217,-0.8418085584912717,0.21087517077694995,187.55627530104587,172.41337801926662,179.98482666015624,3.088440680152929,-0.0032336880775579724,-0.0032389277455331577,36552335.0
2019-08-23 00:00:00-04:00,179.21419925710444,180.85527637150741,174.2429507467072,174.73240661621094,55372400,178.2784866333008,179.3504669189453,181.15748748779296,41.44584405035058,-0.9634815356606623,-0.8661431539251498,-0.09733838173551246,186.4342225226829,172.26671131520771,179.3504669189453,3.3401467476277347,-0.0316457103803488,-0.03215725699464067,38299395.0
2019-08-26 00:00:00-04:00,176.71891826443948,177.41949421608476,175.70163998411726,177.37152099609375,27598900,178.3235855102539,178.88021240234374,181.20706298828125,46.2791410780135,-1.002517467016446,-0.8934180165434091,-0.10909945047303693,185.12911290146067,172.63131190322682,178.88021240234374,3.2934996656453124,0.015103748817925089,0.014990822854256437,38656755.0
2019-08-27 00:00:00-04:00,178.6095551148087,178.90705941788497,176.30628371228585,176.99725341796875,28012800,177.94354248046875,178.4315528869629,181.22808715820312,45.70298649907165,-1.051532576538591,-0.9250409285424455,-0.12649164799614554,183.80727673299964,173.05582904092614,178.4315528869629,3.2440193827848702,-0.002110077063235183,-0.0021123064124594208,39122145.0
2019-08-28 00:00:00-04:00,176.42147601154778,177.9281958872516,175.538554653355,177.6306915283203,21792400,178.1671585083008,178.1431655883789,181.21064361572266,46.907722120912894,-1.0274207751784559,-0.9455168978696475,-0.08190387730880833,183.01759121241082,173.268739964347,178.1431655883789,3.1829923721499944,0.0035788019199129995,0.0035724132463163917,38130390.0
2019-08-29 00:00:00-04:00,179.83799461380124,180.86487957050298,179.15660188206476,180.3466339111328,25358900,178.6825164794922,178.03616027832032,181.23411376953126,51.841605253354025,-0.7801648914363,-0.9124464965829782,0.1322816051466782,182.60911897260053,173.46320158404012,178.03616027832032,3.1866492057237568,0.015289826096181569,0.015174114686023886,36235755.0
2019-08-30 00:00:00-04:00,181.31590130150383,181.35429745702967,178.89747068171388,179.9147491455078,26319800,178.87349548339844,178.04191818237305,181.21562133789064,51.029502745211474,-0.6120074721846436,-0.8523586917033112,0.24035121951866767,182.6240247071763,173.45981165756982,178.04191818237305,3.1345190321231877,-0.0023947481372889046,-0.002397620132662668,34791045.0
2019-09-03 00:00:00-04:00,178.71514151538548,179.6364443164982,177.5730974098894,178.16810607910156,27964200,178.60669860839843,178.27800445556642,181.16755920410156,47.77030024700586,-0.6126191122884279,-0.8044107758203346,0.1917916635319067,182.34643718352717,174.20957172760566,178.27800445556642,3.077885653801417,-0.009708170534665994,-0.009755602054064061,32437255.0
2019-09-04 00:00:00-04:00,179.88598079047202,180.8936676574069,179.36773513600522,180.7401123046875,21592100,178.73721466064453,178.5212890625,181.1708218383789,52.57383111915857,-0.4009426173111308,-0.7237171441184939,0.32277452680736307,182.56756473116172,174.47501339383825,178.5212890625,3.0527196484088397,0.014435839736905764,0.014332635047624824,31422000.0
2019-09-05 00:00:00-04:00,182.73631853603658,184.57893914546423,182.66913256653785,184.0511016845703,33932600,179.03952178955078,178.8826141357422,181.3023016357422,57.936915489563354,0.03359444600712891,-0.5722548260933693,0.6058492721004982,183.50756153801527,174.2576667334691,178.8826141357422,3.1088701621494037,0.018319062313634227,0.018153289762619738,30619100.0
2019-09-06 00:00:00-04:00,184.3581692023239,184.42534051222148,183.4656415879904,183.86871337890625,19487800,179.38212890625,179.04240188598632,181.4136264038086,57.55084008272454,0.35911137498121093,-0.3859815858784533,0.7450929608596643,184.10394123755782,173.98086253441483,179.04240188598632,2.9553579308695235,-0.0009909655742058598,-0.0009914569052120515,29672585.0
2019-09-09 00:00:00-04:00,184.44457766759294,184.52135535505883,182.55396921480408,183.48487854003906,24407600,180.25737609863282,179.2679313659668,181.5036471557617,56.6946097219125,0.5794342652366424,-0.1928984156554342,0.7723326808920766,184.6865952521878,173.8492674797458,179.2679313659668,2.8847885172541825,-0.0020875484024093227,-0.0020897303687445984,29212520.0
2019-09-10 00:00:00-04:00,182.49636457345895,183.052991748338,181.29674082859322,182.95701599121094,23744700,180.81592559814453,179.56975555419922,181.57850341796876,55.47231375356493,0.7033399814535244,-0.013650736233642463,0.7169907176871668,185.10304928216394,174.0364618262345,179.56975555419922,2.83502774541073,-0.002876872214365833,-0.0028810183651079685,29167610.0
2019-09-11 00:00:00-04:00,183.302548661131,184.77088727732755,182.8802786667494,184.67491149902344,25063600,181.58369140625,179.76361694335938,181.6393490600586,58.60048446288918,0.9294419365890576,0.17496779833089757,0.75447413825816,185.71155544819274,173.81567843852602,179.76361694335938,2.767569235779831,0.009389612628438515,0.009345804231526242,28408695.0
2019-09-12 00:00:00-04:00,185.80731724594645,186.8629919652485,185.19311049394636,185.442626953125,28689900,182.36488494873046,180.26602172851562,181.70115295410156,59.95443549850072,1.157237670579832,0.37142177278068444,0.7858158977991475,186.3488483053388,174.18319515169244,180.26602172851562,2.7261771808116344,0.004157118299773055,0.004148501356341299,27293165.0
2019-09-13 00:00:00-04:00,185.17390610224902,185.6057676931173,184.54050129225897,184.78042602539062,27669800,182.80826416015626,180.74539031982422,181.72226654052736,58.18674610360293,1.2696970728264603,0.5510768327898397,0.7186202400366206,186.6623634901911,174.82841714945735,180.74539031982422,2.607540696529255,-0.0035709207673259025,-0.0035773117238247793,26842405.0
2019-09-16 00:00:00-04:00,183.59040250080923,184.33896647131013,183.40805736679232,183.955078125,20319000,183.21229705810546,181.04289627075195,181.73435791015626,55.97168864098533,1.2774970902497955,0.6963608842818308,0.5811362059679647,186.9771155833303,175.10867695817362,181.04289627075195,2.5193141223913296,-0.004466641397813498,-0.0044766466448517075,26219285.0
2019-09-17 00:00:00-04:00,183.97430528006305,184.83804321289062,183.58082515434756,184.83804321289062,20953400,183.87929077148436,181.2429946899414,181.78982818603515,57.82156438618014,1.339485805039999,0.8249858684334646,0.5144999366065344,187.4014745657767,175.08451481410611,181.2429946899414,2.4291644035450246,0.004799895153156042,0.004788412385808495,26142250.0
2019-09-18 00:00:00-04:00,184.45416550172263,184.83805393096583,182.4483978819079,184.7612762451172,29781300,184.28140716552736,181.50931091308593,181.82552947998047,57.594990019650986,1.3666638057507612,0.933321455896924,0.43334234985383724,187.79143111627354,175.2271907098983,181.50931091308593,2.4263423782245175,-0.0004153201713189558,-0.00041540644062839114,26636170.0
2019-09-19 00:00:00-04:00,185.08757271645024,186.22001064807088,184.71329064571248,185.06837463378906,26039400,184.3831344604492,181.711328125,181.83090423583985,58.29896241933702,1.3968804720051082,1.0260332591185608,0.37084721288654743,188.17575781043587,175.24689843956412,181.711328125,2.360655065662652,0.0016621361083501984,0.0016607562888824397,26917215.0
2019-09-20 00:00:00-04:00,185.32751377904813,185.5194506909842,182.49640405741005,183.11061096191406,29086100,184.30732421875,181.8447265625,181.79981079101563,52.334220794862816,1.2484607526872082,1.0705187578322903,0.1779419948549179,188.3090406241587,175.3804125008413,181.8447265625,2.407968749084902,-0.010578596563291853,-0.010634947678720915,27159335.0
2019-09-23 00:00:00-04:00,183.05673223922244,183.73949914661742,182.44128678572116,183.1913604736328,22485900,184.27797241210936,182.2676742553711,181.7490267944336,52.549862426519525,1.1243915803366633,1.081293322333165,0.0430982580034982,187.86387679446705,176.67147171627516,182.2676742553711,2.328700435642856,0.00044098761559774324,0.00044089040913603515,25515010.0
2019-09-24 00:00:00-04:00,184.02797400569509,184.43185870073194,179.969875585031,180.7584228515625,40820700,184.05811309814453,182.43701934814453,181.6376840209961,45.8233695551494,0.820292314992713,1.0290931208650747,-0.2088008058723616,187.62005672299637,177.2539819732927,182.43701934814453,2.48107776993272,-0.013280853506301038,-0.013369832732742046,26176100.0
2019-09-25 00:00:00-04:00,180.575713445676,183.26829280454317,179.06595500941023,182.7874755859375,34704900,183.86936950683594,182.72653045654297,181.58611633300782,51.40955123788162,0.73455160084157,0.9701848168603737,-0.23563321601880372,187.26910273901328,178.18395817407267,182.72653045654297,2.604024914589878,0.011225218179964136,0.011162682964167331,26510705.0
2019-09-26 00:00:00-04:00,182.54702078264378,182.71049683479643,180.76799165463984,182.11428833007812,26826000,183.53653564453126,182.95071029663086,181.5393194580078,49.582873268884136,0.6053033217561392,0.8972085178395269,-0.2919051960833877,186.86419847809574,179.03722211516597,182.95071029663086,2.562271987211862,-0.0036828959626551416,-0.0036896945213804066,26762385.0
2019-09-27 00:00:00-04:00,182.45090229926467,182.5470716147801,178.62360125046524,179.8544921875,40773500,183.0439422607422,182.9261032104492,181.44310363769532,43.93889457851952,0.3168737433296087,0.7811415629375433,-0.4642678196079346,186.910326881789,178.94187953910944,182.9261032104492,2.659500442719218,-0.01240867019990377,-0.012486300609899671,27533115.0
2019-09-30 00:00:00-04:00,180.5852758802106,181.85464003874023,180.21023913762193,181.56614685058594,26307700,182.80504913330077,183.00867309570313,181.40818420410156,48.701954666290106,0.22382730893014013,0.6696787121360628,-0.44585140320592265,186.80380322769062,179.21354296371564,183.00867309570313,2.6124038290421474,0.009516885801782005,0.00947188552712963,27532510.0
2019-10-01 00:00:00-04:00,182.2297220133388,183.27790000621144,179.78717705055394,180.0852813720703,32367600,182.32977294921875,183.10453186035156,181.31447326660157,45.129482134857035,0.03024522319225298,0.5417920143473008,-0.5115467911550479,186.47933305941473,179.7297306612884,183.10453186035156,2.675140909514673,-0.008156066007911966,-0.00818950867882799,27752680.0
2019-10-02 00:00:00-04:00,178.86399946409773,178.89284732239923,175.99833304359473,176.9888153076172,48544300,181.55252685546876,182.91696701049804,181.13464813232423,38.73176299257447,-0.36877786591136896,0.3596780382955669,-0.7284559042069358,187.11349684659274,178.72043717440334,182.91696701049804,2.7759842965833097,-0.01719444277100901,-0.017343983864946733,29100290.0
2019-10-03 00:00:00-04:00,176.96956270212303,179.06593314948006,174.84435907241675,178.93130493164062,39392500,180.9388198852539,182.66097717285157,180.96756896972656,44.08672977142652,-0.5222437592652227,0.18329367878340896,-0.7055374380486317,187.16304199101026,178.1589123546929,182.66097717285157,2.8792407094747383,0.010975211177312483,0.010915420625285452,29373285.0
2019-10-04 00:00:00-04:00,179.90252383073093,181.82579218726212,179.71019992975243,181.56614685058594,31887600,180.78437347412108,182.54584884643555,180.88869598388672,50.41716141175499,-0.4263422547204243,0.061366492082642304,-0.48770874680306664,187.03623578287616,178.05546190999493,182.54584884643555,2.880329748485221,0.014725438457803275,0.014618071918489416,29993275.0
2019-10-07 00:00:00-04:00,181.04686848098336,182.46047187840173,180.7006795944039,181.0180206298828,21216000,180.5670394897461,182.42250595092773,180.7606643676758,49.1699813195306,-0.3900723157204311,-0.028921269477972376,-0.36115104624245875,186.93839096033983,177.90662094151563,182.42250595092773,2.8002913581646927,-0.0030188789607028532,-0.003023444967589514,29833695.0
2019-10-08 00:00:00-04:00,179.88333907692626,180.65264957676655,178.16201985615598,178.30625915527344,32379300,180.3218231201172,182.18996810913086,180.59125732421876,43.444160177555155,-0.5735332809659326,-0.13784367177556442,-0.43568960919036814,187.0385224675636,177.3414137506981,182.18996810913086,2.804270602133417,-0.014980616102050703,-0.015093958919466324,30265425.0
2019-10-09 00:00:00-04:00,179.815985370114,180.86416313250666,179.2774578893965,180.04676818847656,20147400,180.0477523803711,181.95856094360352,180.47278381347655,47.65727721025025,-0.5718904872022676,-0.22465303486090507,-0.3472374523413626,186.7520935356939,177.16502835151314,181.95856094360352,2.7866729860691177,0.009761345683818368,0.009714011529796234,30019615.0
2019-10-10 00:00:00-04:00,180.09486474319561,182.16237255241103,179.9409997385297,181.44114685058594,25177700,179.98043823242188,181.75848693847655,180.4336380004883,50.81823918032683,-0.4528536416954978,-0.2702931562278236,-0.18256048546767417,186.2799509224438,177.2370229545093,181.75848693847655,2.7462944023414173,0.0077445359121899315,0.0077147009336462295,29844005.0
2019-10-11 00:00:00-04:00,183.5086519292535,185.23959638414613,183.40287158274967,183.7779083251953,40976700,180.3727798461914,181.7083610534668,180.4594613647461,55.651700741276734,-0.16802210787727745,-0.2498389465577144,0.08181683868043696,186.11548886184093,177.30123324509267,181.7083610534668,2.8214483402856154,0.012878894975976163,0.01279666725696498,30509350.0
2019-10-14 00:00:00-04:00,183.5183194089585,184.34532564313886,183.3356065112453,183.75872802734375,14975000,180.5920379638672,181.69854354858398,180.5386441040039,55.60339695581889,0.05552123084547134,-0.18876691107707727,0.2442881419225486,186.08644092789282,177.31064616927515,181.69854354858398,2.6920391111147555,-0.00010436672191105334,-0.00010437216849633937,30242150.0
2019-10-15 00:00:00-04:00,184.3260862030223,186.52823733295742,184.21069476333219,186.0955047607422,23234200,181.19306030273438,181.76141662597655,180.79162658691405,60.14239955124747,0.4164388426988239,-0.06772576032189705,0.48416460302072095,186.35850192730723,177.16433132464587,181.76141662597655,2.6975726964361066,0.012716548261319627,0.012636371956591778,30356190.0
2019-10-16 00:00:00-04:00,185.46079348277647,186.1050867092172,185.04728309961297,185.63388061523438,20457100,182.05756683349608,181.80504684448243,180.98681579589845,58.862126461878624,0.6576385914585501,0.0773471100341924,0.5802914814243577,186.52997465414816,177.0801190348167,181.80504684448243,2.580446333090973,-0.002480576551815772,-0.002483658279192472,29889980.0
2019-10-17 00:00:00-04:00,186.74938506214906,187.03787829754015,185.41271392243328,186.12432861328125,19045200,182.77686920166016,181.85784454345702,181.17281036376954,59.8402682241048,0.87824235353375,0.23752615873410393,0.640716194799646,186.74815841539282,176.96753067152122,181.85784454345702,2.5122119075206792,0.002642017698608834,0.002638533705014946,29540270.0
2019-10-18 00:00:00-04:00,185.7877405858522,186.23970987284147,183.39328061156297,184.33567810058594,27700800,183.05382232666017,181.91909790039062,181.24606475830078,54.72936582671406,0.8983872276108968,0.3696983725094625,0.5286888551014344,186.90048414907977,176.93771165170148,181.91909790039062,2.536084575646238,-0.009609976976259094,-0.009656450786167151,29471005.0
2019-10-21 00:00:00-04:00,185.3165699006643,186.09549140944398,184.76843125470745,185.97047424316406,15801200,183.54906768798827,182.05805358886718,181.38598846435548,58.24001316917373,1.03434330582445,0.50262735917246,0.53171594665199,187.32075003349433,176.79535714424003,182.05805358886718,2.4806366280185097,0.008868582357052235,0.008829487454757406,29136770.0
2019-10-22 00:00:00-04:00,186.70131033935633,186.96095573235365,184.43185259943365,184.48956298828125,22392300,184.16739807128906,182.24461059570314,181.53736907958984,54.143914664414105,1.0109388418606784,0.6042896557101037,0.40664918615057466,187.57390692658126,176.915314264825,182.24461059570314,2.4840985212257594,-0.00796315254294866,-0.007995027773145305,28215350.0
2019-10-23 00:00:00-04:00,184.11453056258443,184.88382635174818,183.81641156990037,184.84536743164062,14828400,184.64725799560546,182.34750518798828,181.61832275390626,54.96347478905395,1.0094646009962105,0.6853246447673251,0.32413995622888536,187.79295254685928,176.90205782911727,182.34750518798828,2.3829068255559065,0.0019285884664488329,0.0019267311273574736,27221525.0
2019-10-24 00:00:00-04:00,186.16281374587663,186.75903709587854,185.34543324943638,186.6436309814453,18998500,185.1675064086914,182.57397232055663,181.84330474853516,58.956104829137,1.1402569222293266,0.7763111002597255,0.3639458219696011,188.32968329625533,176.81826134485794,182.57397232055663,2.3493898854617643,0.009728475075090559,0.009681458150826137,26830150.0
2019-10-25 00:00:00-04:00,185.6819695348188,188.23030931714192,185.64351061784666,188.13414001464844,21507100,185.6031295776367,182.98795471191406,182.10212646484376,61.96587657368941,1.3486361631976536,0.8907761128473113,0.4578600503503423,189.08276083457523,176.8931485892529,182.98795471191406,2.3663476578784426,0.007985855318852542,0.00795413712894825,25866830.0
2019-10-28 00:00:00-04:00,189.00924112438685,190.24013196213124,189.00924112438685,189.9901123046875,18818700,186.22626800537108,183.40915298461914,182.3418295288086,65.37109738449917,1.6445819487662732,1.0415372800311036,0.6030446687351696,190.17958608782666,176.63871988141162,183.40915298461914,2.3477508214216116,0.009865154138927412,0.009816811186276852,25492380.0
2019-10-29 00:00:00-04:00,189.67278718376662,189.9612657846023,188.4899662268305,188.51881408691406,18569700,186.46859893798828,183.83082962036133,182.49548431396485,60.72932117340071,1.7403381115544505,1.181297446335773,0.5590406652186775,190.769101918362,176.89255732236066,183.83082962036133,2.287207625452712,-0.007744077836081886,-0.007774218917606582,24802485.0
2019-10-30 00:00:00-04:00,188.884280018416,189.74976002497618,187.79762814642206,189.4324188232422,21764300,186.84845275878905,184.45300979614257,182.69543365478515,62.50949350826809,1.8684079831719203,1.3187195537030025,0.5496884294689177,191.04877496366242,177.8572446286227,184.45300979614257,2.263273643531384,0.004846225777268787,0.004834520627093785,23463485.0
2019-10-31 00:00:00-04:00,189.9804554422521,190.06699900102856,188.42261269077997,189.5188751220703,26801800,187.18790740966796,184.98238830566407,182.8652505493164,62.6818930964397,1.9543520262753589,1.4458460482174738,0.5085059780578851,191.41806271458572,178.54671389674243,184.98238830566407,2.219067405439756,0.00045639653109641465,0.00045629241387757,22833950.0
2019-11-01 00:00:00-04:00,190.33629566317134,191.24986011026004,190.04781707290852,191.240234375,22131900,187.87836303710938,185.46609268188476,183.08120239257812,66.03119816717461,2.1367316924587385,1.5840231770657267,0.5527085153930118,192.2469489517794,178.68523641199013,185.46609268188476,2.184204375636183,0.009082785299463936,0.009041784883376782,22346165.0
2019-11-04 00:00:00-05:00,192.50960876707697,192.83656096844237,191.24024421112514,192.42306518554688,19015900,188.52362213134765,186.03634490966797,183.43501556396484,68.14675445755145,2.349628399370147,1.7371442215266109,0.6124841778435359,193.13578753759188,178.93690228174407,186.03634490966797,2.142213105479482,0.006185052085992959,0.006166003156735051,22236160.0
2019-11-05 00:00:00-05:00,192.663390999693,192.85571487822597,191.89408081218983,192.5287628173828,15048900,189.32754211425782,186.74747009277343,183.73816040039063,68.33652562802801,2.4980831415199134,1.8893320055252714,0.608751135994642,193.44513703183654,180.04980315371031,186.74747009277343,2.057886031233529,0.000549298140189336,0.0005491473311894698,21369640.0
2019-11-06 00:00:00-05:00,192.307599512164,192.3268363043389,191.1632524884135,192.09603881835938,19725500,190.0526092529297,187.34993362426758,184.04013610839843,66.58748629714137,2.5514063596180563,2.0217468763438284,0.5296594832742278,193.68621403787853,181.01365321065663,187.34993362426758,2.0084306239289424,-0.0022475810507018856,-0.002250110652025063,21348545.0
2019-11-07 00:00:00-05:00,193.05768224242294,193.9808575571645,192.18260624710794,192.74034118652344,17832400,190.6622802734375,187.91489334106444,184.3423291015625,67.90468633468016,2.615505293655417,2.1404985598061463,0.4750067338492707,194.05494855771954,181.77483812440934,187.91489334106444,1.9996012035629565,0.0033540637908380244,0.0033484514647798987,20981280.0
2019-11-08 00:00:00-05:00,192.39417421913194,193.52889560729912,191.8844945597673,193.50965881347656,15258800,191.1998321533203,188.4014808654785,184.60558959960937,69.4531793088685,2.697288995194839,2.251856646883885,0.4454323483109537,194.69358381456195,182.10937791639506,188.4014808654785,1.9742297638464472,0.003991471750112829,0.003983526960664927,19695385.0
2019-11-11 00:00:00-05:00,192.528835214425,193.32697887679592,192.2691898104162,193.25006103515625,10147600,191.52582702636718,188.87604751586915,184.87229583740233,68.2564625765689,2.709917554025594,2.343468828312227,0.3664487257133673,195.1274810033477,182.6246140283906,188.87604751586915,1.9218182809331548,-0.0013415236216738347,-0.0013424242700717697,19454015.0
2019-11-12 00:00:00-05:00,193.41354132085337,194.45210828603092,193.11543698956092,193.80780029296875,14778300,192.05472564697266,189.26166229248048,185.18508972167967,69.47346561182522,2.7334214932879775,2.4214593613073774,0.3119621319806001,195.72724649755207,182.7960780874089,189.26166229248048,1.8800220677572153,0.0028861013281182846,0.002881944533712818,19031220.0
2019-11-13 00:00:00-05:00,193.1346549166083,194.03859362628808,193.0096524189172,193.8558807373047,15774600,192.4970718383789,189.672762298584,185.44740509033204,69.58173177996797,2.7245216350697774,2.4820718160598574,0.24244981900992002,196.2085847332128,183.13693986395518,189.672762298584,1.8192305777296198,0.0002480831228839353,0.0002480523553545034,18797095.0
2019-11-14 00:00:00-05:00,193.12502405622757,193.82701300786104,192.53842652859544,193.70199584960938,16945400,192.9153839111328,190.0516456604004,185.6404229736328,68.74140949868169,2.674224414540589,2.520502335756004,0.15372207878458521,196.5992736864488,183.50401763435198,190.0516456604004,1.783389408513879,-0.0007938107789664528,-0.0007941260135783166,18692105.0
2019-11-15 00:00:00-05:00,194.87520979987852,195.125244140625,194.25015329476588,195.125244140625,18427900,193.30388488769532,190.59112396240235,185.8655535888672,72.09770336709023,2.7178777445826086,2.559977417521325,0.15790032706128354,196.94101440971772,184.24123351508698,190.59112396240235,1.7576650429782894,0.007347618101574138,0.007320755857776203,18228460.0
2019-11-18 00:00:00-05:00,194.8175338938674,195.5868444445773,194.02900121758896,195.2791290283203,18365900,193.58949127197266,191.05655670166016,186.10143859863283,72.44223928004948,2.733381823325317,2.5946582986821234,0.13872352464319349,197.34782014296104,184.76529326035927,191.05655670166016,1.7433920561218652,0.0007886467400619601,0.0007883359216282159,18356695.0
2019-11-19 00:00:00-05:00,196.0195199257707,196.0195199257707,194.81747712598056,195.5675506591797,16923300,193.89337005615235,191.61045608520507,186.35364929199218,73.11237614523239,2.737387236501945,2.623204086246088,0.11418315025585724,197.42401864099872,185.79689352941142,191.61045608520507,1.7047242520981711,0.0014769711043598477,0.0014758814553264294,18083245.0
2019-11-20 00:00:00-05:00,195.057908713667,195.6445062561508,192.92307927534063,194.39437866210938,36629000,194.12320404052736,192.08790664672853,186.5480386352539,66.0740548591434,2.615743714449536,2.621712011886778,-0.005968297437241699,197.11607067747084,187.0597426159862,192.08790664672853,1.7773458755776002,-0.0059988070266054905,-0.006016872151842069,19173275.0
2019-11-21 00:00:00-05:00,194.1828264655345,194.3174693673635,193.35583497173752,193.96165466308594,17883600,194.2453353881836,192.45380783081055,186.71841918945313,63.64047512754786,2.456110622156473,2.588591733940717,-0.13248111178424438,196.8720719283766,188.03554373324448,192.45380783081055,1.724574290920047,-0.0022260108651371846,-0.0022284921101925347,19117530.0
2019-11-22 00:00:00-05:00,194.44243937575519,194.55784546184557,193.03846160979205,194.08663940429688,17189600,194.30303344726562,192.75143280029297,186.90454345703125,64.05230361210013,2.313022388209731,2.53347786479452,-0.2204554765847888,196.74743792129573,188.75542767929022,192.75143280029297,1.7099178310010095,0.0006443786088958792,0.0006441710861441072,18901655.0
2019-11-25 00:00:00-05:00,194.92329084475682,196.4234381679387,194.89444298649383,196.38497924804688,17752800,194.61652526855468,193.07117614746093,187.15314147949218,70.63829783461085,2.357900341875819,2.4983623602107796,-0.14046201833496053,197.15463882961606,188.9877134653058,193.07117614746093,1.7546950404753543,0.011841824098784981,0.011772258351466038,18848360.0
2019-11-26 00:00:00-05:00,196.50999011090897,197.01002942034103,196.22149686415904,196.760009765625,14780600,194.9117462158203,193.48323593139648,187.39158081054688,71.55411090919895,2.396107436983698,2.4779113755653634,-0.08180393858166557,197.30059012518603,189.66588173760692,193.48323593139648,1.6856834344543998,0.0019096700725997895,0.0019078489708071755,18658905.0
2019-11-27 00:00:00-05:00,197.26968199632378,198.14477282977373,197.02927339417008,198.13514709472656,16963100,195.3396728515625,193.9183723449707,187.65905822753905,74.67347047775714,2.508433267814411,2.4840157540151733,0.02441751379923751,197.7733755735982,190.06336911634318,193.9183723449707,1.6641891222897092,0.006988906591027355,0.006964597380837133,18418845.0
2019-11-29 00:00:00-05:00,197.63510110786845,197.93320541675433,197.13504712369232,197.23121643066406,9854600,195.69259490966797,194.3039894104004,187.90231506347655,69.29427860796982,2.4957432729808886,2.4863612578083165,0.009382015172572089,197.8522452963937,190.75573352440708,194.3039894104004,1.6167541829143188,-0.004562192409155674,-0.004572630969525018,17571485.0
2019-12-02 00:00:00-05:00,197.24084125450935,197.30814803538505,194.03859679747757,195.2117919921875,28007000,195.7012496948242,194.50256729125977,188.14433868408204,59.05871292705481,2.2962657631561,2.4483421588778733,-0.15207639572177323,197.77669148797725,191.22844309454229,194.50256729125977,1.7348111154138302,-0.010238868243184429,-0.01029164602017956,17865240.0
2019-12-03 00:00:00-05:00,192.5287963709229,193.75968701609668,191.58638425713835,193.68275451660156,31104100,195.54161224365234,194.5655517578125,188.3541665649414,52.710039095269856,1.9918371945782383,2.357041166017946,-0.36520397143970795,197.7236483172908,191.4074551983342,194.5655517578125,1.8698537311020673,-0.007832710616411553,-0.007863547423615627,18469650.0
2019-12-04 00:00:00-05:00,194.67329150749472,195.12526089863965,194.38479822136722,194.66366577148438,15300100,195.45122375488282,194.67229690551758,188.63227142333983,55.979318721972646,1.8088751148047493,2.247407955775307,-0.43853284097055756,197.68895386432456,191.6556399467106,194.67229690551758,1.8393289204546404,0.005064525529549613,0.005051743957032471,18482210.0
2019-12-05 00:00:00-05:00,195.356024707508,195.356024707508,194.096285976953,195.04830932617188,14962300,195.51661682128906,194.8199104309082,188.87748809814454,57.22801256115712,1.6755986109139087,2.133046086803027,-0.4574474758891185,197.59730419438014,192.04251666743627,194.8199104309082,1.7979296211760947,0.0019759391315430364,0.0019739895315887108,18244050.0
2019-12-06 00:00:00-05:00,196.47151023890004,197.2792795652796,196.31764522243472,197.13504028320312,16555300,195.83395538330078,195.03964538574218,189.17790313720704,63.30872776123912,1.7185474251111543,2.050146354464653,-0.33159892935349866,197.81954213095196,192.2597486405324,195.03964538574218,1.8288610938854977,0.01069853393879816,0.01064170955700844,18180195.0
2019-12-09 00:00:00-05:00,196.77925082818098,197.7024116297453,196.15417966777412,196.24073791503906,13984100,196.049365234375,195.17619934082032,189.5056280517578,59.41055192872115,1.6612718350689875,1.9723714505855199,-0.3110996155165324,197.90998624801728,192.44241243362336,195.17619934082032,1.8088161558916191,-0.004536496235673315,-0.004546817361048066,18116460.0
2019-12-10 00:00:00-05:00,196.33690065478314,197.01966755929874,195.6349116264164,196.07725524902344,21799800,196.01859283447266,195.31755905151368,189.79585021972656,58.69900978549296,1.584424572247599,1.8947820749179358,-0.3103575026703369,197.9279305151495,192.70718758787785,195.31755905151368,1.7785261399623853,-0.0008330720101877853,-0.000833419207515174,18699070.0
2019-12-11 00:00:00-05:00,196.51959036683638,197.31774861382914,196.2118603409897,197.1157989501953,18780800,196.05417175292968,195.482958984375,190.13646057128906,61.82677164094943,1.5890072732958629,1.8336271145935212,-0.24461984129765835,198.10888161686879,192.8570363518812,195.482958984375,1.7400952274511936,0.005296604646229275,0.005282626970265345,18899195.0
2019-12-12 00:00:00-05:00,196.9138779805487,199.3660486076282,196.64462152544894,198.5871124267578,32612000,196.0993682861328,195.71952056884766,190.56842651367188,65.78054216475698,1.6918590996173464,1.8052735115982863,-0.11341441198093993,198.56017210207085,192.87886903562446,195.71952056884766,1.8101903599317688,0.007464208776762016,0.007436489420347806,19741065.0
2019-12-13 00:00:00-05:00,198.48134366186062,199.93342106538074,198.05823683152002,199.2410430908203,32519400,196.30035095214845,195.9964729309082,190.97462127685546,67.3968472555261,1.8053259783457918,1.8052840049477876,4.1973398004158113e-05,199.06708095958976,192.92586490222664,195.9964729309082,1.8148327794981225,0.003292915920229511,0.0032875061453034806,20519765.0
2019-12-16 00:00:00-05:00,200.54887869727781,201.49127640243302,200.481557238792,201.2412567138672,21296600,196.9032974243164,196.30227355957032,191.3681234741211,71.78655578513343,2.03321221533227,1.8508696470246844,0.18234256830758566,200.09757605513462,192.50697106400602,196.30227355957032,1.845932817506307,0.010039164581843174,0.00998910691507299,20663200.0
2019-12-17 00:00:00-05:00,201.5008524403234,201.66434319012023,201.0200352720104,201.3566131591797,15996100,197.67068328857422,196.60614776611328,191.77489532470702,72.02052879170657,2.197787277379888,1.920253173095725,0.2775341042841628,200.95756910982362,192.25472642240294,196.60614776611328,1.760102467549416,0.0005732246319476442,0.0005730604014659496,20544710.0
2019-12-18 00:00:00-05:00,201.52973484404973,202.06824777792636,201.2989372980839,201.510498046875,15443300,198.3553665161133,196.90329513549804,192.23898010253907,72.34994460645103,2.3139575617361174,1.9989940508238035,0.3149635109123139,201.71749029348067,192.08909997751542,196.90329513549804,1.6893316112846333,0.0007642405445786871,0.0007639486614768314,20470710.0
2019-12-19 00:00:00-05:00,201.59703799516552,202.83753993313138,201.57780119833706,202.77023315429688,17865900,199.12755889892577,197.32208786010742,192.69344940185547,74.94998924247587,2.479095969026247,2.095014434464292,0.3840815345619548,202.6230486790153,192.02112704119952,197.32208786010742,1.6634537737826154,0.006251461435665906,0.006232002108007148,19532555.0
2019-12-20 00:00:00-05:00,203.73183998124807,204.36652213025462,203.1644792753368,203.5876007080078,27672600,199.77281494140624,197.80338516235352,193.1363784790039,76.49445394467165,2.645429215842711,2.205097390739976,0.44033182510273505,203.52758163226176,192.07918869244529,197.80338516235352,1.6586562882236962,0.004031003668516497,0.004022900940680299,20022005.0
2019-12-23 00:00:00-05:00,204.3085057610376,204.453057783981,203.95193430098354,204.12539672851562,23774700,200.5612808227539,198.30532302856446,193.54332824707032,77.47836287182574,2.7885010522682876,2.3217781230456382,0.46672292922264935,204.3872129472077,192.22343310992122,198.30532302856446,1.6019992016343738,0.002641595159221577,0.002638112278953767,20351260.0
2019-12-24 00:00:00-05:00,204.30845305384233,204.39518424523357,203.76877270049224,204.23135375976562,7089000,201.37669067382814,198.6976417541504,193.95278076171874,77.67662569147349,2.877268994384991,2.4328762973135087,0.44439269707148243,205.22908516667917,192.16619834162162,198.6976417541504,1.5323143689991563,0.0005190781399480038,0.0005189434654926797,19818070.0
2019-12-26 00:00:00-05:00,204.55904949338705,206.0528173214514,204.5301390913436,206.03353881835938,17067500,202.26846466064453,199.16131820678712,194.35154144287108,80.77640156661816,3.057791187391217,2.5578592753290503,0.4999319120621668,206.35937094644441,191.96326546712982,199.16131820678712,1.5529678827624873,0.008824233034824047,0.008785527024411406,19932415.0
2019-12-27 00:00:00-05:00,206.75629812974861,206.77557663002938,205.31071941762013,205.86004638671875,18134100,202.99575805664062,199.5475631713867,194.7560647583008,79.63006185300738,3.150539478676677,2.6763953159985756,0.47414416267810156,207.29218769215265,191.80293865062077,199.5475631713867,1.5466742634515411,-0.0008420591746161055,-0.0008424139055931789,19990965.0
2019-12-30 00:00:00-05:00,205.75404024261914,205.87932843882493,203.49894094203867,204.51084899902344,21815500,203.52273864746093,199.9115447998047,195.1237951660156,71.17118549711181,3.0796736534155116,2.757050983481963,0.3226226699335486,207.86786475698702,191.95522484262236,199.9115447998047,1.6062252086897348,-0.0065539545500771235,-0.006575526014120429,20589010.0
2019-12-31 00:00:00-05:00,203.85552850796174,205.04089904900556,203.5374993959376,204.89634704589844,18170900,203.88824768066405,200.39577255249023,195.53500854492188,72.0836696413139,3.019807980344325,2.809602382854435,0.21020559748988976,208.32781116757297,192.46373393740748,200.39577255249023,1.5988805261453223,0.0018849760233348167,0.0018832016854036188,20097205.0
2020-01-02 00:00:00-05:00,206.62142568540435,208.3175811767578,206.2166653172924,208.3175811767578,30969400,204.58434448242187,201.12751388549805,195.98195068359374,78.56732840462885,3.211409871079667,2.8899638804994816,0.3214459905801852,209.1470863942609,193.1079413767352,201.12751388549805,1.7290486407677546,0.016697389583490096,0.016559520757067125,20090470.0
2020-01-03 00:00:00-05:00,205.56131512712398,207.6525840959463,205.54203662503116,206.4093780517578,27518900,205.07423248291016,201.7147994995117,196.42034698486327,68.94867578366832,3.1727067171420913,2.9465124478280034,0.22619426931408793,209.4709117330698,193.9586872659536,201.7147994995117,1.8037983486933904,-0.009160067595931243,-0.009202278985635956,20701410.0
2020-01-06 00:00:00-05:00,204.79032525798226,207.76821398778273,204.5397635656518,207.7393035888672,21655300,205.57113952636718,202.34934921264647,196.87822570800782,71.56180942462433,3.2123184574203094,2.9996736497464647,0.21264480767384475,209.89369645306928,194.80500197222366,202.34934921264647,1.9055592110817854,0.00644314492714515,0.006422476600712399,21036060.0
2020-01-07 00:00:00-05:00,207.8164589450984,208.29831866391982,207.05512705964483,207.71044921875,22139300,205.9834243774414,202.87811965942382,197.2995620727539,71.42137336083817,3.2044439058064995,3.040627700958472,0.1638162048480276,210.3687309612661,195.38750835758154,202.87811965942382,1.8582472391670137,-0.00013889701957547906,-0.00013890666665981373,21315260.0
2020-01-08 00:00:00-05:00,207.68153630959483,210.22575500610796,207.35387523399038,209.27166748046875,26397300,206.49805145263673,203.5296661376953,197.72231262207032,74.3539812495508,3.2862981337583506,3.089761787518448,0.19653634623990257,210.86285984069764,196.19647243469296,203.5296661376953,1.930649562949197,0.0075163202794605866,0.007488213496048525,21935920.0
2020-01-09 00:00:00-05:00,210.99667194156035,211.4496211160876,209.81130151076144,211.04486083984375,23547000,207.17940216064454,204.27804641723634,198.14340759277343,77.21393571746677,3.4544295702661145,3.1626953440679815,0.29173422619813305,211.46994341219172,197.08614942228095,204.27804641723634,1.948314139568458,0.00847316495693562,0.008437469190418188,22023280.0
2020-01-10 00:00:00-05:00,211.8736822590969,211.89294605629414,210.1293380702935,210.50518798828125,21898500,207.6265670776367,204.94751586914063,198.58313507080078,74.49121328248485,3.5037389346958037,3.230904062193546,0.2728348725022576,211.83420779424188,198.06082394403938,204.94751586914063,1.9351208428850424,-0.002557147562915696,-0.002560422649188939,22179165.0
2020-01-13 00:00:00-05:00,211.37254114483332,212.96267199725548,211.03523353119783,212.9337615966797,22756900,208.3339385986328,205.66484832763672,199.05316192626952,78.21416404544205,3.6961753464181584,3.3239583190384687,0.37221702737968965,212.73827324215705,198.5914234131164,205.66484832763672,1.9724324976056988,0.01153688244744644,0.011470840082448277,21686410.0
2020-01-14 00:00:00-05:00,212.82775825920564,213.18434438562113,211.76767589427655,212.0953369140625,24418100,209.0923873901367,206.30756301879882,199.50469116210937,74.18855258851444,3.737940077827517,3.406754670796279,0.3311854070312381,213.2644440205361,199.35068201706153,206.30756301879882,1.9327350685870477,-0.003937490590173565,-0.003945262915260598,21281345.0
2020-01-15 00:00:00-05:00,212.2109324898963,213.17465154271616,211.4881432002814,212.18202209472656,25742100,209.82095489501953,206.8546012878418,199.9235269165039,74.33562884313912,3.734979182912582,3.4723995732195396,0.2625796096930424,213.85242607651819,199.85677649916542,206.8546012878418,1.915147445290456,0.00040870856439045866,0.0004086250657954415,21503620.0
2020-01-16 00:00:00-05:00,213.24214879216402,214.2540568803451,212.7891995975038,214.2154998779297,18805000,210.4107467651367,207.4975456237793,200.35937561035155,77.56511421953003,3.8523102800533877,3.5483817145863097,0.303928565467078,214.71606576399404,200.27902548356457,207.4975456237793,1.9263536838853192,0.00958364786577115,0.009538016027221378,21644065.0
2020-01-17 00:00:00-05:00,215.17921119193375,215.44905137821644,214.0612934457984,215.2755889892578,24325200,211.29736785888673,208.18580017089843,200.81431213378906,79.04547681487426,3.9849008946137587,3.6356855505917998,0.349215344021959,215.6116267046651,200.75997363713176,208.18580017089843,1.8878825587805126,0.004948704047709862,0.004936499459868342,22088160.0
2020-01-21 00:00:00-05:00,214.67807639313898,215.71889485834492,214.58171329953078,215.17921447753906,21146300,212.0413589477539,208.80624923706054,201.27597564697265,78.53810172548282,4.035682458994188,3.7156849322722776,0.3199975267219104,216.39037522793058,201.2221232461905,208.80624923706054,1.8342610587829153,-0.0004476797028926116,-0.00044777994136840633,22252180.0
2020-01-22 00:00:00-05:00,216.26824990467804,216.98139276962715,215.47799302653627,215.74783325195312,20736400,212.84509735107423,209.4142608642578,201.73612548828126,79.379115473377,4.074837803872356,3.7875155065922934,0.2873222972800624,217.17509288945757,201.65342883905805,209.4142608642578,1.8319694325904277,0.0026425357848558484,0.0026390504259422723,21905370.0
2020-01-23 00:00:00-05:00,215.62254365281586,216.53807397110154,214.62026742875648,216.4416961669922,26496100,213.56210021972657,210.03007583618165,202.19476623535155,80.3890003307178,4.114429058137631,3.8528982169013615,0.2615308412362696,217.96708749185774,202.09306418050556,210.03007583618165,1.8381006547157586,0.003216082889827998,0.0032109223567586688,22041440.0
2020-01-24 00:00:00-05:00,217.45360666700074,217.68490457627922,213.62764014400184,214.62026977539062,37436500,213.91964111328124,210.54952163696288,202.62217041015626,70.61278927388894,3.953260795247445,3.872970732570578,0.080290062676867,218.25703737152656,202.8420059023992,210.54952163696288,1.996612353113017,-0.008415321187449365,-0.008450929916113948,23558815.0
2020-01-27 00:00:00-05:00,209.77274217345473,211.3243305677003,209.3005145038367,210.18714904785156,42264400,213.8878372192383,210.7572021484375,202.94975738525392,53.54505338812031,3.4282986988175708,3.7840363258199767,-0.35573762700240597,218.18557455659288,203.32882974028212,210.7572021484375,2.233979704430225,-0.02065564791330532,-0.020871959699908533,24818660.0
2020-01-28 00:00:00-05:00,211.67130459054076,213.907140405245,211.1123456368647,213.41563415527344,26731900,213.93602447509767,211.13498153686524,203.34095245361328,60.948073400010244,3.235477649513655,3.6743245905587125,-0.4388469410450577,218.29227661287314,203.97768646085734,211.13498153686524,2.3401233939275974,0.015360049946188115,0.015243278603312673,25248550.0
2020-01-29 00:00:00-05:00,214.6009889997188,214.84191880488564,212.81811726459713,213.76255798339844,28924500,214.10274658203124,211.597566986084,203.74216369628905,61.655210050511414,3.0752103219662956,3.5545017368402294,-0.4792914148739338,218.153170454448,205.04196351771998,211.597566986084,2.317528975810519,0.001625578320436416,0.0016242584981212514,25604000.0
2020-01-30 00:00:00-05:00,212.38448282835571,214.62030415545016,211.7195140996986,214.52394104003906,39568100,214.3369384765625,212.078946685791,204.13013763427733,63.22890727948019,2.97533673000774,3.438668735473732,-0.46333200546599196,217.97644568593074,206.18144768565128,212.078946685791,2.359190481520592,0.0035618167363984377,0.0035554884894188525,26673860.0
2020-01-31 00:00:00-05:00,215.42014272091933,215.44905311931274,210.37024902718596,211.12196350097656,52015800,214.0275848388672,212.21916580200195,204.44699432373048,52.801546962821575,2.5917983943884337,3.2692946672566725,-0.6774962728682388,217.8809180148014,206.5574135892025,212.21916580200195,2.5534485965638907,-0.0158582651547855,-0.01598535282572903,27726180.0
2020-02-03 00:00:00-05:00,212.153138148339,214.80336587399313,212.00858615446927,214.31187438964844,25408600,213.93121337890625,212.6142906188965,204.82188079833983,59.539417043643745,2.516235058234429,3.1186827454522237,-0.6024476872177948,217.66959503519223,207.55898620260075,212.6142906188965,2.6340167234533673,0.015109327498543879,0.014996318514474452,27620665.0
2020-02-04 00:00:00-05:00,217.24156642862076,219.5930434793103,216.49949857454874,219.21719360351562,30691200,214.33501129150392,213.1881851196289,205.31833709716796,67.27579068695712,2.8196654864765662,3.058879293657092,-0.23921380718052587,218.49904653806206,207.87732370119576,213.1881851196289,2.8230990353254026,0.022888695401677372,0.022630678901208286,28072460.0
2020-02-05 00:00:00-05:00,221.85780899071764,221.8963512893884,218.61971181040437,219.94000244140625,38534800,214.7542282104492,213.7996627807617,205.8379040527344,68.23947294787469,3.0829229032333387,3.0636880155723416,0.019234887660997124,219.26097384999383,208.33835171152958,213.7996627807617,2.855494781301019,0.003297226946522791,0.0032918030131104037,28892235.0
2020-02-06 00:00:00-05:00,220.48934608350677,221.89638282053534,219.70873575410212,221.83856201171875,22467100,215.29391479492188,214.42800750732422,206.39294250488283,70.68171509252947,3.405497735039404,3.1320499594657543,0.27344777557364974,220.51659372208061,208.33942129256783,214.42800750732422,2.807791373096176,0.008632170361179803,0.008595126206925416,28695725.0
2020-02-07 00:00:00-05:00,220.84590289140522,222.0794623328273,220.24838696761216,220.8844451904297,25884900,215.9203323364258,214.91998672485352,206.88293182373047,67.85773027553124,3.543306329940833,3.2143012335607706,0.3290050963800626,221.4123429326586,208.42763051704844,214.91998672485352,2.7380259439618158,-0.00430095116302931,-0.004310226859247994,28812620.0
2020-02-10 00:00:00-05:00,220.15198223019897,223.56354119839514,220.09416144000363,223.5539093017578,21478900,217.25700836181642,215.57242279052736,207.4188098144531,71.31133645532935,3.8238451715229473,3.336210021153206,0.48763515036974114,222.74590395978984,208.39894162126487,215.57242279052736,2.7902655021353655,0.012085342220574669,0.012012897567162383,28791640.0
2020-02-11 00:00:00-05:00,224.78750060753012,225.52956849976428,223.0046142276032,223.5924835205078,30198000,218.27469329833986,216.10535888671876,207.92795654296876,71.35922578532632,4.003141122730881,3.469596241468741,0.5335448812621397,223.9663077352102,208.24441003822733,216.10535888671876,2.7713146999943445,0.00017254996287241475,0.00017253507783982104,29163695.0
2020-02-12 00:00:00-05:00,224.9128286888529,225.87654804776622,224.35386969606031,225.77053833007812,24471300,219.47549133300782,216.78911895751952,208.49874298095702,73.9984927199254,4.271743278740104,3.630025648923014,0.6417176298170899,225.47194620163427,208.10629171340477,216.78911895751952,2.736511116227492,0.009741180809284877,0.009694041389358553,29166355.0
2020-02-13 00:00:00-05:00,224.19969665425387,226.40660776772637,223.92985637938017,225.4814453125,22773200,220.5712417602539,217.4540901184082,209.10413604736328,73.03645580944072,4.410444177017524,3.7861093545419164,0.6243348224756078,226.6458789303616,208.26230130645482,217.4540901184082,2.7179568499502573,-0.001280472730040061,-0.0012812932357444925,29017910.0
2020-02-14 00:00:00-05:00,225.83795649082847,226.3390945982549,225.07662478403583,226.1270751953125,23438500,222.0717529296875,218.04966888427734,209.7530224609375,73.85398829157751,4.520354738376426,3.9329584313088186,0.5873963070676074,227.84847319795915,208.25086457059552,218.04966888427734,2.613993490255172,0.0028633392956911585,0.0028592477481950576,29249585.0
2020-02-18 00:00:00-05:00,225.0284508197707,226.63786024516523,224.78752100090585,226.2138214111328,24394500,223.26194763183594,218.5965805053711,210.38402557373047,73.96819298557112,4.5618729134851606,4.058741327744087,0.5031315857410732,228.92187421239174,208.27128679835045,218.5965805053711,2.5594467583983294,0.0003836171132776123,0.0003835435510453654,29253050.0
2020-02-19 00:00:00-05:00,227.56306474711056,228.8544452031929,227.29322449375576,228.38221740722656,22230500,224.17845001220704,219.25673065185546,211.05070373535156,76.70708599823796,4.715391700925608,4.190071402380392,0.5253202985452159,230.28780299655432,208.2256583071566,219.25673065185546,2.565245117945598,0.009585603490393169,0.009539953085861416,29307260.0
2020-02-20 00:00:00-05:00,227.88103394871118,228.3532469152331,223.46719852997722,226.26197814941406,42604000,224.8106475830078,219.7824378967285,211.63324249267578,69.05631647367684,4.612797400423204,4.274616601988955,0.33818079843424975,231.09311033264197,208.47176546081505,219.7824378967285,2.7330861007530083,-0.009283731815388774,-0.009327094239002314,30400640.0
2020-02-21 00:00:00-05:00,225.134452896955,225.5199347119965,221.00010381565832,221.91563415527344,66017200,224.81835479736327,220.05613479614257,212.14674041748046,56.59481938296715,4.133132858896744,4.246319853370513,-0.1131869944737689,231.29489207513342,208.81737751715173,220.05613479614257,2.913713831681775,-0.019209343212187813,-0.01939623995913213,32376695.0
2020-02-24 00:00:00-05:00,213.63726017708728,216.11402552137415,212.26878070986876,213.3577880859375,84522600,224.06568908691406,219.9930107116699,212.49235107421876,40.932393991170095,3.0275488979372653,4.002565662283863,-0.9750167643465977,231.36655767825707,208.61946374508275,219.9930107116699,3.394652375519125,-0.03856351131776525,-0.03932677054764379,34731000.0
2020-02-25 00:00:00-05:00,215.15034170917147,215.86349931150477,206.94909545569362,207.5562286376953,97743000,222.4659210205078,219.8614646911621,212.70115966796874,34.05230822151053,1.6640461930757908,3.5348617684422488,-1.870815575366458,231.73547320792835,207.98745617439585,219.8614646911621,3.7889203383971264,-0.027191692884936502,-0.027568228420322007,37504930.0
2020-02-26 00:00:00-05:00,208.84761206751284,212.2880822574722,207.10326781477556,208.62594604492188,79537700,220.96926727294922,219.62198028564453,212.90193634033204,36.182294908326675,0.6621449360761744,2.960318401969034,-2.2981734658928596,232.17985816070038,207.06410241058867,219.62198028564453,3.8886270601328063,0.005153868010840723,0.005140632290396675,40145220.0
2020-02-27 00:00:00-05:00,203.2483721444078,208.5681062130514,198.04429437857868,198.17921447753906,121822600,218.21013488769532,218.84281311035156,212.8806997680664,27.008109213980944,-0.9637237514050696,2.1755099712942134,-3.139233722699283,234.34648254483199,203.33914367587113,218.84281311035156,4.366700246290691,-0.05007398056391987,-0.05137117169771993,44790125.0
2020-02-28 00:00:00-05:00,191.43317187933218,199.65369507438373,190.98022270120686,198.33340454101562,148173700,215.49533081054688,218.03328628540038,212.82254272460938,27.30110398404031,-2.2142698262608462,1.2975540117832016,-3.511823838044048,235.86973963221874,200.19683293858202,218.03328628540038,4.674326826782561,0.0007780334778451081,0.0007777309666978151,50220405.0
2020-03-02 00:00:00-05:00,201.30169339435167,208.71269721221475,198.46835628115772,208.56813049316406,112933900,213.73943634033202,217.90559463500978,212.96677307128905,43.51022932909033,-2.3523631727569807,0.5675705748751652,-2.919933747632146,235.97320116357554,199.83798810644402,217.90559463500978,5.08182438709803,0.05160364173566068,0.05031627691025223,53266310.0
2020-03-03 00:00:00-05:00,209.23306461036697,211.6423624780626,200.08736461072698,201.8798828125,131953500,211.30604248046876,217.28399505615235,212.97416076660156,37.60897802224097,-2.967283835588887,-0.13940030721764524,-2.827883528371242,236.61465941019287,197.95333070211183,217.28399505615235,5.5441939214007165,-0.032067448007754296,-0.03259287182712437,58593555.0
2020-03-04 00:00:00-05:00,205.58062217606215,210.4088509049717,203.70135764855297,210.30284118652344,73086200,209.49810485839845,216.83827743530273,213.1248129272461,47.30246494758482,-2.743327175941488,-0.6601856809624138,-2.083141494979074,236.38002193583318,197.29653293477227,216.83827743530273,5.757392076477216,0.041722623654613544,0.04087571178588598,60713305.0
2020-03-05 00:00:00-05:00,204.97341168011178,208.5102589080661,202.47738281405032,203.91331481933594,78705500,207.26323852539062,216.0369430541992,213.13132720947266,41.97481789792058,-3.046305375868684,-1.1374096199436678,-1.9088957559250161,236.30509598150837,195.76879012689005,216.0369430541992,5.9051110976197805,-0.03038250140196852,-0.030853616595993057,62721840.0
2020-03-06 00:00:00-05:00,197.2444047068585,201.5618625574141,195.54826422758003,200.47286987304688,89828400,205.11896209716798,214.96865844726562,213.0582766723633,39.40149100384204,-3.523417176360425,-1.6146111312270195,-1.9088060451334057,236.13347390526457,193.80384298926668,214.96865844726562,6.080821061486646,-0.016872095622285643,-0.01701605094360697,66089905.0
2020-03-09 00:00:00-04:00,186.46038849463562,193.86175966862743,185.14009788357802,186.54713439941406,116424000,202.43789672851562,213.25179290771484,212.70459228515625,31.092474267861206,-4.967954696849063,-2.285279844351428,-2.6826748524976347,237.55644685567242,188.94713895975727,213.25179290771484,6.7416746991996614,-0.0694644391655167,-0.07199498672037109,70616860.0
2020-03-10 00:00:00-04:00,193.8136146665132,196.8878819932874,186.6531716729795,196.70477294921875,100599200,201.35275115966797,211.9093360900879,212.51801696777343,40.88498542838315,-5.232804041442932,-2.874784683769729,-2.3580193576732036,236.74965605105646,187.06901612911932,211.9093360900879,6.9987513345334955,0.05445078844286222,0.053020051704374065,74572875.0
2020-03-11 00:00:00-04:00,192.11743316677845,193.4666341981648,185.73760190502446,188.13726806640625,89168800,199.30388336181642,210.1365753173828,212.1635614013672,36.210743845417326,-6.064121677671693,-3.5126520825501215,-2.5514695951215716,236.40811561449243,183.86503502027318,210.1365753173828,7.282209885223552,-0.04355514487197665,-0.04453214453117082,77521415.0
2020-03-12 00:00:00-04:00,175.48361803042835,183.85833987007013,170.52047024655613,170.88668823242188,137820700,196.5746307373047,207.3923828125,211.49107818603517,29.017280494617765,-8.022446744918938,-4.414611015023885,-3.6078357298950525,237.71231069676801,177.07245492823196,207.3923828125,8.02039473769688,-0.09169145492160269,-0.09617115074722417,83188885.0
2020-03-13 00:00:00-04:00,180.28298039710057,187.42412938814778,171.66732731648293,185.3617706298828,134882000,195.2774673461914,205.38639907836915,211.10038665771484,39.820457702129026,-8.310615689034023,-5.193811949825913,-3.11680373920811,235.96137057701858,174.81142757971972,205.38639907836915,8.628755196127523,0.08470573423351424,0.08130873751960534,88794325.0
2020-03-16 00:00:00-04:00,167.83168282781844,177.97964422455982,163.02273371681625,163.15765380859375,92054400,190.73641967773438,202.2379280090332,210.19718811035156,31.820274533148762,-10.212949785534363,-6.1976395169676035,-4.015310268566759,236.3816779217153,168.0941780963511,202.2379280090332,9.60806103305174,-0.1197880056164583,-0.12759249781371293,92225120.0
2020-03-17 00:00:00-04:00,169.10383867307576,177.70021367069268,163.62027311652955,175.53184509277344,121257100,188.10161590576172,199.70382919311524,209.57963745117186,39.15654833675103,-10.59988061584329,-7.0780877367427415,-3.5217928791005484,233.87667383509228,165.5309845511382,199.70382919311524,9.96052523512654,0.07584192954071467,0.07310354531659743,97068250.0
2020-03-18 00:00:00-04:00,165.38384614161853,172.7177495598561,160.7483593206713,170.19281005859375,114156300,184.09061279296876,196.7943588256836,208.8287075805664,37.29202886156434,-11.208141119628465,-7.904098413319886,-3.3040427063085787,230.61171087472223,162.97700677664494,196.7943588256836,10.305022416339082,-0.03041633289593615,-0.03088850879239787,101664540.0
2020-03-19 00:00:00-04:00,169.31582748089275,176.83284013220916,165.4031299076033,171.21435546875,120896500,180.82071685791016,194.0419776916504,208.0987857055664,37.90131947047409,-11.475479588511774,-8.618374648358264,-2.8571049401535102,226.76062816209597,161.32332722120483,194.0419776916504,10.385357259786707,0.006002282997763286,0.005984341056446861,105579165.0
2020-03-20 00:00:00-04:00,175.14633478449502,176.23532749391617,163.92864375131538,164.50686645507812,118983900,177.22411651611327,191.17153930664062,207.2034896850586,35.46471422016768,-12.089228457376947,-9.312545410162002,-2.776683047214945,223.67736704167257,158.66571157160868,191.17153930664062,10.522594865701999,-0.039175973272265296,-0.03996400152681134,108227500.0
2020-03-23 00:00:00-04:00,165.06988811250534,168.24728893287414,159.28490363355317,164.62564086914062,124639800,175.03196716308594,188.73493194580078,206.27510528564454,35.54373541454214,-12.422841965965716,-9.934604721322746,-2.4882372446429706,221.52779142477007,155.9420724668315,188.73493194580078,10.41115132524621,0.0007220027748502389,0.0007217422562360263,110233360.0
2020-03-24 00:00:00-04:00,173.75225203219853,177.53808103532353,171.85933016237158,177.3739013671875,94881800,173.0988800048828,187.2258155822754,205.61247955322267,43.53536898372964,-11.525693968964958,-10.252822570851189,-1.2728713981137698,219.18247788204576,155.26915328250504,187.2258155822754,10.589814813884546,0.07743787924373424,0.07458588865975796,110090300.0
2020-03-25 00:00:00-04:00,178.1078743312559,183.02365590102409,173.81983938539278,176.06044006347656,88754900,171.89119720458984,185.59754028320313,204.87501312255858,42.94458343953381,-10.796230839200973,-10.361504224521147,-0.43472661467982654,216.3215235678424,154.87355699856386,185.59754028320313,10.490814935437886,-0.0074050426448697415,-0.007432596080336724,110551160.0
2020-03-26 00:00:00-04:00,177.57667687130197,186.12377381961826,177.32558119634263,185.3318328857422,79887600,173.33571166992186,184.95517120361328,204.3397430419922,48.279890834643524,-9.362081884598894,-10.161619756536696,0.7995378719378028,215.13243104798735,154.7779113592392,184.95517120361328,10.460280565488159,0.052660284268986945,0.05132056407126693,108454410.0
2020-03-27 00:00:00-04:00,180.53193306458388,183.98940204365792,178.33963904687462,178.95773315429688,58845000,172.69530792236327,183.98638763427735,203.6752572631836,45.153706872366186,-8.640245709175787,-9.857344947064515,1.2170992378887284,213.62270441762772,154.35007085092698,183.98638763427735,10.212560085015259,-0.03439290289313102,-0.034998259280849854,103987975.0
2020-03-30 00:00:00-04:00,180.6574807237227,185.90163536165923,179.9621230398358,185.46702575683594,49356900,174.9262451171875,182.83133239746093,203.10028778076173,48.79973553759918,-7.456980398779365,-9.377272037407486,1.9202916386281217,210.26417227117102,155.39849252375083,182.83133239746093,9.979084522325765,0.036373351896041184,0.03572745719466857,100809125.0
2020-03-31 00:00:00-04:00,185.1579754527951,188.5671524982982,182.72422369893337,183.88314819335938,62659300,175.7613754272461,181.9314956665039,202.47243896484375,47.964204588877486,-6.571290056395327,-8.816075641205055,2.244785584809728,207.95021369176308,155.91277764124473,181.9314956665039,9.683644827828557,-0.008539941571895193,-0.008576615819482205,97344415.0
2020-04-01 00:00:00-04:00,178.44586089247176,181.2369439532486,174.66968535832518,176.07005310058594,53715400,176.3490997314453,180.21985626220703,201.69025573730468,43.965297822161716,-6.425753470117485,-8.338011206987542,1.9122577368700568,202.8282507727429,157.61146175167116,180.21985626220703,9.650060399771816,-0.0424894568617985,-0.04341854687756462,96375875.0
2020-04-02 00:00:00-04:00,175.0366762262731,183.59342424655048,174.77591343116143,179.64340209960938,56465300,177.19200439453124,179.0063606262207,200.96816711425782,46.17554419949097,-5.953447637982038,-7.861098493186441,1.9076508552044036,198.83158899591265,159.18113225652874,179.0063606262207,9.590592572315902,0.020295041298034056,0.020091841644221172,95263865.0
2020-04-03 00:00:00-04:00,179.1991886445348,180.66716777620448,175.08498610579997,177.0937957763672,47487600,178.45069732666016,177.83740692138673,200.18120910644532,44.81719731873331,-5.718949297986626,-7.432668654146479,1.713719356159853,195.04621995036774,160.62859389240572,177.83740692138673,9.304277507893659,-0.014192596518676881,-0.014294274613960972,93146825.0
2020-04-06 00:00:00-04:00,183.96039860702896,190.88498780671335,182.7145581805265,189.75503540039062,64763500,180.96363677978516,177.99780197143554,199.6839044189453,52.31849508752672,-4.460038898660883,-6.8381427030493604,2.378103804388477,195.58400232121312,160.41160162165795,177.99780197143554,9.624771402354552,0.07149454089296259,0.06905444109160286,90563800.0
2020-04-07 00:00:00-04:00,195.4434923611342,195.7235748051807,189.2915225925647,189.67782592773438,69904500,182.19402923583985,177.64645462036134,199.27371795654298,52.2718313620276,-3.4290455933194153,-6.156323281103372,2.727277687783957,193.95826329350697,161.3346459472157,177.64645462036134,9.396720031658942,-0.00040689024401030505,-0.0004069730463073668,89029065.0
2020-04-08 00:00:00-04:00,191.3678947328437,194.28453302457615,189.45566851214988,193.705078125,45940400,183.9584930419922,177.92484512329102,198.8795068359375,54.54897672521956,-2.2609475794572518,-5.377248140774149,3.116300561316897,195.10999980754178,160.73969043904026,177.92484512329102,9.070444637428036,0.021232066413498396,0.021009806610470524,86867645.0
2020-04-09 00:00:00-04:00,195.42412943914258,196.26434704855396,192.21775671121136,193.98512268066406,68252600,184.82382202148438,179.07976684570312,198.4839581298828,54.71078984133051,-1.2976655518546352,-4.561331622990246,3.263666071135611,197.29167331762142,160.86786037378482,179.07976684570312,8.711597901707647,0.0014457264537139913,0.0014446823973832711,83389240.0
2020-04-13 00:00:00-04:00,193.15459589197891,196.45753771334861,191.94737966765405,196.0808868408203,42853900,186.53613739013673,179.61572265625,198.11509704589844,55.97401027616865,-0.3609857333859452,-3.721262445069386,3.360276711683441,199.1205796084875,160.1108657040125,179.61572265625,8.411495054849569,0.010803736550489385,0.010745793151988262,78787835.0
2020-04-14 00:00:00-04:00,200.1371243614047,205.22675193563566,199.35485062951767,204.60865783691406,63959600,188.45030059814454,181.68827285766602,197.9848309326172,60.76903834115742,1.0572720469646697,-2.765555546662575,3.822827593627245,202.52125975651995,160.8552859588121,181.68827285766602,8.463950057704269,0.04349108744605301,0.04257190647904905,77383095.0
2020-04-15 00:00:00-04:00,201.34435937904345,204.57970495968007,200.03090745435995,202.2618408203125,47036000,190.28816986083984,183.02477264404297,197.74383026123047,58.868852920200396,1.9691835140407363,-1.818607734521913,3.787791248562649,205.47343486676198,160.57611042132396,183.02477264404297,8.186364366622115,-0.011469783543920808,-0.011536068850716365,73672040.0
2020-04-16 00:00:00-04:00,204.44449203453112,207.03275664286102,202.51294600329027,205.9510955810547,64657400,193.27627410888672,184.81268692016602,197.47850830078124,60.936737212387186,2.955502752475354,-0.8637856371224597,3.819288389597814,208.54762508478368,161.07774875554836,184.81268692016602,7.942403756331144,0.01823999398887932,0.01807564082378839,71197095.0
2020-04-17 00:00:00-04:00,208.7711496121478,209.09950889848074,204.82114154163116,207.9212646484375,62863200,196.10406036376952,186.64803237915038,197.23813354492188,62.03446453876956,3.8517435315247326,0.07932019660697875,3.772423334917754,211.54163933224496,161.7544254260558,186.64803237915038,7.680686870653888,0.009566198527977354,0.009520732180927954,68295430.0
2020-04-20 00:00:00-04:00,206.05733168430316,208.49108381558787,205.29437748424988,205.45855712890625,38249100,198.94053649902344,188.69561691284179,196.91053344726564,59.773324826279215,4.313576664190265,0.926171490123636,3.387405174066629,212.6881611718711,164.70307265381248,188.69561691284179,7.360402546417039,-0.011844423530682713,-0.011915127568686224,64258690.0
2020-04-21 00:00:00-04:00,203.39179805275919,203.93262857054916,196.66035911817565,197.87722778320312,72932800,199.75275573730468,190.35819625854492,196.45038909912108,53.32903194101801,4.021475761473965,1.545232344393702,2.4762434170802634,211.93534032314525,168.7810521939446,190.35819625854492,7.463102222439437,-0.03689955508130305,-0.03759756845021182,61673340.0
2020-04-22 00:00:00-04:00,201.94313946127022,205.08190169987205,201.1994901277433,203.74913024902344,40089100,201.1598861694336,191.6769577026367,196.0542935180664,57.17969701310914,4.2152068661750945,2.0792272487499806,2.135979617425114,213.14231721188196,170.21159819339147,191.6769577026367,7.444643057741543,0.029674473063942663,0.029242706719630647,58933705.0
2020-04-23 00:00:00-04:00,204.54108118010433,207.10038877224588,202.90893699732405,203.31455993652344,43278500,202.12083435058594,193.03966369628907,195.64873504638672,56.80614578804583,4.284287372095633,2.5202392734191115,1.764048098676522,213.8157417880895,172.26358560448864,193.03966369628907,7.2122722518258495,-0.0021328695340631088,-0.002135147339705607,56659885.0
2020-04-24 00:00:00-04:00,203.7491406157427,206.96516662607795,202.3294530597426,206.52090454101562,34231900,203.3744125366211,194.09911727905273,195.26374237060546,58.93765348174129,4.545363265444735,2.925264071824236,1.6200991936204985,215.35052412853838,172.8477104295671,194.09911727905273,7.028232345719384,0.015770363939962007,0.01564730386584651,54377100.0
2020-04-27 00:00:00-04:00,208.79044848701284,209.21539092671463,207.1582899056696,208.1820068359375,36451700,204.58452453613282,195.56033096313476,194.91775360107422,60.03788547989499,4.830620478741167,3.3063353532076225,1.5242851255335448,216.46236350477454,174.65829842149498,195.56033096313476,6.718679062860786,0.008043264669083339,0.008011090026778078,53257435.0
2020-04-28 00:00:00-04:00,209.88177649569798,209.88177649569798,203.98090340867836,204.26097106933594,46862800,204.549755859375,196.50002822875976,194.4804315185547,56.20930457479126,4.686273613432633,3.5823230052526247,1.103950608180008,217.1912849866684,175.80877147085113,196.50002822875976,6.660264350300702,-0.0188346525532902,-0.01901428372500228,53132730.0
2020-04-29 00:00:00-04:00,208.79046793833598,212.44108871183653,207.77640333757992,211.50428771972656,48716400,205.4740005493164,197.88108520507814,194.18624084472657,61.13927879269812,5.097590946188632,3.885376593439826,1.2122143527488056,218.7062445308375,177.05592587931878,197.88108520507814,6.768825299743551,0.035461089862007356,0.034846824964020195,52435585.0
2020-04-30 00:00:00-04:00,212.42175577465648,212.50867180272314,209.91075496584622,211.4173583984375,43359500,206.0206268310547,199.6484504699707,193.8469436645508,61.05044766822395,5.354821378459434,4.179265550443748,1.1755558280156855,218.69299969344868,180.6039012464927,199.6484504699707,6.47090326668165,-0.00041100500716206856,-0.0004110894928701838,51917790.0
2020-05-01 00:00:00-04:00,207.1583123352251,209.25403801564116,204.43482535127114,205.45855712890625,48795000,205.77435607910155,200.93920822143554,193.43087524414062,55.13669847394152,5.019985617245055,4.3474095638040104,0.6725760534410448,217.7541333967418,184.12428304612928,200.93920822143554,6.507448251001986,-0.0281850142990685,-0.028589836568485565,51534275.0
2020-05-04 00:00:00-04:00,204.22232202692146,208.0757460534864,203.8939480763618,207.85362243652344,32841000,206.01386260986328,202.47719955444336,193.14963500976563,56.9420849601424,4.891501434368564,4.456227937916921,0.4352734964516429,215.4818573793149,189.47254172957182,202.47719955444336,6.34133037429646,0.011657169898815711,0.01158974854935634,50801945.0
2020-05-05 00:00:00-04:00,209.99770330156753,212.60528770041745,209.4279007145447,210.21017456054688,37783100,207.24715728759764,203.49995651245118,193.0866827392578,58.703013343936654,4.923080646460164,4.54959847962557,0.37348216683459423,215.52185679060386,191.4780562342985,203.49995651245118,6.22778286641057,0.011337556191704623,0.011273767785147392,49452925.0
2020-05-06 00:00:00-04:00,211.8905910264305,213.47445816235918,210.64475033626272,211.50428771972656,36455200,208.02267303466797,204.59127960205078,193.16564392089845,59.67824548265485,4.994952809412808,4.6386693455830175,0.3562834638297909,215.28547180105446,193.8970874030471,204.59127960205078,6.016104347510695,0.006156282215573405,0.006137409726852044,47780460.0
2020-05-07 00:00:00-04:00,214.22779846191406,215.10664079277848,212.87570726518814,214.22779846191406,38624800,209.11399688720704,205.61741561889647,193.27768096923828,61.72670334986132,5.211600485639508,4.753255573594315,0.45834491204519257,215.86556417931791,195.36926705847503,205.61741561889647,5.843693542192211,0.012876858297059979,0.01279465647268075,47414680.0
2020-05-08 00:00:00-04:00,215.8985361397177,217.29890390647665,214.8651520564971,217.1636962890625,31852300,210.17827606201172,206.7763442993164,193.65737060546874,63.85824294798031,5.55614991065363,4.913834441006179,0.6423154696474516,216.7389422453315,196.81374635330133,206.7763442993164,5.645651535218667,0.013704560510947816,0.01361150227243892,45594665.0
2020-05-11 00:00:00-04:00,215.84060162875423,220.128621142671,215.60881081589696,219.1049041748047,35714100,211.27056579589845,207.92754516601562,194.07280059814454,65.23682543007057,5.91763228397852,5.114594009600648,0.8030382743778723,218.0008971286636,197.85419320336763,207.92754516601562,5.56523430604405,0.008938915292537208,0.00889919969003791,45237675.0
2020-05-12 00:00:00-04:00,219.70366616708196,220.2927881822134,214.48848404874036,214.5174560546875,41054100,212.29621429443358,208.4229850769043,194.191787109375,59.464327240136726,5.767457287298043,5.245166665140127,0.5222906221579162,218.76575837160868,198.0802117821999,208.4229850769043,5.582310722288978,-0.02093722245695273,-0.0211595143572906,44092400.0
2020-05-13 00:00:00-04:00,215.0390149642318,216.92226932530505,209.29266868853594,211.8326416015625,65521200,212.32904968261718,208.9015251159668,194.39084228515625,56.32319607385812,5.369899572415363,5.270113246595175,0.09978632582018854,218.94095582506714,198.86209440686645,208.9015251159668,5.728545716180416,-0.012515598975034292,-0.012594578762039512,45016660.0
2020-05-14 00:00:00-04:00,210.50952738812586,214.27603593227283,208.597301106984,214.23741149902344,51549300,212.61105499267578,209.31584091186522,194.46953369140624,58.44078116670471,5.1890607896418715,5.253902755204514,-0.06484196556264266,219.5166677635662,199.11501406016424,209.31584091186522,5.724987795402447,0.011352215972381119,0.011288263117925062,44361255.0
2020-05-15 00:00:00-04:00,211.2918022538168,215.68607207020938,210.85720737890446,215.6281280517578,55747200,213.62801208496094,209.70118408203126,194.70382995605468,59.65889422395995,5.0991837385173255,5.222958951867077,-0.12377521334975139,220.2388753006804,199.16349286338212,209.70118408203126,5.660979002252623,0.006491473842049844,0.006470494966001909,44005455.0
2020-05-18 00:00:00-04:00,218.53511886923397,220.85296823410516,217.75284507700312,219.645751953125,42398100,214.8072250366211,210.4105438232422,195.08728759765626,63.03008986209539,5.2911511038306,5.236597382259782,0.0545537215708185,221.60023017209357,199.2208574743908,210.4105438232422,5.629826229402247,0.018632188377588843,0.018460735575390002,44212905.0
2020-05-19 00:00:00-04:00,219.90649107788292,221.98291169913122,218.95038531784525,219.09524536132812,36237300,215.69573211669922,211.47144470214843,195.73824981689452,62.26230546219199,5.3373398117380475,5.256745868155435,0.0805939435826124,221.68785521932315,201.2550341849737,211.47144470214843,5.444304811679657,-0.002506338442249345,-0.0025094845663768774,42378130.0
2020-05-20 00:00:00-04:00,221.64491958949841,223.82756142278973,221.62560000186855,223.47023010253906,37417000,216.89232635498047,212.4574996948242,196.27355895996095,65.82514854583053,5.661704792312122,5.337737652986773,0.32396713932534915,223.290466424924,201.6245329647244,212.4574996948242,5.393448472378367,0.019968414805149104,0.019771660939422238,42244525.0
2020-05-21 00:00:00-04:00,223.51851226475682,224.19455043797876,220.52460997923944,221.03646850585938,43642900,217.573193359375,213.343595123291,196.93154296875,62.301396916745084,5.657169823028909,5.4016240869952,0.25554573603370834,223.93668624106238,202.75050400551964,213.343595123291,5.270340757118435,-0.010890764266734632,-0.010950502767788507,42262745.0
2020-05-22 00:00:00-04:00,220.63083144321163,222.00222728846185,219.71335007153678,221.79942321777344,28762400,218.0367660522461,214.1075210571289,197.94979766845702,62.97061149188794,5.650010096785621,5.451301288953284,0.1987088078323369,224.82524621204112,203.3897959022167,214.1075210571289,5.057379075676052,0.003451714176721188,0.003445770684240321,41989270.0
2020-05-26 00:00:00-04:00,225.37276863607414,225.57558743283715,220.9591793291986,221.20062255859375,33055300,218.246337890625,214.75845184326172,198.66657470703126,62.03976414547365,5.5322454712554645,5.46749012541372,0.06475534584174447,225.53875160568958,203.97815208083387,214.75845184326172,5.025881149101944,-0.0026997394785457374,-0.0027033903475823747,41819450.0
2020-05-27 00:00:00-04:00,220.86260910029554,222.52373968407574,216.27518777873954,222.4078369140625,55665600,219.0353759765625,215.66579513549806,199.8515783691406,63.22018506851608,5.4732362064330005,5.4686393416175765,0.004596864815423984,225.79421917087612,205.53737110012,215.66579513549806,5.113214774547248,0.005457554058867942,0.005442715574121378,42259590.0
2020-05-28 00:00:00-04:00,221.26821820384467,225.47898841837093,221.2102741907014,222.11810302734375,42784300,220.0639221191406,216.1964859008789,200.78330352783203,62.716119813880375,5.3415181395382945,5.443215101201721,-0.10169696166342668,226.5077064551349,205.88526534662293,216.1964859008789,5.052893306913125,-0.001302714377059977,-0.00130356364708505,41962985.0
2020-05-29 00:00:00-04:00,222.4947880668431,225.6045783003304,220.93022578873945,225.37278747558594,50691800,221.17745971679688,216.89425735473634,201.88690307617188,65.99598145483617,5.437081169727975,5.441988314906972,-0.004907145178997041,227.69456380836587,206.0939509011068,216.89425735473634,5.0258546786758265,0.014652945455065014,0.01454662836380907,42329600.0
2020-06-01 00:00:00-04:00,224.50356984357563,226.42544844061516,224.0593078353485,226.04879760742188,25776000,222.2195266723633,217.92376937866212,202.9835919189453,66.65217348772393,5.5039181848694625,5.454374288899471,0.049543895969991425,228.07330695331427,207.77423180400996,217.92376937866212,4.835875102003742,0.0029995197708114762,0.002995030186873764,41178650.0
2020-06-02 00:00:00-04:00,226.473750615843,227.6230227529316,224.06897073059386,227.56507873535156,33383400,223.01145935058594,218.90934219360352,204.24475616455078,68.13740142189758,5.614517552409239,5.486402941601425,0.12811461080781417,228.78036520138195,209.0383191858251,218.90934219360352,4.744316310599028,0.006707760200357349,0.006685363276581727,41205770.0
2020-06-03 00:00:00-04:00,228.17350088204523,229.34209257938343,227.29465873959504,228.5887908935547,37228700,223.9608139038086,219.8282730102539,205.52401916503905,69.13682366422589,5.718850020481852,5.532892357377511,0.18595766310434136,229.71071206963205,209.94583395087574,219.8282730102539,4.551681848398268,0.004498546806444237,0.004488458588325503,41178050.0
2020-06-04 00:00:00-04:00,228.24111872044787,229.65113894829665,225.68181160948944,226.98561096191406,38716100,224.3123519897461,220.6023391723633,206.5162533569336,65.66322896403959,5.607530905245682,5.547820066951146,0.05971083829453594,230.17592988622306,211.02874845850351,220.6023391723633,4.510085097713192,-0.007013379463506442,-0.007038088807702854,41291095.0
2020-06-05 00:00:00-04:00,228.13488127688794,232.0752365750301,227.56507878851727,231.48611450195312,47365600,225.35731658935546,221.46525497436522,207.62476684570314,70.19096555084099,5.815426115531039,5.6013412766671244,0.21408483886391494,231.67502988188812,211.25548006684232,221.46525497436522,4.551480848813395,0.01982726359158593,0.019633263534933748,41728135.0
2020-06-08 00:00:00-04:00,231.34125754502816,233.40801117207488,229.7670575785261,233.282470703125,32937300,226.50562133789063,222.27119369506835,208.58377960205078,71.78994076401898,6.055333386183918,5.692139698570483,0.3631936876134345,233.49037329375363,211.05201409638306,222.27119369506835,4.486443187723065,0.007760103473319679,0.007730148738454859,41782385.0
2020-06-09 00:00:00-04:00,232.4229246660119,235.8224348833329,232.2394254453133,234.97256469726562,35046300,227.8828155517578,223.0645767211914,209.70407623291015,73.24411430654101,6.309110587667533,5.815533876389893,0.49357671127763947,235.45860962274767,210.67054381963513,223.0645767211914,4.42191220560139,0.007244839224510136,0.00721872144701544,41748995.0
2020-06-10 00:00:00-04:00,236.66265002431913,239.33784506016997,236.14112441042232,237.7926025390625,58084400,229.42129211425782,224.22833404541015,210.75058776855468,75.5123496685687,6.661000466948536,5.984627194501622,0.6763732724469147,237.53122928242473,210.92543880839557,224.22833404541015,4.417867073980172,0.012001562162928137,0.011930114503339443,42600510.0
2020-06-11 00:00:00-04:00,233.871599988032,235.25264834448467,225.9522641060494,226.0102081298828,72919400,229.8105026245117,224.93721237182618,211.59312896728517,54.66185181827701,5.9208827218701,5.971878299975318,-0.050995578105217376,236.9730490514436,212.90137569220875,224.93721237182618,4.9480435996253815,-0.0495490367798308,-0.05081870889456909,42970420.0
2020-06-12 00:00:00-04:00,230.9066877403139,232.17184814784218,223.8082642726965,227.8065643310547,72034800,230.0538803100586,225.61567001342775,212.62785919189454,56.62815259438955,5.416843014886496,5.860871242957554,-0.44402822807105835,236.6505979190505,214.58074210780498,225.61567001342775,5.192010762162545,0.007948119759880745,0.007916699832446781,43994695.0
2020-06-15 00:00:00-04:00,224.48428271820094,231.25434627093335,223.5474817115833,230.57830810546875,45307400,230.50683135986327,226.3631790161133,213.6465573120117,59.543684554657894,5.181317471306869,5.724960488627417,-0.543643017320548,236.5861879432931,216.14017008893347,226.3631790161133,5.371643176247368,0.012167093527586381,0.01209366941716729,43472705.0
2020-06-16 00:00:00-04:00,235.43612562591588,236.02524770750486,230.9163153500075,234.5379638671875,48890100,231.20411987304686,227.1077896118164,214.79544067382812,63.33548018018415,5.253612533866715,5.630690897675277,-0.37707836380856197,237.4341049261587,216.7814742974741,227.1077896118164,5.377021492375135,0.01717271583026614,0.01702693138881262,43797305.0
2020-06-17 00:00:00-04:00,236.03490267290994,237.09725881066373,234.42206361761154,235.28160095214844,34749300,231.87340087890624,227.91710739135743,215.70597198486328,64.01756353765495,5.309705213204012,5.566493760781023,-0.25678854757701153,238.14133705379925,217.69287772891562,227.91710739135743,5.184033899566353,0.00317064697202718,0.0031656310705551233,43722905.0
2020-06-18 00:00:00-04:00,234.96288585726356,236.16044957625311,234.1902793149737,235.91900634765625,30578600,232.76674041748046,228.53954620361327,216.63079559326172,64.6250363321248,5.343990162033549,5.5219930410315285,-0.1780028789979795,239.11481384785495,217.9642785593716,228.53954620361327,4.954472211117285,0.0027091170449722313,0.0027054540016412205,43380985.0
2020-06-19 00:00:00-04:00,238.28515152322632,238.54591434124347,234.1516445508102,235.88038635253906,49422100,233.20616760253907,229.28174209594727,217.4743017578125,64.55392479272552,5.306870619061215,5.478968556637466,-0.17209793757625125,239.72928815268534,218.8341960392092,229.28174209594727,4.914457752496999,-0.00016370022795142436,-0.0001637136282961863,43669945.0
2020-06-22 00:00:00-04:00,235.74881154787224,238.83498729885778,235.4585876156787,238.709228515625,24068700,233.74884338378905,230.12723236083986,218.3687838745117,67.38491867558773,5.442973820693027,5.471769609448578,-0.02879578875555122,240.75127510996577,219.50318961171394,230.12723236083986,4.804596461831433,0.011992697683893327,0.01192135511186218,43435260.0
2020-06-23 00:00:00-04:00,240.30550934275024,242.97567274457055,239.7540691320293,240.74085998535156,32767400,234.32567291259767,231.10424423217773,219.26198333740234,69.28240594742772,5.649646659206752,5.507345019400213,0.1423016398065391,241.85808174751895,220.35040671683652,231.10424423217773,4.766157016625298,0.008510904594514201,0.00847489104035018,43420865.0
2020-06-24 00:00:00-04:00,239.98622560301826,241.2148942108038,234.27826268987792,235.77781677246094,46032400,234.1241943359375,231.77274322509766,219.8853665161133,60.085938037007104,5.351274106481696,5.47613083681651,-0.12485673033481337,241.92658061307876,221.61890583711656,231.77274322509766,4.921190909789625,-0.020615707749787937,-0.020831177977909017,42939205.0
2020-06-25 00:00:00-04:00,235.86490879175327,238.322231504084,233.29148174788256,238.02232360839844,36940800,235.32540588378907,232.56795425415038,220.600576171875,62.50961931704229,5.235572234632514,5.42801911637971,-0.19244688174719649,242.04107448470285,223.0948340235979,232.56795425415038,4.929016541676183,0.009519584440395246,0.009474558721648912,42647030.0
2020-06-26 00:00:00-04:00,237.7804614712012,237.95461058814803,231.8789956339686,232.40142822265625,52824600,235.7848922729492,232.9193862915039,221.12958282470703,53.713305511570134,4.6368674639833785,5.269788785900444,-0.632921321917066,241.8018099576296,224.03696262537824,232.9193862915039,5.015753072587159,-0.023614992495367138,-0.023898295451525643,42753670.0
2020-06-29 00:00:00-04:00,232.15954316972443,234.94581068032628,229.62482271958893,234.93612670898438,34377800,236.22067413330078,233.36375274658204,221.66988006591797,56.674091550964825,4.317153150116582,5.079261658743672,-0.7621085086270902,241.699222415898,225.02828307726608,233.36375274658204,5.037555564597886,0.010906552966188032,0.0108475054658845,43183760.0
2020-06-30 00:00:00-04:00,234.868402284747,240.08296966409145,234.68458398323554,239.54119873046875,38909200,236.72099761962892,233.9625587463379,222.35153289794923,61.49336165584444,4.384822573728343,4.940373841740606,-0.5555512680122634,242.26635449441443,225.65876299826135,233.9625587463379,5.063329144330602,0.01960137883429347,0.01941174584756082,43460050.0
2020-07-01 00:00:00-04:00,239.57994311482335,243.33366364220402,239.03817206183112,242.33718872070312,34689200,237.4265563964844,234.6499786376953,223.2407321166992,64.10409416037353,4.610912376933129,4.87448154877911,-0.2635691718459814,243.32835686476187,225.97160041062875,234.6499786376953,5.008483604047909,0.011672271847401161,0.011604676369091614,43333075.0
2020-07-02 00:00:00-04:00,244.78482936675303,245.99414496054678,243.51746898640175,243.98184204101562,31956500,238.23283996582032,235.4997901916504,224.04538635253905,65.58229066186495,4.866699668506726,4.872925172724633,-0.00622550421790713,244.33685749278666,226.66272289051412,235.4997901916504,4.911945935176176,0.0067866320022718085,0.006763706481569271,42995095.0
2020-07-06 00:00:00-04:00,247.13574447485212,250.5024751273051,247.11639129095556,249.98007202148438,34589000,239.64280853271484,236.42448806762695,224.97869659423827,70.37403072860317,5.490133132785502,4.996366764736807,0.49376636804869456,247.07283477983245,225.77614135542146,236.42448806762695,5.026852160255698,0.02458473929982219,0.02428739811165541,42356265.0
2020-07-07 00:00:00-04:00,249.7284810450246,252.38897502047544,247.95802670229682,248.2579345703125,36578200,240.5976791381836,237.17326126098632,225.81343719482422,67.46967833237561,5.7786340487761265,5.152820221544672,0.6258138272314548,248.88548902198804,225.4610334999846,237.17326126098632,4.9842876001073355,-0.006889098947950756,-0.006912938341155274,42538310.0
2020-07-08 00:00:00-04:00,249.583379604465,251.55696123366448,248.15153943046374,251.52793884277344,30426300,241.67638702392577,238.00102996826172,226.68035583496095,70.00133067576543,6.1996691921698925,5.362190015669716,0.8374791765001763,251.21761862104566,224.78444131547778,238.00102996826172,4.871511471756864,0.013171801651055803,0.013085807778086104,42307310.0
2020-07-09 00:00:00-04:00,253.44349549323476,254.31419671087306,249.24475580098976,253.6466522216797,40312900,243.46327056884766,238.7937324523926,227.6680694580078,71.54644566576007,6.627902702921972,5.615332553120168,1.012570149801804,253.66360526436335,223.92385964042182,238.7937324523926,4.885649288765895,0.008423371927007484,0.008388093301246222,41418735.0
2020-07-10 00:00:00-04:00,253.50151246118423,255.6299192257289,250.82168035135726,255.3783721923828,32885300,245.1988754272461,240.26214065551758,228.54555114746094,72.78048590975226,7.026024537180746,5.897470949932284,1.1285535872484616,255.5858015458002,224.93847976523497,240.26214065551758,4.88011997345202,0.006827292832509491,0.006804092406340371,39417030.0
2020-07-13 00:00:00-04:00,258.2227402314917,261.00900804654657,249.30282734893964,250.1251678466797,64108100,246.97124938964845,241.37807083129883,229.31970733642578,63.74830272244393,6.838815661376628,6.085739892221153,0.7530757691554752,256.15172871319504,226.60441294940264,241.37807083129883,5.367695739463085,-0.020570278918317197,-0.02078479396067237,39020695.0
2020-07-14 00:00:00-04:00,247.60006296441728,252.30189655033743,244.53324090881605,251.8955535888672,72230500,248.6671920776367,242.44393310546874,230.248447265625,65.31073491077322,6.7554341721732385,6.219678748211571,0.5357554239616675,257.02176666830036,227.86609954263713,242.44393310546874,5.5391928753243915,0.007077999217066866,0.0070530677547265995,40366850.0
2020-07-15 00:00:00-04:00,253.30803352808638,254.14005789422913,249.10929390982363,252.40830993652344,54523900,249.9539031982422,243.33745040893555,231.139541015625,65.77088167341705,6.654025430049984,6.306548084579254,0.34747734547072984,258.05739028334267,228.61751053452844,243.33745040893555,5.502876525973042,0.0020355911025453644,0.0020335220942711,40648540.0
2020-07-16 00:00:00-04:00,249.62203009299853,251.3247555770134,247.30015049389704,250.6862335205078,47594100,250.78880767822267,244.10768203735353,231.94906219482422,62.759890344244596,6.361371169501496,6.317512701563703,0.04385846793779269,258.6721999974715,229.54316407723553,244.10768203735353,5.474682448591139,-0.0068225820950534866,-0.006845962311253368,41290780.0
2020-07-17 00:00:00-04:00,251.14099763698934,251.83756463655843,248.79977905809608,250.97654724121094,35137900,251.4882781982422,244.86055908203124,232.7385073852539,63.06685751311151,6.082748314375664,6.270559824126096,-0.18781150975043204,259.20919204690045,230.511926117162,244.86055908203124,5.300618386439083,0.001158076040419509,0.0011574059876266422,41518745.0
2020-07-20 00:00:00-04:00,251.61504110027627,258.725823103141,250.36704859363883,258.09698486328125,40610100,252.2999694824219,245.97138900756835,233.61589111328124,69.67033122035873,6.36314710355191,6.289077280011259,0.0740698235406505,260.79904521173154,231.14373280340516,245.97138900756835,5.519058109515018,0.028370928281306496,0.027975927127592552,41078145.0
2020-07-21 00:00:00-04:00,259.6642559766487,259.67393994983286,254.5657917167427,255.407470703125,43243800,253.01492309570312,246.80630111694336,234.3807666015625,64.94681022647205,6.295770129548714,6.29041584991875,0.005354279629964154,261.7839914641974,231.8286107696893,246.80630111694336,5.489707404056099,-0.01042055629429739,-0.010475230446099586,42036900.0
2020-07-22 00:00:00-04:00,255.90093735358582,257.23602687771063,254.0047086986446,256.3072509765625,29865500,253.49285430908202,247.5846206665039,235.12481353759765,65.78262863819785,6.243012577660352,6.2809351954670705,-0.037922617806718684,262.8359739597743,232.33326737323344,247.5846206665039,5.328393887985379,0.0035229207311768818,0.003516729781826365,41891805.0
2020-07-23 00:00:00-04:00,255.90089923841325,256.6071207479324,248.19995520773114,249.61245727539062,51363500,253.0894348144531,248.2763526916504,235.82671356201172,55.23032247550125,5.596475253692375,6.144043207112132,-0.5475679534197564,262.54632484024575,234.00638054305506,248.2763526916504,5.548306148857942,-0.026120188467801397,-0.026467379737801843,42158360.0
2020-07-24 00:00:00-04:00,245.7716098902376,248.56754683460562,243.14015285037885,247.2421417236328,54054500,252.27581176757812,248.73734359741212,236.53490356445312,52.04696631756462,4.8370664202018645,5.882647849730079,-1.0455814295282142,262.2268562141876,235.24783098063668,248.73734359741212,5.614306025726073,-0.009495982602914399,-0.009541356923351235,43014045.0
2020-07-27 00:00:00-04:00,248.8868776745362,252.04075323051305,248.10324339159396,251.65377807617188,36445700,252.42867279052734,249.6999610900879,237.2832308959961,57.013136871559546,4.538890132396688,5.613896306263401,-1.0750061738667132,260.9511438135558,238.44877836662,249.6999610900879,5.5560421315227995,0.017843383501629617,0.017686059044721175,42195100.0
2020-07-28 00:00:00-04:00,250.87012373622343,251.39255639118716,248.16126834809572,248.4514923095703,31302400,252.08426666259766,250.3757293701172,237.93969818115235,52.74323978400356,3.9980979923942925,5.290736643489579,-1.2926386510952863,259.40235860457346,241.34910013566093,250.3757293701172,5.408646959848039,-0.012724965987326753,-0.012806621818385702,42041330.0
2020-07-29 00:00:00-04:00,249.98970413642937,252.17615609463013,249.51566188946933,251.3151092529297,27556900,251.97494659423828,250.96442489624025,238.57308532714845,55.92231477157873,3.7572747557669572,4.984044265945054,-1.226769510178097,258.50052877841836,243.4283210140621,250.96442489624025,5.288362447363167,0.011525859300500096,0.011459942598431614,41473715.0
2020-07-30 00:00:00-04:00,249.35122662688858,253.1920146753105,248.19995565732032,252.6309051513672,41774500,252.1694137573242,251.47911071777344,239.24379852294922,57.3423276090275,3.630741411210522,4.713383694998148,-1.0826422837876262,257.9136150674399,245.04460636810703,251.47911071777344,5.267197916693669,0.005235641829689053,0.00522198350964365,41827980.0
2020-07-31 00:00:00-04:00,257.25524971065187,257.2939560702197,252.35994333802887,257.13916015625,53686300,252.78567504882812,252.13697662353516,239.91717712402342,61.87438105600595,3.849862507332574,4.540679457465034,-0.6908169501324597,258.0392745178235,246.2346787292468,252.13697662353516,5.243398974943465,0.017845223656154152,0.017687866938637824,42914470.0
2020-08-03 00:00:00-04:00,259.27733723769813,261.3573547472421,259.1515636561925,260.6124267578125,32081600,253.03721923828124,252.66859436035156,240.7086962890625,64.96283517943178,4.254735203195793,4.483490606611186,-0.22875540341539313,259.53465977394785,245.80252894675527,252.66859436035156,5.170170090375509,0.013507342092320629,0.013416931178024847,42789100.0
2020-08-04 00:00:00-04:00,260.1091657793346,261.67646303202554,259.3642382671816,261.5797119140625,24911300,253.654443359375,253.33468322753907,241.50430206298827,65.79388879147635,4.600618493579304,4.50691618400481,0.09370230957449444,260.90825411598627,245.76111233909188,253.33468322753907,4.966031138551827,0.0037115849320144,0.0037047139967856125,42205755.0
2020-08-05 00:00:00-04:00,262.0636074263259,262.6827618378934,261.17353789957355,262.2280578613281,21612100,254.24652404785155,253.86968917846679,242.32485076904297,66.36968393142033,4.870900879347317,4.5797131230733115,0.29118775627400595,262.31833451089904,245.42104384603454,253.86968917846679,4.719116338535257,0.0024785788718912904,0.0024755122614578385,41765045.0
2020-08-06 00:00:00-04:00,262.03448849393004,266.03007163056697,261.395966366894,265.7011413574219,28048200,255.8553924560547,254.4724136352539,243.19071685791016,69.3464092015254,5.30420683507225,4.7246118654731,0.5795949695991505,264.3675237359932,244.5773035345146,254.4724136352539,4.713044118902235,0.013244515191926487,0.013157573426928859,41151810.0
2020-08-07 00:00:00-04:00,265.1593444887768,265.9333241341228,260.48656232248806,262.6343078613281,44969400,257.39460906982424,254.83521041870117,244.00104095458985,63.96255528057646,5.338597070381184,4.847408906454717,0.49118816392646636,265.34928998714224,244.32113085026006,254.83521041870117,4.765452525525987,-0.011542417471094857,-0.011609548239151661,41756015.0
2020-08-10 00:00:00-04:00,262.92452667278354,263.12771293316473,257.990543079371,261.5120544433594,35088400,258.380436706543,255.40455474853516,244.7238262939453,62.063697843683485,5.215177784698255,4.920962682103426,0.29421510259482986,266.0689068773672,244.7402026197031,255.40455474853516,4.792003763259399,-0.004273064806755156,-0.0042822204392257545,40305030.0
2020-08-11 00:00:00-04:00,260.3511128647277,261.6378411480263,256.0169448139675,256.5587158203125,43104300,259.1911590576172,255.63771286010743,245.33402465820313,54.388874444583436,4.6639114139093465,4.86955242846461,-0.20564101455526362,266.1882936609907,245.08713205922413,255.63771286010743,4.85121037545936,-0.018941148367291438,-0.01912282974553935,38848720.0
2020-08-12 00:00:00-04:00,258.71604510587895,263.9596187826711,258.66765478788557,263.0115051269531,38773400,260.36079864501954,256.1678726196289,246.04295318603516,61.13194496844571,4.69360999785053,4.834363942341794,-0.140753944491264,267.0756327739342,245.26011246532357,256.1678726196289,5.033331274523591,0.025151315892772086,0.024840226956075972,38061195.0
2020-08-13 00:00:00-04:00,263.7855540100934,265.8849090180151,262.6729897431748,263.6114196777344,31895700,261.45885009765624,256.8141319274902,246.74340576171875,61.69886930633951,4.711246117549393,4.809740377383314,-0.09849425983392024,267.8766918631698,245.7515719918106,256.8141319274902,4.903230417403355,0.0022809441377542594,0.002278346733613807,37276275.0
2020-08-14 00:00:00-04:00,264.23059540468074,264.50148089636525,261.9087155439127,263.3018493652344,30799500,262.0751190185547,257.4303970336914,247.46973052978515,61.20278207393961,4.646679108139125,4.777128123534476,-0.13044901539535125,268.4967296747484,246.36406439263442,257.4303970336914,4.738197198478297,-0.0011743433303399442,-0.0011750334117832989,37059355.0
2020-08-17 00:00:00-04:00,265.01423574638244,266.86207342141137,263.3405619463594,266.3590087890625,24803000,262.6497772216797,257.84349822998047,248.16718841552733,64.25904337077233,4.787014777218303,4.779105454271242,0.007909322947060815,269.5753463980118,246.11165006194918,257.84349822998047,4.6540562597424895,0.011610854352896771,0.011543965642324872,36269000.0
2020-08-18 00:00:00-04:00,267.42315981990794,269.3967411220377,265.96229749711546,268.9226989746094,23529500,263.3840759277344,258.5192596435547,248.87999298095704,66.63282862016501,5.046922398538015,4.832668843124597,0.21425355541341862,271.13561962934585,245.90289965776353,258.5192596435547,4.566941071541045,0.009624942656162094,0.009578917983156526,35283285.0
2020-08-19 00:00:00-04:00,268.884103306887,269.93862313434374,266.6009292638016,267.1136779785156,31999400,263.8726379394531,259.05958099365233,249.52281524658204,63.431410679880656,5.048729573404557,4.8758809891805885,0.17284858422396887,272.16679120331474,245.95237078398992,259.05958099365233,4.4791377000411225,-0.006726918192445197,-0.006749645888874769,35389980.0
2020-08-20 00:00:00-04:00,266.320291520908,271.3026654017733,265.9139485282716,270.8189392089844,27723400,264.38441772460936,260.11990509033205,250.18334197998047,66.93550601494363,5.288186465848412,4.958342084514154,0.329844381334258,273.42812369906966,246.81168648159445,260.11990509033205,4.5441076410025945,0.013871476962579177,0.013776148578099957,34207975.0
2020-08-21 00:00:00-04:00,271.01241273916173,273.1504740176178,270.3642067189109,272.6957702636719,34748900,265.39056396484375,261.392586517334,251.11705322265624,68.57795965508706,5.5652496256487325,5.07972359274107,0.4855260329076625,274.3961602409405,248.38901279372752,261.392586517334,4.418547616552901,0.006930206063761268,0.006906302559646097,33242695.0
2020-08-24 00:00:00-04:00,275.9658279093969,276.69141729040325,272.1153562987728,274.3985595703125,36418500,266.67921447753906,262.529825592041,252.0488931274414,70.03242461372238,5.854735298094454,5.234725933811747,0.6200093642827067,275.9007592831987,249.1588919008833,262.529825592041,4.429798571915585,0.006244282061999673,0.00622486731163358,33241335.0
2020-08-25 00:00:00-04:00,273.62449863729,276.74937993943985,273.17947888249455,276.5558776855469,34866600,268.6789306640625,263.93504486083987,252.96844451904298,71.81259640166483,6.186913434723351,5.425163433994068,0.7617500007292834,276.9960339835366,250.8740557381431,263.93504486083987,4.368377320846279,0.007861987754646194,0.007831243365127874,33419545.0
2020-08-26 00:00:00-04:00,277.8039237142606,282.70891399065164,276.5268795847325,282.4573669433594,42216700,270.62351684570314,265.49215774536134,253.9268325805664,76.01075631700698,6.847434896412267,5.709617726477708,1.137817169934559,279.55109663984365,251.43321885087903,265.49215774536134,4.49792425549434,0.021339229190141085,0.021114735899324888,34152535.0
2020-08-27 00:00:00-04:00,283.43457879796097,284.28594177799596,279.3132214283867,281.5770568847656,49482700,272.4200805664062,266.93946533203126,254.85274169921874,74.23464865523471,7.216679855780285,6.011030152338224,1.2056497034420612,281.35949994519063,252.51943071887192,266.93946533203126,4.531838262216832,-0.0031166121390995283,-0.003121478889191195,34537945.0
2020-08-28 00:00:00-04:00,282.81531731073915,283.63765766897814,281.46088999826964,283.0088195800781,28021000,274.3907775878906,268.23294830322266,255.79453796386719,75.24769641091878,7.537947661683006,6.31641365420718,1.2215340074758263,283.51956461749637,252.94633198894894,268.23294830322266,4.363618934251951,0.005084798850989003,0.005071914917661304,33254680.0
2020-08-31 00:00:00-04:00,283.53126227230973,287.0914797713417,283.0958969128093,285.2823486328125,36321000,276.2831115722656,269.46644439697263,256.78257720947266,76.8071152233695,7.885114811121923,6.630153885590129,1.254960925531794,286.02290925157075,252.90997954237451,269.46644439697263,4.343550452609925,0.008033421206122826,0.008001325057985417,33466650.0
2020-09-01 00:00:00-04:00,287.93325790035095,290.27450634414515,286.16283251122724,290.1584167480469,36216200,278.40668334960935,270.8953796386719,257.8115609741211,79.75327247242559,8.456227101941806,6.995368528860466,1.4608585730813406,289.3111483949793,252.47961088236454,270.8953796386719,4.389879542518691,0.017092077861116994,0.016947651671205106,34031895.0
2020-09-02 00:00:00-04:00,293.4089789537744,293.6218196745437,287.22697312776324,292.9059143066406,50836800,280.98590698242185,272.4292724609375,258.85486206054685,81.20224258773447,9.02648608544132,7.401592040176637,1.624894045264683,292.7171374062825,252.1414075155925,272.4292724609375,4.533091471394531,0.009468956955949626,0.009424407387534637,35493130.0
2020-09-03 00:00:00-04:00,288.3974855421989,288.9005500205018,275.15306353505173,278.055419921875,110083300,281.7095550537109,273.04698638916017,259.70041412353515,57.322952114915466,8.185749428310714,7.558423517803453,0.6273259105072615,293.2298588178632,252.86411396045713,273.04698638916017,5.477359992836986,-0.05070056171422599,-0.052030999808691816,39594885.0
2020-09-04 00:00:00-04:00,276.2657559430866,279.5260664086072,262.9535990156982,274.3501892089844,123959000,281.8749969482422,273.63278045654295,260.4269714355469,53.12523394418712,7.138193763395918,7.474377566921946,-0.33618380352602806,293.2447822260947,254.0207786869912,273.63278045654295,6.269867664270701,-0.013325511561442238,-0.013415092892051677,43544365.0
2020-09-08 00:00:00-04:00,263.3599249407287,269.164640033516,260.88324886308413,261.163818359375,99568600,280.55152282714846,273.61536865234376,261.00221923828127,41.482722074180984,5.184208103298431,7.016343674197244,-1.8321355708988127,293.27095320391555,253.95978410077197,273.61536865234376,6.783944284387097,-0.04806401223060486,-0.049257486189494576,46768375.0
2020-09-09 00:00:00-04:00,266.66863957598133,270.93507941244224,264.1145506289995,268.8357238769531,64837900,279.7795074462891,274.2292190551758,261.68021118164063,48.54773520566598,4.206232221680807,6.454321383693957,-2.24808916201315,292.4286112006584,256.0298269096932,274.2292190551758,6.997324053578536,0.02937583607780292,0.028952634168311377,47855055.0
2020-09-10 00:00:00-04:00,271.7961106792902,273.01511029037704,261.75394889576535,263.47601318359375,69667500,277.8813720703125,274.2524444580078,262.1589074707031,44.505126702466036,2.964522262291439,5.756361559413453,-2.7918392971220145,292.395613501368,256.1092754146476,274.2524444580078,7.301883863652333,-0.019936750280303284,-0.020138168869867093,49399760.0
2020-09-11 00:00:00-04:00,265.2270473204114,266.26222838746224,258.2130180084171,261.6474914550781,71809000,275.88841552734374,274.154248046875,262.5451135253906,43.183956998331276,1.8120238683322896,4.96749402119722,-3.1554701528649307,292.5462761884814,255.7622199052686,274.154248046875,7.355264329037532,-0.0069399931569538165,-0.006964186910764157,51395425.0
2020-09-14 00:00:00-04:00,265.4302135179014,268.1971426013748,264.07578612794714,266.2041931152344,38525200,274.20795288085935,274.299365234375,262.989560546875,47.376374120928645,1.2519170098487393,4.224378618927524,-2.9724616090787848,292.3899215117086,256.20880895704136,274.299365234375,7.29772053027033,0.01741542269262908,0.017265512218926377,51781710.0
2020-09-15 00:00:00-04:00,269.94830304186166,271.3220987512497,266.17524373341683,269.9773254394531,41849900,272.6774505615234,274.4802810668945,263.3895056152344,50.62525994486285,1.0998106023152445,3.5994650156050687,-2.499654413289824,292.32022102676,256.64034110702903,274.4802810668945,7.1440872793819405,0.014173827542173445,0.014074318033351,52634055.0
2020-09-16 00:00:00-04:00,270.77055054859954,271.23490875035975,265.3237894541486,265.67205810546875,42321000,270.22881469726565,274.3177490234375,263.7377880859375,47.055440162421334,0.6246653321371127,3.0045050789114778,-2.379839746774365,292.41463841681514,256.22085963005986,274.3177490234375,7.056018137726885,-0.01594677377804421,-0.01607529170380682,53573630.0
2020-09-17 00:00:00-04:00,258.84183638339624,265.46889016761645,258.00015765399314,261.5216979980469,81570800,267.09039306640625,274.03815002441405,263.93766326904296,43.845655259754764,-0.08580103149637353,2.386443856829908,-2.4722448883262813,292.7344801391705,255.3418199096576,274.03815002441405,7.10000973156608,-0.015622117497107069,-0.0157454287155194,56052200.0
2020-09-18 00:00:00-04:00,262.9438998635904,263.2341237780638,254.0820322085779,258.18402099609375,86251100,265.10325317382814,273.40640411376955,264.0284106445313,41.39992342164415,-0.9077098688978253,1.7276131116843612,-2.6353229805821865,293.31003106897487,253.50277715856424,273.40640411376955,7.246587005703209,-0.01276252420928392,-0.012844664851058549,58978585.0
2020-09-21 00:00:00-04:00,253.92725388489964,258.938650650959,251.6440506769576,258.80322265625,57168600,263.5485565185547,272.71177673339844,264.0969076538086,42.04578549934759,-1.4919162629873313,1.0837072367500227,-2.575623499737354,293.61091352954867,251.81263993724824,272.71177673339844,7.250016503438795,0.0023982958270125643,0.002395424505511534,60099570.0
2020-09-22 00:00:00-04:00,261.20244331622683,264.1918674522645,257.86475051547103,263.6114196777344,41128900,263.79331665039064,272.1724197387695,264.3666326904297,46.936500092784165,-1.5490660542155865,0.5571525785569009,-2.1062186327724874,293.4234090661847,250.92143041135432,272.1724197387695,7.184095105821271,0.018578582492656093,0.018408108831302814,60335090.0
2020-09-23 00:00:00-04:00,263.2922076043881,263.4760259522478,254.68188574797003,255.56227111816406,48837300,262.4659713745117,271.1227394104004,264.4399670410156,40.73858518744746,-2.2182856782579847,0.00206492719392376,-2.2203506054519084,293.45060762374186,248.79487119705897,271.1227394104004,7.308769307531491,-0.030534142145322907,-0.03101002116020005,61033625.0
2020-09-24 00:00:00-04:00,252.8823878064297,259.9544622311648,252.71790791372052,256.752197265625,70631700,261.79358978271483,269.83748092651365,264.52684478759767,41.9587717808887,-2.622400555094771,-0.5228281692638151,-2.099572385830956,292.36599356085117,247.3089682921761,269.83748092651365,7.303611093953834,0.004656110396322077,0.004645304244418717,62454375.0
2020-09-25 00:00:00-04:00,257.25533405674236,263.53409221843475,255.6977199596859,262.721435546875,55242400,261.9009841918945,268.89469985961915,264.767548828125,47.76867463229426,-2.4329513158774603,-0.9048527985865442,-1.528098517290916,290.9524111776193,246.836988541619,268.89469985961915,7.341665462867764,0.023249025109898014,0.022982883650999427,62742360.0
2020-09-28 00:00:00-04:00,267.5779806195505,268.1778259277344,262.82781516039273,268.1778259277344,58438300,262.09834747314454,268.153150177002,265.1115744018555,52.45378109943192,-1.8215288751016487,-1.0881880138895652,-0.7333408612120835,289.2387886878754,247.06751166612858,268.153150177002,7.207002957010022,0.020768729317809376,0.020555999633892194,64263225.0
2020-09-29 00:00:00-04:00,267.61662126078664,268.6711406096477,266.40730601792336,266.96844482421875,27050000,261.7974594116211,267.2374549865723,265.2890036010742,51.35425069658703,-1.4182108813257628,-1.1541925873768049,-0.2640182939489579,286.80398196738827,247.6709280057563,267.2374549865723,6.853919502346757,-0.004509623789110462,-0.004519822816538758,63799675.0
2020-09-30 00:00:00-04:00,267.16193933155176,271.9411559229648,266.89105387603564,268.79693603515625,49380800,262.10994720458984,266.16938095092775,265.55679290771485,52.959765459706254,-0.9401965060553721,-1.1113933711125183,0.17119686505714626,282.71320602623945,249.62555587561604,266.16938095092775,6.725075398388358,0.006849091143117825,0.006825742668301679,64457905.0
2020-10-01 00:00:00-04:00,272.6184871333979,273.67300696591815,270.73194267954165,273.0635070800781,50020200,263.26412811279295,265.1772605895996,265.89191802978513,56.56229128380486,-0.2146160830314443,-0.9320379134963036,0.7174218304648593,276.8519463976959,253.5025747815033,265.1772605895996,6.593003650700753,0.015872841066774113,0.01574818489323013,64417075.0
2020-10-02 00:00:00-04:00,267.0361710905202,273.0537255295672,264.5401571670915,265.3818359375,75497400,263.9839096069336,264.54358139038084,266.20730560302735,49.249240723098,-0.25647850846871734,-0.7969260324907863,0.540447524022069,274.6198437958949,254.4673189848668,264.54358139038084,6.730885526578318,-0.028131445408871136,-0.028534715568486895,62687780.0
2020-10-05 00:00:00-04:00,267.34576795889916,271.36068914288785,267.23936237640163,271.04144287109375,28184600,265.20773162841795,264.37814407348634,266.68329162597655,53.97114320028647,0.16512474275418754,-0.6045158774417916,0.7696406201959791,273.8982341688803,254.85805397809239,264.37814407348634,6.67716893220757,0.02132627846815649,0.02110205568130954,57899060.0
2020-10-06 00:00:00-04:00,270.35457197829317,272.0379296255004,265.3238079306884,266.2041931152344,49704200,265.46700897216795,264.6301628112793,266.9742999267578,49.71371247458507,0.10768144346991448,-0.4620764132594504,0.5697578567293649,274.0630083368308,255.19731728572782,264.6301628112793,6.679808415250742,-0.017846900845196356,-0.018008077326706402,55405840.0
2020-10-07 00:00:00-04:00,268.84527752476396,271.6024923829858,268.25511639270206,270.8092041015625,27539700,266.9917022705078,264.7288368225098,267.4214541625977,53.47622345984724,0.4288001743535119,-0.28390109573685796,0.7127012700903699,274.3744778040584,255.08319584096117,264.7288368225098,6.58827204757222,0.017298792075505443,0.017150871434088038,53540930.0
2020-10-08 00:00:00-04:00,273.20853129560163,273.2762600443379,271.1865594746759,272.2507629394531,25443300,268.54155883789065,265.1675743103027,267.8401672363281,54.620868338278626,0.79049845856008,-0.06902118487747036,0.8595196434375504,275.3297782395621,255.00537038104332,265.1675743103027,6.293899468658162,0.005323153039325845,0.005309035139186029,51329720.0
2020-10-09 00:00:00-04:00,273.89544539449054,276.4882403653257,273.50847032437207,276.41082763671875,30201100,269.910498046875,265.90574111938474,268.31576568603515,57.84420375620918,1.3967287886056852,0.22412880981916078,1.1725999787865244,277.03654433202826,254.77493790674123,265.90574111938474,6.147012179887761,0.015280268280426501,0.015164700762533526,49249325.0
2020-10-12 00:00:00-04:00,281.0932848969225,287.7783845687081,280.0484492886036,284.9437561035156,79370700,271.58709106445315,266.8427192687988,268.87185760498045,63.56152067861872,2.536467884555634,0.6865966247664554,1.8498712597891787,280.72992403207314,252.95551450552452,266.8427192687988,6.519908233609301,0.030870456630633702,0.030403548867511142,51291600.0
2020-10-13 00:00:00-04:00,286.7432121833182,287.3817047440142,283.5699401763076,284.9340515136719,64240000,273.38365173339844,267.59055557250974,269.35829010009763,63.550964156128366,3.3997460934798482,1.229226518509134,2.1705195749707142,283.5314316117483,251.64967953327115,267.59055557250974,6.326469400330535,-3.405791366151156e-05,-3.4058493645421786e-05,52411105.0
2020-10-14 00:00:00-04:00,285.7370339017028,286.70448617188,280.81270538941675,282.5541076660156,36949100,274.7593688964844,268.4346580505371,269.77777801513673,60.880545565703976,3.847507048881141,1.7528826245835356,2.0946244242976055,285.61915526952856,251.25016083154566,268.4346580505371,6.295420213340014,-0.008352612946796456,-0.008387691486529125,52142510.0
2020-10-15 00:00:00-04:00,277.85235281088177,281.2480908016036,277.2138306570293,280.657958984375,42514200,275.51881408691406,269.3914710998535,270.14637603759763,58.76197024331673,4.003210956157204,2.2029482908982696,1.8002626652589346,287.0541151157001,251.7288270840069,269.3914710998535,6.227195698743323,-0.006710745411926178,-0.006733363711141831,50189680.0
2020-10-16 00:00:00-04:00,282.30264868072373,283.72480514243966,278.7714526980252,279.1197509765625,40570700,276.8926055908203,270.43825759887693,270.4147482299805,57.028235428260594,3.9568745073182754,2.553733534182271,1.4031409731360043,287.7989155368305,253.07759966092334,270.43825759887693,6.136206894862689,-0.005480721136072009,-0.0054957953919157415,47905660.0
2020-10-19 00:00:00-04:00,281.03518493673175,281.9929827076355,273.5858205839051,274.56292724609375,36756800,277.2447540283203,271.22624282836915,270.6533206176758,52.12209443468564,3.511971128648497,2.7453810530755165,0.7665900755729806,287.8164969996452,254.63598865709312,271.22624282836915,6.298417982638955,-0.01632569431050901,-0.01646042687217077,46885070.0
2020-10-20 00:00:00-04:00,275.29818809302145,278.2585893815985,273.74060426555394,275.153076171875,32195400,278.1396423339844,271.8033256530762,270.92614105224607,52.68975582376951,3.1704550496544357,2.830395852391301,0.3400591972631348,288.0941615070064,255.51248979914595,271.8033256530762,6.171244206453639,0.002149412273902085,0.002147105592089251,46438395.0
2020-10-21 00:00:00-04:00,275.4046648418176,277.96840758418205,274.45655093975563,274.9402770996094,29306100,278.55274963378906,272.77222595214846,271.29377227783203,52.448277454792084,2.8497795056503605,2.834272583043113,0.01550692260724773,287.2929003185789,258.251551585718,272.77222595214846,5.981287952023123,-0.0007733843111122907,-0.0007736835270411781,45461835.0
2020-10-22 00:00:00-04:00,275.77231246291046,276.6720656909763,271.68000744451007,274.9306335449219,32196200,278.82073669433595,273.68114776611327,271.5321548461914,52.436549068787954,2.565292576433933,2.780476581721277,-0.21518400528734416,286.21705257766183,261.1452429545647,273.68114776611327,5.910628687340487,-3.5075088994696024e-05,-3.5075704140014246e-05,43540060.0
2020-10-23 00:00:00-04:00,275.5014955446424,275.63695309470336,272.6088214110818,275.47247314453125,24658500,278.7269012451172,274.3186996459961,271.76937591552735,53.07153145826358,2.3563935250060126,2.6956599703782245,-0.33926644537221184,285.81399132487945,262.82340796711276,274.3186996459961,5.7047360442177055,0.0019708229404011846,0.001968883416757024,42010865.0
2020-10-26 00:00:00-04:00,273.18920721373644,276.0141516237852,267.7521295734599,271.34136962890625,38421100,277.3666625976563,274.4768768310547,271.93016632080077,47.828797663273875,1.8363259703615995,2.5237931703748995,-0.6874672000133,285.71397981610016,263.23977384600926,274.4768768310547,5.887399330368248,-0.014996429474307349,-0.015110012917437746,41010005.0
2020-10-27 00:00:00-04:00,272.3378347462262,274.28242340480193,271.0801585091617,273.4600830078125,30559100,276.2192657470703,274.80145874023435,272.07218780517576,50.528064995698024,1.5769530165174501,2.3344251396034097,-0.7574721230859596,285.5151198105217,264.087797669947,274.80145874023435,5.695604013601959,0.007808294701997953,0.007777967734556489,41185460.0
2020-10-28 00:00:00-04:00,268.9614025216654,269.5709021473069,262.54718954598843,262.7987365722656,53413500,274.2437286376953,274.50154876708984,271.94970855712893,39.4634833050858,0.5052918354106168,1.9685984787648514,-1.4633066433542345,286.1645226102465,262.8385749239332,274.50154876708984,6.0682675456178234,-0.03898684706843403,-0.03976718339211866,41387095.0
2020-10-29 00:00:00-04:00,264.1144573085174,270.39321279822263,263.6500696119746,267.3941345214844,43246300,272.91734619140624,274.2180801391602,271.95531768798827,45.04912062383628,0.026497392197200043,1.5801782614513211,-1.553680869254121,286.27598276304485,262.1601775152755,274.2180801391602,6.177282451356336,0.017486377633155303,0.017335250169468876,41048400.0
2020-10-30 00:00:00-04:00,265.4109841354035,266.28168570633875,258.3776132652089,260.6124267578125,65838300,271.0666137695313,273.97960968017577,271.75118743896485,39.28789719006853,-0.8899193566213057,1.0861587378367958,-1.9760780944581016,286.885905102033,261.07331425831853,273.97960968017577,6.380085223136276,-0.025362215875857186,-0.025689380471214555,40565445.0
2020-11-02 00:00:00-05:00,263.0019720549705,264.61760122108484,258.28079905882623,261.1928405761719,39987400,269.72960510253904,273.4871795654297,271.52112884521483,39.99518771104236,-1.5514673383436275,0.5586335226007113,-2.110100860944339,287.5077444552208,259.4666146756386,273.4871795654297,6.376993575930728,0.002227114898472493,0.002224638554140997,41155585.0
2020-11-03 00:00:00-05:00,263.1083357003649,267.8101695251323,262.0247937804703,265.7107849121094,43604100,268.7853759765625,273.46250915527344,271.3473733520508,45.33380988101499,-1.6916878061898046,0.10856925684260815,-1.8002570630324128,287.5358843633174,259.3891339472295,273.46250915527344,6.394160388289994,0.01729735135913857,0.017149455215570646,40850580.0
2020-11-04 00:00:00-05:00,274.3598282237641,279.3712246731452,272.69580888052,277.57177734375,75728200,269.04852600097655,273.80063781738284,271.36769134521484,56.3208784718247,-0.8360926191442672,-0.08036311835476694,-0.7557295007895003,287.9276253676421,259.67365026712355,273.80063781738284,6.913180343486125,0.04463873167799326,0.04367111433191699,43260005.0
2020-11-05 00:00:00-05:00,283.976264267521,285.7757408463834,282.49606347208106,284.80828857421875,52054200,270.0362915039062,274.4285140991211,271.41470977783206,61.41608938605799,0.4210451625287419,0.01991853782193484,0.40112662470680704,289.31972343060085,259.5373047676414,274.4285140991211,7.005379140568075,0.026070774556834486,0.025736725419040884,44590550.0
2020-11-06 00:00:00-05:00,284.1504169676631,285.7467074151123,280.3966971850102,285.0211181640625,40959800,270.99115600585935,274.8590286254883,271.483591003418,61.55811947092899,1.4181617945104676,0.2995671891596414,1.1185946053508262,290.4366241751021,259.2814330758745,274.8590286254883,6.887138504106219,0.0007472731601638749,0.000746994090594736,45128485.0
2020-11-09 00:00:00-05:00,287.9622932640596,289.40381787868023,278.74247011753397,279.1971740722656,86537100,271.7767364501953,274.57169952392576,271.40735809326173,55.53388292199533,1.718629008318544,0.583379552991422,1.1352494553271222,289.5968386773311,259.5465603705204,274.57169952392576,7.156724879609079,-0.020433377460980062,-0.020645027025419222,45486805.0
2020-11-10 00:00:00-05:00,275.88853806745396,277.33003334444834,271.48660995170195,274.19549560546875,69024900,271.85027770996095,274.03477172851564,271.18562103271483,50.92465656104627,1.5354579846536467,0.773795239323867,0.7616627453297797,288.2879916761286,259.78155178090265,274.03477172851564,7.19628482539155,-0.017914502478102667,-0.018076909731331154,45726050.0
2020-11-11 00:00:00-05:00,276.72049239154717,280.80314393393644,274.15674866187084,280.3291015625,36102900,273.6033142089844,273.9235214233398,270.9890347290039,55.77248579305631,1.8637403303813471,0.991784257535363,0.8719560728459841,287.94181921594026,259.9052236307394,273.9235214233398,7.157007000153983,0.022369462866219658,0.02212293610647727,45683740.0
2020-11-12 00:00:00-05:00,281.29653977049674,282.5639003701791,277.9007715476698,279.0133361816406,34414600,274.765234375,273.84129028320314,270.71118316650393,54.52810965524196,1.9947410514341186,1.1923756163151142,0.8023654351190044,287.71919856083855,259.9633820055677,273.84129028320314,6.978872844607934,-0.004693645338730623,-0.004704695081286413,45278760.0
2020-11-13 00:00:00-05:00,280.72566326802945,282.080090662229,278.5005051335633,281.4609069824219,24806900,276.85008239746094,273.9583480834961,270.7792929077148,56.473586421464866,2.269892665410339,1.4078790261341592,0.8620136392761797,288.0502184461683,259.8664777208239,273.9583480834961,6.736066607754916,0.008772235887634539,0.008733983370363687,44490570.0
2020-11-16 00:00:00-05:00,281.16103008634104,283.95698187620894,280.5515303107335,283.6570739746094,30168400,279.0965057373047,274.4130554199219,270.96543060302736,58.20163945712184,2.6347923775558684,1.6532616964185012,0.9815306811373672,289.1267812859485,259.69932955389527,274.4130554199219,6.498165533306383,0.0078027425397468875,0.007772458574159473,44161150.0
2020-11-17 00:00:00-05:00,283.8505502393088,284.1794805378679,282.1188020423801,282.75732421875,21843500,280.80115966796876,274.79326782226565,271.39730072021484,57.19970563402622,2.81888143215906,1.886385643566613,0.9324957885924468,289.95015804393546,259.63637760059584,274.79326782226565,6.181202173462201,-0.003171963044150683,-0.00317700438237581,43643555.0
2020-11-18 00:00:00-05:00,282.205908526477,283.82153768198714,280.58056587379644,280.6676330566406,28069600,281.1107452392578,275.0796356201172,271.6339389038086,54.83849672942965,2.7642877334359355,2.0619660615404776,0.7023216718954579,290.4517078995792,259.70756334065516,275.0796356201172,5.97118571879995,-0.007390405068668393,-0.007417849412357593,43581730.0
2020-11-19 00:00:00-05:00,280.11620794641226,283.1733614202111,279.44866335272445,282.86376953125,22718400,280.9162933349609,275.4762924194336,272.0216940307617,56.85426405919011,2.865203412086828,2.2226135316497477,0.6425898804370802,291.21749210449053,259.7350927343767,275.4762924194336,5.810722315134716,0.007824687338159109,0.0077942332316063775,43107840.0
2020-11-20 00:00:00-05:00,282.78638652338,283.53134392977177,280.8418268508536,280.92889404296875,25907300,280.50707092285154,275.74911346435545,272.40732208251956,54.544327842959355,2.757267469946555,2.329544319309109,0.4277231506374459,291.668718114291,259.8295088144199,275.74911346435545,5.587779083976392,-0.006840308645704729,-0.00686381079283193,43170280.0
2020-11-23 00:00:00-05:00,281.92523661632214,283.2216189637959,278.69394995483447,280.9384460449219,26875600,280.6811981201172,276.2289672851563,272.70200714111326,54.554144357030836,2.6420424046654603,2.3920439363803796,0.24999846828508065,292.16675153628285,260.2911830340297,276.2289672851563,5.512056935761038,3.400149345855752e-05,3.400091542088154e-05,42593005.0
2020-11-24 00:00:00-05:00,282.0027532837775,285.3791829864817,280.203305591641,284.8857727050781,24516800,281.75022583007814,276.80025177001954,273.00017608642577,58.53891409451859,2.836544068236435,2.480943962751591,0.35560010548484433,293.1147304614239,260.4857730786152,276.80025177001954,5.4880441114095815,0.014050503644933876,0.013952710284646626,42290890.0
2020-11-25 00:00:00-05:00,285.9498968865568,287.27530187619476,285.00178295908097,286.63677978515625,23326800,282.38099365234376,277.9921539306641,273.41947052001956,60.2057718831383,3.0962875994365504,2.6040126900885827,0.4922749093479677,293.50417066099334,262.4801372003348,277.9921539306641,5.266721615674371,0.006146347932547647,0.006127536179129147,40786555.0
2020-11-27 00:00:00-05:00,288.6007560520518,290.4002330742638,288.20409697982063,289.2779846191406,17163100,283.40745849609374,279.0863464355469,273.9745962524414,62.645279783010174,3.4751994399888986,2.778250040068646,0.6969493999202525,294.54092588234414,263.63176698874963,279.0863464355469,5.159345306633882,0.009214465903377933,0.009172271712333578,39482395.0
2020-11-30 00:00:00-05:00,289.59721751794035,290.20671729517454,285.1856366366247,289.86810302734375,27836200,284.24817810058596,280.54913024902345,274.60827789306643,63.18826769450326,3.779539251446465,2.9785078823442097,0.8010313691022555,294.16078677299447,266.9374737250524,280.54913024902345,5.149469260342166,0.0020399699928084214,0.0020378920794633455,37582290.0
2020-12-01 00:00:00-05:00,292.1416350933177,295.20847253512443,291.0387250622598,293.5831298828125,27521300,285.24078369140625,282.1686447143555,275.30387603759766,66.49058636648456,4.271265869959848,3.2370594798673373,1.0342063900925105,293.73712448586116,270.6001649428498,282.1686447143555,5.16310499230206,0.012816266490412342,0.012734833189554325,36958985.0
2020-12-02 00:00:00-05:00,292.41251930762814,294.29906349998095,290.5743654550554,293.96044921875,23620000,286.36109619140626,283.5811279296875,275.91085662841795,66.81619112673204,4.637945921291987,3.5172367681522676,1.1207091531397193,293.55541435675826,273.60684150261676,283.5811279296875,5.060361638918025,0.0012852214501839487,0.0012843962600549723,35959780.0
2020-12-03 00:00:00-05:00,294.27002872688513,295.92436417217755,293.6508449787604,294.3764343261719,22828700,287.7319763183594,284.4213607788086,276.6871398925781,67.19465284764706,4.905560774394473,3.7949015694007087,1.1106592049937647,295.0396324796143,273.8030890780029,284.4213607788086,4.86130146423939,0.0014151057005369339,0.0014141053820581394,33314805.0
2020-12-04 00:00:00-05:00,294.42477907433585,295.72119128569506,293.74758010162014,295.5760498046875,19332100,289.0032043457031,284.95974884033205,277.4636169433594,68.31685968020516,5.155022526257881,4.066925760772143,1.0880967654857372,296.640661558181,273.2788361224831,284.95974884033205,4.65503787279907,0.0040751070351863206,0.004066826275543663,31678700.0
2020-12-07 00:00:00-05:00,295.7599315959339,297.6174536132783,295.57611323656033,297.24981689453125,20851000,290.6352966308594,285.5711837768555,278.1541845703125,69.86576912830236,5.425242954101293,4.3385891994379735,1.0866537546633195,298.4225149340621,272.71985261964886,285.5711837768555,4.4683497253556235,0.005662729070740946,0.005646756092538854,30673260.0
2020-12-08 00:00:00-05:00,296.775719360828,298.5558283040243,295.02463280980265,298.25592041015625,18341500,292.36704406738284,286.52412109375,278.75574645996096,70.79016755871571,5.655386954893402,4.6019487505290595,1.0534382043643422,300.14686909629586,272.90137309120416,286.52412109375,4.401410137417484,0.0033847069314831835,0.0033789917035938533,27263480.0
2020-12-09 00:00:00-05:00,298.0431011941414,298.3236411639306,290.43890912941885,291.50311279296875,48839300,293.0287780761719,287.389501953125,279.24643981933593,57.94253823166823,5.232564844115643,4.728071969246376,0.5044928748692667,299.9251629806054,274.85384092564453,287.389501953125,4.6502188443527865,-0.02264098431944339,-0.02290122700749481,26254200.0
2020-12-10 00:00:00-05:00,289.471410606944,293.7959238107952,288.3878686942274,292.6736755371094,27519500,293.63246765136716,288.0067306518555,279.723974609375,59.32075627672217,4.93504181561309,4.769465938519719,0.16557587709337085,300.3044361161969,275.7090251875141,288.0067306518555,4.70435000665386,0.004015609757731742,0.004007568716137173,25825030.0
2020-12-11 00:00:00-05:00,291.01935393302256,292.15128623113674,288.75551886109844,292.0255126953125,26760400,293.9072204589844,288.65733947753904,280.1032147216797,58.18378123738976,4.593994637063304,4.734371678228436,-0.1403770411651326,300.3446952655112,276.9699836895669,288.65733947753904,4.648193340179366,-0.002214626377337714,-0.0022170822889543804,25442320.0
2020-12-14 00:00:00-05:00,293.21548096516074,296.0888159756463,293.14778173088405,294.1442565917969,28804800,294.3348358154297,289.2915069580078,280.67846313476565,60.82686882967654,4.443455823536624,4.676188507290075,-0.2327326837534507,300.72169223620426,277.86132167981134,289.2915069580078,4.606415478761825,0.007255338333041372,0.007229144983978402,25642215.0
2020-12-15 00:00:00-05:00,296.39841338827165,297.2884826660156,294.211961322308,297.2884826660156,25709000,294.70537109375,289.97307739257815,281.2034039306641,64.4208992434433,4.525696088676568,4.646090023567374,-0.12039393489080563,301.60200423690856,278.34415054824774,289.97307739257815,4.501973378437319,0.010689401556400968,0.010632673802676585,25419245.0
2020-12-16 00:00:00-05:00,297.6851239868555,299.70709601901274,296.6402588307185,298.9234619140625,25461900,295.20167236328126,290.78138427734376,281.8577893066406,66.15955152331429,4.668980155639815,4.650668049981863,0.018312105657952493,302.5383803781474,279.0243881765401,290.78138427734376,4.399463650569957,0.005499638712488153,0.005484570919205434,25600165.0
2020-12-17 00:00:00-05:00,300.5197024144041,301.1098341255949,299.3200710511308,300.8776550292969,23730500,295.85179443359374,291.79188537597656,282.4591583251953,68.16218269081271,4.883922050280489,4.697318850041588,0.18660320023890087,303.37082536638377,280.21294538556936,291.79188537597656,4.241385690638702,0.006537436381611972,0.006516160022610568,25383210.0
2020-12-18 00:00:00-05:00,301.5162219990141,301.8258138564122,297.5980220193117,299.9682922363281,41173400,296.2910186767578,292.6471115112305,283.0135089111328,66.1989562772322,4.924124826981142,4.742680045429499,0.1814447815516429,303.98618905984944,281.30803396261155,292.6471115112305,4.240414701100258,-0.003022367323622599,-0.0030269438994638556,26305960.0
2020-12-21 00:00:00-05:00,297.0228063689803,299.94012534278517,294.2508919299636,299.4070739746094,37095500,296.5067443847656,293.5710205078125,283.47343383789064,64.95552357790382,4.85473779836758,4.765091596017116,0.0896462023504645,303.90718723887363,283.2348537767513,293.5710205078125,4.3459136729048495,-0.0018709252819181232,-0.0018726776486626608,26865370.0
2020-12-22 00:00:00-05:00,300.3084774298646,301.14198037145707,297.40085950331013,300.22125244140625,26176300,296.7032775878906,294.53516082763673,283.77898376464844,65.95460754107725,4.809998804088707,4.774073037631434,0.03592576645727252,303.4820488848929,285.58827277038057,294.53516082763673,4.302714186850713,0.0027193027071428233,0.002715612092621041,26830405.0
2020-12-23 00:00:00-05:00,300.2697276304532,300.62832914085624,298.5542435491377,298.7093200683594,21201300,297.4238983154297,295.2263381958008,284.0544891357422,62.39711219939743,4.599522094435258,4.7391628489921995,-0.13964075455694136,303.16349663805516,287.2891797535464,295.2263381958008,4.143526430055557,-0.005036060441263923,-0.00504878412980021,26664630.0
2020-12-24 00:00:00-05:00,298.97100421239367,300.4732618230106,298.89348073931967,300.0274353027344,16785000,298.1592742919922,295.8958709716797,284.4039556884766,64.20958552691911,4.487351276857112,4.688800534565182,-0.2014492577080702,303.0414564294019,288.7502855139575,295.8958709716797,3.973556096098105,0.004412702067927876,0.004402994644991308,26337540.0
2020-12-28 00:00:00-05:00,302.6346095530133,303.52629219348063,300.8027957974349,303.0513610839844,22497700,299.26185913085936,296.58453979492185,284.85182373046877,68.01811181374157,4.589555100029713,4.668951447658088,-0.079396347628375,303.7009473391551,289.4681322506886,296.58453979492185,3.939649010001544,0.010078830884911572,0.010028378188496135,26604270.0
2020-12-29 00:00:00-05:00,304.3791544556446,304.9994605378058,302.4213688422395,303.3227233886719,25871900,300.17970581054686,297.2572708129883,285.33588317871096,68.34365905479824,4.638973833658213,4.662955924858114,-0.023982091199901134,304.2495170402736,290.265024585703,297.2572708129883,3.842394916113316,0.0008954333803909975,0.0008950327190808071,26506055.0
2020-12-30 00:00:00-05:00,304.48569367886057,304.80551857442265,302.71203052457645,303.33233642578125,18138100,300.7840911865234,297.7447311401367,285.91127136230466,68.35594752435021,4.625593267995157,4.655483393485523,-0.029890125490365627,304.9988650750596,290.4905972052138,297.7447311401367,3.7174729970942364,3.169243966283375e-05,3.169193746807835e-05,26036895.0
2020-12-31 00:00:00-05:00,303.2354394143684,304.5632467395812,302.15963508324836,304.0786437988281,21611400,301.299609375,298.2506408691406,286.4897827148437,69.3506654168607,4.621931096530716,4.648772934094561,-0.02684183756384506,305.784445519626,290.71683621865526,298.2506408691406,3.6236257584684215,0.002460362063078314,0.0024573403276981175,25936465.0
2021-01-04 00:00:00-05:00,305.4065090807964,305.5809886517187,295.7822999497379,299.7851257324219,45305900,301.1903564453125,298.5210754394531,286.9866796875,58.045941957272596,4.22388742872954,4.5637958330215564,-0.3399084042920162,305.86510066925763,291.1770502096486,298.5210754394531,4.064701683005023,-0.014119761956208787,-0.014220394186892022,27060325.0
2021-01-05 00:00:00-05:00,298.7965485946262,302.52799789208564,298.7965485946262,302.256591796875,29323400,301.4191864013672,298.8551025390625,287.53319885253904,61.89631114204995,4.061048373015694,4.463246341020384,-0.4021979680046899,306.24053356618197,291.46967151194303,298.8551025390625,4.040897941180339,0.008244125049283069,0.008210327875398682,27559890.0
2021-01-06 00:00:00-05:00,297.54623109309864,302.27596093217613,296.5576516573513,298.0696105957031,52809600,301.2854400634766,298.8960922241211,287.9851416015625,53.01883311222989,3.5531839643371086,4.281233865683729,-0.7280499013466208,306.25448076766264,291.53770368057957,298.8960922241211,4.16071303644066,-0.013852406580385335,-0.01394924651524575,29157820.0
2021-01-07 00:00:00-05:00,300.7251473447085,306.1139287409391,300.6960723564408,305.2804260253906,30394800,301.791357421875,299.2473175048828,288.6639227294922,62.89027560630512,3.6900141175772774,4.162989916062439,-0.47297579848516147,307.1036795633209,291.3909554464447,299.2473175048828,4.438113401354612,0.02419171620775562,0.023903731952440128,29760485.0
2021-01-08 00:00:00-05:00,307.56778921465855,309.5546790076272,305.3773744694693,309.20574951171875,33955800,302.84100036621095,300.1324493408203,289.3788360595703,66.96006354849104,4.068297004437454,4.144051333737442,-0.07575432929998804,308.2827943401594,291.9821043414812,300.1324493408203,4.426409085703325,0.012858090960609525,0.01277612755658749,29016310.0
2021-01-11 00:00:00-05:00,306.249752108564,307.4224832000481,304.0884118717858,304.73779296875,32746400,303.3120361328125,300.7356552124023,290.2176171875,59.02519634102973,3.961891940806936,4.107619455151341,-0.14572751434440523,308.35719514666,293.11411527814465,300.7356552124023,4.475761125291155,-0.01444978481164827,-0.014555199665808339,29277655.0
2021-01-12 00:00:00-05:00,304.7764932248899,305.8619991509885,301.61690195667103,304.2531433105469,29266800,303.4322143554688,301.34703674316404,290.9547973632813,58.21927207784517,3.7947148733102836,4.04503853878313,-0.25032366547284646,307.972287639196,294.7217858471321,301.34703674316404,4.4592851302216046,-0.0015903825169883978,-0.001591648517725241,29402975.0
2021-01-13 00:00:00-05:00,304.5148243780855,307.10258773993957,303.91392141249594,306.307861328125,22898400,303.73072814941406,301.9552169799805,291.8687060546875,60.67103413261584,3.784400205040697,3.9929108720346433,-0.20851066699394627,308.0347206081001,295.8757133518609,301.9552169799805,4.368526644308892,0.006753317304205808,0.006730615806531495,29107655.0
2021-01-14 00:00:00-05:00,306.7537703794752,307.7520516086555,304.1950517467256,304.66998291015625,23500100,303.86449279785154,302.3242919921875,292.7382489013672,57.76129947619256,3.602534876557968,3.9148356729393083,-0.31230079638134045,308.11513026358466,296.53345372079036,302.3242919921875,4.310560445567536,-0.005347164159832718,-0.005361511409697489,28997210.0
2021-01-15 00:00:00-05:00,304.45670851288935,305.4162130604736,301.0160092062669,302.256591796875,35118700,303.6822875976562,302.49094848632814,293.4691650390625,53.6763586695767,3.2264720389201784,3.7771629461354825,-0.5506909072153041,308.06862703179434,296.91326994086194,302.49094848632814,4.316963546184617,-0.007921328810370332,-0.00795286920708253,29480050.0
2021-01-19 00:00:00-05:00,304.57289395582984,307.17035815644437,303.4776867725604,306.6663818359375,24537000,304.3704132080078,302.78038482666017,294.0510571289062,59.335369547758305,3.2468451232155644,3.671099381551499,-0.4242542583359348,308.58914630840826,296.9716233449121,302.78038482666017,4.359592318569242,0.014589557874807202,0.014484154233512259,29520375.0
2021-01-20 00:00:00-05:00,310.28170240566885,314.7400274838275,306.7634789932759,313.7998962402344,30728100,305.5247436523438,303.47196502685546,294.6308892822266,66.47095126747871,3.794861137485327,3.695851732738265,0.09900940474706221,310.85660656657075,296.08732348714017,303.47196502685546,4.624881842092152,0.02326148161917918,0.022995057064466265,28998110.0
2021-01-21 00:00:00-05:00,315.13729720135154,317.05633556018074,313.7610413662639,316.3100280761719,25130600,307.3487854003906,304.3171127319336,295.25666748046876,68.56146275450826,4.381210569908376,3.8329235001722872,0.5482870697360887,313.3356678720218,295.2985575918454,304.3171127319336,4.529911295793916,0.00799914807497526,0.007967324485104703,28399865.0
2021-01-22 00:00:00-05:00,315.2730158264072,316.4069702389645,314.7108598045734,315.3990173339844,21609400,308.36064453125,305.0760009765625,295.98070434570315,66.93041567144004,4.717999603684575,4.009938720874745,0.7080608828098303,315.08785390004044,295.0641480530846,305.0760009765625,4.32749694855086,-0.002880119696894723,-0.0028842752224876567,28171520.0
2021-01-25 00:00:00-05:00,318.78154709281154,320.14813109393396,311.5125021365133,318.00616455078125,39080600,309.2406860351563,306.0408432006836,296.8569177246094,69.18940049109179,5.136076834294386,4.2351663435586735,0.9009104907357122,317.07915909330956,295.0025273080576,306.0408432006836,4.63522066347013,0.008266186872852854,0.008232209066325633,29065485.0
2021-01-26 00:00:00-05:00,318.72337751962505,319.6053584694792,317.1435671137224,318.47137451171875,25498100,310.6140441894531,306.9630401611328,297.61976318359376,69.58859920622571,5.442210196079998,4.476575114062939,0.9656350820170587,318.8841993176684,295.04188100459726,306.9630401611328,4.479975712919179,0.0014628960466682717,0.0014618270566670948,29501140.0
2021-01-27 00:00:00-05:00,316.2132626065165,316.2229345567672,307.58730271866483,309.59356689453125,55264000,311.14808654785156,307.29015045166017,298.2313677978516,54.95536055939431,4.911837604699599,4.563627612190271,0.3482099925093278,319.1227206967625,295.45758020655785,307.29015045166017,4.937411147214518,-0.027876312685242044,-0.0282722322935086,31139455.0
2021-01-28 00:00:00-05:00,310.7953454119391,316.36828070768473,310.1750392860136,311.4253234863281,42836300,311.6598327636719,307.69528045654295,298.8306561279297,56.96611763760002,4.586451198779173,4.568192329508052,0.018258869271121192,319.5115841521644,295.8789767609215,307.69528045654295,5.068647051924444,0.005916649399956286,0.005899214765839657,31987675.0
2021-01-29 00:00:00-05:00,309.7388471809838,310.84375624229205,303.128884596821,304.8734436035156,55259000,311.6801788330078,307.7723358154297,299.25498352050784,48.608022808089366,3.756594494670935,4.405872762540628,-0.6492782678696933,319.49354647967994,296.05112515117946,307.7723358154297,5.299203611751777,-0.021038365825443606,-0.02126282600956169,33843720.0
2021-02-01 00:00:00-05:00,308.3141494244473,313.5769612169329,306.2885121515248,312.491455078125,35646000,312.7036651611328,308.1929763793945,299.8496661376953,56.584263079153246,3.671316288632738,4.25896146775905,-0.5876451791263122,319.95751507328004,296.428437685509,308.1929763793945,5.542368897585026,0.024987455071739495,0.024680373561074394,34545450.0
2021-02-02 00:00:00-05:00,315.45715072768695,318.74274338725553,315.29237270849,317.5893859863281,33930800,313.79596557617185,309.0831893920898,300.5881011962891,60.95183926957047,3.9693370681616216,4.201036587839565,-0.23169951967794322,320.86260219782577,297.3037765863539,309.0831893920898,5.593005998409704,0.01631382498740197,0.016182184323416247,33976695.0
2021-02-03 00:00:00-05:00,319.66350803277334,320.03181101989327,316.2712872660844,316.3294372558594,24824500,314.0489196777344,309.7868316650391,301.2574145507813,59.36238418647931,4.057085790796066,4.172246428430865,-0.11516063763479956,321.5322669881784,298.04139634189977,309.7868316650391,5.462114409509644,-0.003967225562516052,-0.00397511587720052,33751750.0
2021-02-04 00:00:00-05:00,317.7251251491448,320.1578121508223,316.40698957909655,320.0705871582031,22350900,314.4249755859375,310.8868804931641,302.0402484130859,62.49021290946622,4.378039502553634,4.2134050432554195,0.16463445929821408,322.1477549141009,299.62600607222726,310.8868804931641,5.345418729899163,0.01182675230859953,0.011757362839066981,32228815.0
2021-02-05 00:00:00-05:00,321.02048495711057,322.1641411965559,319.3825240811989,321.1561584472656,22732000,315.0006896972656,311.6806671142578,302.8446026611328,63.37121151230446,4.666205054738498,4.303965045552036,0.36224000918646215,323.47439644490953,299.8869377836061,311.6806671142578,5.162290043146151,0.0033916621289726834,0.003385923415165466,31845675.0
2021-02-08 00:00:00-05:00,322.84247833899906,323.46275470981385,321.204518067053,323.30767822265625,20462800,315.5308410644531,312.38576354980466,303.61304077148435,65.11977565077912,5.010430867680952,4.445258209977819,0.5651726577031333,325.149612562782,299.6219145368273,312.38576354980466,4.958311915960585,0.006699294778567788,0.0066769542250998855,31171025.0
2021-02-09 00:00:00-05:00,322.3773215906814,324.49988527206455,322.36762006497844,323.23992919921875,17597500,316.0076965332031,313.3108703613281,304.3451037597656,65.01452814600341,5.2176200483994535,4.599730577662147,0.6178894707373068,326.4012043052129,300.2205364174433,313.3108703613281,4.756451436755265,-0.00020954968904529636,-0.00020957164764905182,30413580.0
2021-02-10 00:00:00-05:00,324.67430786948563,325.1298358717487,319.35337640431305,322.5032958984375,28068700,317.2986694335938,314.22337799072267,305.0096099853516,63.80699190069317,5.261724926126249,4.732129447354967,0.5295954787712818,327.20481919165934,301.241936789786,314.22337799072267,4.829309153232435,-0.0022789056494540993,-0.00228150630678671,30353675.0
2021-02-11 00:00:00-05:00,324.0346150143386,324.68399602062,321.89267812835,324.27691650390625,22046100,318.5838287353516,315.12183074951173,305.6977862548828,65.4699489844984,5.377802756962524,4.861264109276478,0.5165386476860458,328.2737352782982,301.96992622072526,315.12183074951173,4.683738348877975,0.005499542572201532,0.005484475304759128,30311060.0
2021-02-12 00:00:00-05:00,323.43371103849927,326.25410391756105,322.38698162108943,326.08935546875,20346800,320.705419921875,316.1927993774414,306.34791076660156,67.13190032752004,5.552043450602753,4.9994199775417325,0.5526234730610202,329.2539552439138,303.131643510969,316.1927993774414,4.62540863084895,0.005589170466970161,0.005573609010544312,30153395.0
2021-02-16 00:00:00-05:00,326.8840742771446,327.77575674947775,324.04430799298007,325.2073669433594,27080800,321.9770111083984,317.3403381347656,306.97284912109376,65.48025914787877,5.5549276051261245,5.110521503058611,0.4444061020675134,329.28752697165993,305.3931492978713,317.3403381347656,4.561554354109574,-0.002704744913009427,-0.0027084093445915738,29751500.0
2021-02-17 00:00:00-05:00,322.231909705681,325.3236791131042,320.00274780804534,323.6469421386719,31360300,322.5827667236328,318.18936614990236,307.5582592773437,62.548242278641254,5.369404920061186,5.162298186459126,0.20710673360205956,329.37059636043927,307.00813593936545,318.18936614990236,4.615795564891667,-0.004798245560529657,-0.004809794097378915,30092665.0
2021-02-18 00:00:00-05:00,320.0609215270865,323.5888161354147,318.24848138527534,322.23193359375,32236200,323.1730163574219,318.6109680175781,308.091376953125,59.927738069791594,5.049984414844857,5.139835432136273,-0.08985101729141576,329.73409246944624,307.48784356570997,318.6109680175781,4.6717002212134435,-0.0043720745067802325,-0.004381659973646587,30168070.0
2021-02-19 00:00:00-05:00,323.57907939311684,323.70508089716884,319.80888368490145,320.8265380859375,39157700,323.2486114501953,318.83679351806643,308.56291137695314,57.357438849113954,4.630065181760472,5.037881382061114,-0.40781620030064225,329.9472747933233,307.72631224280957,318.83679351806643,4.616307149145868,-0.004361440817297613,-0.004370979645760236,30869425.0
2021-02-22 00:00:00-05:00,316.44577744580255,317.70573348811814,312.30727823258223,312.51080322265625,47256900,322.3840759277344,318.6923828125,308.84800903320314,45.04622318498512,3.5849408911703335,4.747293283882959,-1.1623523927126254,330.0501707126794,307.3345949123206,318.6923828125,4.895089485160825,-0.02591972257935149,-0.026261558386230562,32151800.0
2021-02-23 00:00:00-05:00,307.2382692011406,313.2473575907754,301.4230338219392,311.580322265625,97241900,321.2113403320312,318.3710906982422,309.24955322265623,43.910503523104836,2.6510308903901887,4.328040805184405,-1.6770099147942163,330.14430323512715,306.59787816135724,318.3710906982422,5.390034791137635,-0.0029774361316025066,-0.0029818775127046625,35059865.0
2021-02-24 00:00:00-05:00,308.92473819569517,314.458926239365,306.23034646139433,314.1487731933594,58206300,320.30222473144534,318.1549606323242,309.67905517578123,47.82121008342921,2.094014514892933,3.881235547126111,-1.7872210322331776,330.07071769055807,306.23920357409037,318.1549606323242,5.59278800448285,0.008243302751143489,0.008209512300624208,36695275.0
2021-02-25 00:00:00-05:00,311.4931473273802,314.05183592483166,301.6556822348677,303.19671630859375,110182600,318.37156677246094,317.83511810302736,309.90247924804686,36.22348073025034,0.7600739049364051,3.25700321868817,-2.4969293137517647,330.937270269738,304.7329659363167,317.83511810302736,6.085666786912052,-0.034862644133340615,-0.03548485008654096,39441205.0
2021-02-26 00:00:00-05:00,306.1236728286578,309.2832637783893,301.30671858378145,304.4663391113281,104739800,316.3905090332031,317.48716888427737,310.1089208984375,38.09771047852242,-0.19241761894170395,2.5671190511621953,-2.7595366701038992,331.5836178592658,303.3907199092889,317.48716888427737,6.220729530318896,0.004187455649889538,0.0041787126562470005,42536380.0
2021-03-01 00:00:00-05:00,309.43841929948087,313.9646247773267,308.149388207386,313.6253967285156,49164500,315.1441131591797,317.92476654052734,310.4356591796875,49.60364505743563,-0.20584179361259203,2.012526882207238,-2.21836867581983,330.928817855957,304.9207152250977,317.92476654052734,6.454840682867446,0.030082332398125855,0.029638733414075597,42231655.0
2021-03-02 00:00:00-05:00,314.2650142605463,314.3425377185994,308.3431803865586,308.59515380859375,48370000,313.48289184570314,317.7299514770508,310.6290930175781,44.69056455843034,-0.6152864734355603,1.4869642110786787,-2.102250684514239,331.1634059484284,304.2964970056732,317.7299514770508,6.4223061578084,-0.01603901652223727,-0.01616903365323582,42867855.0
2021-03-03 00:00:00-05:00,307.5000180197119,308.44014914832144,299.5816205062757,299.6397705078125,86301100,311.08217468261716,316.832470703125,310.6043353271484,37.5583182879594,-1.6434542041462237,0.8608805280336982,-2.504334732179922,332.4107501281717,301.25419127807834,316.832470703125,6.607393810987659,-0.029019844253081906,-0.029449247823523175,45486370.0
2021-03-04 00:00:00-05:00,299.27150436710195,302.4311262035778,290.8684731744773,294.7356262207031,139131600,308.3325439453125,315.7527801513672,310.49968200683594,34.32747364126574,-2.821483688955084,0.12440768463594187,-2.9458913735910257,334.0728064008262,297.43275390190814,315.7527801513672,6.9613408979957185,-0.016366800304238982,-0.01650221596068228,51201725.0
2021-03-05 00:00:00-05:00,297.35241783993,300.075884598136,288.29036452231725,299.1745300292969,121523700,306.16734313964844,314.7079772949219,310.4950311279297,39.408147812057784,-3.3581870135305394,-0.5721112549973544,-2.786075758533185,334.26547953058207,295.1504750592617,314.7079772949219,7.305925124983077,0.015060628623394967,0.014948343343714586,56160365.0
2021-03-08 00:00:00-05:00,298.63171026100616,300.51197202969576,290.2868618525755,290.70361328125,88409800,303.9866241455078,313.1853500366211,310.30467834472654,34.00206948232777,-4.416153780338107,-1.340919760065505,-3.0752340202726014,335.09763903007087,291.27306104317137,313.1853500366211,7.514438342992875,-0.02831429783550543,-0.02872287849374428,59444255.0
2021-03-09 00:00:00-05:00,298.00179819545,304.06903779434106,297.46874667614884,302.16937255859375,80391100,303.0455291748047,312.128434753418,310.37387939453123,45.00010800607611,-4.280071119326976,-1.9287500319177995,-2.351321087409177,334.0249681696259,290.2319013372101,312.128434753418,7.9323659265713165,0.03944140613846048,0.03868345937606335,62440670.0
2021-03-10 00:00:00-05:00,306.4241070640814,306.72455849368623,300.61857382891435,301.30670166015625,76798100,301.7613220214844,311.03177337646486,310.3994647216797,44.40059212456461,-4.193494962349405,-2.3816990180041206,-1.8117959443452842,332.78898897517723,289.2745577777525,311.03177337646486,7.801910122157071,-0.002854925008226039,-0.0028590080797209635,65400700.0
2021-03-11 00:00:00-05:00,306.0462512596568,310.0103013290982,305.15459806058067,308.2463684082031,53484800,302.2662872314453,310.3189270019531,310.50336486816406,50.153648895111395,-3.5242838741341984,-2.610215989230136,-0.9140678849040622,331.4512804243066,289.1865735795996,310.3189270019531,7.866316518355989,0.023031903073547078,0.022770672283366246,66671505.0
2021-03-12 00:00:00-05:00,304.1949312418109,308.4303856148921,301.80102120780384,305.74566650390625,69315600,302.39421997070315,309.3923645019531,310.55182373046875,48.217489617975005,-3.1592966050874907,-2.7200321124016074,-0.4392644926858833,329.6002871322213,289.18444187168495,309.3923645019531,7.777962796122579,-0.008112672720884229,-0.008145759519975846,69034980.0
2021-03-15 00:00:00-04:00,306.0655674633329,309.1767104053718,304.42760697615097,309.0119323730469,42955700,301.93287353515626,308.53849334716796,310.66541564941406,50.88453903011789,-2.576777716927552,-2.6913812333067964,0.11460351637924449,327.2391563698228,289.8378303245131,308.53849334716796,7.56161569848674,0.010682950657941337,0.010626291110786508,70165425.0
2021-03-16 00:00:00-04:00,311.2023734081659,314.2166196657638,309.2736627941333,310.70806884765625,54925900,302.1441650390625,307.8135284423828,310.7980041503906,52.25961847624253,-1.9557189522531075,-2.5442487770960587,0.5885298248429511,324.9302934174449,290.6967634673207,307.8135284423828,7.393263669503183,0.005488902844572818,0.005473893714742475,71557680.0
2021-03-17 00:00:00-04:00,307.6744173190195,313.87732901291446,305.9589039878514,311.98736572265625,78258700,303.37892456054686,307.23054962158204,311.0420489501953,53.321130993787,-1.344794882183237,-2.3043579981134945,0.9595631159302576,322.88203426880887,291.5790649743552,307.23054962158204,7.430775194900318,0.0041173596802446255,0.004108906549984337,73902600.0
2021-03-18 00:00:00-04:00,307.1122199768316,308.0911272451094,301.97544135458696,302.43096923828125,82718100,304.14845886230466,306.2405014038086,311.04553649902346,45.230567422898254,-1.613158992623653,-2.166118197015526,0.5529592043918732,320.40549628285396,292.0755065247632,306.2405014038086,7.615142992983816,-0.030630716286345505,-0.031109641946962096,76426695.0
2021-03-19 00:00:00-04:00,302.2661906055746,305.0381344134801,300.12425419342844,303.4971008300781,78446200,304.5807159423828,305.3740295410156,311.1540863037109,46.21112526442052,-1.719984661655758,-2.0768914899435726,0.3569068282878147,317.8879714495607,292.8600876324705,305.3740295410156,7.422195652060092,0.003525206411506332,0.003519007435559268,78391120.0
2021-03-22 00:00:00-04:00,305.88929446999254,311.25577228121415,305.88929446999254,309.1887512207031,56194800,306.4292297363281,305.20792694091796,311.2322528076172,51.23097938062492,-1.330044232595128,-1.9275220384738838,0.5974778058787558,317.423167191421,292.9926866904149,305.20792694091796,7.446229637708372,0.018753557694811906,0.01857987778260393,78838015.0
2021-03-23 00:00:00-04:00,310.2756328272574,311.5954035747394,307.0246860032887,307.83984375,53455400,306.99627685546875,305.0209030151367,311.20493469238284,50.03908807650715,-1.1169833045542532,-1.7654142916899578,0.6484309871357046,316.95137221652885,293.09043381374454,305.0209030151367,7.240835918689967,-0.004362731391027386,-0.004372275873748103,76648690.0
2021-03-24 00:00:00-04:00,309.20815794592994,309.24698344349076,302.50248217460296,302.6480407714844,64803700,307.1304107666016,304.445866394043,311.1631396484375,45.63808074578429,-1.3514869939245386,-1.682628832136874,0.33114183821233545,315.6474698127659,293.24426297532005,304.445866394043,7.205383443704099,-0.016865272913573648,-0.017009111170045856,76978560.0
2021-03-25 00:00:00-04:00,300.8042221864616,303.6378911365038,298.3005255349611,302.1239929199219,78729000,306.51817321777344,304.39223022460936,311.120556640625,45.205890304536204,-1.561617781516759,-1.6584266220128512,0.09680884049609229,315.62746746707245,293.1569929821463,304.39223022460936,7.07195359783543,-0.0017315421908122852,-0.0017330430427674479,75405880.0
2021-03-26 00:00:00-04:00,301.91052690579824,306.9761737612359,300.513134656362,306.65594482421875,63519600,306.6092010498047,304.50171051025393,311.12751831054686,49.64681831771113,-1.3469307220908036,-1.5961274420284417,0.24919671993763814,315.78029173729345,293.2231292832144,304.50171051025393,7.0284597054810325,0.015000304545485399,0.014888912538518841,73344870.0
2021-03-29 00:00:00-04:00,306.12218344931506,307.61662446358594,303.2302911223653,306.5685729980469,54608000,306.3648651123047,304.1488693237305,311.16549011230467,49.563417193591455,-1.1703488044335018,-1.510971714509454,0.34062291007595213,314.68046279053925,293.6172758569217,304.1488693237305,6.839736393748146,-0.00028491809027852977,-0.0002849586871489854,73617045.0
2021-03-30 00:00:00-04:00,304.6083568774266,305.59818504330696,302.32783993060514,305.025634765625,44635700,305.79662170410154,303.970393371582,311.2208709716797,48.02899184490195,-1.1417472315968666,-1.4371268179269365,0.2953795863300699,314.3138406050773,293.62694613808674,303.970393371582,6.654093299011975,-0.005032930209815434,-0.005045638059475374,73430330.0
2021-03-31 00:00:00-04:00,306.81118082295455,311.2557376046905,306.47152436840304,309.693359375,55032500,305.5672210693359,304.4730728149414,311.28141052246093,52.7906071555698,-0.7339731275542931,-1.296496079852408,0.5625229522981148,314.90263480376007,294.04351082612277,304.4730728149414,6.623808266158656,0.015302728942639732,0.015186823140436682,71866900.0
2021-04-01 00:00:00-04:00,313.5168281402014,315.1083179450452,313.2645068625954,314.97247314453125,55685600,306.8213714599609,305.4849151611328,311.3048620605469,57.5299332093688,0.014998258966556932,-1.0341972120886151,1.049195471055172,315.865877147649,295.1039531746166,305.4849151611328,6.537461859293409,0.017046260792240364,0.016902603536558855,67694600.0
2021-04-05 00:00:00-04:00,317.45682510719115,322.0275428991795,317.2142175655649,321.2608947753906,42172500,308.5977508544922,306.5892333984375,311.40387939453126,62.37529876637578,1.103268754469184,-0.6067040187770554,1.7099727732462393,318.61829866320323,294.56016813367177,306.5892333984375,6.574433851818753,0.019964987949832036,0.019768301167664547,63727040.0
2021-04-06 00:00:00-04:00,320.950445582608,322.988325658895,320.261418699871,321.03778076171875,33537200,309.78265380859375,308.10594177246094,311.51665466308594,62.1045683626203,1.9255312013709727,-0.10025697474744977,2.0257881761184224,319.3655293695684,296.8463541753535,308.10594177246094,6.299610502333414,-0.0006944947776101884,-0.0006947360508233775,60983410.0
2021-04-07 00:00:00-04:00,320.56213235546545,322.6485805702944,319.6305278375827,321.8139953613281,32046400,311.18006896972656,309.08817291259766,311.5928112792969,62.710949053791424,2.60973079362617,0.44174057892727414,2.1679902146988956,321.4757786796198,296.7005671455755,309.08817291259766,6.065213518789009,0.0024178294460162064,0.0024149111993364853,58566175.0
2021-04-08 00:00:00-04:00,324.6671093943618,325.35610651026633,323.8713495618083,325.1717224121094,29940800,313.43243713378905,310.2814239501953,311.7268182373047,65.29775772978616,3.383896953505257,1.0301718538428708,2.353725099662386,323.97022369357603,296.59262420681455,310.2814239501953,5.884991920942523,0.010433750859751179,0.010379694959989434,56223310.0
2021-04-09 00:00:00-04:00,323.8131550209015,327.3455353059194,323.0756481776321,327.1417236328125,36664900,315.9342102050781,311.22619171142577,312.0777813720703,66.75494646254185,4.109025558440862,1.6459425947624693,2.463082963678393,326.71291327505793,295.7394701477936,311.22619171142577,5.76962729289572,0.006058341131540468,0.006040063168513882,55382315.0
2021-04-12 00:00:00-04:00,326.10337642585216,327.13203008038977,324.83211521854287,326.7147521972656,25833000,317.9400909423828,312.27464599609374,312.3835699462891,66.10702422630305,4.596259358806208,2.236005947571217,2.3602534112349907,328.93037741551706,295.6189145766704,312.27464599609374,5.5224830872795705,-0.0013051573819612416,-0.0013060098416672,53208185.0
2021-04-13 00:00:00-04:00,328.2382729444184,330.9942909199149,328.0247771343008,330.52850341796875,30374000,320.336083984375,313.35047454833983,312.8966711425781,69.00118557071512,5.229847084860069,2.834774175028987,2.3950729098310815,331.7160772593612,294.98487183731845,313.35047454833983,5.4337013469488324,0.011673030357687741,0.011605426127707461,52579100.0
2021-04-14 00:00:00-04:00,330.7711113973542,330.8972720510287,325.74429049749494,326.5594482421875,42564300,322.4894653320313,314.1430435180664,313.1780310058594,62.9742632663156,5.350028541850122,3.3378250483932144,2.0122034934569077,333.33370886045435,294.95237817567846,314.1430435180664,5.413649933133471,-0.012008208474420745,-0.012080889441272925,51961020.0
2021-04-15 00:00:00-04:00,329.4318403295107,331.89674057518005,326.27794314501443,331.508544921875,36342800,324.6709838867188,315.11910247802734,313.4564141845703,66.86113456343494,5.778018551924504,3.8258637490994727,1.952154802825031,335.706807798433,294.5313971576217,315.11910247802734,5.428303325778624,0.015155270215967187,0.015041576376413106,49865225.0
2021-04-16 00:00:00-04:00,332.0326343573473,332.1102853455349,330.02383705423443,331.89678955078125,40860100,326.36341552734376,316.59239349365237,313.76776123046875,67.15245009157948,6.078463076631465,4.276383614605871,1.8020794620255938,337.55120253360764,295.6335844536971,316.59239349365237,5.189599394744471,0.0011711451630840308,0.0011704599075578034,47772325.0
2021-04-19 00:00:00-04:00,330.3247033543837,331.47948788337334,326.9378822962506,328.8593444824219,34533100,327.1232604980469,317.86050567626955,313.94353637695315,62.52176856835415,6.002280541229311,4.62156299993056,1.3807175412987513,338.564068694884,297.1569426576551,317.86050567626955,5.173121384729197,-0.009151775985753008,-0.009193910756607157,45576670.0
2021-04-20 00:00:00-04:00,328.19948056208375,329.4804258212704,324.49243037196,326.46240234375,38081800,327.66572265625,318.72418823242185,314.04966125488284,59.06066056334237,5.6829822526728435,4.833846850479016,0.8491354021938271,339.34971590137144,298.09866056347227,318.72418823242185,5.159898103627855,-0.007288654492832891,-0.007315346513353145,44671020.0
2021-04-21 00:00:00-04:00,325.18135417300726,329.44155568251085,324.0944774149588,329.2571716308594,36598100,328.4100402832031,319.79505462646483,314.16865112304686,61.72146124334501,5.591001003884571,4.985277681160127,0.6057233227244438,340.27236717423307,299.3177420786966,319.79505462646483,5.173268115336725,0.008560769225016696,0.008524333636922099,43828155.0
2021-04-22 00:00:00-04:00,328.8690360322553,329.84915019130574,324.1333329065431,325.28814697265625,45936100,328.4216827392578,320.92705993652345,314.2096154785156,56.14095233478183,5.138603460118247,5.015942836951751,0.12266062316649595,339.938250876787,301.9158689962599,320.92705993652345,5.212021627438576,-0.01205448202857351,-0.012127726508358827,42884775.0
2021-04-23 00:00:00-04:00,325.9190102176331,330.69351053391887,325.9190102176331,329.3834533691406,36381900,328.64585571289064,322.2900329589844,314.3472186279297,60.14507093786534,5.052292465033759,5.023212762568153,0.029079702465605983,339.54070399690664,305.03936192106215,322.2900329589844,5.225831765568865,0.012589780582532573,0.012511188247690846,40767420.0
2021-04-26 00:00:00-04:00,329.62598057447394,331.80944813703036,328.8787304993542,331.52801513671875,30812000,329.12718200683594,323.53363647460935,314.49224060058594,62.09654753880328,5.098170060429254,5.038204222140374,0.059965838288880136,339.6452029106952,307.4220700385235,323.53363647460935,5.061895042147955,0.006510836369107764,0.006489732427340428,39132040.0
2021-04-27 00:00:00-04:00,331.81919196808207,332.03268779719735,329.1408247480296,330.0918273925781,33187200,329.08351440429686,324.7097991943359,314.5722900390625,59.97850685378002,4.961447558024986,5.022852889317297,-0.06140533129231063,339.0307082409661,310.38889014770575,324.7097991943359,4.906892756935082,-0.004332025284645602,-0.004341435693432045,38061000.0
2021-04-28 00:00:00-04:00,329.76184556196415,330.7711011449007,328.32559837144595,328.9757995605469,33615700,329.3251495361328,325.90730743408204,314.64765869140626,58.313990384216325,4.708760214178426,4.960034354289522,-0.2512741401110965,337.1099329280637,314.7046819401004,325.90730743408204,4.731079186686486,-0.003380961718582487,-0.0033866900848895836,37510000.0
2021-04-29 00:00:00-04:00,332.2461477907984,332.66342562514154,326.937893972097,330.15972900390625,37708900,329.1902679443359,326.93062591552734,314.7779144287109,59.595030440889296,4.5515692284221245,4.878341329116043,-0.32677210069391815,335.43640575099886,318.42484608005583,326.93062591552734,4.802111505712061,0.003598834458160338,0.003592374148515514,36643820.0
2021-04-30 00:00:00-04:00,327.71426309227223,330.19856182815215,327.08345982266536,327.99566650390625,38263400,328.80015563964844,327.58178558349607,314.89318908691405,56.195620663075736,4.203912396522753,4.743455542597385,-0.5395431460746316,334.08406469999346,321.0795064669987,327.58178558349607,4.681610827124542,-0.006554592549881777,-0.006576168223138664,35772710.0
2021-05-03 00:00:00-04:00,329.1990171967041,329.9462377206667,325.80251180840315,326.2489013671875,29729700,328.539111328125,327.83118591308596,315.00163635253904,53.54084345086751,3.744280766361669,4.543620587350242,-0.7993398209885729,333.6959463989419,321.96642542723004,327.83118591308596,4.643190476063045,-0.005325573826439389,-0.005339805244194764,35150570.0
2021-05-04 00:00:00-04:00,323.69660030920426,324.0168587658784,316.5639345058296,320.37774658203125,65147000,327.93064575195314,327.7981842041016,315.1589752197266,45.722276602794196,2.873146420651949,4.209525754010584,-1.336379333358635,333.82078662892525,321.7755817792779,327.7981842041016,5.003317360726963,-0.01799593733665439,-0.01815983350451256,36731060.0
2021-05-05 00:00:00-04:00,322.4253532736857,323.2890501508602,318.5242355072764,319.3005676269531,46219300,326.9349853515625,327.6725128173828,315.3133801269531,44.440047950492286,2.07196254174886,3.782013111558239,-1.710050569809379,334.2670833913462,321.07794224341944,327.6725128173828,4.986281452359594,-0.0033622152804620997,-0.003367880227670366,37439705.0
2021-05-06 00:00:00-04:00,319.0386230172309,321.8625782847719,316.79693175802845,321.7073059082031,46814300,326.5769012451172,327.4992919921875,315.46455078125,47.95214233095028,1.612632783941649,3.3481370460349216,-1.7355042620932726,334.5160068504031,320.482577133972,327.4992919921875,4.991950386244157,0.007537532110064582,0.0075092668595401505,38283380.0
2021-05-07 00:00:00-04:00,324.4827360878982,326.69531572419015,321.88199030080017,324.3177795410156,53324500,326.07033386230466,327.3580947875977,315.88697204589846,51.530992917706214,1.4426243713660938,2.9670345111011565,-1.5244101397350627,334.5102534874752,320.20593608772015,327.3580947875977,4.9916689169400765,0.008114436896118793,0.008081691872070005,39116360.0
2021-05-10 00:00:00-04:00,322.9397279868842,323.1143982975088,315.92350769169906,316.1273193359375,60700500,324.53026428222654,326.82872314453124,316.1201916503906,41.81573887896611,0.6396166885002685,2.501550946580979,-1.8619342580807103,335.49911657468886,318.1583297143736,326.82872314453124,5.234711983538397,-0.025254428593675993,-0.025578794442063086,40859735.0
2021-05-11 00:00:00-04:00,310.2465141587872,316.4863725809252,309.5865991846512,315.69061279296875,71963600,323.09014282226565,326.0868286132812,316.1614959716797,41.36790672363905,-0.031646453224084325,1.994911466619966,-2.02655791984405,335.83608078347874,316.3375764430837,326.0868286132812,5.353644941590939,-0.0013814261414866191,-0.001382381190233008,42939215.0
2021-05-12 00:00:00-04:00,310.76082509333276,313.08013750936215,306.6558953267054,307.51959228515625,91164900,320.94452209472655,325.1348358154297,316.1399847412109,34.025321150827494,-1.2090235255319612,1.3541244681895808,-2.5631479937215422,337.79684733965536,312.47282429120406,325.1348358154297,5.616578693353255,-0.02588300119386533,-0.026223860576117995,45369245.0
2021-05-13 00:00:00-04:00,310.4600829705409,312.86673122565975,307.52936443186996,309.897216796875,69877800,318.91827087402345,324.0542694091797,316.3451336669922,37.50153491547713,-1.9280238516128634,0.697694804229092,-2.6257186558419554,337.9815165859397,310.12702223241973,324.0542694091797,5.597332996721129,0.007731619615032548,0.007701883816339097,47045995.0
2021-05-14 00:00:00-04:00,313.06076996295343,317.65088558428255,312.55612733502784,316.73870849609375,44370000,317.7925750732422,323.29636535644534,316.7851953125,46.27372682799155,-1.9236113920335356,0.17343356497656648,-2.097044957010102,337.08306189950076,309.5096688133899,323.29636535644534,5.751356981770159,0.022076647767066193,0.02183648678445042,47221490.0
2021-05-17 00:00:00-04:00,315.03075656808636,316.7192956178089,311.9447956788766,314.8172607421875,39395000,316.6494110107422,322.5942611694336,317.0980499267578,44.389298960304934,-2.05151072296502,-0.27155529261175076,-1.779955430353269,336.60464646296913,308.58387587589806,322.5942611694336,5.682968112873517,-0.00606634965151398,-0.006084824705882134,47464585.0
2021-05-18 00:00:00-04:00,315.76829333055844,316.99101523005356,312.42029733332146,312.6920166015625,36528500,315.88083801269534,321.9057418823242,317.5378179931641,42.33569513065297,-2.2978728570157045,-0.6768188054925416,-1.621054051523163,336.4320300216229,307.3794537430255,321.9057418823242,5.603521668863416,-0.006750723056336505,-0.006773612257828614,47386920.0
2021-05-19 00:00:00-04:00,307.2963823180364,313.3518563360605,306.9470121011332,313.051025390625,66319100,315.2558837890625,321.0954345703125,317.75545104980466,42.81696263194576,-2.436066159984705,-1.0286682763909742,-1.4073978835937306,335.6988298024658,306.49203933815915,321.0954345703125,5.660758995010835,0.0011481226574452386,0.001147464068672563,48872970.0
2021-05-20 00:00:00-04:00,314.53578901793674,319.96048954623984,314.31260905592654,319.10650634765625,46466100,314.9958038330078,320.7863525390625,318.1114471435547,50.34483352830608,-2.033517518616236,-1.2296381248360266,-0.8038793937802093,335.2829874980981,306.28971758002683,320.7863525390625,5.7499522207682645,0.01934343115303716,0.019158725087637406,48899470.0
2021-05-21 00:00:00-04:00,320.6592786433045,321.0765565669015,316.9813691094854,317.3404235839844,50330400,314.2980682373047,320.1842010498047,318.2933282470703,48.34584107239787,-1.8358405127245874,-1.3508786024137387,-0.4849619103108487,334.1947305261542,306.1736715734552,320.1842010498047,5.631754737671682,-0.005534461781696698,-0.005549833658247611,49596895.0
2021-05-24 00:00:00-04:00,319.63050907033795,323.80337563981055,317.2335459004026,322.67767333984375,32475800,314.95310363769534,319.74168395996094,318.63196838378906,54.256992904267854,-1.2342805929661722,-1.3275590005242255,0.09327840755805328,332.8190960859509,306.664271833971,319.74168395996094,5.698760094938559,0.01681868857292579,0.016678820516614172,49680085.0
2021-05-25 00:00:00-04:00,324.19162465292703,324.90973352546797,321.9499332557762,323.1241455078125,31280300,315.6964569091797,319.39329986572267,318.9142126464844,54.72375839235078,-0.7132910744233527,-1.2047054153040508,0.49141434088069813,331.697621765523,307.0889779659223,319.39329986572267,5.503120107420931,0.0013836475370223589,0.001382691178842455,49584740.0
2021-05-26 00:00:00-04:00,323.79371355892494,324.7156043929025,323.10471647413306,324.24981689453125,25444900,317.3694793701172,319.15700073242186,319.1850476074219,55.944369633086076,-0.20718258232903963,-1.0052008487090487,0.7980182663800091,330.8841180142722,307.42988345057154,319.15700073242186,5.225103522517252,0.0034837117633215176,0.0034776576958396636,49176200.0
2021-05-27 00:00:00-04:00,323.80345233638,324.6477218575371,322.83302215294816,323.03680419921875,27931700,318.6834381103516,318.8008544921875,319.4060363769531,54.24720957486915,0.0949376746125381,-0.7851731440447314,0.8801108186572695,329.56266141619017,308.03904756818486,318.8008544921875,4.981503249808085,-0.003740981897630613,-0.0037479968711341015,48687340.0
2021-05-28 00:00:00-04:00,324.24013972588364,325.64727538816913,323.73552667394773,324.0557556152344,29927400,319.41514282226564,318.6038589477539,319.8385321044922,55.469287435993074,0.41184354244416,-0.5457698067469531,0.9576133491911131,328.8153790533912,308.3923388421166,318.6038589477539,4.812143816889678,0.003154288931694671,0.003149324598916217,48270540.0
2021-06-01 00:00:00-04:00,325.3851937858449,325.8607246630837,321.62963411689003,322.9785461425781,31145400,320.2312713623047,318.4403411865234,320.2281610107422,53.83226250621564,0.5695070018446131,-0.3227144450286399,0.892221446873253,328.25392531906175,308.6267570539851,318.4403411865234,4.770640011839965,-0.0033241485577416574,-0.003329685814072344,48341325.0
2021-06-02 00:00:00-04:00,323.39581816659336,324.453583380369,321.89166341653976,323.60931396484375,22047900,321.3230010986328,318.60191955566404,320.516572265625,54.67576665482797,0.7368600569761838,-0.11079954462767513,0.847659601603859,328.6415884362699,308.5622506750582,318.60191955566404,4.612874294124915,0.0019529712725474546,0.0019510667034610843,46186370.0
2021-06-03 00:00:00-04:00,320.77563751713006,322.0468984988941,318.57277199025685,320.2419128417969,37057800,322.04208984375,318.64898681640625,320.7646136474609,49.478498247530716,0.5909552663436557,0.02955141756659102,0.5614038487770647,328.71011914305217,308.58785448976033,318.64898681640625,4.643136271300771,-0.010405760828666066,-0.010460279291726826,45728295.0
2021-06-04 00:00:00-04:00,322.03721788043293,326.12272009697,321.96928066931946,325.67633056640625,38736500,322.699072265625,318.8474380493164,321.22517944335937,56.641532635368776,0.9034226674825163,0.20432566754977607,0.6990969999327402,329.2913310509508,308.403545047682,318.8474380493164,4.731541341577368,0.016969726655654993,0.016827349323127114,45324405.0
2021-06-07 00:00:00-04:00,325.142544317471,326.7049519436648,324.4535473422184,326.646728515625,32611900,323.62970275878905,318.96388549804686,321.71563415527345,57.79231668908363,1.2153485570020734,0.4065302454402355,0.8088183115618379,329.6970826053739,308.2306883907198,318.96388549804686,4.554388717282298,0.0029796391636169872,0.002975208837178685,44288775.0
2021-06-08 00:00:00-04:00,328.393583682066,329.2572808014558,325.1232385476544,326.8020935058594,27282800,324.0421447753906,319.497624206543,322.1185571289063,57.984588893545975,1.4582786000688657,0.6168799163659616,0.841398683702904,330.6663435398097,308.32890487327626,319.497624206543,4.524363969890805,0.0004756361434887779,0.0004755230644731719,42617890.0
2021-06-09 00:00:00-04:00,328.17035779849925,328.9466900273445,326.6952851024466,326.8796691894531,21485300,324.4176971435547,320.0570770263672,322.5247790527344,58.087255267891486,1.638178219965539,0.8211395770858771,0.8170386428796619,331.523924551305,308.5902295014294,320.0570770263672,4.362009752391315,0.00023737817209656953,0.00023735000235610841,40093975.0
2021-06-10 00:00:00-04:00,327.21929578440205,330.39259123957316,326.77290627431074,330.2858581542969,33702100,325.02130126953125,321.19539031982424,323.0299835205078,62.42842546920742,2.032175295769946,1.063346720822691,0.9688285749472549,331.95612688798366,310.4346537516648,321.19539031982424,4.30898655331068,0.010420314525188656,0.010366397280762744,37220835.0
2021-06-11 00:00:00-04:00,330.29555296238215,331.159249910032,329.6453814225144,331.1495361328125,21222800,325.83257446289065,322.2580062866211,323.45910705566405,63.46184141729616,2.3866011591931056,1.327997608496774,1.0586035506963316,332.5324454197351,311.98356715350707,322.2580062866211,4.109335262896887,0.002614940837437185,0.0026115278282288984,34788085.0
2021-06-14 00:00:00-04:00,331.5766028024062,334.3326211759567,330.39267670533627,334.32293701171875,27827700,326.8592926025391,323.13721771240233,323.8461163330078,67.04819233746223,2.8902362942757236,1.640445345652564,1.2497909486231595,334.339540223174,311.93489520163064,323.13721771240233,4.0972359205914275,0.009582984521027793,0.009537358979177183,33960970.0
2021-06-15 00:00:00-04:00,333.9735324102014,334.28407716789974,331.4212963603784,332.1394348144531,35963800,327.77538146972654,324.0033264160156,324.0636871337891,62.502335534438345,3.0777025491109953,1.9278967863442504,1.1498057627667448,335.17718422085125,312.82946861118,324.0033264160156,4.011836258502066,-0.006531116939754278,-0.006552538003918125,33789410.0
2021-06-16 00:00:00-04:00,332.6052781352656,333.67275740945274,327.47172306948255,330.92645263671875,55399500,328.50709533691406,324.91504821777346,324.26146057128904,60.06596894774607,3.0927421756258013,2.1608658642005607,0.9318763114252406,335.18767889629635,314.6424175392506,324.91504821777346,4.168207550035503,-0.0036520269820173867,-0.003658711913218436,34732960.0
2021-06-17 00:00:00-04:00,329.91715157235996,336.137612619447,329.8686419091237,335.12835693359375,59722700,329.99573974609376,326.0189147949219,324.5277478027344,65.1358919919294,3.4044750784792654,2.4095877070563017,0.9948873714229638,335.6814291071004,316.35640048274337,326.0189147949219,4.3182620614846305,0.0126973962443786,0.012617460250178824,34403140.0
2021-06-18 00:00:00-04:00,333.46893484005597,334.61403537004617,331.7512544298912,332.4985046386719,55414900,330.67795715332034,326.68851470947266,324.6742834472656,60.001487094193365,3.4001240349264776,2.607694972630337,0.7924290622961405,336.19700909349933,317.180020325446,326.68851470947266,4.251036378785909,-0.007847298626069366,-0.007878250707084042,34850580.0
2021-06-21 00:00:00-04:00,332.6898154796355,334.88554087749765,330.4746696413553,334.5649108886719,32992600,331.469775390625,327.549739074707,324.8227471923828,62.50263585181574,3.522808769636697,2.7907177320316094,0.7320910376050875,336.625795356938,318.47368279247604,327.549739074707,4.262453154311368,0.006214783589013617,0.006195551462688722,33983690.0
2021-06-22 00:00:00-04:00,334.3609209204521,338.1305621489894,334.0597409959635,337.68365478515625,28941600,332.5579315185547,328.30003814697267,325.0421252441406,65.96208764179758,3.82757200629851,2.9980885868849896,0.8294834194135206,338.09365073208056,318.5064255618648,328.30003814697267,4.248765154219546,0.009321790166818111,0.009278610415161991,33806980.0
2021-06-23 00:00:00-04:00,337.6254380468434,338.995335576956,337.0133530174807,337.848876953125,27188500,333.65485229492185,329.0362747192383,325.18853271484375,66.14031025350086,4.035907683677294,3.205652406243451,0.8302552774338432,339.36220140368505,318.71034803479154,329.0362747192383,4.086852111737813,0.0004892809161103351,0.0004891612572325127,33602390.0
2021-06-24 00:00:00-04:00,339.78216960770175,341.4629419137244,339.23810081332704,339.9376220703125,32581600,334.6200286865234,329.82066497802737,325.45609619140623,68.39340480158066,4.319763933892943,3.4284747117733496,0.8912892221195938,340.926948275893,318.71438168016175,329.82066497802737,4.053081600942214,0.006182483529395544,0.006163450385879869,33959225.0
2021-06-25 00:00:00-04:00,340.50120895850637,340.7440979417093,338.9175680440978,339.5199279785156,28682800,335.4570678710937,330.6448211669922,325.61632385253904,67.42715625433271,4.459610026495341,3.6347017747177484,0.8249082517775923,342.0572522022487,319.23239013173566,330.6448211669922,3.89404219356145,-0.0012287374644001092,-0.0012294929812296208,33996780.0
2021-06-28 00:00:00-04:00,340.80230523066535,343.78498832779104,340.7440142609746,343.6489562988281,39130300,336.38966979980466,331.6244812011719,325.8513671875,71.68564509488493,4.8477354633284335,3.8773085124398854,0.9704269508885481,343.93476130117557,319.3142011011682,331.6244812011719,3.920543490398162,0.012161372514704949,0.012088017159663218,34456925.0
2021-06-29 00:00:00-04:00,343.47414537490874,344.92175413268325,342.6386215588739,344.8926086425781,29426000,337.6649871826172,332.7201843261719,326.17203247070313,72.83751937590607,5.195786229427483,4.141004055837405,1.0547821735900786,345.6429911939077,319.7973774584361,332.7201843261719,3.8035855677846735,0.00361896150404295,0.0036124288191384775,34370955.0
2021-06-30 00:00:00-04:00,344.73715767940706,345.12580374858084,343.76560180553736,344.3485412597656,32724000,339.0071960449219,333.757145690918,326.5297552490234,71.46775170711624,5.365862950341466,4.385975834738217,0.9798871156032485,346.91541028393016,320.5988810979058,333.757145690918,3.6290581660174452,-0.0015774979491552932,-0.0015787435091296348,34904760.0
2021-07-01 00:00:00-04:00,343.99874971543665,344.98972590141256,342.64827299824105,344.4845275878906,29290000,339.94281311035155,334.96927642822266,326.83430236816406,71.6114534918236,5.4488124193940735,4.598543151669389,0.8502692677246841,347.3687088378915,322.5698440185538,334.96927642822266,3.537086361528449,0.0003949089710892917,0.000394831015064582,34516370.0
2021-07-02 00:00:00-04:00,346.3790282267206,348.759351556593,346.14586434607344,348.4387512207031,32727200,341.5368377685547,336.1073974609375,327.297314453125,75.47884203113946,5.7671432342962134,4.832263168194754,0.9348800661014591,349.05259841806577,323.1621965038092,336.1073974609375,3.589781904898015,0.011478668317849605,0.011413288246437052,34215905.0
2021-07-06 00:00:00-04:00,349.041162328563,350.22646164532887,346.349933662475,349.9447021484375,38842400,343.07481689453124,337.2722961425781,327.70853942871094,76.77643310280007,6.070958126425694,5.080002159840943,0.9909559665847514,350.7831666138269,323.76142567132933,337.2722961425781,3.6102637676091476,0.004321996111105619,0.00431268311010705,34527430.0
2021-07-07 00:00:00-04:00,352.1404392834429,352.44161923318353,348.73026866921117,350.68310546875,35265200,344.3747619628906,338.46634674072266,328.0916412353516,77.40771669661865,6.298708997646941,5.323743527402143,0.9749654702447978,352.2824795669855,324.6502139144598,338.46634674072266,3.6174842530636626,0.002110057148398514,0.0021078341044310465,34926550.0
2021-07-08 00:00:00-04:00,345.6212203305233,349.42000673152563,344.3387893212388,348.5650329589844,50890000,345.4463775634766,339.55061492919924,328.4611053466797,71.41126714054279,6.236403081184903,5.506275438158695,0.7301276430262087,352.95693618397786,326.1442936744206,339.55061492919924,3.8122579598099167,-0.006039847590987968,-0.006058161248819367,36396785.0
2021-07-09 00:00:00-04:00,347.9821789306915,351.2174469313186,347.39923947890736,350.74139404296875,35184500,346.52675476074216,340.5733917236328,328.89641723632815,73.6684232866281,6.290130633890783,5.663046477305113,0.6270841565856697,354.1168301318221,327.02995331544355,340.5733917236328,3.812682923567153,0.00624377340867821,0.0062243618146493075,36470905.0
2021-07-12 00:00:00-04:00,352.1404430980501,352.5679300602868,350.56649765552464,352.1112976074219,25717700,347.7858917236328,341.6214797973633,329.33544860839845,75.00608037045146,6.369822526378641,5.804401687119819,0.565420839258822,355.3289089170975,327.91405067762906,341.6214797973633,3.6833078865096547,0.003905736784194147,0.0038981291966694587,36695650.0
2021-07-13 00:00:00-04:00,351.73237657972146,355.07453120291746,351.25632368294856,352.1112976074219,39723000,348.6321258544922,342.5108978271484,329.81776123046876,75.00608037045146,6.359668624181097,5.915455074532074,0.4442135496490227,356.5138569974301,328.50793865686677,342.5108978271484,3.692943574613886,0.0,0.0,37290415.0
2021-07-14 00:00:00-04:00,354.45268536048786,355.0939157390003,351.91693898364883,352.7427673339844,35336400,349.4171417236328,343.541064453125,330.3476385498047,75.66692124349919,6.329612084986479,5.9982864766229556,0.33132560836352365,357.3708393656719,329.7112895405781,343.541064453125,3.6560888018094273,0.0017933810441566056,0.001791774856422875,37259045.0
2021-07-15 00:00:00-04:00,352.65536866834645,352.8593871039803,348.263917056866,350.26531982421875,53391600,350.0088195800781,344.5080078125,330.9453900146484,68.06343127941355,6.03630004255939,6.005889189810243,0.030410852749146677,357.3431233980397,331.6728922269603,344.5080078125,3.723187462188347,-0.007023382870441464,-0.007048162918588071,37158650.0
2021-07-16 00:00:00-04:00,351.1202447443441,352.1015255470273,347.07856923619346,347.4283447265625,47262000,350.30320129394534,345.1230072021484,331.5079455566406,60.5589451309588,5.511396012439604,5.906990554336115,-0.3955945418965108,357.26126896046395,332.9847454438329,345.1230072021484,3.816028094234452,-0.008099503253933271,-0.00813248242774687,36535615.0
2021-07-19 00:00:00-04:00,343.9793365421211,345.0771993956187,342.0265294469521,344.58172607421875,64404600,349.91749877929686,345.72716827392577,331.96543395996093,54.11193124696433,4.810257794210713,5.6876440023110355,-0.8773862081003223,356.4070718393904,335.0472647084611,345.72716827392577,3.9292986074755905,-0.00819339784894102,-0.008227148212962915,36985100.0
2021-07-20 00:00:00-04:00,345.514474127725,350.0322037168533,343.736509997138,348.5845947265625,42183700,349.7814880371094,346.4281524658203,332.45077026367187,60.482731061909526,4.525432384170358,5.4552016786829,-0.9297692945125418,355.851984171554,337.00432076008656,346.4281524658203,4.098326829778427,0.01161660166355305,0.011549646971568604,37444655.0
2021-07-21 00:00:00-04:00,348.1570101344711,351.27569580078125,347.9335416373757,351.27569580078125,30259900,349.8407470703125,347.1077545166016,333.15373779296874,64.09207177347722,4.465381423430642,5.257237627632449,-0.7918562042018067,355.8466134562872,338.368895576916,347.1077545166016,4.04431449646608,0.007720080333239343,0.007690433001820815,37510570.0
2021-07-22 00:00:00-04:00,351.4798246142625,353.6075347543681,351.4798246142625,353.59783935546875,30252200,350.3440277099609,347.89520263671875,333.91188232421877,66.90135132922342,4.552687633214418,5.116327628748843,-0.5636399955344249,355.96776325254973,339.82264202088777,347.89520263671875,3.9219948148318484,0.0066106012526538915,0.006588847047813257,37663755.0
2021-07-23 00:00:00-04:00,354.91899654541817,358.0085364349719,353.5685495928692,357.726806640625,31960800,351.0425689697266,348.7846618652344,334.9160266113281,71.21381788304437,4.898583761824227,5.072778855363921,-0.17419509353969342,357.0713471967317,340.4979765337371,348.7846618652344,3.958994245351196,0.011677015031207327,0.011609364816940866,37632715.0
2021-07-26 00:00:00-04:00,357.0369892367554,358.39719091554406,356.17232009475276,358.008544921875,28438100,351.6322937011719,349.70909271240237,335.8782531738281,71.48681017486463,5.136235534460695,5.085470191183276,0.050765343277419106,357.77753798696676,341.64064743783797,349.70909271240237,3.83512828645406,0.0007875794489538013,0.0007872694710037587,37620480.0
2021-07-27 00:00:00-04:00,357.74629184182237,357.74629184182237,349.9155541597789,354.0640869140625,57933100,351.82757263183595,350.22984924316404,336.6247607421875,62.543925843946376,4.949239725681309,5.058224098082883,-0.10898437240157399,358.0056581348735,342.4540403514546,350.22984924316404,4.139261320428493,-0.011017776150212488,-0.011078921383658956,38560620.0
2021-07-28 00:00:00-04:00,355.2008470048349,356.998231370159,352.90795963703147,355.4242858886719,42066200,352.09572448730466,350.7564331054688,337.4369012451172,64.20677302559085,4.854837346684235,5.017546747803154,-0.16270940111891896,358.44104426227807,343.0718219486595,350.7564331054688,4.135762064192709,0.003841674501541714,0.0038343141148378763,39192630.0
2021-07-29 00:00:00-04:00,354.860853050721,357.22172717484074,354.860853050721,356.0558776855469,25672500,352.6747802734375,351.3417999267578,338.3041784667969,64.98411813733328,4.775932978312596,4.969223993905043,-0.19329101559244677,358.76387769243166,343.91972216108394,351.3417999267578,4.008984354187496,0.0017770079928438598,0.0017754309821046087,38840055.0
2021-07-30 00:00:00-04:00,352.1307155090778,354.78307373523353,352.10157001865997,354.20013427734375,36484600,353.3519592285156,351.8275802612305,339.1271606445313,60.805596099161086,4.511650218639829,4.877709238852001,-0.3660590202121714,358.637344316786,345.01781620567493,351.8275802612305,4.005078876523168,-0.005211944316903083,-0.005225573876982629,39199785.0
2021-08-02 00:00:00-04:00,355.8615159795701,356.4444554857011,353.52006255712615,354.22930908203125,27334100,354.31671752929685,352.1171081542969,339.8296166992188,60.84821887259834,4.255503593986475,4.753268109878896,-0.49776451589242043,358.81743715378866,345.4167791548051,352.1171081542969,3.9278870230982954,8.236813559370226e-05,8.236474352508597e-05,38930130.0
2021-08-03 00:00:00-04:00,354.8898941335919,356.4929552406913,351.7031923611625,356.3763732910156,35558500,355.0958953857422,352.4386917114258,340.6103356933594,63.95482726653862,4.177598926453527,4.638134273193822,-0.4605353467402953,359.3063800484633,345.5710033743883,352.4386917114258,3.9894495842719015,0.006061226877438264,0.006042931532744,38765935.0
2021-08-04 00:00:00-04:00,356.33747200644353,357.84340112520624,355.2299139305761,356.8912658691406,29602200,355.65745239257814,352.7490997314453,341.2946075439453,64.67864403073725,4.110028592864182,4.532513137127895,-0.4224845442637122,359.82924077905204,345.6689586838386,352.7490997314453,3.891166556440346,0.0014447999831475045,0.001443757263878211,38482785.0
2021-08-05 00:00:00-04:00,357.70742145360697,359.38822372781095,356.99820466729994,359.1550598144531,21443900,356.2131744384766,353.2786010742187,342.0152258300781,67.74539299216624,4.19083849132636,4.4641782079675885,-0.27333971664122814,360.607509078263,345.9496930701745,353.2786010742187,3.7915802208853444,0.006343091472971407,0.006323058736612633,37010480.0
2021-08-06 00:00:00-04:00,357.8920207079267,358.8635765497484,356.47355748073585,357.58111572265625,33332100,356.1986053466797,353.62058715820314,342.6818518066406,63.61012017718283,4.080835452983024,4.387509656970676,-0.3066742039876518,361.0811445878665,346.16002972853977,353.62058715820314,3.7122889432304826,-0.004382352548812807,-0.004391983202656928,36917860.0
2021-08-09 00:00:00-04:00,358.0377732003435,358.7664401326827,356.9399399278939,358.2418212890625,25960200,356.22193298339846,353.92711334228517,343.3859521484375,64.58732692551547,4.000851346153979,4.310177994807336,-0.30932664865335724,361.61474327250534,346.239483412065,353.92711334228517,3.577589747627507,0.0018477082187939864,0.0018460033057612528,36929985.0
2021-08-10 00:00:00-04:00,358.75669560360734,359.048150476815,355.22021834453176,356.405517578125,35130800,356.45607604980466,354.14182434082034,344.0329473876953,59.78226047430195,3.746106221741286,4.197363640194126,-0.4512574184528404,361.8544316073093,346.42921707433135,354.14182434082034,3.595471346531489,-0.005125877554803426,-0.005139059931952721,36700375.0
2021-08-11 00:00:00-04:00,357.66858234224264,358.1640556605862,354.4624302700103,355.79345703125,34249800,356.4929931640625,354.2943588256836,344.6892456054687,58.2273211224305,3.455003573841168,4.048891626923535,-0.5938880530823667,362.0109221655359,346.57779548583136,354.2943588256836,3.603053778248946,-0.0017173150153064753,-0.0017187912911332355,36646045.0
2021-08-12 00:00:00-04:00,355.28823812662705,357.43536811406886,353.93776135089763,357.0758972167969,25969200,356.5949951171875,354.6348876953125,345.3585772705078,60.543071848424816,3.289861359389363,3.8970855734167005,-0.6072242140273376,362.20999629142716,347.05977909919784,354.6348876953125,3.5955218486005376,0.003604451291059574,0.003597970824187708,35274925.0
2021-08-13 00:00:00-04:00,357.42565339803343,358.659518507022,356.930150485588,358.3291931152344,19336200,357.0079010009766,355.17993011474607,346.12032287597657,62.718260044431716,3.2229631563820362,3.762261090009768,-0.5392979336277319,362.14675948556066,348.2131007439315,355.17993011474607,3.462225146660072,0.003509886576512855,0.0035037412999074325,33878635.0
2021-08-16 00:00:00-04:00,357.2120052312184,358.52358210301765,353.35492675044514,358.4847412109375,34856900,357.4334442138672,355.87508087158204,346.7764910888672,62.99095506523456,3.146229504607561,3.639054772929327,-0.492825268321766,361.0057477563541,350.74441398681,355.87508087158204,3.5841130185109598,0.00043409272448835523,0.000433998533499058,32401250.0
2021-08-17 00:00:00-04:00,355.7351547573665,356.7067105697037,352.89822838907884,355.3271179199219,44793900,357.3285186767578,356.21220703125,347.3500988769531,54.307007212033135,2.798365902314572,3.470916998806376,-0.6725510964918042,360.12359316988415,352.30082089261583,356.21220703125,3.7271415758929387,-0.008808250193158562,-0.008847272141269881,32531760.0
2021-08-18 00:00:00-04:00,354.79274854455855,356.1917913024979,351.57690114042134,351.9072265625,38541900,356.8301147460937,356.24378356933596,347.8522015380859,46.78427513029216,2.221121138076228,3.2209578266603467,-0.9998366885841188,360.0024663114711,352.4851008272008,356.24378356933596,3.790552189191769,-0.009624628081982167,-0.009671244164283263,32945860.0
2021-08-19 00:00:00-04:00,349.97387327191353,355.27856027177415,349.72125924588516,353.60748291015625,48499400,356.2753570556641,356.2442657470703,348.3867578125,50.45857815417901,1.8791849073541016,2.9526032427990976,-1.073418335444996,360.0015928691854,352.4869386249552,356.2442657470703,3.9167485346701416,0.004831547121849855,0.0048199126579784,33858220.0
2021-08-20 00:00:00-04:00,354.67610547136155,357.66851349611557,354.3652005454993,357.2701721191406,39486000,356.2442626953125,356.22143402099607,348.9264440917969,57.29846371386922,1.8820512742303208,2.7384928490853424,-0.8564415748550216,359.9478710898808,352.49499695211136,356.22143402099607,3.927054395476511,0.010358064763903663,0.01030478759417595,34234480.0
2021-08-23 00:00:00-04:00,358.30975495051,363.30356582383774,358.30005955452134,362.61376953125,34034700,356.68145751953125,356.45169525146486,349.5557287597656,64.91014056772264,2.289119004524082,2.6486180801730907,-0.35949907564900885,361.0568977304067,351.846492772523,356.45169525146486,4.0775072032779835,0.014956740945973657,0.014845991827841555,34514310.0
2021-08-24 00:00:00-04:00,363.2063901262377,364.32367328454313,362.74003270254565,363.7213134765625,21732900,357.413037109375,356.93455657958987,350.1436962890625,66.25286137116132,2.6703109711378374,2.65295665836604,0.017354312771797442,362.38474967125404,351.4843634879257,356.93455657958987,3.9083926711362085,0.0030543350484020237,0.003049680043329517,32704300.0
2021-08-25 00:00:00-04:00,363.9739817438647,364.7123736957995,363.2258647453417,364.1391296386719,20441900,358.2476043701172,357.3702987670898,350.7836901855469,66.76945670912832,2.9718648157910366,2.7167382898510395,0.2551265259399971,363.6048886334174,351.13570890076227,357.3702987670898,3.735400976802036,0.0011487260895319817,0.0011480668085581307,31623085.0
2021-08-26 00:00:00-04:00,363.28423831995815,363.9643097410083,361.38969223013544,361.826904296875,29133300,358.722705078125,357.6588500976562,351.40169921875,61.187271768192645,2.989806520765967,2.771351936034025,0.2184545847319419,364.1522151215501,351.16548507376234,357.6588500976562,3.6649750076402077,-0.0063498403593462704,-0.006370086347006331,31796125.0
2021-08-27 00:00:00-04:00,362.4584408241946,365.8491621204898,361.9726627748898,365.3439636230469,27104700,359.42418212890624,358.2160415649414,352.0060113525391,65.86240053994149,3.2503546800760432,2.867152484842429,0.38320219523361443,365.31122239161226,351.12086073827055,358.2160415649414,3.690495208781248,0.009720281395344088,0.009673343382159427,31327130.0
2021-08-30 00:00:00-04:00,366.13077806650506,369.92956447983937,366.11132797645763,369.44378662109375,27295700,360.52008666992185,358.97676544189454,352.7449169921875,70.34641234276481,3.7444981816009886,3.042621624194141,0.7018765574068477,367.3469764503711,350.606554433418,358.97676544189454,3.7544313264963374,0.011221816715923483,0.011159319252799896,31325210.0
2021-08-31 00:00:00-04:00,369.68667747524375,369.7546638421812,367.5978089521397,369.1426086425781,29628200,361.9016357421875,359.61507720947264,353.4364709472656,69.62292848551516,4.06494971093008,3.2470872415413288,0.8178624693887508,368.98242103813675,350.24773338080854,359.61507720947264,3.640318723892418,-0.0008152200400233234,-0.0008155525125846284,31028695.0
2021-09-01 00:00:00-04:00,370.20163673041526,371.8241183407126,369.5506812873745,369.75469970703125,28138300,363.68638305664064,360.2582489013672,354.0778918457031,70.29164644139813,4.318519287928666,3.461373650818796,0.8571456371098698,370.5135407225904,350.00295708014403,360.2582489013672,3.571832364909706,0.0016581425447035336,0.0016567693441195631,30955500.0
2021-09-02 00:00:00-04:00,371.10515311883734,371.43547851776793,368.3653587724071,369.5798034667969,25453400,365.2836151123047,360.77948608398435,354.71251037597654,69.81869351587713,4.454019179086231,3.6599027564722832,0.7941164226139477,371.78944195161773,349.769530216351,360.77948608398435,3.5359957492276446,-0.0004730061318299894,-0.0004731180345188604,31155975.0
2021-09-03 00:00:00-04:00,368.433481669432,371.1149858203669,368.41406122251846,370.7166442871094,24605400,366.6282623291016,361.436262512207,355.3280908203125,71.17628177392905,4.600110165755041,3.847944238328835,0.7521659274262058,373.14938400639886,349.72314101801516,361.436262512207,3.4763478098434146,0.0030760361081652032,0.003071314788584398,30719640.0
2021-09-07 00:00:00-04:00,370.82344901614005,371.8921664366808,369.6672951224914,371.2412109375,23970200,367.4910064697266,362.0862319946289,355.9625164794922,71.80646277400825,4.703991780802994,4.019153746823667,0.684838033979327,374.4431687349495,349.72929525430834,362.0862319946289,3.3869566315824122,0.0014150070100018564,0.0014140068309783937,30620140.0
2021-09-08 00:00:00-04:00,371.06631894293287,371.06631894293287,367.68532355818826,369.94903564453125,32949200,368.11377868652346,362.7634078979492,356.48851806640624,67.87006475423385,4.628694256050437,4.141061848669021,0.4876324073814162,375.2842005956637,350.2426152002347,362.7634078979492,3.3990231135630786,-0.003480689252428615,-0.0034867609444743553,30511060.0
2021-09-09 00:00:00-04:00,370.17250436157735,371.2800626142129,368.43341108602283,368.6763000488281,29399000,368.56749572753904,363.4075500488281,356.96419189453127,64.14040990437172,4.415423050891377,4.195934089113492,0.21948896177788502,375.7520625559192,351.063037541737,363.4075500488281,3.3595680003221498,-0.0034402998063929324,-0.003446231245632022,30268520.0
2021-09-10 00:00:00-04:00,370.3862067090166,371.1051484712424,365.5478484333313,365.878173828125,40249400,368.9726226806641,363.84766387939453,357.39478454589846,56.75599763041127,3.974799666840113,4.151707204658816,-0.17690753781870328,375.8815750954953,351.81375266329377,363.84766387939453,3.5165488601499315,-0.007589655804651763,-0.0076186038055252705,30982530.0
2021-09-13 00:00:00-04:00,368.2099525437821,368.63743950186546,363.57564168171336,365.6256103515625,48741800,369.00078735351565,364.2124847412109,357.8176062011719,56.12786599897663,3.5641375397028128,4.034193271667616,-0.4700557319648029,375.9948510964356,352.43011838598625,364.2124847412109,3.6269237858643715,-0.0006902939137363173,-0.0006905322762797757,32452810.0
2021-09-14 00:00:00-04:00,367.1120503442198,367.8407171743474,363.6338937208705,364.5860290527344,41826600,368.5150115966797,364.5175491333008,358.1405517578125,53.50310085658108,3.1188471935809616,3.8511240560502853,-0.7322768624693237,376.0031225920473,353.0319756745543,364.5175491333008,3.668345190693837,-0.0028432945324277092,-0.002847344372740987,32801295.0
2021-09-15 00:00:00-04:00,365.04270476619996,367.64646743225006,362.7498174509155,367.29669189453125,34097900,368.330419921875,365.11602783203125,358.4875915527344,58.90012266035169,2.9506657850694182,3.671032401854112,-0.7203666167846938,375.8462474190115,354.385808245051,365.11602783203125,3.7560812471681757,0.0074349059640044235,0.007407403286411589,32266495.0
2021-09-16 00:00:00-04:00,365.96561474622183,368.12246970870797,364.04195332665904,367.54925537109375,35193100,368.10987548828126,365.89812927246095,358.8249145507813,59.37329732754845,2.80542141715722,3.497910204914734,-0.6924887877575143,374.7852274933709,357.011031051551,365.89812927246095,3.779255185373944,0.0006876279643570626,0.0006873916565700696,32099055.0
2021-09-17 00:00:00-04:00,367.0732752185729,367.12184115613655,362.15720449594147,363.1967468261719,60912300,367.47156982421876,366.3775924682617,359.117548828125,48.9206371180674,2.3124466989170855,3.2608175037152045,-0.948370804798119,373.39959152744467,359.3555934090787,366.3775924682617,3.894454877500968,-0.011841973507815684,-0.011912648181949868,32719700.0
2021-09-20 00:00:00-04:00,357.4036777365787,359.1446989416401,351.0523860759697,355.6918640136719,76203200,365.969091796875,366.2986770629883,359.21655822753905,36.86816463274262,1.301180165977712,2.868890036167706,-1.567709870189994,373.7506229605601,358.8467311654165,366.2986770629883,4.483733868408197,-0.020663408684362117,-0.02087988418713345,34555560.0
2021-09-21 00:00:00-04:00,357.5203438341386,358.71669283793653,355.0012284984897,356.1294860839844,41927500,364.4579193115234,365.974462890625,359.2969219970703,37.83000905952152,0.52895908548345,2.4009038460308547,-1.8719447605474047,374.5230194162667,357.42590636498323,365.974462890625,4.428857473482386,0.0012303404001832163,0.0012295841516649017,34950200.0
2021-09-22 00:00:00-04:00,357.0438227553833,360.9149125462884,355.9447427828518,359.4559631347656,46972900,363.4086120605469,365.76119537353514,359.4438153076172,44.72389155072625,0.18327453831540197,1.9573779844877643,-1.7741034461723624,374.726613260824,356.79577748624627,365.76119537353514,4.4675226370505445,0.009340639235912107,0.009297285225590915,36212200.0
2021-09-23 00:00:00-04:00,360.6134280684026,363.8036631873685,359.9714867131809,362.7726745605469,44652000,362.81824951171876,365.69287261962893,359.64441345214846,50.60517804115712,0.17493143659862653,1.600888674909937,-1.4259572383113104,374.72725570754386,356.658489531714,365.69287261962893,4.458963881018568,0.009227031308248979,0.009184722313342887,37422705.0
2021-09-24 00:00:00-04:00,360.50629709663326,363.53120016788165,360.13669192885436,363.1129455566406,36056800,362.54172668457034,365.7571746826172,359.9013659667969,51.1790866038748,0.19354542284395393,1.3194200244967405,-1.1258746016527865,374.69840509422977,356.8159442710046,365.7571746826172,4.382931335162048,0.000937973061245545,0.0009375334393945593,37768880.0
2021-09-27 00:00:00-04:00,360.0687411164145,361.0899938725879,357.66633646820173,360.2146301269531,43338100,362.00062866210936,365.5007080078125,360.1570916748047,46.249877245850634,-0.025281265204966985,1.050479766556399,-1.075761031761366,374.7631219483983,356.23829406722666,365.5007080078125,4.458908317538965,-0.007981856513665342,-0.008013882059747858,38580550.0
2021-09-28 00:00:00-04:00,355.66265037536607,360.1659153231075,349.51560393244637,350.0213623046875,97701600,360.5441619873047,364.5295867919922,360.26588439941406,33.88802680057918,-1.0095767443390287,0.6384684643773135,-1.6480452087163422,375.7915786776562,353.26759490632816,364.5295867919922,4.904631023036664,-0.02829776186123567,-0.028705860816596835,42100845.0
2021-09-29 00:00:00-04:00,351.2858306757652,353.4256052044323,348.82507067423813,349.4475402832031,58076600,358.7592468261719,363.5448333740234,360.28314331054685,33.34766236764892,-1.8150182440144818,0.14777112269895443,-1.9627893667134362,376.35854225614725,350.7311244918996,363.5448333740234,4.882909844976488,-0.0016393914294433598,-0.0016407367020594642,43523265.0
2021-09-30 00:00:00-04:00,351.09130030893095,352.7544942625844,347.3272157221571,348.1636657714844,61384600,356.82068786621096,362.4652816772461,360.2209027099609,32.113812303618786,-2.5277955253899904,-0.38734220691883453,-2.140453318471156,376.57673033571047,348.3538330187817,362.4652816772461,4.921793323222971,-0.003674012158386475,-0.0036807779177950163,45185580.0
2021-10-01 00:00:00-04:00,348.78612920756945,351.36360019989195,344.68161759025685,350.3228759765625,56375500,355.53330078125,361.5024353027344,360.1554034423828,36.37731015956898,-2.8851877890211313,-0.8869113233392939,-1.9982764656818373,376.158117131228,346.8467534742408,361.5024353027344,5.047521129395266,0.006201710337273791,0.006182558872159409,46731685.0
2021-10-04 00:00:00-04:00,348.70837747868603,349.0390691415434,340.73280457366985,342.9698486328125,76766000,354.26109924316404,360.1150955200195,359.8602642822266,29.56724294540497,-3.7188826236862838,-1.4533055834086919,-2.265577040277592,376.2023944686097,344.0277965714293,360.1150955200195,5.37198900607365,-0.020989286877862723,-0.021212693587968585,49339715.0
2021-10-05 00:00:00-04:00,344.02997255929625,349.84632794995827,343.80628599045565,347.59954833984375,47232900,353.40810546875,358.9330123901367,359.65208435058594,37.50077810612705,-3.9603611343453053,-1.9547166935960147,-2.0056444407492906,375.0507541905479,342.8152705897255,358.9330123901367,5.479452599721658,0.013498853399174005,0.013408555581378368,50502850.0
2021-10-06 00:00:00-04:00,344.3898900585049,350.0992708754434,343.4853484647592,349.8269348144531,56806500,352.44520263671876,357.9269073486328,359.56734130859377,40.947136678237996,-3.9267381275212756,-2.349120980381067,-1.5776171471402085,373.6763894804734,342.17742521679224,357.9269073486328,5.560486157647551,0.006407909576544357,0.006387466210325535,51695715.0
2021-10-07 00:00:00-04:00,352.87122991088916,355.68215344387613,352.3362936499442,353.0365905761719,39411200,351.4715942382812,357.144921875,359.51958740234375,45.60209292320182,-3.599605247991917,-2.5992178339032375,-1.0003874140886797,372.22050920152486,342.0693345484752,357.144921875,5.581538477060084,0.009174981804706217,0.009133147351352018,52196325.0
2021-10-08 00:00:00-04:00,354.116163900798,354.34961597471846,350.7411266388622,351.2760925292969,41822300,350.28790893554685,356.4148178100586,359.42399169921873,43.573214527318875,-3.442722007108557,-2.7679186685443016,-0.6748033385642556,371.13812651087534,341.69150910924185,356.4148178100586,5.440606395545523,-0.004986729687145974,-0.004999204914638005,52274970.0
2021-10-11 00:00:00-04:00,349.73931498934746,353.2602709185573,348.4943461007118,348.5819091796875,34847200,349.1246368408203,355.56263275146483,359.31162719726564,40.596506820953394,-3.495495096902573,-2.9134339542159564,-0.5820611426866167,370.0254849348002,341.09978056812946,355.56263275146483,5.392414854281234,-0.007669703139232764,-0.00769926657119707,51580240.0
2021-10-12 00:00:00-04:00,350.031123965123,350.4687909496344,346.72417812508246,347.3661193847656,43905100,348.85911254882814,354.7016372680664,359.1743634033203,39.29202790367599,-3.59399291332295,-3.049545746037355,-0.5444471672855946,368.96210957789623,340.4411649582366,354.7016372680664,5.274714709300571,-0.0034878166735129446,-0.0034939132861263084,51684165.0
2021-10-13 00:00:00-04:00,349.67130750082435,350.8190073438713,347.64821419139497,350.14788818359375,40120800,348.9291473388672,353.84419708251954,359.0497937011719,43.74601460676225,-3.408298900488603,-3.1212963769276048,-0.2870025235609983,366.9910789085801,340.697315256459,353.84419708251954,5.144584227143793,0.00800817536193521,0.007976280094397452,51985310.0
2021-10-14 00:00:00-04:00,353.736892200335,356.81041599057534,353.0755088952258,356.596435546875,43433900,349.7724243164063,353.2965560913086,359.04389709472656,52.454424196256056,-2.709557090507701,-3.038948519643624,0.329391429135923,364.9408722112736,341.65223997134365,353.2965560913086,5.253008768560778,0.01841663931412918,0.018249106809958403,52397350.0
2021-10-15 00:00:00-04:00,357.8121817077922,358.95988136016933,356.78119324956873,358.8431701660156,40419900,350.62445373535155,353.0788772583008,359.0376593017578,55.06448055041954,-1.9520049667393096,-2.8215598090627614,0.8695548423234518,364.12201050144023,342.03574401516136,353.0788772583008,5.046611414613174,0.006300496570289749,0.006280731418511141,51372730.0
2021-10-18 00:00:00-04:00,357.5496721285333,362.6657321977218,356.9466443009304,362.4517517089844,34513500,352.57264404296876,353.41687164306643,359.13507202148435,58.9612386508599,-1.0483720974903576,-2.4669222667482806,1.418550169257923,365.1513697638258,341.68237352230705,353.41687164306643,5.094645449054476,0.010056152221872505,0.010005925567033048,49288245.0
2021-10-19 00:00:00-04:00,363.52155869340515,365.24310829907796,362.50030598675886,365.1944885253906,29091000,354.33213806152344,353.87012176513673,359.2741253662109,61.68117160270385,-0.10965654679864656,-1.9954691227583539,1.8858125759597073,366.64304233632265,341.0972011939508,353.87012176513673,4.930124816271555,0.007567177709789208,0.007538690243429135,48646420.0
2021-10-20 00:00:00-04:00,365.6516453763961,366.2644089038195,363.23950489702867,364.7179260253906,31390300,355.8212371826172,354.13321990966796,359.44037353515625,60.92558529918904,0.5890376202310676,-1.4785677741604697,2.0676053943915376,367.55578539006797,340.71065442926795,354.13321990966796,4.7940376155943625,-0.0013049553456414564,-0.0013058075413340776,47867290.0
2021-10-21 00:00:00-04:00,363.9203467319712,367.139759409477,363.61883289322486,366.9452209472656,25469300,357.21210021972655,354.3418472290039,359.66340881347656,63.19483740988235,1.3074108489055334,-0.921372049547269,2.2287828984528026,368.4092777487078,340.27441670930006,354.3418472290039,4.703101108498489,0.006106897311430659,0.0060883257852929985,46908155.0
2021-10-22 00:00:00-04:00,365.6904929000989,366.65338987918335,362.19874469021727,363.8619384765625,36275800,358.47068481445314,354.379296875,359.7991296386719,58.159472001083095,1.6093797529231324,-0.4152216890531888,2.024601441976321,368.54358244895354,340.2150113010465,354.379296875,4.706199333394908,-0.008402568815976563,-0.00843806940127903,46919105.0
2021-10-25 00:00:00-04:00,365.28202289509034,368.5014355371204,363.3367570240195,367.587158203125,32597800,360.3712097167969,354.74792327880857,359.9842889404297,62.089799469433494,2.124793091774677,0.09278126711238438,2.032011824662293,369.85298009626194,339.6428664613552,354.74792327880857,4.73894784623105,0.010238003299162024,0.010185949923668133,46382090.0
2021-10-26 00:00:00-04:00,369.8242057885552,372.236316302524,367.56769041282996,368.74456787109375,47191300,362.50905456542966,355.68408355712893,360.1894854736328,63.24502713709101,2.5967217713194373,0.593569367953795,2.0031524033656423,371.7890608446574,339.57910626960046,355.68408355712893,4.733924849335551,0.0031486673082554706,0.003143720636242753,43856575.0
2021-10-27 00:00:00-04:00,369.1920669664678,372.66437433181625,368.9294667094946,369.6005859375,45760500,364.45432434082034,356.6917358398438,360.4749548339844,64.11597695983087,3.0051605338518925,1.0758876011334146,1.9292729327184779,373.6110666256471,339.77240505404046,356.6917358398438,4.675773535863191,0.002321439123424529,0.0023187487465156364,43240770.0
2021-10-28 00:00:00-04:00,371.49724208623917,373.9580027589758,370.72885358962105,373.7051086425781,38007000,366.1651916503906,357.96880798339845,360.9109124755859,68.02807900762717,3.6183418822940894,1.5843784573655495,2.03396342492854,375.94338659339246,339.99422937340444,357.96880798339845,4.653033770549805,0.011105292743697648,0.011044081740718165,42071890.0
2021-10-29 00:00:00-04:00,370.6314896648021,375.7086345786651,370.28135606914276,375.54327392578125,37310100,367.8352020263672,359.2298278808594,361.3496282958984,69.62516938584642,4.20415422195822,2.1083336102840837,2.095820611674136,378.3819845965154,340.07767116520336,359.2298278808594,4.708336966190702,0.0049187587771544194,0.004906701205892361,41118620.0
2021-11-01 00:00:00-04:00,375.981023481736,376.95365651633944,373.8996042225349,376.82720947265625,30765300,369.2727478027344,360.9226959228516,361.74076904296874,70.72518358017729,4.717635623189892,2.6301940128652457,2.0874416103246465,380.0119096515187,341.83348219418446,360.9226959228516,4.590173775305977,0.0034188750964789794,0.0034130440296960118,38818585.0
2021-11-02 00:00:00-04:00,376.2144686065333,378.87950346614826,376.165848824832,378.40289306640625,25135300,370.5935882568359,362.4628631591797,362.0565515136719,72.06234796875248,5.191869194332185,3.1425290491586333,2.0493401451735513,381.96978055909415,342.9559457592652,362.4628631591797,4.456136694306712,0.004181448563534085,0.004172730601513063,37713705.0
2021-11-03 00:00:00-04:00,378.8891073621499,382.83799428057443,377.848412791825,382.4197692871094,33748900,372.3637725830078,364.0925048828125,362.43052062988284,75.17534026259338,5.824687682840761,3.678960775895059,2.145726906945702,384.52823783445024,343.6567719311747,364.0925048828125,4.494239893909763,0.010615342256377058,0.010559395094670042,36560825.0
2021-11-04 00:00:00-04:00,383.6842918645844,388.2751209954125,383.1396197374018,387.3219299316406,40265300,374.4014434814453,365.80677185058596,362.8941766357422,78.34638472353187,6.6451629867021325,4.272201218056474,2.3729617686456583,387.92777828592085,343.68576541525107,365.80677185058596,4.5914621663664335,0.01281879504731065,0.01273732974675391,36603530.0
2021-11-05 00:00:00-04:00,389.09212224591516,390.01610580693085,386.29093439470984,387.6915283203125,43383800,376.78440246582034,367.6275436401367,363.4114691162109,78.5686622326214,7.241740797237412,4.866109133892662,2.37563166334475,390.64141925711726,344.61366802315615,367.6275436401367,4.529584255356046,0.0009542408010232428,0.0009537858026990454,36681605.0
2021-11-08 00:00:00-05:00,387.6622814990838,388.683534116914,386.524288006234,387.1662292480469,29256300,378.7423095703125,369.5567596435547,363.84791442871096,77.35330148093847,7.584713904601529,5.409830088034435,2.1748838165670934,392.32857955368087,346.78493973342853,369.5567596435547,4.360274387879189,-0.0013549408070419044,-0.0013558595693433288,36402060.0
2021-11-09 00:00:00-05:00,388.2361888677813,388.63497195661483,383.13960148519317,384.50128173828125,50490700,380.31798095703124,371.4135177612305,364.14906433105466,71.32539196399769,7.5544011371749775,5.838744297862544,1.7156568393124338,392.64906400562825,350.1779715168327,371.4135177612305,4.4413526795607945,-0.006883212709283715,-0.006907011287875728,36731340.0
2021-11-10 00:00:00-05:00,381.729235316056,384.5401289612193,376.92442641715365,378.8502502441406,54937400,381.2429473876953,372.8486358642578,364.3432171630859,60.55015391582715,6.993767241371756,6.069748886564386,0.9240183548073704,391.90974197479693,353.7875297537187,372.8486358642578,4.668091955596855,-0.014697042019191753,-0.014806113546362028,37472170.0
2021-11-11 00:00:00-05:00,381.8265197042397,382.0015865093536,379.560268335903,379.90069580078125,32243000,381.8625061035156,374.01384887695315,364.54613708496095,61.70818227082027,6.558619336171091,6.167522976485728,0.3910963596853634,391.7624935445274,356.2652042093789,374.01384887695315,4.55975226342658,0.0027727197117164426,0.00276888281520594,36912625.0
2021-11-12 00:00:00-05:00,381.0485080381455,384.43328234828385,379.4534049833058,383.8983459472656,34730600,382.69801330566406,375.2666076660156,364.8325079345703,65.82023666536274,6.461850255905233,6.22638843236963,0.2354618235356032,392.0668316870822,358.466383644949,375.2666076660156,4.589761199251685,0.010522881875901335,0.010467901717882398,36628160.0
2021-11-15 00:00:00-05:00,385.07510957260075,385.3960653814899,381.3693804579635,383.8106689453125,33716900,383.3963592529297,376.33455352783204,365.0943884277344,65.65371231584285,6.3054005289781685,6.242190851691339,0.0632096772868298,392.44174396229096,360.2273630933731,376.33455352783204,4.549541465271309,-0.00022838598519303588,-0.00022841206924371552,36588330.0
2021-11-16 00:00:00-05:00,383.0811921804126,387.03981533567685,382.88668340353956,386.5437927246094,27872900,384.21044921875,377.40201873779296,365.40044006347654,68.34248119580572,6.328996508463774,6.259551983045826,0.0694445254179481,393.24213108391274,361.5619063916732,377.40201873779296,4.521226498618879,0.007121020858558591,0.007095786116784637,36527425.0
2021-11-17 00:00:00-05:00,386.86478860727243,388.78087686824887,385.78518018894584,386.7480773925781,28703300,384.6432800292969,378.50352630615237,365.7364208984375,68.54071770247012,6.2916542834717575,6.265972443131013,0.025681840340744166,393.71366780232063,363.2933848099841,378.50352630615237,4.412260082953461,0.0005284903594722223,0.0005283507576255161,36393075.0
2021-11-18 00:00:00-05:00,388.79057170851496,391.26103797883917,386.57296981590184,390.7552795410156,45721500,384.9866149902344,379.6940292358398,366.17800048828127,72.21600741276845,6.5103606400232366,6.314850082509459,0.19551055751377788,394.826161350741,364.5618971209386,379.6940292358398,4.431960660095165,0.010361272318284653,0.010307962260070547,37405685.0
2021-11-19 00:00:00-05:00,392.3893183809995,394.2081373154626,391.5625744064973,392.9339904785156,45191700,385.5108612060547,381.1476318359375,366.71911682128905,73.99487936050429,6.781319932734277,6.408144052554423,0.37317588017985415,395.48143368493396,366.813829986941,381.1476318359375,4.362024739691722,0.005575640436795037,0.005560154091184174,37851480.0
2021-11-22 00:00:00-05:00,394.47071088299424,397.5247625877379,388.265308569928,388.3722839355469,61715400,385.6314666748047,382.18688812255857,367.17405029296873,64.66019842288532,6.552433159405155,6.43700187392457,0.11543128548058501,395.4080639965876,368.96571224852954,382.18688812255857,4.711841116700163,-0.011609345726017462,-0.011677260321143771,39307360.0
2021-11-23 00:00:00-05:00,387.2148455722131,389.2768521256282,382.16690844188827,386.60211181640625,70098700,385.8415496826172,383.0797653198242,367.6143719482422,61.42206272063842,6.157224000889244,6.381046299317505,-0.22382229842826185,394.88528174390217,371.27424889574627,383.0797653198242,4.883134157203003,-0.004557925970418597,-0.004568344986451432,40452730.0
2021-11-24 00:00:00-05:00,384.12196673194364,388.12921018442887,381.7973891566023,387.84716796875,46954400,386.7412414550781,383.9920944213867,368.02538146972654,62.83195476170233,5.876740119607746,6.280185063375553,-0.4034449437678074,394.2023251102676,373.78186373250577,383.9920944213867,4.98661179081897,0.003220510479091887,0.0032153357424380656,40512425.0
2021-11-26 00:00:00-05:00,385.2695892759179,386.660476829211,379.10310048381626,380.4939880371094,51533300,386.8005706787109,384.33153839111327,368.2842761230469,50.981602137245886,5.003437937508636,6.024835638202171,-1.0213977006935346,393.5549247680517,375.10815201417483,384.33153839111327,5.2550014832557395,-0.01895896254741536,-0.01914098802608715,41188740.0
2021-11-29 00:00:00-05:00,385.0556547853165,389.76319448090595,384.3261801069884,388.75164794921875,54447100,387.28590087890626,384.99195709228513,368.7953741455078,60.0858499558491,4.92093829566187,5.80405616969411,-0.8831178740322407,393.4646780279392,376.51923615663105,384.99195709228513,5.5417304090086565,0.021702471449572602,0.021470325570495344,42045590.0
2021-11-30 00:00:00-05:00,387.86664096167675,390.2106903823826,381.02903119980994,383.0423889160156,81332700,387.2090728759766,385.30271606445314,369.3423846435547,52.78604110181324,4.344783288196936,5.512201593394676,-1.1674183051977396,392.9726742113192,377.63275791758707,385.30271606445314,5.801725321406087,-0.01468613461401691,-0.014795043504692214,44573960.0
2021-12-01 00:00:00-05:00,387.3802212397502,389.5200254430795,376.0587899811894,376.525634765625,77766500,386.20725708007814,385.20885314941404,369.7503076171875,45.92727173496777,3.32401156051435,5.074563586818611,-1.7505520263042609,393.251174750281,377.1665315485471,385.20885314941404,6.348833188583513,-0.017013140944616034,-0.017159527128411223,47205520.0
2021-12-02 00:00:00-05:00,375.24175177395284,381.01919343331065,373.8217160857389,379.2392883300781,84416600,385.4563781738281,385.0498291015625,370.14597412109373,48.90453483264524,2.7028549464115486,4.600221858737199,-1.8973669123256505,393.42533656134356,376.6743216417815,385.0498291015625,6.4094506285112445,0.007207088479227464,0.007181241530252053,49738905.0
2021-12-03 00:00:00-05:00,380.6009350135949,381.6027456008763,368.53055851723735,372.6448059082031,105349100,383.64533081054685,384.31597290039065,370.3434167480469,42.74515702628934,1.6593364379316995,4.012044774576099,-2.3527083366443993,394.20229563242816,374.42965016835313,384.31597290039065,6.88536037530608,-0.017388711098243026,-0.01754167050658627,52993095.0
2021-12-06 00:00:00-05:00,373.13124618399485,376.99260083295,368.9197281792316,375.63092041015625,67588800,381.91502380371094,383.7129425048828,370.59377624511717,46.0581748581424,1.0610637042308895,3.421848560507057,-2.3607848562761675,394.1576515483846,373.268233461381,383.7129425048828,6.970182680906963,0.008013299674674013,0.007981363683835625,54203345.0
2021-12-07 00:00:00-05:00,382.27390933098576,387.55529887951013,382.23499570372724,386.9425354003906,56005300,381.7720489501953,383.7017578125,371.12833435058593,56.35971127650728,1.4825906647491252,3.033996981355471,-1.5514063166063456,394.132120356634,373.27139526836595,383.7017578125,7.324053808653171,0.03011364181064513,0.02966912801042822,55540795.0
2021-12-08 00:00:00-05:00,387.273264023644,388.8781024101654,385.37661795077236,388.673828125,39204000,381.9792205810547,383.91038513183594,371.90138366699216,57.69149771913374,1.9340600316226073,2.8140095914088983,-0.879949559786291,394.56096306476945,373.2598071989024,383.91038513183594,7.051013140848878,0.004474288986652475,0.004464309113170091,54976460.0
2021-12-09 00:00:00-05:00,387.4483631974559,389.24774019188266,382.7602649929764,382.9548034667969,49973700,381.4899841308594,384.11561279296876,372.57152893066404,52.04168006645241,1.8095162861354765,2.6131109303542144,-0.8035946442187378,394.5236851880519,373.7075403978856,384.11561279296876,7.010760430710121,-0.014714200556781076,-0.014823528176913547,54728275.0
2021-12-10 00:00:00-05:00,385.76576246490276,387.3803370861821,382.5949688378498,387.11773681640625,52545800,382.15235900878906,384.47646484375,373.3506103515625,55.46089407608913,2.0234038605958062,2.495169516402533,-0.4717656558067267,394.77484135907,374.17808832843,384.47646484375,6.851803846254563,0.010870560473255297,0.010811900657918991,55743415.0
2021-12-13 00:00:00-05:00,387.10789728866115,387.42885308796576,381.1553886423513,381.5249938964844,50166400,381.4296936035156,384.35779724121096,373.97465270996094,50.274990870234085,1.7217761277649402,2.3404908386750147,-0.6187147109100746,394.73448374078976,373.98111074163216,384.35779724121096,6.810493889065985,-0.014447136847605346,-0.014552512881872965,56515205.0
2021-12-14 00:00:00-05:00,376.70074791408535,379.41440228714094,373.1312014367775,377.5761413574219,75199200,380.88306884765626,384.0460708618164,374.6667785644531,46.93772850013023,1.1508285433396281,2.1025583796079372,-0.9517298362683091,394.83612326200847,373.25601846162436,384.0460708618164,6.923586644111765,-0.01035018046585412,-0.010404116068619405,58589320.0
2021-12-15 00:00:00-05:00,377.3232270446941,386.54379804863623,373.37433966272437,386.18389892578125,73858000,381.84889526367186,384.028076171875,375.4384655761719,54.09150262124154,1.3770488055155852,1.9574564647894668,-0.5804076592738816,394.8025958562445,373.2535564875055,384.028076171875,7.36972033995463,0.02279740858999646,0.022541430788740414,60888575.0
2021-12-16 00:00:00-05:00,387.1468587185331,387.57481962538174,374.66796034900517,376.25335693359375,82591400,381.55030212402346,383.50334014892576,375.9669940185547,46.331018081094385,0.7464140508006949,1.7152479819917124,-0.9688339311910175,394.7104117277298,372.2962685701217,383.50334014892576,7.765230263984768,-0.025714541750214148,-0.026050939993452035,63582980.0
2021-12-17 00:00:00-05:00,372.83935256246275,378.5389967311671,371.3220476290657,374.3761291503906,80492500,381.7234344482422,382.6843826293945,376.39378479003904,45.0162245314043,0.09407048476225555,1.391012482545821,-1.2969419977835654,394.04478573977303,371.323979519016,382.6843826293945,7.726067323850243,-0.004989265208162452,-0.005001753146227147,65321530.0
2021-12-20 00:00:00-05:00,369.65383235643225,371.5334044386726,367.60868840628507,370.74456787109375,65336800,381.23479919433595,381.5749114990234,376.783154296875,42.50335456188778,-0.7077941261206888,0.9712511608125192,-1.679045286933208,393.0481846655676,370.10163833247924,381.5749114990234,7.657593996725622,-0.009700301372147724,-0.009747655779017749,66328785.0
2021-12-21 00:00:00-05:00,374.0167620264136,379.353608869592,370.26736624903543,379.0419616699219,48899500,380.4447418212891,381.1083953857422,377.39235534667966,49.44690657060278,-0.6660692404259976,0.6437870805648158,-1.3098563209908134,392.19026168061896,370.02652909086544,381.1083953857422,7.759640326999261,0.02238035164338026,0.02213358658027454,65687990.0
2021-12-22 00:00:00-05:00,378.7498329492057,383.8626780914225,378.0876049017559,383.6581726074219,37042200,379.94317626953125,380.961198425293,378.1181964111328,52.857869635924885,-0.25754352311054163,0.4635209598297444,-0.721064482940286,391.82329681965456,370.0991000309314,380.961198425293,7.617885531475496,0.012178627709614531,0.012105064883768939,64035165.0
2021-12-23 00:00:00-05:00,384.00876815044677,388.0211296414889,383.8432259923988,386.55059814453125,29595500,380.30275573730466,380.89636993408203,378.84625061035155,54.91074944193836,0.296196252938671,0.43005601845152974,-0.13385976551285872,391.6077346057428,370.18500526242127,380.89636993408203,7.3853906388034645,0.0075390692643189094,0.007510792512960253,63167220.0
2021-12-27 00:00:00-05:00,387.8457703226318,392.93914794921875,387.8165552575593,392.93914794921875,32820700,380.88489685058596,381.5186279296875,379.57310485839844,59.14277220572699,1.236290406594037,0.5913028960800313,0.6449875105140057,393.4416238326933,369.5956320266817,381.5186279296875,7.314187722080896,0.016527072614433758,0.016391986898783135,62231590.0
2021-12-28 00:00:00-05:00,393.83522383937907,394.0105142865246,390.2416210712962,391.11810302734375,33113700,381.8442077636719,381.63695068359374,380.218603515625,57.48645481247354,1.8134740898315158,0.8357371348303282,0.9777369550011876,393.8871955348709,369.3867058323166,381.63695068359374,7.06095240016286,-0.0046344196840125695,-0.004645191901787171,61164920.0
2021-12-29 00:00:00-05:00,391.25435723845357,392.5203830962154,388.68331247336454,391.0595703125,32248500,383.1925506591797,382.03780975341795,380.7907598876953,57.43078121295978,2.2403478804735073,1.1166592839589642,1.1236885965145431,394.9524467111485,369.12317279568737,382.03780975341795,6.830675130354861,-0.00014965483415541048,-0.00014966603355748057,58710710.0
2021-12-30 00:00:00-05:00,390.8453700057501,393.026870937428,389.3066600735181,389.8909912109375,23850100,383.5632598876953,382.7060775756836,381.28468994140627,56.259334611779295,2.4560421427553365,1.3845358557182388,1.0715062870370977,395.79268131395787,369.6194738374093,382.7060775756836,6.608499111323076,-0.002988238085130268,-0.002992711783096296,56014890.0
2021-12-31 00:00:00-05:00,389.21891879599315,390.58233796658226,386.9595214731261,387.4562072753906,34752900,384.683544921875,383.1169235229492,381.73945556640626,53.79713143456422,2.402816511305673,1.5881919868357257,0.8146245244699473,396.2581959396977,369.9756511062007,383.1169235229492,6.395236067189727,-0.006244781209190919,-0.006264361413992284,53531705.0
2022-01-03 00:00:00-05:00,388.62492150092214,391.4394353469124,386.51162877090127,391.18621826171875,40575900,386.3645538330078,384.043994140625,382.2242755126953,56.90852549102364,2.631283727611333,1.7968103349908473,0.8344733926204855,396.7067290371383,371.3812592441117,384.043994140625,6.290419674962683,0.00962692277549948,0.00958087922372417,50293045.0
2022-01-04 00:00:00-05:00,391.7315229734754,391.7704863003815,383.0153583878723,386.1122741699219,58027200,387.9013244628906,384.5680618286133,382.6692822265625,51.79849523991993,2.3755370467090984,1.9125556773344976,0.46298136937460077,396.6488673410806,372.487256316146,384.5680618286133,6.466470263358862,-0.012970661682161322,-0.013055515250975234,49814965.0
2022-01-05 00:00:00-05:00,384.4275597698944,385.54754023833226,373.9973627235107,374.2505798339844,75739800,387.42218627929685,383.93346405029297,382.8025506591797,42.247782353605515,1.201862041463471,1.7704169501602922,-0.5685549086968211,396.75912062071257,371.1078074798734,383.93346405029297,6.8699303478625975,-0.030720842432264583,-0.031202620275641878,50801690.0
2022-01-06 00:00:00-05:00,372.42937226261216,377.2305699327949,370.199189701776,373.987548828125,70814300,386.4551239013672,383.1991500854492,382.9074102783203,42.06257450057259,0.2476371332797953,1.465860986784193,-1.2182238535043977,396.52696438771363,369.8713357831848,383.1991500854492,6.881462482373761,-0.0007028205700471135,-0.0007030676642059758,52382205.0
2022-01-07 00:00:00-05:00,373.99738347006615,375.6821986780391,368.1638791037706,369.9363098144531,72652300,384.7936950683594,382.54822540283203,382.91412475585935,39.21134103610758,-0.8259728116387919,1.007494227099596,-1.8334670387383878,397.0776599294289,368.0187908762352,382.54822540283203,6.926952274651953,-0.010832550512353323,-0.010891649772317238,53516135.0
2022-01-10 00:00:00-05:00,365.0279391905365,370.69590044692626,359.6618768929974,370.1797180175781,91770500,382.5177520751953,381.7013244628906,382.8436169433594,39.47679600985316,-1.6382902302102025,0.47833733563763625,-2.1166275658478386,397.0197908003027,366.38285812547855,381.7013244628906,7.220314508886019,0.0006579732690934481,0.0006577568995870595,55477370.0
2022-01-11 00:00:00-05:00,369.4493143206494,375.906112223643,367.3652366626688,375.7405700683594,68295700,380.97999877929686,381.4121032714844,382.8475628662109,45.34846399649538,-1.8124505486273392,0.020179758784641177,-1.8326303074119803,396.94982239099636,365.87438415197244,381.4121032714844,7.314640298320889,0.015022033299288307,0.01491031994217018,56383835.0
2022-01-12 00:00:00-05:00,378.31160870654446,380.0061720189423,374.9517565939594,377.2306213378906,54576400,379.59710388183595,381.3948272705078,382.85563110351563,46.83678086721037,-1.809381744705206,-0.3457325419133283,-1.4636492027918777,396.9503265896224,365.83932795139316,381.3948272705078,7.153195664511036,0.00396563849695597,0.003957796079236781,55352695.0
2022-01-13 00:00:00-05:00,378.61344007139684,379.29516458019566,366.8587893280662,367.793701171875,77994000,377.3873748779297,380.4753173828125,382.643447265625,39.50002375670016,-2.5391604244517225,-0.7844181184210071,-1.7547423060307155,396.9374755067952,364.0131592588298,380.4753173828125,7.530565635055207,-0.025016315304803527,-0.025334541770251226,55559495.0
2022-01-14 00:00:00-05:00,365.27139040203764,370.4134504382263,365.06685520469034,370.08233642578125,80121200,375.6499877929688,380.16676635742186,382.3966986083984,41.87790073008257,-2.8994188521529054,-1.2074182651673868,-1.6920005869855186,397.15675328459815,363.1767794302456,380.16676635742186,7.374567749232402,0.006222605897311828,0.006203325427075506,55435985.0
2022-01-18 00:00:00-05:00,364.2683212855361,366.39136228190114,360.1098547820308,360.8694763183594,75450900,372.6183135986328,379.49143371582034,381.86764953613283,35.78123864593013,-3.8835598071871686,-1.7426465735713434,-2.140913233615825,398.32242263823275,360.6604447934079,379.49143371582034,7.560133027412261,-0.024894082209917845,-0.025209180253641956,55183905.0
2022-01-19 00:00:00-05:00,362.4277719086582,364.9014240722024,356.64294889299623,356.9059143066406,81791500,369.6976776123047,378.7995010375977,381.2519372558594,33.520289246958114,-4.9265349061439,-2.379424240085855,-2.5471106660580447,399.7616255827531,357.8373764924423,378.7995010375977,7.6100146096832555,-0.0109833673165034,-0.011044129822886405,56006640.0
2022-01-20 00:00:00-05:00,360.1293216669016,364.1027194405778,351.73452212502156,352.2701416015625,88610700,367.4996337890625,377.4609100341797,380.5540155029297,31.0491018821443,-6.057343021046108,-3.115007996277906,-2.9423350247682025,401.398181953396,353.5236381149634,377.4609100341797,7.949884802959898,-0.012988780850224924,-0.013073872693526825,57992200.0
2022-01-21 00:00:00-05:00,350.07894570355364,352.7181393726713,342.21976511466244,342.502197265625,143388900,364.3510986328125,375.40311126708986,379.7140338134766,26.599359908009234,-7.653483479508168,-4.022703092923958,-3.6307803865842097,403.5597437162602,347.2464788179195,375.40311126708986,8.131919764034825,-0.027728561641723215,-0.028120255936591877,63309535.0
2022-01-24 00:00:00-05:00,336.8731466697839,344.73232602908723,325.42036573638467,344.070068359375,198685800,361.7644744873047,373.27908477783205,379.01843017578125,28.37375301825557,-8.691729352824495,-4.956508344904066,-3.7352210079204298,404.0402391710629,342.5179303846012,373.27908477783205,8.930494087511091,0.004577696453532676,0.004567250667416495,71764050.0
2022-01-25 00:00:00-05:00,337.6133584822439,341.8594404635493,332.75370059517894,336.0940856933594,124398400,358.3559112548828,370.43683166503905,378.1422979736328,25.055485813849714,-10.042379530599817,-5.973682582043216,-4.068696948556601,403.80112729940424,337.07253603067386,370.43683166503905,9.100913635845732,-0.023181274395786322,-0.023454186012906955,76342935.0
2022-01-26 00:00:00-05:00,343.6902916646973,347.5565772992611,331.87718103363807,335.56817626953125,146559500,354.338671875,367.6593353271484,377.17569458007813,24.84912977161457,-11.028091053770765,-6.984564276388726,-4.04352677738204,402.872115795825,332.44655485847187,367.6593353271484,9.570805252258396,-0.0015647684568539377,-0.0015659939856284117,82015225.0
2022-01-27 00:00:00-05:00,340.271995193972,342.09313709621506,331.16625596244336,332.1888427734375,95255700,349.83449401855466,364.71579895019534,376.1432580566406,23.509273090456375,-11.944272371570037,-7.976505895424989,-3.967766476145048,401.4227363279181,328.0088615724726,364.71579895019534,9.667667815223632,-0.010070482647256296,-0.010121532981144963,85165585.0
2022-01-28 00:00:00-05:00,334.0684086431916,342.8235371800627,329.12113570448446,342.6092834472656,108167900,347.31605224609376,362.3517135620117,375.26456787109373,35.12540505145846,-11.69470095858236,-8.720144908056463,-2.974556050525896,398.3520635217655,326.3513636022579,362.3517135620117,9.955863076677534,0.03136902668623098,0.03088707182335036,89381475.0
2022-01-31 00:00:00-05:00,343.9726923125403,354.14966913051103,342.33655958039134,353.5653381347656,94326400,345.6643524169922,360.6571701049805,374.6009130859375,44.643951236326814,-10.491907586343245,-9.07449744371382,-1.417410142629425,394.9198647570705,326.39447545289045,360.6571701049805,10.08852353906626,0.031978277346318196,0.03147761775481093,92360150.0
2022-02-01 00:00:00-05:00,354.90939615460974,356.62342632692844,349.7576168140272,355.9709167480469,74433000,345.17449645996095,358.8964050292969,373.9052258300781,46.50004299000627,-9.238084199212153,-9.107214794813487,-0.13086940439866623,390.1936686165365,327.59914144205726,358.8964050292969,9.858329680054473,0.006803773882281261,0.006780732665205994,94053005.0
2022-02-02 00:00:00-05:00,360.10012183811494,360.43123585657395,354.773023033465,358.86328125,78777100,345.3702331542969,357.5339553833008,373.2238116455078,48.72616179717814,-7.919736694048083,-8.869719174660407,0.9499824806123236,386.2385394199783,328.8293713466233,357.5339553833008,9.558321333129793,0.008125283178682663,0.008092450793696223,95090500.0
2022-02-03 00:00:00-05:00,349.1635083008554,352.4746783595393,343.2520781277815,344.3135986328125,95384800,344.5745788574219,356.0371063232422,372.34263793945314,39.763033797924635,-7.9572483823242806,-8.687225016193182,0.7299766338689011,384.21613001465636,327.85808263182804,356.0371063232422,9.990670032350417,-0.04054380422122805,-0.04138861775132812,96072750.0
2022-02-04 00:00:00-05:00,344.82972180603156,351.9584954869843,342.7748593755462,348.6570739746094,86318300,345.1900665283203,354.7705825805664,371.5837371826172,43.126418154803275,-7.549468926986265,-8.459673798351798,0.9102048713655329,381.8646842432417,327.67648091789107,354.7705825805664,9.93302475228525,0.012614881779412057,0.01253597704790178,96847950.0
2022-02-07 00:00:00-05:00,349.25114058242553,351.61765032861587,344.5960180338166,345.8523254394531,58198100,345.3682922363281,353.5663833618164,370.74384033203125,41.5144589580428,-7.367690388691301,-8.241277116419699,0.873586727728398,379.9898041746882,327.14296254894464,353.5663833618164,9.725068148179107,-0.008044433182389676,-0.008076964214939824,96125240.0
2022-02-08 00:00:00-05:00,344.71286787681044,350.8288031286312,343.5831690442686,349.7380676269531,64720900,346.7326904296875,352.54430084228517,370.12872192382815,44.60372933130418,-6.831335286594765,-7.9592887504547125,1.1279534638599475,377.8770697265479,327.2115319580224,352.54430084228517,9.547965715049358,0.011235264017851021,0.011172617237766637,94772760.0
2022-02-09 00:00:00-05:00,354.25685095249275,357.22715841338385,352.6596813646489,357.1492614746094,55766400,348.8907989501953,351.61473541259767,369.4966741943359,50.025653114554125,-5.742057731160912,-7.515842546595953,1.7737848154350404,374.7430851824048,328.48638564279054,351.61473541259767,9.400903220148027,0.02119069822150843,0.020969297669117225,94146295.0
2022-02-10 00:00:00-05:00,350.1276521478093,356.9155644682543,347.22552265055316,349.0661315917969,112468500,350.5785278320312,350.20651092529295,368.81714904785156,44.867642853289205,-5.468006671473688,-7.106275371571501,1.6382687000978127,370.1326879843154,330.2803338662705,350.20651092529295,9.438248620427183,-0.02263235782551698,-0.02289240071570429,97040900.0
2022-02-11 00:00:00-05:00,349.0661216262267,350.6632914067648,336.7660716564922,337.9931640625,101569100,350.1169158935547,348.7164840698242,368.04649963378904,38.94387832769544,-6.074294485492032,-6.8998791943556075,0.825584708863575,367.58823884334015,329.8447292963083,348.7164840698242,9.756746558273283,-0.03172168975203171,-0.03223572244206429,98219655.0
2022-02-14 00:00:00-05:00,337.43802051737816,341.81074053043295,334.9059686837341,338.4118957519531,80254400,348.60157165527346,347.1329620361328,367.2299517822266,39.27040705002167,-6.4466804786782745,-6.809239451220142,0.3625589725418674,363.7477126754841,330.51821139678157,347.1329620361328,9.55303407887511,0.0012388762080870475,0.0012381094341841912,98226315.0
2022-02-15 00:00:00-05:00,343.69035309651895,347.0599534834927,342.62883253219337,346.82623291015625,55128800,347.6871032714844,346.43079986572263,366.7135803222656,45.56982819591186,-5.993740267230521,-6.646139614422219,0.6523993471916976,361.80474742579264,331.0568523056526,346.43079986572263,9.488392911208283,0.0248641884751315,0.024560104762944897,97210210.0
2022-02-16 00:00:00-05:00,344.57658196938326,347.7611436507016,341.54781418950745,346.73858642578125,58947100,346.4746337890625,345.9224334716797,366.13573364257815,45.5168652793839,-5.5775595901520205,-6.43242360956818,0.8548640194161594,360.53057709161504,331.3142898517444,345.9224334716797,9.254459807635849,-0.0002527100780110869,-0.0002527420145834269,96067990.0
2022-02-17 00:00:00-05:00,343.5247302610099,344.2259215973404,336.006412490477,336.4252014160156,61801400,345.6857940673828,345.1301864624023,365.1253869628906,39.673694735794726,-6.010650347178341,-6.348068957090213,0.33741860991187167,359.9918163316061,330.2685565931985,345.1301864624023,9.360010816755022,-0.029743978355789902,-0.03019530247130826,94727525.0
2022-02-18 00:00:00-05:00,337.36014833883615,337.74969251719716,330.2800855630904,332.5881652832031,80001500,344.0789031982422,344.6344848632813,364.0036737060547,37.73291641437587,-6.587557379976829,-6.3959666416675365,-0.19159073830929252,360.4447459514463,328.82422377511625,344.6344848632813,9.224981969423004,-0.01140531718986093,-0.01147085662855817,91558155.0
2022-02-22 00:00:00-05:00,329.64706468518256,335.0520908242243,325.615236105448,329.2477722167969,85967100,342.41844787597654,343.8933700561523,362.9295330810547,36.07826943549295,-7.230948292680694,-6.562962971870168,-0.6679853208105255,361.07050087191084,326.7162392403938,343.8933700561523,9.240115737233955,-0.01004363177974732,-0.010094409329518089,85922220.0
2022-02-23 00:00:00-05:00,332.4031047994044,333.24062324194284,320.5023481509499,320.8139953613281,86215400,339.5260406494141,343.1293655395508,361.6034582519531,32.234833674268856,-8.325405443039585,-6.915451466104052,-1.4099539769355331,362.8038350724914,323.4548960066102,343.1293655395508,9.489984262502455,-0.02561528905324051,-0.025949072885689626,84013070.0
2022-02-24 00:00:00-05:00,310.51033638338527,332.13037570497437,309.94550189674453,331.5947265625,130614100,336.9705871582031,342.9306930541992,360.60485290527345,40.90165847941622,-8.228008351711082,-7.177962843225458,-1.0500455084856242,362.98317746405803,322.87820864434036,342.9306930541992,10.396762087197269,0.03360430454110852,0.033052018647734,83215800.0
2022-02-25 00:00:00-05:00,332.393311222296,336.9413210602754,328.5757374366996,336.7367858886719,78842100,335.73765258789064,343.15809020996096,359.78806579589843,44.54474719374036,-7.647740845571548,-7.271918443694676,-0.37582240187687166,362.817457464428,323.4987229554939,343.15809020996096,10.251677911224306,0.015507060017140084,0.015388054271289689,82395120.0
2022-02-28 00:00:00-05:00,333.5620558611428,339.43452303674104,332.4031418162457,337.7399597167969,77515500,335.7123321533203,342.9146240234375,358.8191870117187,45.25378976006561,-7.025936302101002,-7.2227220153759415,0.19678571327493977,362.7152454163566,323.1140026305184,342.9146240234375,10.02165671902938,0.0029791037693656097,0.002974675033327271,80862500.0
2022-03-01 00:00:00-05:00,336.7174137109176,338.98653027662823,330.0463613925379,332.5686950683594,67407000,335.1280120849609,341.8647918701172,357.94549377441405,42.254568254521004,-6.871222386127954,-7.152422089526344,0.2811997033983902,361.52124435569044,322.20833938454393,341.8647918701172,9.944407587962305,-0.01531137936054039,-0.015429808965094188,79516530.0
2022-03-02 00:00:00-05:00,334.11712876141945,339.4831912377867,331.35132644345447,338.14898681640625,70609000,334.2602874755859,340.9736953735352,357.22095092773435,46.38402233118683,-6.2265517725027735,-6.967248026121631,0.7406962536188573,359.5791999911961,322.36819075587425,340.9736953735352,9.814940245560155,0.01677936567932181,0.016640147295495913,79325330.0
2022-03-03 00:00:00-05:00,340.78814877836516,340.89529050718346,331.45843724286703,333.31854248046875,71089400,332.9182830810547,339.6964584350586,356.47243041992186,43.48513904074672,-6.035844694352704,-6.780967359767845,0.745122665415141,356.64792686368526,322.744990006432,339.6964584350586,9.787934032614174,-0.01428495877339453,-0.014387970990619673,78940945.0
2022-03-04 00:00:00-05:00,330.96174951241795,332.3933472673378,326.17030009780126,328.48809814453125,76936300,332.12457275390625,338.90518341064455,355.46135314941404,40.74293765137778,-6.2029803528643015,-6.665369958387137,0.46238960552283537,356.3897391267327,321.4206276945564,338.90518341064455,9.599384629046554,-0.014491976053869093,-0.014598010417301703,78018520.0
2022-03-07 00:00:00-05:00,328.47840017883215,329.6373141349506,316.168602423875,316.37310791015625,89933800,330.50306701660156,337.2909851074219,354.11565185546874,34.81334444011554,-7.229675826487494,-6.778231132007209,-0.45144469448028524,356.7282214155525,317.8537487992912,337.2909851074219,9.875765134905773,-0.03688106297551319,-0.03757836803517729,78199295.0
2022-03-08 00:00:00-05:00,315.584343943711,324.50504709175635,311.58172990374453,314.90264892578125,116153900,329.0685546875,335.7435012817383,352.68269287109376,34.16344120185404,-8.068978970370438,-7.036380699679855,-1.032598270690583,357.04644803272464,314.44055453075197,335.7435012817383,10.093447424413347,-0.00464786338538159,-0.004658698288207394,81097085.0
2022-03-09 00:00:00-05:00,323.083178463384,327.59222652318823,320.492666216576,326.238525390625,64723400,329.6110076904297,334.5685241699219,351.3486804199219,42.99791290320036,-7.730312040657395,-7.175166967875363,-0.5551450727820324,355.23716203801064,313.89988630183313,334.5685241699219,10.278885293912891,0.03599803464186002,0.03536524677165021,81097210.0
2022-03-10 00:00:00-05:00,322.17746604211277,323.82331784104474,318.17482270496157,322.6156921386719,69362700,328.7131042480469,332.841845703125,349.97863220214845,41.09976218199251,-7.665880921628798,-7.27330975862605,-0.3925711630027475,351.33138373089037,314.3523076753596,332.841845703125,10.120657964752215,-0.011104860309233189,-0.011166979582496002,81777025.0
2022-03-11 00:00:00-05:00,325.5859020509912,325.8975491885723,315.43811132076956,315.925048828125,66228400,326.6319305419922,331.1847915649414,348.47594177246094,37.78251104043725,-8.06176676571971,-7.431001160044783,-0.6307656056749273,349.5006266699871,312.8689564598957,331.1847915649414,10.144856529255827,-0.02073874108910667,-0.020956809018612244,79465020.0
2022-03-14 00:00:00-04:00,314.68832321154076,318.05792335040644,309.15671876755334,309.85791015625,79802600,323.8437255859375,329.7780288696289,346.8752801513672,35.022051696037266,-8.764050021772846,-7.697610932390396,-1.0664390893824498,350.0079640495178,309.54809368973997,329.7780288696289,10.056024247369919,-0.019204360953270716,-0.019391160132740923,78376695.0
2022-03-15 00:00:00-04:00,312.49708626661936,320.35626644797605,310.89019809296275,319.5771484375,76471000,322.54457092285156,328.83629150390624,345.5176989746094,42.295393730306394,-8.439072880611889,-7.845903322034695,-0.5931695585771939,349.12435846870824,308.54822453910424,328.83629150390624,10.087619393395357,0.031366758642207726,0.030884872759331213,78187525.0
2022-03-16 00:00:00-04:00,323.4921226654571,331.54605948186617,319.82059431746063,331.42919921875,105243000,321.8725921630859,328.0664398193359,344.32255859375,49.690790326127825,-7.142826649225242,-7.705287987472804,0.5624613382475623,346.66353664725034,309.4693429914215,328.0664398193359,10.2219973684647,0.03708666542397632,0.03641549897036426,80693235.0
2022-03-17 00:00:00-04:00,329.53015952791367,335.50001949212384,328.23491853830734,335.44158935546875,67810000,322.08489685058595,327.5015899658203,343.30914489746095,51.93653509562964,-5.725772677554744,-7.3093849254891925,1.5836122479344485,344.4049784828101,310.5982014488305,327.5015899658203,10.010790481704115,0.012106326618707142,0.012033631175008183,81136380.0
2022-03-18 00:00:00-04:00,333.7859653329229,342.5995534292545,332.6270515062005,342.307373046875,85446300,323.4668243408203,327.79569854736326,342.67028076171874,55.58969205715547,-4.00259639185964,-6.648027218763282,2.6454308269036417,345.4958290042608,310.0955680904657,327.79569854736326,10.008055584657681,0.02046789637682811,0.020261244053502835,82318625.0
2022-03-21 00:00:00-04:00,341.4727779184721,343.6959575006503,336.9678866204521,341.3557434082031,73799100,325.965087890625,328.2340774536133,342.0176446533203,54.96608561513126,-2.6828293427121253,-5.854987643553051,3.172158300840926,346.80037298536075,309.6677819218658,328.2340774536133,9.773770962910577,-0.0027800442339334097,-0.0027839157338635334,82008505.0
2022-03-22 00:00:00-04:00,341.85302014961167,348.9321048086692,341.47275472750243,348.06427001953125,63345900,329.28125,329.17490234375,341.58020385742185,58.50039195745394,-1.0830971461206218,-4.900609544066565,3.8175123979459435,349.65925041495495,308.690554272545,329.17490234375,9.616813137021682,0.01965259627492455,0.019461977394260744,80877445.0
2022-03-23 00:00:00-04:00,345.18779855169856,348.746831695108,343.0036008998052,343.0621032714844,70615500,330.96360778808594,330.2873077392578,341.0378515625,55.032245512601556,-0.21643596748293703,-3.9637748287498398,3.7473388612669027,351.2455674392943,309.32904803922133,330.2873077392578,9.340128684041767,-0.014371388214499015,-0.014475656809404037,80097450.0
2022-03-24 00:00:00-04:00,344.9830361401527,350.7360276774372,342.82811927095605,350.687255859375,53555300,333.77076416015626,331.24193420410154,340.53678527832034,59.02047909153522,1.0733128657257112,-2.9563572898547297,4.02967015558044,354.0123780023562,308.4714904058469,331.24193420410154,9.237827235644582,0.022226741208592138,0.021983327456539553,76244510.0
2022-03-25 00:00:00-04:00,350.62872383979783,351.6818260333896,346.0946115385893,350.39471435546875,57584200,337.2177307128906,331.9248306274414,340.00006713867185,58.804993999907694,2.048231713475218,-1.95543948918874,4.003671202663958,356.08998817229656,307.75967308258623,331.9248306274414,8.977069182727135,-0.0008341948531587207,-0.0008345429873065133,75181615.0
2022-03-28 00:00:00-04:00,350.3850238101714,355.9137370347705,349.1466836996103,355.81622314453125,56833900,341.8135620117188,332.8286437988281,339.760517578125,61.602882966427465,3.2212003811987984,-0.9201115151112325,4.141311896310031,359.0599973321199,306.59729026553634,332.8286437988281,8.819210907900926,0.015472575832186974,0.015354096092342215,74147535.0
2022-03-29 00:00:00-04:00,359.7066966193203,362.56367141997544,356.9374753723277,361.93963623046875,68073000,346.0498107910156,334.2971908569336,339.59766357421876,64.53289697555377,4.591961488051879,0.18230308552138985,4.409658402530489,363.4336602337056,305.16072148016156,334.2971908569336,8.671227862725445,0.017209482557657863,0.017063076737926335,74180835.0
2022-03-30 00:00:00-04:00,360.0772287057881,361.7348751699815,356.4596933773582,357.9418029785156,68757700,348.70107116699216,335.2868316650391,339.5391101074219,61.246872474160845,5.2946741016635315,1.204777288749818,4.089896812913714,366.1714971493961,304.40216618068206,335.2868316650391,8.443278933467239,-0.011045580123773657,-0.011107035503139167,74088270.0
2022-03-31 00:00:00-04:00,358.08801102639194,358.4390549484774,352.66657403692415,353.5051574707031,67011400,350.50742797851564,336.2961624145508,339.4710949707031,57.73343849819049,5.430973811400861,2.0500165932800267,3.3809572181208343,368.1614133064305,304.43091152267107,336.2961624145508,8.252507646187668,-0.012394879477317655,-0.012472336710173053,73884370.0
2022-04-01 00:00:00-04:00,353.7684957143745,354.5485472014141,349.65366014256847,352.8324279785156,54527800,351.5599334716797,337.51337890625,339.4823406982422,57.19764620999765,5.422204863112881,2.724454247246598,2.6977506158662834,369.94737638857134,305.0793814239287,337.51337890625,8.012677604234668,-0.00190302596149039,-0.0019048390159537333,72763945.0
2022-04-04 00:00:00-04:00,353.67097229295626,360.10650103702426,353.4077116185241,360.09674072265625,45950200,353.434033203125,339.699560546875,339.8342315673828,61.36697806792056,5.933032431786103,3.366169884154499,2.5668625476316036,372.03322824245953,307.3658928512904,339.699560546875,7.9599201366828085,0.02058856320480551,0.020379483632375354,70564765.0
2022-04-05 00:00:00-04:00,358.6439399994428,359.355758650696,350.9603098177033,352.1011657714844,62738700,353.8377227783203,341.55948638916016,339.994853515625,55.014858545063674,5.627816913339359,3.818499289991472,1.8093176233478871,372.20930477905983,310.9096679992605,341.55948638916016,8.043956620130675,-0.022203963676888705,-0.022454182514133537,67894005.0
2022-04-06 00:00:00-04:00,346.7869364328608,347.8887807691179,341.8237865192822,344.4565124511719,90077100,353.97716369628904,342.4703857421875,340.16210205078124,49.716104117891604,4.714723385718344,3.9977441091368466,0.7169792765814971,372.31707064395704,312.62370084041794,342.4703857421875,8.203486808135784,-0.021711525162270928,-0.02195068839390398,69161690.0
2022-04-07 00:00:00-04:00,343.4619108236752,347.46950207698916,340.00039133532164,345.27557373046875,63777400,353.4359954833984,343.60337982177737,340.35625,50.26877455740289,4.0109458990564235,4.000384467120762,0.010561431935661503,372.0361415870368,315.1706180565179,343.60337982177737,8.151031374816622,0.002377836532885924,0.0023750139531340305,68882425.0
2022-04-08 00:00:00-04:00,343.5398970896143,344.2906973309232,339.8150875535041,340.4488830566406,61956100,352.4414123535156,344.82957153320314,340.5214508056641,46.99106575139409,3.0288093426591445,3.8060694422284387,-0.7772600995692942,370.3477988579359,319.31134420847036,344.82957153320314,7.958849574970053,-0.01397924162916886,-0.014077871486682133,68668810.0
2022-04-11 00:00:00-04:00,336.21700759877035,337.13358429382816,332.05343073376827,332.39471435546875,66107400,350.09926147460936,345.95641174316404,340.3171594238281,42.06247425287771,1.5823150007426534,3.361318553931282,-1.7790035531886286,366.7511842851967,325.1616392011314,345.95641174316404,7.990035485534504,-0.02365749779778803,-0.023941829741093764,67984050.0
2022-04-12 00:00:00-04:00,337.14337819166946,339.0252738193308,329.61576592396983,330.9906311035156,72790200,347.0043609619141,346.52708587646487,339.8656652832031,41.25022252328067,0.3189829919542717,2.75285144153588,-2.4338684495816083,364.87760904966365,328.1765627032661,346.52708587646487,8.091426371950678,-0.004224144341993252,-0.004233091243930143,67800010.0
2022-04-13 00:00:00-04:00,331.33190231102026,338.77176141426696,330.6103532208054,337.71868896484375,61367800,344.9820495605469,346.84156036376953,339.50062072753906,46.57411299757376,-0.13773100880763423,2.1747349514671774,-2.3124659602748117,364.34225917387806,329.340861553661,346.84156036376953,8.09642507348717,0.020327034148661216,0.0201231976223954,65606250.0
2022-04-14 00:00:00-04:00,337.80645754236645,338.3232483542657,329.7815446072718,329.9960632324219,73519400,342.6311401367187,346.5692840576172,338.9232763671875,41.88256551306276,-1.1100357002096075,1.5177808211318207,-2.627816521341428,364.9197665639982,328.2188015512362,346.5692840576172,8.128230693023362,-0.022867036929738238,-0.02313254298500757,65891720.0
2022-04-18 00:00:00-04:00,328.9429398152446,332.54098406910816,327.4218188022188,330.2495422363281,58560600,340.3728515625,345.96639251708984,338.6419952392578,42.08876900134751,-1.8389423532732962,0.8464361862507974,-2.685378539524094,365.5857786672334,326.3470063669463,345.96639251708984,7.913297448299504,0.0007681273571065184,0.000767832498271248,64547435.0
2022-04-19 00:00:00-04:00,329.6060677727792,338.20627468447685,328.5822463696504,337.6309814453125,56515700,338.12627563476565,345.7801544189453,338.42147338867187,47.887286828817395,-1.8002336989366654,0.31710220921330484,-2.11733590814997,365.6403098286517,325.9199990092389,345.7801544189453,8.035492510194285,0.022351095959134426,0.02210497090628749,63683265.0
2022-04-20 00:00:00-04:00,338.440226895412,338.89851529742356,331.48790762443156,332.7067565917969,65500000,336.18683471679685,345.0122787475586,338.15856201171874,44.673716591221236,-2.1422065797347614,-0.17475954857630838,-1.967447031158453,365.6328158415547,324.39174165356246,345.0122787475586,7.99085787896555,-0.014584635664761203,-0.01469203701570863,63790970.0
2022-04-21 00:00:00-04:00,336.5876696247048,339.2008753461121,324.8964768228615,325.8227844238281,75801000,334.3234619140625,344.15031280517576,337.68025634765627,40.57445037171125,-2.934870216782258,-0.7267816822174984,-2.2080885345647596,366.40163435029206,321.89899126005946,344.15031280517576,8.441825067843057,-0.02069080964416603,-0.020907863682009052,64050245.0
2022-04-22 00:00:00-04:00,325.97876223802604,327.1976113773675,316.8617647243402,317.2908020019531,82562100,331.5249847412109,342.48049011230466,336.8830871582031,36.14728947739324,-4.203071148786307,-1.4220395755312603,-2.781031573255047,367.3744335207035,317.5865467039058,342.48049011230466,8.577112323927643,-0.026185960067104053,-0.026534917661462876,65500585.0
2022-04-25 00:00:00-04:00,315.6624178317536,321.6786401692086,314.3947969464285,321.3666076660156,101755900,329.61675720214845,341.02908477783205,336.3290966796875,39.54105197504622,-4.823642126314041,-2.102360085687817,-2.7212820406262246,367.25720567807474,314.80096387758937,341.02908477783205,8.484735959559961,0.012845647079417821,0.012763841573244337,67709170.0
2022-04-26 00:00:00-04:00,319.30925141670565,319.4945188827533,308.9636435379206,309.2366943359375,105819600,327.3009552001953,338.70010833740236,335.75396728515625,33.7857899725403,-6.2225025922884925,-2.926388587007952,-3.2961140052805407,367.41660406205915,309.98361261274556,338.70010833740236,8.76460940016961,-0.03774478443225282,-0.03847556665344645,70158455.0
2022-04-27 00:00:00-04:00,309.33413839029913,314.83359976178053,307.1499703456552,308.8661193847656,111204200,325.0885040283203,336.0464324951172,335.1630517578125,33.6247701846366,-7.277125715954128,-3.796536012797187,-3.480589703156941,365.48225069042485,306.6106142998095,336.0464324951172,8.687396544166445,-0.0011983537463677862,-0.0011990723463672045,72315015.0
2022-04-28 00:00:00-04:00,313.8293225311068,321.6689695310997,309.6072119078846,319.8358154296875,99450000,323.3002166748047,334.1411331176758,334.6232434082031,42.379196640272355,-7.145391718479516,-4.466307153933653,-2.679084564545863,362.57741454411826,305.70485169123333,334.1411331176758,8.981357515749847,0.03551602249794361,0.0348998749331592,73849630.0
2022-04-29 00:00:00-04:00,315.63319453014344,319.075223412998,304.8098078954962,305.443603515625,91977900,320.844970703125,331.73805541992186,333.79734375,35.722210916414724,-8.108849033050262,-5.1948155297569745,-2.914033503293288,361.32250276816984,302.1536080716739,331.73805541992186,9.41311823135281,-0.04499875004532283,-0.04604262964919825,75097955.0
2022-05-02 00:00:00-04:00,305.03405193765815,310.77728344136193,301.9333068279768,310.54327392578125,115511800,318.8743438720703,329.6235977172852,333.27970520019534,39.35720226843347,-8.364474656669586,-5.828747355139496,-2.5357273015300894,358.9187345352797,300.32846089929063,329.6235977172852,9.37246525864083,0.016695947636354402,0.016558102490262273,78147155.0
2022-05-03 00:00:00-04:00,310.56275386246165,313.16622865984607,308.1055647642228,310.8747863769531,78185500,316.1987243652344,327.1625,332.84543762207034,39.59634001099939,-8.442984056201794,-6.351594695351956,-2.0913893608498384,353.96843459849566,300.3565654015044,327.1625,9.06447944699672,0.0010675241713691275,0.0010669547726361436,79758920.0
2022-05-04 00:00:00-04:00,311.3524760272777,322.05885426015044,306.0675644616979,321.38604736328125,116083400,315.0666534423828,325.62674407958986,332.688203125,46.76453202895369,-7.5697727770831875,-6.595230311698202,-0.9745424653849852,349.94566707447217,301.30782108470754,325.62674407958986,9.55925161495785,0.03381188004607938,0.033252825342792176,82426155.0
2022-05-05 00:00:00-04:00,317.06652589040266,317.144519135594,301.90402602983977,305.1997985839844,154607400,313.0043548583984,323.66390838623045,332.3759191894531,39.07468150397231,-8.090578398035802,-6.894299928965722,-1.19627846907008,347.92373330037844,299.40408347208245,323.66390838623045,10.268020880563824,-0.05036388141953352,-0.051676400836648824,85652670.0
2022-05-06 00:00:00-04:00,303.2009206408079,307.2377334745027,297.5064313350277,301.54327392578125,139572800,311.4296020507812,321.47729339599607,331.77489013671874,37.571648441080754,-8.698105243048701,-7.255060991782319,-1.4430442512663824,345.4327863443646,297.5218004476275,321.47729339599607,10.229683827628909,-0.011980757114415042,-0.012053104819092768,89442440.0
2022-05-09 00:00:00-04:00,295.91708072920244,301.64079153746076,288.35045573531676,289.74481201171875,113387300,308.2674224853516,318.94208984375,330.8350506591797,33.14178305450159,-10.016151952450684,-7.807279183915993,-2.2088727685346914,344.9721195460837,292.9120601414163,318.94208984375,10.448301825808558,-0.039126927821863666,-0.03991295763395205,92014000.0
2022-05-10 00:00:00-04:00,296.9213785657699,298.1402275733702,289.17924728892785,293.26483154296875,124124600,306.6702362060547,316.985595703125,329.94554809570315,35.58207275765632,-10.6538661701166,-8.376596581156114,-2.277269588960486,344.51595470066667,289.45523670558333,316.985595703125,10.34206457285383,0.012148688726504764,0.012075485691838002,94914860.0
2022-05-11 00:00:00-04:00,291.00269919588874,296.51189186733717,283.6993639950994,284.5671691894531,140326100,304.24034118652344,314.6644226074219,328.985517578125,32.4321196728002,-11.72591885124507,-9.046461035173905,-2.6794578160711637,344.7863740811211,284.5424711337227,314.6644226074219,10.51852623709554,-0.029658047668907894,-0.030106741431782755,98291655.0
2022-05-12 00:00:00-04:00,280.28654225693896,288.37968812743026,277.83908381769044,283.8943176269531,120910900,300.64619140625,311.9732040405273,327.9004241943359,32.194677246099886,-12.485892229180536,-9.734347273975231,-2.751544955205304,342.979999484925,280.96640859612967,311.9732040405273,10.520103242284417,-0.002364473612386564,-0.00236727339432945,101268810.0
2022-05-13 00:00:00-04:00,288.35047145853673,295.4490480565435,286.7513270140495,294.41546630859375,83684900,299.5433776855469,310.1941741943359,327.12236267089844,39.63660152904454,-12.099729684820375,-10.20742375614426,-1.8923059286761141,340.9423727613847,279.4459756272871,310.1941741943359,10.594005184234843,0.037060089013355224,0.03638987261527083,101777085.0
2022-05-16 00:00:00-04:00,292.6700322221477,294.72746492235825,289.72530358674845,291.0026550292969,59190400,297.5893157958984,308.23182983398436,326.3726538085937,38.17303668774888,-11.931539079071058,-10.55224682072962,-1.3792922583414384,338.617152897541,277.8465067704277,308.23182983398436,10.19458776647591,-0.011591820640698636,-0.011659529548521778,101808575.0
2022-05-17 00:00:00-04:00,296.86287114868503,298.9202739551614,293.0600385039576,298.5400085449219,62715300,296.3558380126953,306.2772811889648,326.01599182128905,43.16448577742454,-11.062523491222521,-10.654302154828201,-0.4082213363943197,333.7347223104599,278.8198400674697,306.2772811889648,10.031947135003668,0.025901322154143758,0.02557156488557405,102118555.0
2022-05-18 00:00:00-04:00,294.0254638189151,294.71776189204365,282.62678274019294,283.8846435546875,79477100,292.60569763183594,303.8361755371094,325.3956317138672,36.92275213416039,-11.424691123995501,-10.808379948661662,-0.6163111753338395,330.1165426532004,277.5558084210184,303.8361755371094,10.452038468555472,-0.04909012048892325,-0.050335984848185744,102817410.0
2022-05-19 00:00:00-04:00,282.08056033468455,287.05346827100067,280.41315412643803,282.3633117675781,79920700,290.3220489501953,301.6632019042969,324.51812744140625,36.335370667534384,-11.699604584268002,-10.98662487578293,-0.7129797084850722,327.4954495755001,275.8309542330937,301.6632019042969,10.179772445413127,-0.005358978802304626,-0.005373389637170266,103023395.0
2022-05-20 00:00:00-04:00,285.82495393267806,286.4782402945012,273.22691831272135,281.48583984375,91764200,288.31630554199216,299.8729537963867,323.69553039550783,35.97983812981087,-11.851661556077318,-11.159632211841808,-0.6920293442355092,326.0848953035873,273.6610122891861,299.8729537963867,10.39916884086789,-0.003107598924007471,-0.003112437536455214,103483500.0
2022-05-23 00:00:00-04:00,282.5292035679818,286.54652518718103,280.130517022383,286.166259765625,63648400,287.9584503173828,298.11293640136716,323.1003546142578,39.38669580060523,-11.462366009669154,-11.220178971407277,-0.2421870382618767,323.0098135864866,273.21605921624774,298.11293640136716,10.114657364005756,0.016627550161930182,0.016490825960458647,101578125.0
2022-05-24 00:00:00-04:00,280.9496220270844,281.66141091858105,275.21615060325445,280.081787109375,73491100,286.64014587402346,296.6551910400391,322.5048321533203,36.65581402791171,-11.512108160877403,-11.278564809301303,-0.23354335157610073,322.1822605596229,271.1281215204553,296.6551910400391,10.174332492460383,-0.0212620197127128,-0.021491312429633525,99961700.0
2022-05-25 00:00:00-04:00,278.5899092529624,286.0785411821508,278.38515092401434,284.0016174316406,67144500,286.5835906982422,295.41196594238284,321.79332153320314,39.563079464593194,-11.107194798812827,-11.244290807203608,0.13709600839078107,320.8609359507843,269.96299593398135,295.41196594238284,9.997122332865816,0.013995306023718346,0.013898275990346164,97758715.0
2022-05-26 00:00:00-04:00,283.2020139981043,293.4208550430776,282.9192326893722,291.8704528808594,59462200,287.38120422363284,294.0136978149414,321.0021466064453,45.018433199083724,-10.035663897555992,-11.002565425274087,0.966901527718095,316.88361337361647,271.1437822562663,294.0136978149414,10.033158048640072,0.027707009278258088,0.02733011598007194,95759325.0
2022-05-27 00:00:00-04:00,295.0005453919769,301.54332017519914,294.8835406190051,301.3970642089844,66985600,288.07936401367186,293.8113708496094,320.3212561035156,50.807781334308245,-8.321821246207435,-10.466416589460756,2.1445953432533216,316.3423176529232,271.28042404629554,293.8113708496094,10.007422994761479,0.032639862082969096,0.032118496323743695,94509710.0
2022-05-31 00:00:00-04:00,301.3677330030046,303.57139174205287,296.7458373982823,300.597412109375,60968300,289.03883972167966,293.31407775878904,319.48705688476565,50.32873678531888,-6.948021373510471,-9.7627375462707,2.814716172760228,314.75873017534303,271.86942534223505,293.31407775878904,9.780146662547844,-0.0026531515882812773,-0.002656677432737153,91782535.0
2022-06-01 00:00:00-04:00,302.7329042287562,304.85857019114184,296.1608785576662,298.3742980957031,65341700,289.0222686767578,292.6890533447266,318.62742797851564,48.94702546878293,-5.9698451395991015,-9.004159064936381,3.0343139253372797,312.7329043652099,272.64520232424326,292.6890533447266,9.702828446185546,-0.007395652537630526,-0.007423135964955363,91140345.0
2022-06-02 00:00:00-04:00,297.2528767810407,306.7208867392272,295.83900014899854,306.5453796386719,59291300,291.28834228515626,291.94701995849607,317.79705017089844,53.95109238208915,-4.4836111564448515,-8.100049483238076,3.616438326793224,308.4772822697502,275.4167576472419,291.94701995849607,9.787046885045767,0.02738533980680824,0.027017069732568788,88300740.0
2022-06-03 00:00:00-04:00,301.32873605577254,302.7328525405804,297.321174666632,298.56927490234375,60914700,292.9089385986328,291.61549377441406,316.9071936035156,48.911356759430895,-3.9043580015274415,-7.2609111868959495,3.356553185368508,307.314333141863,275.9166544069651,291.61549377441406,9.746843891259633,-0.026019327858503805,-0.026363819333724534,83616105.0
2022-06-06 00:00:00-04:00,303.00587127128927,304.5660039935262,298.0037100512005,299.5638427734375,51785000,294.71673889160155,291.5165222167969,315.88472534179687,49.54427300161192,-3.326694326316556,-6.474067814780071,3.147373488463515,306.9870575218009,276.04598691179285,291.5165222167969,9.51937603776435,0.0033311125916055673,0.003325576726376904,79226715.0
2022-06-07 00:00:00-04:00,296.23878894920125,302.9278472737371,295.1467050816167,302.14776611328125,44900300,296.3148895263672,292.136669921875,314.91978637695314,51.23457297950337,-2.630072840550497,-5.705268819934156,3.0751959793836594,308.2542382206623,276.01910162308775,292.136669921875,9.395216477361211,0.008625618218544462,0.008588630118351651,75802365.0
2022-06-08 00:00:00-04:00,301.3482242002919,303.95169883811553,299.1250447456459,299.973388671875,38342100,298.3040496826172,292.4720977783203,313.8029296875,49.72495281030265,-2.2277690468510514,-5.009768865317535,2.781999818466484,308.94493125963777,275.9992642970028,292.4720977783203,9.0688905927261,-0.007196404161369907,-0.007222423181870345,71513240.0
2022-06-09 00:00:00-04:00,298.2864961255871,301.3482294885749,291.77297389502866,291.938720703125,55900500,299.09776000976564,292.8406753540039,312.4029113769531,44.50645768229042,-2.528128259586822,-4.513440744171393,1.985312484584571,308.9145723366238,276.766778371384,292.8406753540039,9.10505952135611,-0.02678460247531722,-0.02714984665592017,67291960.0
2022-06-10 00:00:00-04:00,286.33203587892865,287.52163383758494,281.19337858382175,281.64190673828125,85963500,298.0749053955078,292.7280548095703,310.8769134521484,38.87567845896145,-3.5560401156540706,-4.321960618467928,0.7659205028138576,309.08025499931205,276.3758546198286,292.7280548095703,9.222222564066618,-0.035270463404252106,-0.03590748988473105,65544590.0
2022-06-13 00:00:00-04:00,272.7784410394437,275.3038929191494,267.68852577507414,268.5466003417969,94442000,294.78985900878905,291.43461151123046,309.1777423095703,33.13424844356922,-5.3654993152479165,-4.5306683578239255,-0.8348309574239909,310.8531991350331,272.0160238874278,291.43461151123046,9.56016244971951,-0.0464962993190261,-0.0476119727945291,66082445.0
2022-06-14 00:00:00-04:00,270.74056875713916,271.7156482255044,266.52821831210605,269.0341796875,64697500,291.63353576660154,290.3361877441406,307.50177734375,33.52788543858192,-6.68312626951473,-4.961159940162087,-1.721966329352643,312.074953995065,268.5974214932162,290.3361877441406,9.247824411410859,0.0018156228568246835,0.0018139766059914657,66357800.0
2022-06-15 00:00:00-04:00,272.45666788942674,279.6819792310972,269.71666771221135,275.7524108886719,86051400,289.37134704589846,289.1968078613281,305.8148907470703,38.86805130060439,-7.103366821402176,-5.389601316410105,-1.7137655049920708,311.4781450377782,266.9154706848781,289.1968078613281,9.347822635138455,0.024971664228595536,0.02466496755322224,67524605.0
2022-06-16 00:00:00-04:00,268.72205399569987,269.1803423773034,262.56930706299113,264.6267395019531,81910300,285.1794830322266,288.2339126586914,304.0654022216797,33.99710683871375,-8.239183013172976,-5.95951765576268,-2.2796653574102965,312.88838794409,263.57943737329276,288.2339126586914,9.621771291605759,-0.04034659697394438,-0.041183098224876244,67646265.0
2022-06-17 00:00:00-04:00,265.397054578494,270.2822109859682,263.76868894737345,267.8445129394531,82703400,282.1070068359375,287.50797271728516,302.5331622314453,36.47662828823445,-8.778485191048503,-6.523311162819844,-2.2551740282286588,313.62287133133003,261.3930741032403,287.50797271728516,9.39975348781926,0.012159668533709311,0.01208633365100912,67785400.0
2022-06-21 00:00:00-04:00,272.3257927236614,276.9174861769015,272.2183421476892,274.6020812988281,51633700,279.61083068847654,287.1637847900391,301.1196923828125,41.451061362722086,-8.561910387883415,-6.9310310078325585,-1.6308793800508568,313.76403400121177,260.5635355788664,287.1637847900391,9.376412041364196,0.025229444819362623,0.02491643614426716,65778875.0
2022-06-22 00:00:00-04:00,272.10112488344555,278.6076398901615,271.50519745679884,274.20159912109375,67472900,276.8162139892578,286.5655517578125,299.79474670410156,41.24492339905958,-8.32660494217015,-7.210145794700077,-1.1164591474700725,313.7601535618743,259.3709499537507,286.5655517578125,9.213985640792659,-0.0014584091127064491,-0.0014594736263999946,65970100.0
2022-06-23 00:00:00-04:00,276.6830902205133,279.1352539131454,273.8499300315756,278.2853088378906,57457800,274.64740600585935,286.4757278442383,298.71255859375,44.287432277932055,-7.72159272162844,-7.3124351800857506,-0.40915754154268935,313.7670953017147,259.1843603867619,286.4757278442383,8.933366943705312,0.014893092271841324,0.014783279135393469,65168435.0
2022-06-24 00:00:00-04:00,281.1086156093789,288.2403946837072,280.8741562890391,287.8202819824219,58422300,274.2355621337891,286.66666107177736,297.8491516113281,50.70589126282901,-6.398960301165857,-7.129740204301773,0.7307799031359155,313.93954570851577,259.39377643503894,286.66666107177736,9.006346865284689,0.034263300439211,0.0336893862614288,64732325.0
2022-06-27 00:00:00-04:00,289.17822536194814,289.74484525283174,284.5767828942136,285.7100524902344,54151500,274.6423767089844,286.35864105224607,296.8089788818359,49.350805633446384,-5.458124600166855,-6.795417083474789,1.3372924833079347,313.52843790898237,259.1888441955098,286.35864105224607,8.73218368623708,-0.007331760908761753,-0.007358770366675737,64466790.0
2022-06-28 00:00:00-04:00,286.24740483814566,288.8363259156391,276.81980855974086,277.00543212890625,61609800,275.48825988769534,285.13905944824216,295.7491662597656,44.113750659185364,-5.35318743190993,-6.5069711531618175,1.1537837212518873,311.6817423063393,258.59637659014504,285.13905944824216,8.966778948355737,-0.0304666226667879,-0.0309403775241047,64198000.0
2022-06-29 00:00:00-04:00,276.86868491471404,278.7639775620373,274.367685716769,277.25946044921875,57302700,276.3107879638672,283.9721618652344,294.6893646240234,44.29951776984452,-5.189702349382742,-6.243517392406003,1.0538150430232607,309.73439965830073,258.20992407216806,283.9721618652344,8.64031558384949,0.0009170517645094023,0.0009166315294385918,64014720.0
2022-06-30 00:00:00-04:00,274.27966489242687,277.3961485990517,269.4242053400514,273.82049560546875,79313600,276.1175964355469,282.74447174072264,293.41315490722656,42.25193822965563,-5.2768072169966445,-6.0501753573241315,0.773368140327487,307.979189173437,257.50975430800827,282.74447174072264,8.59257470350312,-0.012403417499904812,-0.01248098192607596,64713315.0
2022-07-01 00:00:00-04:00,272.5212545037234,276.01873573364435,270.64549022663914,275.6279602050781,56675100,277.21771850585935,281.19860076904297,292.2715789794922,43.724217087919904,-5.140732005990344,-5.868286687057375,0.7275546810670308,304.0910536651105,258.30614787297543,281.19860076904297,8.362622618038984,0.006600910554970474,0.006579219944424809,64582505.0
2022-07-05 00:00:00-04:00,271.89597531371504,280.4638483232388,270.3719299635599,280.34661865234375,61829300,278.4679290771484,280.28746795654297,291.3620556640625,47.488162407228096,-4.599119334838917,-5.614453216613684,1.0153338817747661,301.747683666712,258.8272522463739,280.28746795654297,8.486143742441831,0.01711966537703491,0.01697477521526222,64628235.0
2022-07-06 00:00:00-04:00,280.7275699573057,284.2446082165892,279.0081224051555,282.1441345214844,63194700,279.2221343994141,279.41648254394534,290.6591223144531,48.89053045263982,-3.978975727312047,-5.2873577187533565,1.3083819914413093,299.00934126597843,259.82362382191224,279.41648254394534,8.254025318798393,0.0064117622598105495,0.006391294355807323,65198720.0
2022-07-07 00:00:00-04:00,282.95505535271474,288.8851704287084,282.95505535271474,288.1817626953125,56620100,280.6201507568359,278.7181823730469,289.99542541503905,53.39284372639842,-2.9661296194877877,-4.823112098900244,1.8569824794124559,295.8632515496737,261.5731131964201,278.7181823730469,8.145954646543082,0.021399091581570273,0.02117334584543263,65784710.0
2022-07-08 00:00:00-04:00,285.34855596743785,289.9109417837041,284.4106889856484,288.543212890625,59895500,281.64594116210935,278.14667358398435,289.5815557861328,53.65604875288147,-2.1099535408599195,-4.2804803872921795,2.17052684643226,293.0327877129482,263.2605594550205,278.14667358398435,7.9569759430797,0.0012542438214406815,0.0012534579147359837,66862380.0
2022-07-11 00:00:00-04:00,286.1301601592719,286.3548403943848,281.49940987825573,282.378662109375,55273900,281.1017791748047,277.6686706542969,289.051806640625,48.613647151443374,-1.906874298947912,-3.805759169623326,1.8988848706754142,291.31492579209447,264.0224155164993,277.6686706542969,7.891749305171812,-0.021364393636202905,-0.021595915786173765,66831050.0
2022-07-12 00:00:00-04:00,283.6291449016066,285.5439653975893,278.0507189970314,279.6431579589844,55797100,280.4950897216797,277.56873321533203,288.2479534912109,46.524260343348594,-1.9442527248435226,-3.4334578806673655,1.4892051558238428,291.1261197019119,264.0113467287522,277.56873321533203,7.863284811985103,-0.009687361396064187,-0.009734589137110623,65322730.0
2022-07-13 00:00:00-04:00,274.13322897066035,281.41151653972287,273.566579098107,279.06683349609375,73939400,280.70122985839845,278.09474487304686,287.7204180908203,46.07495670110132,-1.9973556911764945,-3.1462374427691913,1.1488817515926968,291.0123708106172,265.1771189354765,278.09474487304686,7.861974285530157,-0.0020609281739522034,-0.0020630548088181426,64297600.0
2022-07-14 00:00:00-04:00,276.46805152929664,280.9327360199211,273.3515675906992,280.0632629394531,63741800,280.9816101074219,278.64619903564454,287.11081787109373,47.027479287308324,-1.936711442067633,-2.90433224262888,0.9676208005612468,290.89384768624063,266.39855038504845,278.64619903564454,7.841916724365283,0.003570576377265322,0.0035642170026918122,64249815.0
2022-07-15 00:00:00-04:00,283.05276748878146,285.2509130128908,281.44077025302914,285.1434326171875,63818100,282.11390380859376,279.1157501220703,286.59619079589845,51.71077287545202,-1.4618716550312456,-2.615840125109353,1.1539684700781074,291.60138152188773,266.6301187222529,279.1157501220703,7.652326249299025,0.018139364743574582,0.017976809292271308,63138150.0
2022-07-18 00:00:00-04:00,287.9277466342046,289.33456210782214,281.55802032784345,282.7303466796875,59519600,282.8241424560547,280.020930480957,285.82307678222656,49.4733340133756,-1.2656835587203545,-2.3458088118315534,1.080125253111199,290.6623759386259,269.3794850232881,280.020930480957,7.661198787204715,-0.008462709154307024,-0.008498721194302294,62018615.0
2022-07-19 00:00:00-04:00,286.3548706124073,291.7183664353127,284.75268212662314,291.4252624511719,55172600,283.9320068359375,281.199967956543,285.54758605957034,56.737117265269696,-0.40393967746121007,-1.9574349849574848,1.5534953074962747,291.39989798873245,271.00003792435353,281.199967956543,7.755971713520465,0.030753387012024902,0.030289978567967276,60642075.0
2022-07-20 00:00:00-04:00,291.8453156918877,297.2283089431938,291.06373504108547,296.04620361328125,67769400,285.3222137451172,282.2721740722656,285.4376446533203,60.02614831881164,0.6444411732372828,-1.4370597533185314,2.0815009265558144,293.8831942603739,270.66115388415733,282.2721740722656,7.642300441276739,0.01585635069260216,0.015731952046609432,61448860.0
2022-07-21 00:00:00-04:00,296.5053752754604,300.35457429514867,293.84806067020736,300.29595947265625,55049400,286.53363342285155,283.57689208984374,285.64866760253904,62.82525076111968,1.7974899860909659,-0.7901498054366319,2.587639791527598,296.9914798736877,270.1623043059998,283.57689208984374,7.561172811538493,0.014355042582901545,0.014252984498372997,60827685.0
2022-07-22 00:00:00-04:00,299.36785786813266,301.4389945456537,293.2032835855231,295.0301818847656,57127700,287.1823303222656,284.4141357421875,285.683974609375,57.45659118350278,2.260329561958372,-0.1800539319576312,2.440383493916003,298.47765793400407,270.35061355037095,284.4141357421875,7.609354107866503,-0.017535292839563232,-0.01769085734911634,60811180.0
2022-07-25 00:00:00-04:00,295.0595223551205,295.52847082708666,291.3471105150622,293.349853515625,40582400,288.2794494628906,284.6906143188477,285.85962829589846,55.81744414409536,2.4631511311314966,0.3485870806601944,2.1145640504713024,299.2207877111249,270.16044092657046,284.6906143188477,7.364497408163501,-0.0056954456605288195,-0.005711726558574451,59919185.0
2022-07-26 00:00:00-04:00,291.6499148786459,291.9039323185086,286.7749266595334,287.5857849121094,50074100,289.07371215820314,284.7844009399414,285.93345764160154,50.495720750368235,2.134175080133275,0.7057046805548106,1.4284703995784644,299.3638147417449,270.20498713813794,284.7844009399414,7.3080995115869385,-0.01964912726028889,-0.01984473798831713,59715315.0
2022-07-27 00:00:00-04:00,292.1481871544827,301.42924553684514,291.5815374204187,299.7391052246094,69304400,291.1409393310547,285.92108459472655,286.03993041992186,59.30555883443297,2.8216048647628327,1.128884717396415,1.6927201473664177,301.41357544596656,270.42859374348654,285.92108459472655,7.7749110196689974,0.0422598088991577,0.04139124900736205,60100045.0
2022-07-28 00:00:00-04:00,299.5241912245391,303.24638193831424,295.7726930962561,302.66998291015625,55139900,293.401611328125,287.1916107177734,286.27327697753907,61.10329292670635,3.5618366211998023,1.6154750981570927,1.9463615230427096,303.7645011912813,270.61872024426555,287.1916107177734,7.753395149839652,0.00977809579884692,0.009730599584166333,59991905.0
2022-07-29 00:00:00-04:00,304.2135197664403,309.0982865453285,302.7871464007447,308.189697265625,57501000,295.70623779296875,288.9100708007812,286.4662707519531,64.30175242248094,4.541518639685535,2.200683806462781,2.3408348332227535,306.6660518292751,271.15408977228736,288.9100708007812,7.658745755934838,0.018236741887639463,0.018072446973171223,58901275.0
2022-08-01 00:00:00-04:00,306.42139924839927,311.46248189797285,305.3272163131583,308.0040588378906,46358800,298.2336090087891,290.52887573242185,286.9486590576172,64.11081314907112,5.242511815036778,2.8090494081775805,2.4334624068591975,309.03362993544687,272.02412152939684,290.52887573242185,7.549925743711959,-0.0006023511797488279,-0.0006025326661033729,58385460.0
2022-08-02 00:00:00-04:00,305.70830669402716,311.2085299334208,304.65318020301095,307.0857849121094,48676500,299.79966125488284,291.86583404541017,287.4431085205078,63.11247713620815,5.658726647058302,3.3789848559537248,2.279741791104577,311.08474854284265,272.6469195479777,291.86583404541017,7.4788845999046645,-0.0029813695613165603,-0.00298582269671118,57727820.0
2022-08-03 00:00:00-04:00,308.7661588173464,316.26918477093403,308.70754398924663,315.44854736328125,53735700,301.7398956298828,293.5310546875,288.12236267089844,67.99969560182473,6.5874489286837274,4.020677670499726,2.5667712581840014,314.75842900633955,272.3036803686604,293.5310546875,7.600635689827521,0.02723265895738347,0.026868447604467462,57254870.0
2022-08-04 00:00:00-04:00,315.5266697200189,317.236338326772,313.37736011725616,316.9237060546875,38973700,303.4026702880859,294.96815185546876,288.73751159667967,68.78531973758629,7.35768617965698,4.688079372331177,2.6696068073258035,318.3360929291965,271.600210781741,294.96815185546876,7.333374441233829,0.004676384480881479,0.004665484164478517,56372550.0
2022-08-05 00:00:00-04:00,311.8338701673425,316.3669200685735,311.0523190922462,314.3348693847656,53894000,305.33313903808596,296.25773468017576,289.4225732421875,65.73525100672161,7.670783252423973,5.284620148349736,2.386163104074237,320.878184635642,271.6372847247095,296.25773468017576,7.228946764177221,-0.008168643179614854,-0.008202189354704036,56072475.0
2022-08-08 00:00:00-04:00,315.2531041067557,318.9459868724976,311.8532954437502,313.3187255859375,43878500,307.3300262451172,297.8047378540039,290.00891540527346,64.52581589364058,7.747610989273085,5.777218316534406,1.9703926727386785,322.6297943853084,272.97968132269943,297.8047378540039,7.219214240217949,-0.0032326792150580985,-0.003237915610615219,55502705.0
2022-08-09 00:00:00-04:00,311.42348436801046,311.6775018413341,308.15071370114674,309.7724304199219,39764200,309.54869079589844,299.31120147705076,290.3669549560547,60.352476224636575,7.436616456589263,6.109097944545377,1.327518512043886,323.1834078561444,275.4389950979571,299.31120147705076,7.072699786258864,-0.011318490969167927,-0.01138303255915695,54701060.0
2022-08-10 00:00:00-04:00,317.1093428781285,318.71156097894493,314.63765163860506,318.41845703125,51459600,311.4166259765625,301.2787826538086,290.7073828125,66.10787476725305,7.797923530101457,6.446863061656593,1.3510604684448637,324.63359566163473,277.9239696459825,301.2787826538086,7.206016270027734,0.02791089768578736,0.027528487873512978,53577070.0
2022-08-11 00:00:00-04:00,320.7436390274632,322.74638201295915,315.907706706425,316.6111145019531,45897700,312.8107391357422,303.1061752319336,291.02765686035156,64.01590311716924,7.847958174759924,6.72708208427726,1.120876090482664,325.22146995577714,280.9908805080901,303.1061752319336,7.179777629778191,-0.005675998012638739,-0.005692167704479926,52684865.0
2022-08-12 00:00:00-04:00,318.6627300418637,322.9710991571308,317.6076332325729,322.7757263183594,40928400,314.26934204101565,304.9877899169922,291.5156854248047,67.76309465492663,8.289487591972033,7.039563185816215,1.2499244061558183,327.0733188662822,282.9022609677022,304.9877899169922,7.121220988735298,0.01947061089786284,0.019283483640764404,51540380.0
2022-08-15 00:00:00-04:00,321.82802958013497,325.88238057289317,321.8084714293467,325.3841247558594,38266600,316.0073486328125,307.12047882080077,291.89246032714846,69.22348067618174,8.74902547121826,7.381455642896625,1.3675698283216358,328.42072483364484,285.8202328079567,307.12047882080077,6.903555856936096,0.008081148069131183,0.008048670445737293,50477730.0
2022-08-16 00:00:00-04:00,324.40726136423206,326.71288772848254,321.57410143877166,324.6221923828125,41186900,317.7609893798828,308.7803253173828,292.4135186767578,68.25084646010389,8.948577347179821,7.694879983753264,1.2536973634265571,330.1034149336242,287.45723570114137,308.7803253173828,6.777500887848581,-0.002341639665483286,-0.0023443855911279014,49778445.0
2022-08-17 00:00:00-04:00,321.4861444413282,323.7917407421917,318.8385785861934,320.91949462890625,47842200,318.30808410644534,310.02398986816405,292.8406317138672,63.57591498058442,8.707571419519809,7.897418270906574,0.8101531486132352,331.1315160122334,288.9164637240947,310.02398986816405,6.7065089527607595,-0.011406175673719265,-0.01147172501703528,48782085.0
2022-08-18 00:00:00-04:00,320.8706467232856,322.8733897022626,319.2586792262726,321.6912841796875,41937200,318.7848419189453,311.0937561035156,293.2315020751953,64.1274771159313,8.481084786007841,8.014151573926828,0.46693321208101324,332.28923432328065,289.89827788375055,311.0937561035156,6.485666204419992,0.002404931964864687,0.0024020447441066768,48126475.0
2022-08-19 00:00:00-04:00,318.6529637644111,319.307505970021,314.6571973673879,315.4192199707031,51770600,318.8932769775391,312.1132080078125,293.54041870117186,56.62338881809343,7.706651848083709,7.952651628758205,-0.24599978067449602,332.0437226128308,292.1826934027942,312.1132080078125,6.524839104982823,-0.019497153070149653,-0.019689729800894416,47858620.0
2022-08-22 00:00:00-04:00,311.15971442628387,311.39417374431594,306.30425395365506,307.1151123046875,51098900,318.2729156494141,312.8014709472656,293.8439465332031,48.52679186024825,6.3496413638388844,7.6320495757743405,-1.282408211935456,330.96500823208896,294.63793366244226,312.8014709472656,6.709848170130341,-0.026327208807335634,-0.026679975115225088,48384445.0
2022-08-23 00:00:00-04:00,306.88067335924467,309.6943046194441,306.1088716338093,306.86114501953125,39497100,317.981787109375,313.7652389526367,294.3483312988281,48.29932547948726,5.193836427636427,7.144406946146758,-1.9505705185103315,328.1210747557269,299.4094031495465,313.7652389526367,6.4866756569520865,-0.0008269449303566212,-0.0008272870379312948,47855595.0
2022-08-24 00:00:00-04:00,306.3824241250464,309.5673026088862,305.77671762390725,307.75018310546875,38057100,316.9149597167969,314.16579284667966,295.13240295410156,49.197067780684534,4.300022647693481,6.575530086456103,-2.275507438762622,327.33157963725023,301.0000060561091,314.16579284667966,6.29409775181115,0.002897199923701299,0.00289301112857,46293230.0
2022-08-25 00:00:00-04:00,309.52816629459426,313.21130009460927,308.4828487016471,313.1917419433594,38098300,316.5730224609375,314.69188079833987,296.01555419921874,54.4146405010038,3.9848225547756897,6.057388580120021,-2.072566025344331,326.7745085546002,302.60925304207956,314.69188079833987,6.234599125906105,0.017681740374548394,0.017527237003641973,45441150.0
2022-08-26 00:00:00-04:00,312.89869478251217,314.1003584319973,300.2666920123757,300.3546142578125,69047700,314.33091125488284,314.30012664794924,296.5075982666016,43.154680414634726,2.6684154580041763,5.379593955696852,-2.711178497692676,327.6429813826439,300.9572719132546,314.30012664794924,6.777389646885782,-0.040988078440039044,-0.041851772935130864,46018485.0
2022-08-29 00:00:00-04:00,297.59962213751817,300.13970764196387,296.2905077976387,297.39447021484375,48321900,311.5319458007813,313.7696472167969,297.1629528808594,41.04548810837272,1.370496236786778,4.577774411914837,-3.2072781751280592,328.8075423047648,298.731752128829,313.7696472167969,6.583583704977782,-0.00985549714387901,-0.009904384024057604,46116640.0
2022-08-30 00:00:00-04:00,299.0454597995629,299.66094524908925,291.5619927249913,294.08251953125,51184500,308.477978515625,313.1194839477539,297.6877130126953,38.76273776448892,0.07378857318974497,3.676977244169819,-3.603188670980074,330.23758068223,296.00138721327784,313.1194839477539,6.691824334914938,-0.011136557721470486,-0.011199033456542095,46242040.0
2022-08-31 00:00:00-04:00,296.98408549089675,297.8828958308832,292.2654131951686,292.37286376953125,50044000,305.6233154296875,311.96569976806643,298.0431286621094,37.60023745766683,-1.0793741707135496,2.7257069611931453,-3.805081131906695,331.2712405935101,292.6601589426228,311.96569976806643,6.615085642114912,-0.005813523919897867,-0.00583048823031598,46057455.0
2022-09-01 00:00:00-04:00,289.8817101402858,292.8711861501975,286.19860533441727,292.49993896484375,57990700,302.7041809082031,310.74451141357423,298.4090954589844,37.74967408510045,-1.9604116420007358,1.7884832405543694,-3.7488948825551054,331.6635340015515,289.82548882559695,310.74451141357423,6.619192440233864,0.000434634027502101,0.0004345396014926834,47008305.0
2022-09-02 00:00:00-04:00,295.3721415907117,296.7496497152489,286.7554038657805,288.3674011230469,64666800,299.9989990234375,309.4461380004883,298.6107373046875,34.828548475265876,-2.958003430052827,0.8391859064329301,-3.797189336485757,332.4337714340477,286.4585045669289,309.4461380004883,6.860267683750615,-0.014128337449990314,-0.014229092536597172,47546945.0
2022-09-06 00:00:00-04:00,288.8460984730638,289.7644372216003,284.16648248606504,286.2962341308594,57005400,297.9171112060547,308.0950134277344,298.58025634765625,33.43222738353778,-3.871104295509724,-0.10287213395560069,-3.768232161554123,333.1012799092489,283.0887469462199,308.0950134277344,6.770102473163804,-0.007182389493823993,-0.007208307027690116,48203290.0
2022-09-07 00:00:00-04:00,286.7749528560577,293.07628535272244,286.51115631694785,292.0798034667969,49260400,296.43897705078126,307.21038208007815,298.7076513671875,40.59437114852039,-4.081014208365389,-0.8985005488375584,-3.1825136595278303,333.1510396917298,281.2697244684265,307.21038208007815,6.770813098070894,0.02020134618080216,0.020000006032188048,48678100.0
2022-09-08 00:00:00-04:00,290.00862238078395,294.9129177093614,288.64089358538905,293.5940246582031,55649800,295.0233612060547,305.96916046142576,299.03942321777345,42.343435649788674,-4.078173683700186,-1.534435175810084,-2.543738507890102,332.02126290948803,279.9170580133635,305.96916046142576,6.735185314206713,0.005184272152450875,0.005170880079069679,48887610.0
2022-09-09 00:00:00-04:00,295.85077290539635,300.51085951395083,293.594013028823,300.0126037597656,56125200,293.7054473876953,305.1392349243164,299.4944860839844,49.174580039054916,-3.5174498835249324,-1.9310381173530538,-1.5864117661718786,330.8375386185999,279.44093123003285,305.1392349243164,6.748161112129651,0.021862090378150123,0.02162654175459218,49398985.0
2022-09-12 00:00:00-04:00,301.39015542418196,303.91068234154807,301.0775231480615,303.5785217285156,45905700,294.0278381347656,304.1793746948242,300.0896466064453,52.538916972818406,-2.7535907732477654,-2.095548648531996,-0.6580421247157693,328.57190399214113,279.7868453975073,304.1793746948242,6.544583788533422,0.011885893872663367,0.01181581141791267,49647850.0
2022-09-13 00:00:00-04:00,294.84454309228386,296.03642750924746,286.04221266779194,286.9312438964844,79562200,292.9815155029297,302.2567306518555,300.31571228027343,39.42014263633335,-3.4517336817311843,-2.366785655171834,-1.0849480265593505,325.70413057666053,278.80933072705045,302.2567306518555,7.329707022261298,-0.054836810381857615,-0.05639767897054591,51712630.0
2022-09-14 00:00:00-04:00,288.0742803851126,290.08680225615325,286.30599689467647,289.2075500488281,54907200,292.4940185546875,300.4859985351562,300.4929309082031,41.568618255602935,-3.777790071589834,-2.648986538455434,-1.1288035331344002,322.194338902665,278.7776581676475,300.4859985351562,7.076214046490975,0.007933280884409255,0.007901977859748372,52398645.0
2022-09-15 00:00:00-04:00,287.2926966209855,289.6959936631581,282.78892589454506,284.3911437988281,65299400,291.6958465576172,298.65958099365236,300.53787109375,38.46052186801868,-4.374410361973787,-2.994071303159105,-1.3803390588146822,319.3044872574745,278.01467472983023,298.65958099365236,7.064132169499694,-0.016653805369834962,-0.01679403911700074,53271505.0
2022-09-16 00:00:00-04:00,281.08902926490174,283.0429360358758,279.03742119252865,282.65216064453125,79920400,290.71106872558596,296.7076248168945,300.4272790527344,37.3739588000431,-4.9307193839908905,-3.381400919325462,-1.5493184646654283,315.57895900117614,277.8362906326129,296.7076248168945,6.941960057842535,-0.006114758466343129,-0.006133530163946156,55170665.0
2022-09-19 00:00:00-04:00,280.00873935928564,285.009929593157,279.95001919015573,284.85333251953125,52613800,290.3596618652344,295.17933044433596,300.3534814453125,39.69630495674093,-5.134791438175284,-3.7320790230954266,-1.4027124150798578,312.63970299684235,277.7189578918296,295.17933044433596,6.807527939639586,0.007787564298042726,0.007757397734014572,55212825.0
2022-09-20 00:00:00-04:00,282.3477616392107,284.8728476906071,280.2826998995601,282.5826721191406,51271100,289.9883056640625,293.9527084350586,300.3575616455078,38.12567995385772,-5.417296111562621,-4.069122440788866,-1.3481736707737548,311.33340997229544,276.5720068978217,293.9527084350586,6.649143643311545,-0.007971331703605533,-0.008003272622513411,55221435.0
2022-09-21 00:00:00-04:00,283.42441230062724,287.6916002247942,277.38579286511487,277.5227966308594,82931000,288.53260498046876,292.485791015625,300.3151544189453,34.81956401289246,-5.98053290474536,-4.451404533580165,-1.5291283711651946,310.20990601278186,274.76167601846817,292.485791015625,6.910333908766384,-0.017905823631492623,-0.01806807261044505,57393130.0
2022-09-22 00:00:00-04:00,275.9960184515459,277.0040878206803,272.88373009260727,274.10711669921875,62757100,286.5839141845703,290.8036376953125,300.2159600830078,32.75467909513901,-6.626136963412648,-4.886351019546662,-1.7397859438659857,308.79753927366664,272.80973611695833,290.8036376953125,6.748100525158222,-0.01230774542886981,-0.012384112982846706,58628130.0
2022-09-23 00:00:00-04:00,271.6407409257336,271.93437162201394,266.22847995728023,269.6441955566406,74815200,283.5470733642578,288.6262603759766,300.00757873535156,30.231977899058563,-7.412457078147838,-5.391572231266897,-2.020884846880941,305.7760581009686,271.47646265098456,288.6262603759766,6.8288531120711005,-0.016281668262832283,-0.01641567114131507,60463975.0
2022-09-26 00:00:00-04:00,269.1743940484729,273.53942878181266,267.7356903085554,268.5284423828125,71176700,280.0420654296875,287.0349517822266,299.67527893066404,29.61782122919452,-8.033053351956255,-5.919868455404769,-2.113184896551486,305.3995947275094,268.6703088369438,287.0349517822266,6.755630637870113,-0.004137872026226286,-0.004146456708407169,60570425.0
2022-09-27 00:00:00-04:00,271.89519684927933,274.2440929244973,266.31654253628193,268.6361083984375,69780100,278.2125518798828,285.59703369140624,299.39339416503907,29.766091691464254,-8.419141994269637,-6.419723163177744,-1.9994188310918934,304.9678684670473,266.22619891576517,285.59703369140624,6.839339191466203,0.00040094827449044246,0.00040086791620999243,61643335.0
2022-09-28 00:00:00-04:00,268.61658102023625,275.2620263937694,267.13875009532984,273.97991943359375,79652100,276.6897888183594,284.59190368652344,299.0444873046875,36.874228353466606,-8.199401537502467,-6.7756588380426885,-1.4237426994597788,304.18217855306114,265.00162881998574,284.59190368652344,6.931048984821444,0.01989237808355382,0.01969711004664016,63066715.0
2022-09-29 00:00:00-04:00,269.98676711460337,270.3684781261688,263.1162377169965,266.08172607421875,81216000,274.8588470458984,283.2773468017578,298.44519775390626,31.758268766912636,-8.56385504833304,-7.133298080100759,-1.4305569682322803,304.0928049331202,262.4618886703954,283.2773468017578,7.211951322805428,-0.028827635892817116,-0.0292513144903504,64625315.0
2022-09-30 00:00:00-04:00,265.25957801190714,269.3310122476343,261.41325766558816,261.5698547363281,78482400,272.7506164550781,281.73084259033203,297.67067565917966,29.26077921626704,-9.111723118834504,-7.528983087847509,-1.5827400309869954,304.11271912532095,259.3489660553431,281.73084259033203,7.262365841322621,-0.01695671252760933,-0.01710212371868034,65649900.0
2022-10-03 00:00:00-04:00,263.34129462673053,269.3016301388179,261.8340740784838,267.7063293457031,61267400,271.0359161376953,280.69778900146486,297.12419860839844,36.56724496303893,-8.947607842054026,-7.812708038688813,-1.1348998033652133,303.65880402423176,257.73677397869795,280.69778900146486,7.295895095691706,0.02346017516261867,0.02318921492018182,65479930.0
2022-10-04 00:00:00-04:00,273.0500989493547,276.8279323910832,273.0500989493547,276.1232604980469,66696900,270.3899749755859,280.1891403198242,296.77966674804685,44.96403314936826,-8.045624352742152,-7.859291301499481,-0.18633305124267086,303.08215369907896,257.2961269405695,280.1891403198242,7.426302806383733,0.03144091203564536,0.030956768355342074,65964505.0
2022-10-05 00:00:00-04:00,272.35511396698587,277.7673730383509,269.55602082416004,275.9763488769531,55766300,270.23533020019534,279.383967590332,296.54747802734374,44.85243097149527,-7.258973550516714,-7.739227751302928,0.48025420078621384,301.67227837017214,257.0956568104919,279.383967590332,7.482377764084243,-0.0005320508704292903,-0.0005321924597176827,66289800.0
2022-10-06 00:00:00-04:00,274.97814412366046,278.12958912178726,273.48072015712467,273.8037109375,53489400,270.2049896240234,278.3944519042969,296.02877014160157,43.14684979333308,-6.733244198638204,-7.538031040769983,0.8047868421317794,299.8116165330465,256.97728727554727,278.3944519042969,7.279984278411268,-0.007872551210617806,-0.007903703347476303,66181780.0
2022-10-07 00:00:00-04:00,269.16457737879426,269.2918143460594,262.0395760224377,263.3706359863281,71354700,269.5776336669922,276.562353515625,295.242783203125,36.05633673857842,-7.076883942432119,-7.445801621102411,0.3689176786702921,296.4857747511972,256.63893228005276,276.562353515625,7.6002807524577705,-0.038104213107445384,-0.038849163818028214,66943255.0
2022-10-10 00:00:00-04:00,263.5663998737213,263.9579074840265,258.02693157551664,260.7379455566406,60393000,268.798583984375,274.4203247070312,294.2937481689453,34.514962403161036,-7.475484300850496,-7.451738157052029,-0.0237461437984674,291.23392850073657,257.6067209133259,274.4203247070312,7.481044692175778,-0.009996142583731937,-0.01004643948102356,67667620.0
2022-10-11 00:00:00-04:00,259.06425600784604,261.93186589698354,255.47238122753367,257.15576171875,66522500,267.6505493164062,272.93155059814455,293.2767822265625,32.480357521216376,-7.9883455795472855,-7.55905964155108,-0.4292859379962053,290.3137221076194,255.54937908866972,272.93155059814455,7.408076119123927,-0.01373863643146811,-0.013833884892454172,67015635.0
2022-10-12 00:00:00-04:00,257.7920148405686,259.7102766400486,256.37290432474623,257.0677795410156,50580200,265.95933532714844,271.3245620727539,292.27642211914065,32.4297927122292,-8.306143215729605,-7.708476356386785,-0.5976668593428203,288.32928061522676,254.31984353028102,271.3245620727539,7.117311561708102,-0.00034213574351327214,-0.00034219428529997276,66799285.0
2022-10-13 00:00:00-04:00,249.72744717566468,264.41788206770633,248.8465999207838,263.09661865234375,112894100,265.66082458496095,270.2598358154297,291.22938354492186,39.392492414254896,-7.979540030459077,-7.762689091201244,-0.21685093925783328,286.5084844879082,254.0111871429512,270.2598358154297,7.721166603509133,0.023452332774229312,0.02318155226888726,69179020.0
2022-10-14 00:00:00-04:00,265.4259489634571,266.02294724334166,254.601427520286,255.18862915039062,77244300,265.0227020263672,268.8866592407227,289.99468200683594,34.38713111628847,-8.263556184258107,-7.862862509812617,-0.4006936744454901,285.3545200366613,252.41879844478404,268.8866592407227,7.985477540619599,-0.030057358937032763,-0.030518342157904912,69045215.0
2022-10-17 00:00:00-04:00,261.1587563065971,264.4863615743304,261.06087941416854,263.6153259277344,64576500,264.6136016845703,267.8247589111328,288.9802911376953,42.73687211087753,-7.719689254890795,-7.834227858828253,0.11453860393745785,282.6992461229785,252.9502716992871,267.8247589111328,8.079210032285324,0.03302144302196797,0.03248794792977046,69643350.0
2022-10-18 00:00:00-04:00,270.6425133229995,271.30802855688756,263.01835861749873,265.7000427246094,69781000,263.57127990722654,266.9806274414062,288.0279174804688,44.61468781548133,-7.0393068249532575,-7.675243652053254,0.6359368270999965,280.2374679920905,253.72378689072193,266.9806274414062,8.094242882792717,0.007908177529277971,0.007877071778937497,70568845.0
2022-10-19 00:00:00-04:00,264.18294335328,267.85310252216027,262.36255874207467,264.73101806640625,53115400,262.4467468261719,266.3410385131836,287.12708923339846,43.89414965538237,-6.503324759132909,-7.440859873469185,0.937535114336276,278.70599737369156,253.97607965267565,266.3410385131836,7.908264375456494,-0.003647062485448993,-0.003653729232132515,69078065.0
2022-10-20 00:00:00-04:00,263.8404572423426,268.9884780554146,262.21582598157306,263.3804626464844,60605500,261.4044219970703,265.80470581054686,286.0263293457031,42.855315804948404,-6.117020441812883,-7.176091987137925,1.0590715453250414,277.69723305939345,253.91217856170027,265.80470581054686,7.827149211055426,-0.005101613818381812,-0.005114671479184759,68970485.0
2022-10-21 00:00:00-04:00,262.2745224263195,270.0943999806143,261.1392160824891,269.5561218261719,77897700,262.02297058105466,265.80030212402346,285.0852294921875,48.820096846055364,-5.2520055527488125,-6.791274700260102,1.5392691475112894,277.6872031043936,253.91340114365335,265.80030212402346,7.907723117274695,0.023447673823766557,0.023177000067560627,69124610.0
2022-10-24 00:00:00-04:00,269.82032910449914,273.4513317035027,266.17952985624714,272.5215759277344,63963600,263.2013336181641,265.99995880126954,284.080146484375,51.441171777714,-4.277874978539728,-6.288594755916028,2.0107197773763,278.19362593698446,253.80629166555465,265.99995880126954,7.862300169416186,0.011001249318592032,0.010941175763181174,68763955.0
2022-10-25 00:00:00-04:00,273.461143297227,278.5406464744242,271.98328283594896,278.158935546875,59014500,265.30165100097656,266.4761001586914,283.1356427001953,56.049208147952136,-3.0162126504554863,-5.63411833482392,2.6179056843684334,279.74097716558174,253.21122315180102,266.4761001586914,7.769090417206118,0.02068592037144068,0.020474872241298174,68225675.0
2022-10-26 00:00:00-04:00,272.53137952198904,277.93387389821464,271.5233101517326,272.0126647949219,63492400,266.7961395263672,266.3777374267578,282.0834521484375,50.43020745699328,-2.4836587764659726,-5.004026423152331,2.520367646686358,279.4463069717366,253.309167881779,266.3777374267578,7.6881286299158536,-0.022096254933781756,-0.02234403396859417,67417690.0
2022-10-27 00:00:00-04:00,270.89694777541763,272.3552150330736,266.5416795676331,267.0603942871094,57760300,267.19251708984376,266.42667083740236,281.0062701416016,46.39438219124539,-2.433164827080759,-4.489854103938017,2.0566892768572576,279.4977691681039,253.3555725067008,266.42667083740236,7.554229118167615,-0.01820602916245151,-0.0183737983043694,66244905.0
2022-10-28 00:00:00-04:00,266.434018748282,275.70239615326176,266.2676250408862,275.23260498046875,62651300,269.19691467285156,267.10980834960935,280.0770965576172,53.06893117182388,-1.713961423082651,-3.9346755677669436,2.2207141446842926,280.5179427025686,253.70167399665016,267.10980834960935,7.688553546325326,0.030600608956540487,0.030141747787555035,65453350.0
2022-10-31 00:00:00-04:00,272.9816369031128,273.8037492086875,270.1139956834749,272.03228759765625,47742000,270.0386108398437,267.326106262207,279.20935791015626,50.42126321417221,-1.386246622304668,-3.4249897786744885,2.0387431563698204,280.90424754180646,253.74796498260758,267.326106262207,7.504986099944505,-0.01162768263970615,-0.011695812786919729,64777080.0
2022-11-01 00:00:00-04:00,275.50671440000247,276.06458596333977,268.89062885883277,269.25274658203125,45895900,270.3938812255859,266.9825805664062,278.4521105957031,48.173274797426586,-1.3354220973313318,-3.0070762424058572,1.6716541450745255,279.98866702808346,253.97649410472897,266.9825805664062,7.481341171698969,-0.010217687908194328,-0.01027024680809687,63737030.0
2022-11-02 00:00:00-04:00,269.2233290522429,272.2866938029867,259.9549512013638,260.0234680175781,79803100,269.9231262207031,266.1849365234375,277.5153570556641,41.54923767206008,-2.016622573250686,-2.808985508574823,0.792362935324137,278.8388535762786,253.53101947059642,266.1849365234375,7.8277984166935335,-0.03427737945707943,-0.03487862829797455,64938870.0
2022-11-03 00:00:00-04:00,257.4102745916756,258.86854150596974,254.56222769644958,254.94390869140625,70038900,269.0794708251953,265.2419464111328,276.4592315673828,38.418144846931526,-2.932552207773824,-2.8336988484146235,-0.0988533593592007,278.28907988949464,252.19481293277096,265.2419464111328,7.658758552724605,-0.01953500337834313,-0.01972833350194198,65766345.0
2022-11-04 00:00:00-04:00,259.8767393934126,260.9337325402485,253.56405099994706,259.0448303222656,78313200,268.02834167480466,265.02565612792966,275.37629333496096,42.20487376339467,-3.289602449935387,-2.9248795687187763,-0.3647228812166108,278.3305820983491,251.72073015751025,265.02565612792966,7.63811019469438,0.016085583891409128,0.01595758172221962,66114270.0
2022-11-07 00:00:00-05:00,260.09200070845395,262.43113031008943,257.9584215680072,261.892822265625,47333800,266.96546630859376,265.0833999633789,274.6070574951172,44.74594910235922,-3.3046640806493883,-3.0008364711048987,-0.3038276095444896,278.32325475447624,251.84354517228155,265.0833999633789,7.412010090936367,0.010994204901971338,0.010934207976378273,65461310.0
2022-11-08 00:00:00-05:00,263.4098223217411,267.04082528231476,259.86686974183834,263.8013000488281,63213800,265.5297027587891,265.4156768798828,273.93519409179686,46.445200963746004,-3.126561272085496,-3.0259814313010187,-0.10057984078447735,278.1675939711682,252.66375978859747,265.4156768798828,7.395006194474942,0.007287247381172701,0.007260823686985502,65295875.0
2022-11-09 00:00:00-05:00,262.0592168841519,262.84217239242884,257.4299110516059,257.7137451171875,64862100,264.0998107910156,265.4479751586914,273.20781860351565,42.00747318861552,-3.4370086243434343,-3.108186869909502,-0.32882175443393225,278.11816416151015,252.77778615587266,265.4479751586914,7.321890680385461,-0.023076288594915395,-0.02334671452743041,66009970.0
2022-11-10 00:00:00-05:00,270.1335804813157,277.02367288285944,268.0195646758968,276.7300720214844,99256700,265.0667785644531,266.12964782714846,272.8949627685547,56.11385586758921,-2.124096470648965,-2.911368790057395,0.7872723194084301,279.6583708008723,252.6009248534246,266.12964782714846,8.17817904362021,0.07378856294859149,0.07119310794252409,65328100.0
2022-11-11 00:00:00-05:00,276.54410763833613,282.49467712823,275.20328062663947,281.8291320800781,66961800,265.72643127441404,267.4616729736328,272.6815466308594,58.99415486044394,-0.6644927390557882,-2.461993579857074,1.7975008408012858,281.6490886847784,253.27425726248717,267.4616729736328,8.114837433475234,0.01842611473825606,0.01825841084102128,64813975.0
2022-11-14 00:00:00-05:00,279.7738647229934,283.05254730346553,278.3841140514315,279.3628234863281,55290700,266.45948486328126,268.2490478515625,272.501455078125,57.044030431656935,0.2899014390620209,-1.911614576073255,2.201516015135276,283.22140662875427,253.2766890743708,268.2490478515625,7.868665706229435,-0.008751077560886222,-0.008789593106443162,64349685.0
2022-11-15 00:00:00-05:00,285.9886054426059,287.01626801782163,279.8814696249084,283.2286682128906,73985400,267.85707702636716,269.12547912597654,272.44010375976563,59.314296915757325,1.3427289193181196,-1.2607458769949802,2.6034747963130997,285.3943856671158,252.85657258483732,269.12547912597654,7.853292765176868,0.013838078661714492,0.013743206679912351,64559905.0
2022-11-16 00:00:00-05:00,281.27131883151327,283.31681796630625,278.5407111451559,279.3628234863281,48859800,269.7910125732422,269.85706939697263,272.1857641601562,56.12013656658049,1.843905526296453,-0.6398155963366936,2.4837211226331464,286.5793542006568,253.13478459328846,269.85706939697263,7.633493769174973,-0.01364919995901237,-0.013743206679912513,64347125.0
2022-11-17 00:00:00-05:00,274.8998951294449,280.224076540188,274.74329804467715,278.7462158203125,55462100,272.17124328613284,270.62535705566404,271.88880798339846,55.605777450410564,2.1663640167962512,-0.0785796737101046,2.244943690506356,287.4980522516473,253.75266185968076,270.62535705566404,7.479728392484678,-0.0022071929912528265,-0.002209632431908369,64089955.0
2022-11-18 00:00:00-05:00,281.76059522592635,281.85844224794346,276.30917802063993,278.7559509277344,53588600,274.14235534667966,271.08534851074216,271.4636749267578,55.612694533870375,2.395091116021547,0.41615448423622575,1.9789366317853212,288.3142234934243,253.85647352806004,271.08534851074216,7.341838094971739,3.4924626306498396e-05,3.492401645593623e-05,62874500.0
2022-11-21 00:00:00-05:00,277.3661666856122,278.52103631245524,275.0564274319262,275.8883361816406,40083500,275.5419067382812,271.2536865234375,270.9098712158203,52.993407190332526,2.3182431813555695,0.7965722236600945,1.521670957695475,288.6007891834645,253.9065838634106,271.2536865234375,7.081672766460057,-0.010287187543620013,-0.010340466365187321,61680495.0
2022-11-22 00:00:00-05:00,276.62241305758806,280.0185056820932,274.48880406730166,279.8619384765625,41873400,277.14797058105466,271.3388366699219,270.7684851074219,56.08026877703962,2.548598479074201,1.1469774747429158,1.4016210043312851,288.83674728891543,253.84092605092832,271.3388366699219,6.9708176841980185,0.01440293689076344,0.014300199896518437,60823440.0
2022-11-23 00:00:00-05:00,279.8814493901695,283.2971346752864,279.70528891612594,282.6707763671875,46390000,279.6436737060547,271.87174224853516,270.63774963378904,58.17129630095643,2.924099259398531,1.5024018316740388,1.4216974277244923,290.05505012140316,253.68843437566713,271.87174224853516,6.729462546695333,0.010036512667335185,0.00998648135550821,59968320.0
2022-11-25 00:00:00-05:00,281.07552004961843,281.7801919247711,280.3219246576811,280.811279296875,15498800,280.0517944335937,272.5592864990234,270.56615234375,56.26159424004017,3.036636010346797,1.8092486674085906,1.2273873429382063,291.0009531129857,254.11761988506115,272.5592864990234,6.416561772610408,-0.006578313804526559,-0.006600046271873553,57855245.0
2022-11-28 00:00:00-05:00,278.83426312712214,280.85040181999574,275.76113157178366,276.6908874511719,38714200,279.5379699707031,272.63220062255857,270.4469268798828,52.17425368480776,2.7615080638786935,1.9997005467026112,0.7618075171760823,291.1270242380408,254.13737700707637,272.63220062255857,6.321755235153384,-0.014673170735948315,-0.014781886486161157,56658390.0
2022-11-29 00:00:00-05:00,276.9159714717935,277.31724581059444,273.2262486996481,274.596435546875,35618900,279.0613311767578,272.76040802001955,270.2417889404297,50.17869409432271,2.3474030187090307,2.0692410411038953,0.2781619776051354,291.2723613653809,254.2484546746582,272.76040802001955,6.162415369138594,-0.007569645403181169,-0.007598440573802494,56052235.0
2022-11-30 00:00:00-05:00,274.8607064926113,287.22180929264937,274.0092342106235,287.1141357421875,74718100,279.4498779296875,273.65347747802736,270.3324182128906,60.02067921769918,2.9947736909946343,2.254347571082043,0.7404261199125912,293.1020580582457,254.20489689780902,273.65347747802736,6.665998205773398,0.045585807297107594,0.04457730949541788,57493345.0
2022-12-01 00:00:00-05:00,287.4370705865298,289.45320889132523,284.68690047558556,287.4664306640625,51547300,280.26023864746094,275.02562561035154,270.5312908935547,60.25862445313334,3.4959477591629025,2.502667608698215,0.9932801504646873,294.3056730211494,255.74557819955365,275.02562561035154,6.530306077913847,0.0012270204703237475,0.0012262682959324944,56080555.0
2022-12-02 00:00:00-05:00,282.3968370111949,287.2023040619703,282.22064660817347,286.3214416503906,53583200,281.01776123046875,276.5945022583008,270.7755773925781,59.0289607370572,3.757427489438726,2.7536195848463176,1.0038079045924082,294.1084610779464,259.0805434386552,276.5945022583008,6.438554504912075,-0.003983035553149272,-0.003990988965432148,55257770.0
2022-12-05 00:00:00-05:00,284.19758384085077,285.4698938607277,280.05763314961825,281.51593017578125,41482100,281.29375915527345,277.7180572509766,271.01301208496096,54.04425357081597,3.5361251947921346,2.9101207068354813,0.6260044879566533,293.36846120061546,262.0676533013377,277.7180572509766,6.426072647473524,-0.016783624191432645,-0.016926065245981003,53416215.0
2022-12-06 00:00:00-05:00,281.3593315737775,281.4963353305062,274.2930499549296,275.68280029296875,53937600,281.27320556640626,278.4075561523438,271.1560992431641,48.67151076297766,2.857121580758701,2.8995208816201252,-0.042399300861424294,292.3278417297172,264.48727057497035,278.4075561523438,6.482987474143392,-0.020720425587178126,-0.020938105806897225,53746405.0
2022-12-07 00:00:00-05:00,274.4986223556348,276.55391803732823,272.84460110585906,274.5573425292969,45614300,280.7427459716797,278.9453582763672,271.27452392578124,47.68647058096657,2.2027987956730612,2.7601764644307125,-0.5573776687576513,291.31118665838574,266.57952989434864,278.9453582763672,6.2848681496666625,-0.004082437360893976,-0.004090793257667227,52866430.0
2022-12-08 00:00:00-05:00,275.90791188562,278.7755226497414,273.8330531775481,277.8066101074219,42594900,280.25632934570314,279.9500015258789,271.35105773925784,50.78340254617126,1.9242504512465075,2.5929912617938715,-0.668740810547364,287.6298159343539,272.2701871174039,279.9500015258789,6.188982529847136,0.01183456813863315,0.011765087283819357,51753070.0
2022-12-09 00:00:00-05:00,276.7887515955548,279.5585154089067,275.5947251546985,276.03515625,47860500,279.7787170410156,279.9152557373047,271.5501263427734,49.077595246708874,1.542773230363025,2.3829476555077025,-0.8401744251446774,287.65904897921695,272.1714624953924,279.9152557373047,6.030040224444356,-0.00637657202158326,-0.006396989197630566,49183260.0
2022-12-12 00:00:00-05:00,276.21127717641207,279.55847536487875,275.17384794320157,279.4997253417969,35732500,280.0596008300781,279.7987854003906,271.9087237548828,52.44219956890719,1.5026894865051759,2.2068960217071973,-0.7042065352020215,287.49385011660945,272.1037206841718,279.7987854003906,5.912510738532414,0.012551187822825938,0.012473074595047994,47621795.0
2022-12-13 00:00:00-05:00,290.33413057877345,290.5592444878014,279.8228014323792,282.50445556640625,80667700,280.85040283203125,279.9558670043945,272.2046862792969,55.20647477737104,1.6938537565397382,2.1042875686737057,-0.41043381213396746,287.73670501304633,272.1750289957427,279.9558670043945,6.280154196208992,0.010750387038609421,0.010693012460865702,48890645.0
2022-12-14 00:00:00-05:00,281.91719443928423,285.2056731313244,277.160681704025,280.4100036621094,64984400,280.17998962402345,279.81493377685547,272.2904211425781,52.89839098842666,1.6572443716765974,2.014878929274284,-0.3576345575976867,287.4543705289395,272.17549702477146,279.81493377685547,6.406213998429732,-0.007413872110787145,-0.007441491456162224,48440595.0
2022-12-15 00:00:00-05:00,276.31902495877455,276.9845700821237,269.8008463271276,270.994873046875,60554100,278.5328338623047,279.3965362548828,272.19079162597654,43.99414622831667,0.8586112789397475,1.7836253992073767,-0.9250141202676292,287.9509843058484,270.84208820391717,279.3965362548828,6.706424236754878,-0.033576300746315346,-0.03415292886791703,49025310.0
2022-12-16 00:00:00-05:00,270.31953645378024,271.8560874452993,266.80594357710976,268.4110412597656,68300400,276.7417938232422,278.8797775268555,272.0829382324219,41.909237912780576,0.01699921153959849,1.4303001616738213,-1.4133009501342229,288.6860030927256,269.07355196098536,278.8797775268555,6.588118496143068,-0.00953461502078834,-0.009580360471646827,49667225.0
2022-12-19 00:00:00-05:00,268.68084758857094,268.7691387222308,263.4027802656932,264.638916015625,44167900,275.05409240722656,278.17392578125,272.1083038330078,39.00321505661232,-0.9434874614436808,0.955542637050321,-1.8990300984940018,289.78110088170865,266.5667506807913,278.17392578125,6.5008499218855365,-0.014053539774058654,-0.014153225827488895,49196190.0
2022-12-20 00:00:00-05:00,263.4714192377774,266.17913333023336,261.89193931007276,264.432861328125,51064200,273.92909851074216,277.60115203857424,272.1822021484375,38.84476120647409,-1.7016909271833924,0.42409592420357844,-2.125786851386971,290.6446493176376,264.5576547595109,277.60115203857424,6.3427316431908976,-0.0007786257992676848,-0.0007789290857766803,49745225.0
2022-12-21 00:00:00-05:00,265.47276321661104,269.57355472006856,264.62904265474396,268.2687683105469,46394700,273.3002410888672,277.02149353027346,272.40446228027344,43.450520651307215,-1.9703342145391503,-0.05479010354496727,-1.9155441109941829,290.6297723145188,263.41321474602813,277.02149353027346,6.256871768101802,0.014506166000533671,0.01440195813666059,49971290.0
2022-12-22 00:00:00-05:00,265.2569715563839,265.38451316774433,257.48702282279595,261.70556640625,60278400,271.69013671875,275.9732330322266,272.4972180175781,38.15561288168331,-2.6819160392827257,-0.580215290692519,-2.101700748590207,290.8501445598949,261.09632150455826,275.9732330322266,6.580077033791025,-0.02446502418313312,-0.024769265315828046,50665710.0
2022-12-23 00:00:00-05:00,260.4399248385618,262.9612361403146,258.5366812038642,262.2940979003906,39373600,270.31603088378904,275.04737396240233,272.4811676025391,38.87493166238921,-3.1619116398850338,-1.0965545605310218,-2.065357079354012,290.8788630203715,259.21588490443315,275.04737396240233,6.426111169695268,0.0022488306313936945,0.0022463057963650595,51859450.0
2022-12-27 00:00:00-05:00,261.6859141666788,261.79384550184756,258.04621805429747,258.5857849121094,38009000,268.2246368408203,274.1421188354492,272.54911071777343,36.03118434414098,-3.797763227571579,-1.6367962939391334,-2.1609669336324457,291.49189272180547,256.7923449490929,274.1421188354492,6.270523218009403,-0.014137996310117251,-0.014238889863987168,51824190.0
2022-12-28 00:00:00-05:00,258.1835139976111,260.43992202376086,254.80869212138504,255.1716766357422,47139000,265.4913589477539,273.1708808898926,272.3802377319336,33.59462624710679,-4.52500871316073,-2.2144387777834527,-2.3105699353772775,292.3848262430928,253.95693553669238,273.1708808898926,6.224859409749862,-0.013203000611683335,-0.01329093508113627,52400195.0
2022-12-29 00:00:00-05:00,257.97752846222875,262.3334034752378,257.2809896473435,261.3916015625,45893600,263.58951873779296,271.8847541809082,272.29406890869143,41.37299420603058,-4.5470445414659935,-2.680959930519961,-1.8660846109460323,290.6311304042974,253.13837795751903,271.8847541809082,6.291778511874557,0.02437545188699275,0.024083111650202917,50958970.0
2022-12-30 00:00:00-05:00,258.62507671655374,261.36222180165817,257.3202899566144,261.23468017578125,37858300,262.6134994506836,270.57316665649415,272.2241421508789,41.241742805658234,-4.525008853278564,-3.049769715071682,-1.4752391382068821,288.4245716720625,252.72176164092585,270.57316665649415,6.133173732875347,-0.0006003306371770156,-0.0006005109077655644,50274520.0
2023-01-03 00:00:00-05:00,263.55969075063524,265.0312691802193,257.16324062153893,259.4687194824219,42335300,261.7192672729492,269.2305305480957,272.14590728759765,39.71479938381051,-4.597051730057501,-3.359226118068846,-1.2378256119886553,286.15749396458693,252.30356713160447,269.2305305480957,6.257091934718561,-0.0067600545692136915,-0.006783007237446074,49712125.0
2023-01-04 00:00:00-05:00,261.5878050240108,262.38245500821034,257.55566441960866,260.704833984375,47754900,261.3258590698242,268.1899757385254,271.96888153076173,41.351631813232935,-4.502500100824761,-3.5878809146200292,-0.9146191862047321,284.5161009626346,251.86385051441619,268.1899757385254,6.15492755285307,0.004764021283254705,0.004752709246822239,50025765.0
2023-01-05 00:00:00-05:00,259.0370983373102,259.20386048845717,256.3097737127626,256.6236877441406,45396700,260.5449417114258,267.237020111084,271.65092376708986,37.71105398368744,-4.702672170010658,-3.8108391656981553,-0.8918330043125025,283.9234573208326,250.55058290133542,267.237020111084,6.029222747050165,-0.015654279124256543,-0.015778101282757525,49598720.0
2023-01-06 00:00:00-05:00,258.36010113618534,264.825231498382,255.40712445327574,263.7068176269531,54659700,260.08874664306643,266.6944938659668,271.36188140869143,46.51256385487432,-4.2408744310571365,-3.8968462187699515,-0.34402821228718494,283.096776929699,250.29221080223468,266.6944938659668,6.271285911197027,0.027601231768886958,0.027227184938049136,50050990.0
2023-01-09 00:00:00-05:00,265.6983935359543,270.0739085528397,264.80566224824554,265.4139099121094,45568700,260.45958099365237,266.07485885620116,271.22990631103517,48.40478588605948,-3.6945597304280113,-3.8563889211015634,0.16182919067355206,281.6675255011769,250.48219221122542,266.07485885620116,6.278129126531996,0.0064734476738903535,0.006452584899147493,50199680.0
2023-01-10 00:00:00-05:00,264.38387121125174,267.76851485693123,263.8737346072824,267.66058349609375,35247800,260.99622955322263,265.65613021850584,271.24191009521485,50.868271441585925,-3.0452103231736487,-3.6941532015159804,0.6489428783423317,280.59237198493975,250.71988845207193,265.65613021850584,6.10788992104034,0.008464792160773893,0.00842916670780366,49569045.0
2023-01-11 00:00:00-05:00,268.72985154393996,272.3989774609644,267.9449917626651,272.2910461425781,44077000,262.3667556762695,265.2956962585449,271.18307891845706,55.57615620597309,-2.1323759004123417,-3.381797741295253,1.2494218408829112,279.1898340232201,251.40155849386974,265.2956962585449,6.010068781313932,0.0172997554813743,0.017151818457145748,49986270.0
2023-01-12 00:00:00-05:00,272.8502932331982,274.7927877956512,268.5532788594756,273.7626647949219,60600000,264.2258544921875,264.8586067199707,271.21768646240236,56.986811803319874,-1.2754975752653195,-2.9605377080892663,1.6850401328239468,276.99913829897775,252.7180751409636,264.8586067199707,6.02645736380405,0.005404579670141629,0.00539002733871229,48982885.0
2023-01-13 00:00:00-05:00,271.2609656966435,275.89153383124483,270.9274115015277,275.6462707519531,44802900,265.6513214111328,264.6204200744629,271.3455569458008,58.790580376852226,-0.43935940856056277,-2.4563020481835256,2.016942639622963,275.669000308659,253.57183984026682,264.6204200744629,5.9505762899407,0.0068804340374253314,0.0068568718680458475,47973810.0
2023-01-17 00:00:00-05:00,275.4500758501751,277.4906816399172,274.2826210808861,276.20550537109375,36269700,267.1484039306641,264.88095169067384,271.6691976928711,59.33581066961889,0.2653528501687674,-1.911971068513067,2.1773239186818345,276.7348847268366,253.02701865451112,264.88095169067384,5.754682309161446,0.00202881257060028,0.0020267573097335514,46759590.0
2023-01-18 00:00:00-05:00,277.74572238568624,279.2958018979134,272.4088250315882,272.6148376464844,47754500,268.4630157470703,265.0911415100098,272.02261627197265,54.36246681196087,0.5280188429346708,-1.4239730862235196,1.9519919291581904,277.33080250644076,252.85148051357876,265.0911415100098,5.835560491815999,-0.012999986078427894,-0.013085225443719291,45732295.0
2023-01-19 00:00:00-05:00,270.9863178139879,272.1243422859905,268.7004787039163,269.93658447265625,44150400,269.3861907958984,265.3560249328613,272.24045135498045,50.93325632100255,0.5141441528255086,-1.036349638413714,1.5504937912392227,277.773086192195,252.93896367352764,265.3560249328613,5.698331809726861,-0.009824311827447807,-0.00987288879760376,45731420.0
2023-01-20 00:00:00-05:00,271.54544027131476,277.65737616871854,270.4858871548425,277.3238220214844,60613600,271.4562042236328,266.0005729675293,272.5490713500977,58.67626394556245,1.0867097795374434,-0.6117377548234826,1.698447534360926,279.45407915977285,252.54706677528574,266.0005729675293,5.8427932301793915,0.027366566718845187,0.02699879688132679,46208890.0
2023-01-23 00:00:00-05:00,278.167576598982,284.7111786521675,277.3729266337747,283.48486328125,52799900,273.4340087890625,266.76137771606443,272.94274261474607,63.80621465506166,2.014396000338195,-0.08651100379114707,2.100907004129342,282.21429565848666,251.30845977364217,266.76137771606443,5.953119187358231,0.02221605491679801,0.021972873467008054,46529150.0
2023-01-24 00:00:00-05:00,281.86618418380607,284.06373214711186,281.34622756965445,282.9060974121094,44875100,275.1832275390625,267.82140426635743,273.4465896606445,63.014825976946085,2.672090252141402,0.46520924739536273,2.206881004746039,284.59388759467265,251.04892093804222,267.82140426635743,5.722003858079602,-0.002041611190246928,-0.0020436981193219547,45758985.0
2023-01-25 00:00:00-05:00,278.39320945144925,282.896236062252,275.85228750449124,282.2781982421875,50872000,276.6449890136719,268.82060928344725,273.55755218505857,62.114721187476896,3.1068377777240244,0.9935349534610951,2.113302824262929,286.5127575309939,251.1284610359006,268.82060928344725,5.817132861618068,-0.002219461424358138,-0.002221928079304755,46333905.0
2023-01-26 00:00:00-05:00,285.70209498809857,287.9585036418443,283.0532414038365,287.78192138671875,51596300,278.19407653808594,270.28041610717776,273.6766079711914,66.61603783450654,3.8510898189524596,1.5650459265593681,2.2860438923930912,289.13363628612416,251.42719592823136,270.28041610717776,5.8073594714779775,0.019497514079387823,0.019309872657048654,47013270.0
2023-01-27 00:00:00-05:00,286.467343534839,292.608742055595,286.3496220195724,290.6466369628906,56441900,279.8824737548828,272.05416412353514,273.9022842407227,68.70059933214718,4.618830526060265,2.175802846459548,2.443027679600717,291.55188121347396,252.55644703359633,272.05416412353514,5.839628083231164,0.009954466779455107,0.009905247440347197,47478415.0
2023-01-30 00:00:00-05:00,287.3796528484936,288.80219070771494,284.3972753111684,284.7700500488281,49405800,280.7948516845703,273.22308654785155,273.93311187744143,60.37252639337004,4.698912972660423,2.680424871699723,2.0184881009607003,292.8265596095931,253.61961348611,273.22308654785155,5.86889476669481,-0.020219008812452977,-0.02042621067258767,47654025.0
2023-01-31 00:00:00-05:00,284.8093552347855,289.1358004490428,284.70145382826416,289.0376892089844,46705100,282.07807006835935,274.61323699951174,274.12660919189454,63.80408027138235,5.048545215990259,3.1540489405578302,1.894496275432429,294.5592149641777,254.66725903484573,274.61323699951174,5.766427041986511,0.014986264038035157,0.014875079434726178,48096365.0
2023-02-01 00:00:00-05:00,288.831631729578,297.68071332529627,286.76159566124306,295.2182922363281,67562200,284.3384155273437,276.40071563720704,274.4560507202148,68.11096856130762,5.7579798906836,3.6748351305829843,2.083144760100616,296.99450342730125,255.80692784711286,276.40071563720704,6.134476372134132,0.021383380984875577,0.021157964279449964,49357710.0
2023-02-02 00:00:00-05:00,301.7422379154438,307.7364525973312,300.9181576449358,305.8135986328125,83070600,287.9261169433594,278.6561538696289,274.9972036743164,73.85438390715399,7.093396400881602,4.3585473846427085,2.7348490162388934,301.6236849975721,255.6886227416857,278.6561538696289,6.5904537999104855,0.03588973540976448,0.03526070517073958,51123495.0
2023-02-03 00:00:00-05:00,299.1620753478888,306.47092658216013,298.7696604359694,300.3785705566406,76170800,290.231591796875,280.8438980102539,275.4870083618164,67.17117837029386,7.625262977998716,5.011890503313911,2.6133724746848053,303.33054633863657,258.3572496818712,280.8438980102539,6.669797538930503,-0.017772355776427218,-0.017932180564781606,52662200.0
2023-02-06 00:00:00-05:00,297.7591754783428,300.1136948707084,296.49360970345265,297.837646484375,40802300,291.6668701171875,282.550439453125,275.84652252197264,64.24421592399716,7.752375179627734,5.559987438576675,2.192387741051059,304.7545339153408,260.34634499090924,282.550439453125,6.470880632806037,-0.008459072388409594,-0.008495053395560333,51969330.0
2023-02-07 00:00:00-05:00,297.7102047614038,305.1367799080393,296.59182039911747,304.0085754394531,67584000,293.77711791992186,284.4801727294922,276.27327850341794,67.90228454564124,8.25588619236754,6.099167189334849,2.156719003032692,307.0961962498826,261.8641492091018,284.4801727294922,6.619029123957163,0.020719103269579042,0.020507382103630244,53070095.0
2023-02-08 00:00:00-05:00,302.6938758967984,303.6356776933816,297.9161561301726,298.6028747558594,56720900,295.4095855712891,286.0272872924805,276.62911041259764,61.92558038173069,8.125066718274411,6.504347095122761,1.6207196231516496,308.0550128241795,263.99956176078143,286.0272872924805,6.581414137194544,-0.017781408553293798,-0.01794139718440933,54143750.0
2023-02-09 00:00:00-05:00,302.9881119144143,303.13526373423485,294.5118377600929,295.9637756347656,49137800,296.22777099609374,287.21092376708987,277.0145681762695,59.18659858493214,7.719453049786296,6.747368286055469,0.9720847637308268,308.69642135996355,265.7254261742162,287.21092376708987,6.727272125547933,-0.008838157111687228,-0.008877445283580254,54396790.0
2023-02-10 00:00:00-05:00,293.8055296187177,295.85592516576196,291.61777238999366,294.0213623046875,50050100,296.56524353027345,288.22385864257814,277.40306671142577,57.18190361514454,7.158743237035424,6.829643276251461,0.32909996078396286,308.97543061445145,267.4722866707048,288.22385864257814,6.5571814912067925,-0.006563010374874945,-0.006584641623482448,53869295.0
2023-02-13 00:00:00-05:00,295.424356988804,299.31913678109805,294.24708196176414,298.7304992675781,39636700,297.96128845214844,289.37807006835936,277.6353939819336,60.66075071975383,7.013517207138875,6.866418062428944,0.14709914470993102,309.7677164423777,268.988423694341,289.37807006835936,6.467223847292776,0.016016308903468834,0.015889401097800387,53610985.0
2023-02-14 00:00:00-05:00,297.1509876493258,301.88945775685835,295.2084930417475,300.9378356933594,64079100,299.15130310058595,290.6146865844727,277.90482208251956,62.2106014008645,6.995893825007215,6.892313214944599,0.10358061006261643,310.65572302838143,270.5736501405639,290.6146865844727,6.482491052136925,0.007389056126485771,0.007361890786670425,55001455.0
2023-02-15 00:00:00-05:00,299.1228543039255,303.4100482655992,298.4361356253388,303.2432861328125,43100600,299.95380249023435,292.14610900878904,278.24325897216795,63.81412308079996,7.086271622495644,6.931104896454808,0.1551667260408367,311.1028892241016,273.1893287934765,292.14610900878904,6.3747354512886,0.007660885957198937,0.007631690384868962,54768760.0
2023-02-16 00:00:00-05:00,298.61271491031835,302.5859648965573,297.40600975851845,297.55316162109375,59498600,299.1277587890625,293.5269378662109,278.5640036010742,57.34626267721601,6.6224121395646875,6.869366345076784,-0.2469542055120968,309.61815939734197,277.43571633507986,293.5269378662109,6.33634551721756,-0.018764222562957622,-0.018942504322239262,55536170.0
2023-02-17 00:00:00-05:00,295.36550524789766,296.2091960895314,292.451777909408,295.45379638671875,58230700,298.6352813720703,294.43343658447264,278.95942352294924,55.126261091981405,6.016049652593722,6.698703006580173,-0.682653353986451,308.711910410312,280.1549627586333,294.43343658447264,6.248133959679572,-0.007055429096896493,-0.007080436330696189,55417025.0
2023-02-21 00:00:00-05:00,291.6275800656275,293.0697279651219,288.3214390154632,288.4587707519531,46526700,297.6973937988281,294.6821319580078,279.23745208740235,48.402640318612264,4.914412614699643,6.341844928204067,-1.4274323135044247,308.3493369439131,281.0149269721025,294.6821319580078,6.311292774792141,-0.02367553140393519,-0.023960300485380795,55103365.0
2023-02-22 00:00:00-05:00,289.0376672323923,290.74468891009906,287.01670158610773,288.6746826171875,51389200,296.16400451660155,294.9705612182617,279.45481353759766,48.61098711662155,4.0125257097050735,5.875981084504269,-1.8634553747991953,307.8524328976932,282.08868953883024,294.9705612182617,6.126770956877797,0.0007485016478143702,0.000748221660161415,55429070.0
2023-02-23 00:00:00-05:00,292.3241575359496,292.48112949801686,287.00684085103126,291.1959533691406,69294400,295.4233123779297,295.41644897460935,279.75802947998045,51.09438189620134,3.4613193830451223,5.3930487442124395,-1.9317293611673172,307.0688166181374,283.7640813310813,295.41644897460935,6.080165077599783,0.008733951758757463,0.008696031438304105,56350190.0
2023-02-24 00:00:00-05:00,286.231899293611,287.41896448665875,284.55427789011435,286.3201904296875,74332000,294.4589538574219,295.34336242675784,279.8944387817383,46.42230513295979,2.601067589118145,4.834652513193581,-2.233584924075436,307.2028517383257,283.48387311518997,295.34336242675784,6.120272963415961,-0.01674392409317671,-0.01688568827733677,57486975.0
2023-02-27 00:00:00-05:00,289.47913843428347,290.8722160742341,287.7819070065774,288.37054443359375,48995000,293.8938720703125,295.229557800293,280.011760559082,48.55274829361672,2.061000348158018,4.279922080186469,-2.218921732028451,307.3087909256095,283.15032467497645,295.229557800293,6.0082552977824335,0.00716105280884749,0.00713553422437841,57114630.0
2023-02-28 00:00:00-05:00,287.7425975121591,290.5091718941764,287.4090433577746,287.9976806640625,48243100,292.8205902099609,295.3909393310547,280.1635140991211,48.17757074303216,1.5846394415951863,3.7408655524682124,-2.156226110873026,306.9833267384862,283.7985519236232,295.3909393310547,5.800531957683818,-0.0012930022733896873,-0.0012938389220994008,57056495.0
2023-03-01 00:00:00-05:00,287.70339937074044,288.36068762810055,284.7013818083146,285.68243408203125,58287000,291.2950500488281,295.22317657470705,280.4572653198242,45.81045558771742,1.0086716029398417,3.1944267625625384,-2.1857551596226967,307.26681082046747,283.17954232894664,295.22317657470705,5.647587233548258,-0.008039115373057126,-0.008071603294293501,57635590.0
2023-03-02 00:00:00-05:00,283.1905919861252,288.85125360812066,282.90607840448746,288.0467834472656,53565900,289.77539978027346,294.8646011352539,280.84998016357423,48.58846759600129,0.7345289823830967,2.7024472065266503,-1.9679182241435536,307.30786997246474,282.42133229804307,294.8646011352539,5.668843517125753,0.008276145408910418,0.00824208590937348,56935775.0
2023-03-03 00:00:00-05:00,289.79301670471045,294.23718186541674,289.2828504119004,294.001708984375,60511500,289.4202545166016,294.27400665283204,281.4372360229492,54.86451355188946,0.9864109722875014,2.3592399596788205,-1.372828987391319,305.658756949476,282.88925635618807,294.27400665283204,5.706097438627565,0.020673466531521134,0.02046267072499526,55807820.0
2023-03-06 00:00:00-05:00,295.2379391313372,298.23995735961194,294.13916513136036,294.3353576660156,56736300,289.30841064453125,293.97184600830076,282.03528594970703,55.194544165909726,1.1991291102375499,2.127217789790566,-0.9280886795530163,305.0079208447066,282.93577117189494,293.97184600830076,5.601251076956806,0.0011348528646082379,0.0011342094058707328,54836095.0
2023-03-07 00:00:00-05:00,294.3844034004965,295.3065950596229,290.11681943570414,290.7250671386719,65955800,289.5350402832031,293.6162170410156,282.48441192626956,50.860860329602026,1.0641229470742815,1.9145988212473095,-0.8504758741730281,304.5892973691072,282.643136712924,293.6162170410156,5.571859973168374,-0.012265908370547751,-0.012341755485277859,56093770.0
2023-03-08 00:00:00-05:00,291.146939898782,292.77549064291287,289.2927662406376,292.17706298828125,50876300,289.8852783203125,293.024641418457,283.09384185791015,52.47697818221288,1.0620508591280782,1.7440892288234635,-0.6820383696953853,302.91517503799014,283.1341077989239,293.024641418457,5.422636003818867,0.004994395096026505,0.004981964476608347,55258385.0
2023-03-09 00:00:00-05:00,292.67735762881415,295.27717051410644,286.3005168477535,287.11480712890625,71456700,289.47716369628904,292.4502380371094,283.59025604248046,46.70916739119748,0.6444976064664729,1.5241709043520655,-0.8796732978855926,302.3125293091105,282.58794676510826,292.4502380371094,5.676494408285587,-0.017325986535698834,-0.017477837980601395,55995175.0
2023-03-10 00:00:00-05:00,287.2815444320978,288.7727631546609,281.9348271262649,283.0826416015625,98593600,289.1534088134766,291.8061813354492,284.0801931762695,42.684827437003484,-0.011644187474928458,1.2170078859866669,-1.2286520734615953,302.3269672519006,281.2853954189978,291.8061813354492,5.759454524007757,-0.014043739393536092,-0.014143285803146817,58467965.0
2023-03-13 00:00:00-04:00,281.2971396240923,288.89047492289336,279.786310683679,285.1820983886719,97123600,288.8345642089844,291.3642181396484,284.68040161132814,45.326173329813386,-0.3581046619618178,0.90198537639697,-1.2600900383587876,302.2131766180414,280.5152596612554,291.3642181396484,5.998362360808229,0.007416409481102448,0.007389043139674499,60821640.0
2023-03-14 00:00:00-04:00,288.73348664656174,292.2848910178012,287.8897960785165,291.7355041503906,73602500,289.2083465576172,291.01446838378905,285.28727966308594,52.65997202833555,-0.10268828164254273,0.7010506447890674,-0.8037389264316102,301.32881526704915,280.70012150052895,291.01446838378905,6.077250237116879,0.02297972347754862,0.02271966612550024,62519930.0
2023-03-15 00:00:00-04:00,289.12594882234004,293.599545439294,287.6838005748125,293.2659912109375,83631500,289.9667022705078,290.630876159668,285.92790588378904,54.20492607017028,0.22068463975250552,0.604977443781755,-0.3842928040292495,299.96449319202463,281.29725912731135,290.630876159668,6.065714139071495,0.005246146042471089,0.005232432957975384,63497550.0
2023-03-16 00:00:00-04:00,292.35366392965665,301.3597192773482,291.55901374835145,300.9967346191406,98198100,291.26169738769534,290.5185485839844,286.75846618652344,61.10909466186459,1.0882220478844715,0.7016263646022983,0.3865956832821732,299.27877484954917,281.75832231841963,290.5185485839844,6.332499238351869,0.026360858878596183,0.026019399218223885,66252425.0
2023-03-17 00:00:00-04:00,300.90840459728173,303.29235483313954,297.6218729463031,299.57415771484375,89923700,291.8189422607422,290.6195983886719,287.5358526611328,59.33632446334099,1.6420332892647025,0.8897077495347793,0.7523255397299232,299.7412416179145,281.49795515942924,290.6195983886719,6.285212284672197,-0.004726220389390301,-0.004737424284297877,67773680.0
2023-03-20 00:00:00-04:00,298.9571102988408,300.9615338726046,296.74632519208114,300.6372985839844,56359500,292.4491363525391,290.87877349853517,288.4161248779297,60.26407176243342,2.142027313647702,1.140171662357364,1.0018556512903383,300.79505594888246,280.96249104818787,290.87877349853517,6.137354884375859,0.00354884038479919,0.0035425581095682064,67680120.0
2023-03-21 00:00:00-04:00,302.57298738561116,305.3831267141838,301.0598192933136,304.93115234375,49757000,293.8697448730469,291.702392578125,289.2406115722656,63.85128392135013,2.8518796006111415,1.4825132500081195,1.369366350603022,303.27571758285904,280.12906757339096,291.702392578125,6.037960116220399,0.014282505131565149,0.014181471032156192,67841635.0
2023-03-22 00:00:00-04:00,304.8623630714079,309.75557856492014,300.6176781701295,300.7846984863281,75791900,294.7305084228516,292.30789337158205,289.94802734375,58.37120710847338,3.0447603769778198,1.7949626754020596,1.2497977015757602,304.43800373473283,280.1777830084313,292.30789337158205,6.259384421832557,-0.013598000156925805,-0.01369129971812686,69061770.0
2023-03-23 00:00:00-04:00,304.51846019922783,308.6747169209865,301.6591745901483,304.3514099121094,74576000,296.45416870117185,292.96566619873045,290.6818438720703,61.43713622088812,3.4457036587863286,2.1251108720789134,1.3205927867074152,306.16304825246607,279.7682841449948,292.96566619873045,6.375858279891544,0.011858021514160821,0.011788266076535839,69325850.0
2023-03-24 00:00:00-04:00,303.9288529962725,305.5697296883358,301.600164645963,305.47149658203125,57195200,298.69305419921875,293.92323150634763,291.3454528808594,62.374312051641105,3.8099173756524465,2.4620721727936203,1.3478452028588261,307.8138706879924,280.0325923247029,293.92323150634763,6.20398019149735,0.0036802414361916114,0.0036734859172312157,68469010.0
2023-03-27 00:00:00-04:00,306.16916043212996,307.24999463812065,302.52383005099284,303.378662109375,50287400,300.51271057128906,294.6736373901367,291.9377728271484,59.46633541724693,3.8849023824934648,2.746638214733589,1.1382641677598757,308.90079408938936,280.4464806908841,294.6736373901367,6.098421934042383,-0.00685116122477325,-0.006874738177882147,68533630.0
2023-03-28 00:00:00-04:00,302.7989294937386,302.8284054254043,299.45816398128835,301.7672119140625,48585900,301.51588134765626,295.3621139526367,292.46019165039064,57.252986020113326,3.770830194124642,2.9514766106117998,0.819353583512842,309.5630318138264,281.16119609144704,295.3621139526367,5.942855947902688,-0.005311679417755233,-0.005325836541194729,68550770.0
2023-03-29 00:00:00-04:00,305.4617563282987,307.8887085257983,304.646205395257,307.2696838378906,53274300,302.91625061035154,296.4414764404297,293.08147521972654,62.3993425534788,4.0774286023561785,3.176667008960676,0.9007615933955027,310.81592523734,282.0670276435194,296.4414764404297,5.955615995319337,0.018234160990939996,0.01806991229742818,68300135.0
2023-03-30 00:00:00-04:00,309.74567539023667,310.80686887231343,307.35803503409534,310.1780090332031,58354800,303.8343780517578,297.54803771972655,293.8327386474609,64.81076722014565,4.5031777571225575,3.4419691585930527,1.0612085985295048,312.5604045617741,282.535670877679,297.54803771972655,5.78287092668387,0.009465057401650157,0.009420544404126817,68539580.0
2023-03-31 00:00:00-04:00,310.4040214976561,315.57235477434864,310.0994268734704,315.3365173339844,62138100,305.4106140136719,298.61477813720705,294.7407373046875,68.65108077074419,5.196928580353756,3.792961042945193,1.4039675374085627,315.39542561054964,281.83413066386447,298.61477813720705,5.760732139126325,0.016630799574927524,0.01649402222225958,68620910.0
2023-04-03 00:00:00-04:00,313.21420687465223,314.8354733237728,311.88775975910704,314.5701599121094,47126800,306.80390014648435,299.6265182495117,295.4856640625,67.4729899835657,5.620107367404046,4.158390307836964,1.461717059567082,317.647278805269,281.6057576937544,299.6265182495117,5.595591098822825,-0.0024302844096655285,-0.0024332423442081003,68140435.0
2023-04-04 00:00:00-04:00,315.0122741072591,316.0243210555341,312.2905331988112,313.5089416503906,45875400,307.66167907714845,300.76571197509764,296.0861456298828,65.78936596600188,5.802955303703527,4.487303307010277,1.3156519966932505,319.2658182221114,282.26560572808387,300.76571197509764,5.462605152958543,-0.003373550313911733,-0.003379253565187893,67136415.0
2023-04-05 00:00:00-04:00,312.5559079537238,313.4991679194973,308.5961471761474,310.4139099121094,62795700,308.6246002197266,301.67755432128905,296.6363018798828,61.008050697789024,5.6331845703577414,4.71647955967977,0.9167050106779717,320.19221531457134,283.16289332800676,301.67755432128905,5.423332961621736,-0.009872227956205015,-0.009921281510871377,67732385.0
2023-04-06 00:00:00-04:00,308.76318082870716,312.99806052865506,307.36794644197226,312.50677490234375,46916500,309.44013671875,302.94715270996096,297.2408734130859,62.967934850869504,5.602929669432001,4.893769581630216,0.7091600878017852,320.76245046057045,285.1318549593515,302.94715270996096,5.438103041983241,0.006742175280827212,0.006719548462780548,66505375.0
2023-04-10 00:00:00-04:00,309.57870772010875,312.3790415697629,307.7904209826378,312.32989501953125,45134700,310.1259765625,304.4095153808594,297.73183288574216,62.681177530874415,5.501264560739514,5.015268577452076,0.4859959832874381,320.14222735153834,288.6768034101804,304.4095153808594,5.38654953324915,-0.0005660033542241871,-0.0005661635945899261,63832430.0
2023-04-11 00:00:00-04:00,312.2906125041193,312.3495943669615,309.81454370686527,310.3254699707031,40113600,310.82065734863284,305.66668395996095,298.12540954589844,59.38099042805126,5.199022781535575,5.0520194182687765,0.14700336326679864,318.86734021299435,292.46602770692755,305.66668395996095,5.182871042309658,-0.0064176535156930115,-0.006438335186700783,60981930.0
2023-04-12 00:00:00-04:00,312.2807337613539,312.87028237990893,307.12223582395177,307.58404541015625,62813300,311.4023406982422,306.45911102294923,298.581689453125,55.10749496578078,4.684286405175101,4.978472815650042,-0.294186410474941,318.0204804798495,294.897741566049,306.45911102294923,5.223240721855908,-0.00883403015809714,-0.008873281538750976,60442470.0
2023-04-13 00:00:00-04:00,309.342853704932,314.0788537181018,308.16378634781455,313.60723876953125,54613800,312.0360961914063,307.4761734008789,299.0730804443359,61.63961243016947,4.7081033993137,4.924398932382774,-0.2162955330690739,317.7199551331308,297.23239166862703,307.4761734008789,5.31406697800517,0.019582268486465937,0.01939300271194064,58991585.0
2023-04-14 00:00:00-04:00,312.0547088207058,314.77641959580933,310.1092075173743,313.01763916015625,56278300,312.32005920410154,308.0772186279297,299.4290673828125,60.70841006578817,4.626076250391691,4.8647343959845575,-0.2386581455928667,318.1387784416546,298.0156588142048,308.0772186279297,5.267863056607305,-0.0018800573981913038,-0.001881826924323174,56895595.0
2023-04-17 00:00:00-04:00,312.60504344461145,313.6367612691698,310.53183245876653,313.28302001953125,43007000,312.1147094726563,308.7626617431641,299.57845581054687,60.99404555905353,4.530261131039424,4.7978397429955315,-0.26757861195610744,318.2660990937075,299.25922439262064,308.7626617431641,5.113367753307018,0.0008478143918246861,0.0008474552002074049,54549760.0
2023-04-18 00:00:00-04:00,315.39549358382044,315.81802195370216,312.1039043269435,313.3026123046875,46746900,311.9879547119141,309.3959274291992,299.8369366455078,61.01657719460137,4.405128315194361,4.719297457435298,-0.31416914224093695,318.3194438148944,300.47241104350405,309.3959274291992,5.01342131569642,6.25386117480975e-05,6.25366562906451e-05,54069130.0
2023-04-19 00:00:00-04:00,310.8953715658276,314.2164671752397,310.7676325061279,313.1552734375,38960100,311.952587890625,309.80713348388673,300.14328918457034,60.73245864529151,4.245135363913903,4.624465038731019,-0.3793296748171162,318.62713780233344,300.98712916544,309.80713348388673,4.901665126654663,-0.00047027653585030027,-0.00047038715054140785,53529285.0
2023-04-20 00:00:00-04:00,310.18780386824886,313.70539442905545,309.48035163439545,310.76751708984375,62462100,311.9879486083984,310.3062744140625,300.2784680175781,56.167914506527985,3.8809308602325814,4.475758203031332,-0.5948273427987507,318.09726345152075,302.51528537660425,310.3062744140625,4.8533349600836155,-0.00762483199291486,-0.007654049638891665,52862795.0
2023-04-21 00:00:00-04:00,310.40407605124466,311.86809756580624,308.6256245513953,311.09185791015625,59002300,311.84645690917966,310.64329681396487,300.52824768066404,56.644582733288615,3.577231660846394,4.296052894594345,-0.7188212337479509,317.9423734561295,303.34422017180026,310.64329681396487,4.738273392535569,0.0010436767116130952,0.0010431324597230118,52084110.0
2023-04-24 00:00:00-04:00,310.86585776277883,312.2021401015281,308.2718555959959,310.443359375,44043100,311.6578033447266,310.89188995361326,300.8178393554688,55.348531282097966,3.2467924430146127,4.086200804278398,-0.8394083612637857,317.7975265716208,303.98625333560574,310.89188995361326,4.680559900606757,-0.0020845885826543675,-0.002086764361695788,51426505.0
2023-04-25 00:00:00-04:00,308.8122931475804,309.48043432872635,304.48898611246517,304.58721923828125,57121600,311.0839782714844,310.9523178100586,301.02915649414064,45.274473945790035,2.4837443561089003,3.765709514644499,-1.281965158535599,317.610640949896,304.29399467022125,310.9523178100586,4.7715465693159045,-0.01886379579356645,-0.0190439868460683,51768215.0
2023-04-26 00:00:00-04:00,307.97715342872493,309.45101039192303,305.9137476831083,306.43450927734375,55400500,310.9690246582031,311.18568267822263,301.18323669433596,48.461173738288785,2.00497204776201,3.413562021268002,-1.408589973505992,316.7824956205356,305.58886973590967,311.18568267822263,4.778135468196325,0.006064896759891081,0.006046579298567134,52108945.0
2023-04-27 00:00:00-04:00,310.1977129113469,315.2677534758937,309.5590176982264,314.76666259765625,65430400,311.0849670410156,311.56053161621094,301.4598132324219,59.824782878042406,2.271690053409543,3.18518762769631,-0.913497574286767,317.0614353837003,306.05962784872156,311.56053161621094,5.067786091793012,0.027190649447289772,0.026827550959722737,52716750.0
2023-04-28 00:00:00-04:00,314.5307387522474,317.02647709416095,313.4007882778048,316.93804931640625,59712600,311.4770080566406,311.8985336303711,301.73370849609375,62.16593369554667,2.6279849806586526,3.073747098288779,-0.4457621176301263,317.83184858893776,305.96521867180445,311.8985336303711,4.964779143547523,0.00689840118654983,0.006874716080936263,52784640.0
2023-05-01 00:00:00-04:00,316.4762913457394,317.9894590891621,315.4937203409146,316.5745544433594,41013400,311.80616149902346,311.96043548583987,302.11413635253905,61.51963879058338,2.8481881391360275,3.028635306458229,-0.18044716732220145,318.0594507160345,305.8614202556452,311.96043548583987,4.788419115311808,-0.001146895659359548,-0.001147553847483139,51728405.0
2023-05-02 00:00:00-04:00,316.5058341595277,316.83009945162763,312.07442839591636,313.8135986328125,56519400,311.8572601318359,311.922607421875,302.48133239746096,56.69802877324161,2.768006809590247,2.976509607084633,-0.20850279749438583,317.96553496919006,305.87967987455994,311.922607421875,4.786079968197484,-0.008721344693674249,-0.008759598197370558,52198035.0
2023-05-03 00:00:00-04:00,314.17709565364254,316.8496901296234,311.6518808391574,311.7599792480469,59882100,311.7177307128906,311.8351593017578,302.9473565673828,53.34877584992991,2.5098209530748363,2.883171876282674,-0.3733509232078376,317.83419113822305,305.8361274652926,311.8351593017578,4.815489205502379,-0.006544073914300119,-0.006565580243349011,52898370.0
2023-05-04 00:00:00-04:00,311.5340186637454,312.68364014813113,309.62782815897486,310.6595458984375,50224500,311.70693359375,311.8474411010742,303.3870538330078,51.59014297085982,2.1911527817269985,2.744768057371539,-0.5536152756445407,317.8357800204945,305.8591021816539,311.8474411010742,4.689797975763371,-0.0035297453902312093,-0.003535989639561583,52269810.0
2023-05-05 00:00:00-04:00,312.91947297286674,318.1172833774698,310.6988523113847,317.262451171875,51806100,312.32399291992186,312.0852249145508,303.9083837890625,60.091239959482394,2.4432410706406245,2.6844626600253565,-0.24122158938473204,318.52040642303314,305.65004340606845,312.0852249145508,4.887507940282579,0.021254474103931553,0.02103174819000072,52514290.0
2023-05-08 00:00:00-04:00,316.8006073328287,318.3923678179955,315.71977305719315,318.0484619140625,36465800,313.0845031738281,312.3711532592773,304.54294921875,60.96989615530453,2.6756046488455354,2.6826910577893925,-0.007086408943857148,319.3126665945851,305.42963992396955,312.3711532592773,4.72929985603399,0.002477477997425259,0.00247441410824669,52080845.0
2023-05-09 00:00:00-04:00,316.3879214383984,317.2525888785496,315.7197802294426,316.0342102050781,31768800,314.2292022705078,312.6565902709961,305.0962225341797,57.47753750531287,2.6664836162512984,2.6794495694817737,-0.012965953230475336,319.7067919310782,305.606388610914,312.6565902709961,4.55782712950441,-0.006333159723088455,-0.0063532992554060485,51663605.0
2023-05-10 00:00:00-04:00,318.47096377915307,320.3280376891628,315.99489521816594,319.47320556640625,60446600,315.53307189941404,313.2510482788086,305.7257330322266,61.52923267309403,2.903286042715024,2.724216864128424,0.17906917858659988,320.49252110549867,306.0095754521185,313.2510482788086,4.541778225325299,0.010881718656649664,0.01082293878905866,51545270.0
2023-05-11 00:00:00-04:00,320.02351532791806,321.05520329833075,318.4710357319131,320.5148010253906,44278500,316.1078857421875,313.59642639160154,306.42238037109377,62.688835671599975,3.138819364533333,2.807137364209406,0.3316820003239269,321.50141412062834,305.69143866257474,313.59642639160154,4.401948892546181,0.003260353108917924,0.0032550496819570567,51028505.0
2023-05-12 00:00:00-04:00,321.045269963454,321.4677983234003,317.31151179697923,319.3650817871094,48432800,316.3505889892578,313.9137985229492,307.04874633789063,60.52034634092753,3.1958685023396924,2.8848835918354636,0.31098491050422883,322.2008009242766,305.6267961216218,313.9137985229492,4.384401580680102,-0.0035871018580204694,-0.003593550934839633,50636230.0
2023-05-15 00:00:00-04:00,319.83670116748294,321.330198317674,318.31369810053747,321.0943908691406,33375600,316.8025726318359,314.3043670654297,307.5905999755859,62.615081085399346,3.3420955484486967,2.9763259831581106,0.36576956529058613,323.1529171522216,305.45581697863776,314.3043670654297,4.2866943404269895,0.005414834559728243,0.005400227050843706,50154660.0
2023-05-16 00:00:00-04:00,320.3771430453496,323.16764148062344,320.33783180381295,321.4579772949219,40019200,317.5670104980469,314.7121353149414,308.13305236816404,63.058879239353345,3.4475783843690238,3.070576463400293,0.37700192096873053,324.07514039879084,305.349130231092,314.7121353149414,4.182631150168668,0.001132335027083764,0.0011316944193197856,49818275.0
2023-05-17 00:00:00-04:00,322.51915867337476,325.9286819112278,321.3400912336349,325.3489685058594,47486100,318.9259094238281,315.3218200683594,308.8255303955078,67.50465427314002,3.8013254505993928,3.2167262608401135,0.5845991897592793,325.7296384032067,304.91400173351207,315.3218200683594,4.211628259270399,0.012104198637969077,0.012031528645936712,50244575.0
2023-05-18 00:00:00-04:00,325.7420001513761,331.6079515358574,325.72235952182035,331.39178466796875,64213500,320.99913330078124,316.3530334472656,309.60982482910157,72.94940553802273,4.517205775243383,3.4768221637207675,1.0403836115226155,328.66438981780243,304.0416770767288,316.3530334472656,4.357867885750944,0.018573337391726064,0.018402959386257658,50332145.0
2023-05-19 00:00:00-04:00,331.608011864189,332.31546447092063,329.5839171810372,330.6451110839844,61554900,322.3373992919922,317.33069610595703,310.4804309082031,71.35837712545111,4.967038840270618,3.7748654990307378,1.1921733412398803,330.8607700752264,303.80062213668765,317.33069610595703,4.241702128903266,-0.002253144521166983,-0.0022556866705547678,50459775.0
2023-05-22 00:00:00-04:00,330.38955227178974,332.76738767069196,330.37971696477655,331.7553405761719,43015900,323.7080871582031,318.39629516601565,311.4538848876953,72.32489977683116,5.3514330377140595,4.090179006767402,1.2612540309466578,332.9100089690369,303.8825813629944,318.39629516601565,4.1092713129755625,0.0033577677545200135,0.0033521430398468985,50408415.0
2023-05-23 00:00:00-04:00,330.0358299758091,331.1854214014878,327.1961850279305,327.5498962402344,48216700,324.8596557617187,319.54442901611327,312.3012408447266,63.573556228942955,5.256134549793387,4.323370115372599,0.9327644344207879,333.1088903004638,305.9799677317627,319.54442901611327,4.141405901208836,-0.012676342537949026,-0.012757372875197919,49963170.0
2023-05-24 00:00:00-04:00,325.5946017325634,327.10776972072495,323.8161503250398,325.8697204589844,62891200,325.4993072509766,320.5161895751953,312.98392517089843,60.42762012399201,4.987540406624248,4.456204173622929,0.5313362330013192,332.91962453708993,308.1127546133007,320.5161895751953,4.112287330779245,-0.005129526220389091,-0.005142727403237821,50337705.0
2023-05-25 00:00:00-04:00,333.22919419234955,335.0665974450739,330.8022422525077,333.799072265625,66862800,326.827734375,321.4678100585937,313.7945867919922,68.3800847096428,5.352806217416116,4.635524582381566,0.7172816350345501,334.8431027692863,308.09251734790115,321.4678100585937,4.475472306158552,0.024332889215580522,0.02404156091253623,50409325.0
2023-05-26 00:00:00-04:00,334.82093131914536,343.162950205455,334.72266821385983,342.3277587890625,63007000,329.12400207519534,322.73729553222654,314.62120727539065,74.35064592594591,6.258333555747583,4.96008637705477,1.2982471786928134,338.7177782332249,306.75681283122816,322.73729553222654,4.824644137135083,0.025550360177905684,0.025229405250341376,50574045.0
2023-05-30 00:00:00-04:00,346.56267972749924,347.76141779152016,342.45553930603324,343.8802795410156,72652200,331.4025909423828,324.1025817871094,315.50732971191405,75.26620252883184,7.0203200653567706,5.3721331147151705,1.6481869506416,342.2610255568634,305.9441380173554,324.1025817871094,4.868145198943838,0.004535188024029857,0.004524935046589429,52155985.0
2023-05-31 00:00:00-04:00,342.2983696963661,344.48951455879416,340.4708014143021,341.92498779296875,65105400,333.4492919921875,325.5081512451172,316.33308349609376,71.7905612101869,7.381336706199534,5.773973833012043,1.6073628731874905,344.5916932232677,306.4246092669666,325.5081512451172,4.80747148076871,-0.005685966495829975,-0.005702193142003911,52585285.0
2023-06-01 00:00:00-04:00,341.6694444870648,347.2012943506697,340.6180862593814,345.8748474121094,50488600,335.5018798828125,327.2138946533203,317.15195739746093,74.36575682065356,7.8951552211365765,6.198210110636951,1.6969451104996258,347.1563455566779,307.27144374996277,327.2138946533203,4.934309810091536,0.011551830840547339,0.011485617875436779,52115610.0
2023-06-02 00:00:00-04:00,347.6336805484104,349.62829889635873,345.8748996800786,348.4688720703125,53372100,337.2095886230469,329.10436096191404,318.10564086914064,75.92043847660798,8.414677047782789,6.641503498066119,1.7731735497166694,349.5726637014384,308.6360582223897,329.10436096191404,4.849962786817095,0.007499893899808097,0.007471909528331278,52272990.0
2023-06-05 00:00:00-04:00,348.25269839960436,351.26919913842227,347.68282030519657,348.7145080566406,47266200,339.0165283203125,330.67696380615234,318.99290283203123,76.0684496102784,8.745410955913144,7.062284989635524,1.6831259662776201,352.0761345035011,309.27779310880356,330.67696380615234,4.759706790131994,0.0007049007989401446,0.000704652473061859,52045995.0
2023-06-06 00:00:00-04:00,348.1053715817715,349.6185398346118,346.7788942815536,348.6556091308594,41390400,340.70655517578126,332.2073211669922,319.8565850830078,75.94790115430372,8.90017167098523,7.429862325905466,1.4703093450797642,354.14603255716685,310.2686097768175,332.2073211669922,4.622559558912436,-0.0001689029977831602,-0.0001689172635008612,52292225.0
2023-06-07 00:00:00-04:00,348.9405001234873,350.8958071324031,342.1116185813994,342.740478515625,69225900,342.2256134033203,333.54263458251955,320.6438214111328,64.8354194158158,8.448134214387892,7.633516703601952,0.8146175107859399,354.6151376825208,312.4701314825183,333.54263458251955,4.919818772633241,-0.016965539805826824,-0.017111103300721825,54165080.0
2023-06-08 00:00:00-04:00,343.03523458791426,347.4568047564389,342.809262414588,346.9949951171875,47153900,344.3381408691406,334.9187240600586,321.54837707519533,68.41510800257078,8.337090417869149,7.774231446455392,0.5628589714137568,355.72928224867604,314.10816587144114,334.9187240600586,4.905283591789001,0.012413230616904025,0.01233681817011619,53500445.0
2023-06-09 00:00:00-04:00,348.44927227253305,351.42646217495417,346.877152162206,348.321533203125,53196900,345.79038696289064,336.30906066894534,322.3694140625,69.45905037627152,8.260901416991999,7.871565440562714,0.38933597642928497,356.79758544270965,315.820535895181,336.30906066894534,4.8798569075717975,0.003822931467612367,0.0038156426356733136,53946365.0
2023-06-12 00:00:00-04:00,349.98204800024035,354.305355405067,349.00931208022024,354.20709228515625,44606500,346.9783203125,338.05116119384763,323.24999572753904,73.62440580656045,8.576571141743273,8.012566580798826,0.5640045609444471,358.4052323720431,317.6970900156522,338.05116119384763,4.958711571455384,0.01689691426168327,0.016755749354340578,53755050.0
2023-06-13 00:00:00-04:00,356.9582479049561,357.76393338304973,353.75505666181834,356.92877197265625,57097800,348.2831695556641,339.84288024902344,324.0818408203125,75.30192177379931,8.943266073337668,8.198706479306594,0.7445595940310739,360.21967122823776,319.4660892698091,339.84288024902344,4.890866225010813,0.007683865588182126,0.007654495049893707,54941160.0
2023-06-14 00:00:00-04:00,356.93856897675994,359.8076895917558,354.13826551644587,359.5227355957031,69525600,350.0429443359375,341.7461181640625,324.9808923339844,76.81539801499578,9.335570983139519,8.42607938007318,0.9094916030663391,362.0089600756138,321.48327625251125,341.7461181640625,4.9464775000321755,0.007267454536407092,0.007241173841044455,56416480.0
2023-06-15 00:00:00-04:00,358.25527243714697,365.2904858588163,357.6362777663679,363.80682373046875,71138800,351.8361419677734,343.669010925293,325.9868499755859,79.09397217873406,9.878294726832848,8.716522449425113,1.161772277407735,364.629791890767,322.70822995981894,343.669010925293,5.139886828061903,0.011916042326689524,0.011845605295948983,57599115.0
2023-06-16 00:00:00-04:00,366.22391921096187,366.35165825781803,361.07525599467357,361.51739501953125,80932000,353.1409942626953,345.17529144287107,327.00891967773435,74.85982691034798,10.008299988092404,8.974877957158572,1.0334220309338313,366.71236925608474,323.6382136296574,345.17529144287107,5.1496379305678,-0.006292979025136813,-0.006312863282345793,58435040.0
2023-06-20 00:00:00-04:00,360.0651728884419,362.397056132463,358.03830213467023,360.9998779296875,49204700,354.36953125,346.6930297851562,327.97878173828127,73.8968178811325,9.954817846720232,9.170865935070903,0.7839519116493285,368.19860769585745,325.187451874455,346.6930297851562,5.093146221083868,-0.0014315136615093982,-0.0014325392560762139,57817530.0
2023-06-21 00:00:00-04:00,359.8585372284782,360.2914640047926,355.1554054556322,356.0802917480469,53378300,355.11199951171875,347.90927734375,328.8537896728516,65.29745360585389,9.407025045152864,9.218097757087296,0.18892728806556747,368.63534967859533,327.1832050089046,347.90927734375,5.146812382010398,-0.013627667161147383,-0.013721376147784663,58335650.0
2023-06-22 00:00:00-04:00,354.83069680412274,360.43901681980367,354.4272864301973,360.2816162109375,47603000,356.86611328125,349.54586334228514,329.85291259765626,68.6524115376272,9.205788476347436,9.215635900939326,-0.009847424591889364,368.6918940936472,330.3998325909231,349.54586334228514,5.208592239695825,0.011798812122585378,0.011729748851077278,58304965.0
2023-06-23 00:00:00-04:00,356.38522040066624,359.01229681038444,355.0175888816136,356.7099304199219,48922900,357.8376068115234,351.087873840332,330.8354302978516,63.070018619352304,8.65829442371114,9.10416760549369,-0.44587318178254876,367.0632339639797,335.1125137166843,351.087873840332,5.212551888954972,-0.00991359433928063,-0.009963061216872255,57606550.0
2023-06-26 00:00:00-04:00,356.1786373877198,358.97296342588555,351.83955148925304,351.9281005859375,52685500,358.19826354980466,351.9943252563477,331.6018475341797,56.45170665236336,7.74921955897787,8.833177996190525,-1.0839584372126545,365.86105445326837,338.127596059427,351.9943252563477,5.349756178074797,-0.013405373459480563,-0.013496036639131787,56897685.0
2023-06-27 00:00:00-04:00,353.4729120940555,358.70736854848366,352.7448216192728,357.979248046875,49428100,358.5754791259766,352.77689971923826,332.5010797119141,61.90018736521879,7.43138384065503,8.552819165083427,-1.121435324428397,366.13024559842836,339.42355384004816,352.77689971923826,5.451864162679894,0.017194271929018345,0.017048123335873022,56218740.0
2023-06-28 00:00:00-04:00,356.15902609665824,360.62599693384084,356.080295758173,358.6778564453125,46498000,358.75038757324216,353.51677856445315,333.4089764404297,62.48377245664574,7.153408562178868,8.272937044502516,-1.1195284823236484,366.4495451394898,340.58401198941647,353.51677856445315,5.387138235036176,0.0019515332306245803,0.0019496314634886774,54911030.0
2023-06-29 00:00:00-04:00,358.38264216689817,359.0222135298197,356.3164363159426,357.9595642089844,46151000,358.5940704345703,354.3185073852539,334.30211547851565,61.44170304700481,6.7968016720168976,7.977709970005392,-1.1809082979884948,366.2247713280132,342.41224344249457,354.3185073852539,5.195612447810525,-0.002002611043365743,-0.0020046189500131113,53963310.0
2023-06-30 00:00:00-04:00,361.6394163650322,364.5321406265844,361.32458510548383,363.4793701171875,58712500,358.5613250732422,355.1987335205078,335.30859741210935,66.11803481249157,6.880278777279216,7.758223731460157,-0.8779449541809417,367.0808684855788,343.3165985554368,355.1987335205078,5.293967017081205,0.01542019395514882,0.015302511018202377,54374505.0
2023-07-03 00:00:00-04:00,364.1188942951923,364.96505018225037,363.0365774410757,364.3353576660156,19432900,358.84312133789064,355.99205780029297,336.3799542236328,66.7906644227939,6.9355572394022715,7.593690433048581,-0.6581331936463091,368.08772027921765,343.8963953213683,355.99205780029297,5.053574568802168,0.002354982480992307,0.0023522138556069704,52677545.0
2023-07-05 00:00:00-04:00,362.7709217894503,366.0276910481875,362.73155662470873,364.32550048828125,34460900,359.17568359375,356.772607421875,337.4446270751953,66.77422501875527,6.899042558917074,7.454760858222279,-0.5557182993052052,368.9037544125593,344.64146043119075,356.772607421875,4.928043129850495,-2.7055232293515807e-05,-2.7055598292914517e-05,52037280.0
2023-07-06 00:00:00-04:00,360.6161373160052,361.99361781521185,358.6581182234109,361.55084228515625,49374700,359.7227386474609,357.41736907958983,338.46677673339843,62.137953724053936,6.5704723678726396,7.277903160152352,-0.7074307922797125,369.1174131119435,345.71732504723616,357.41736907958983,4.9808530680662,-0.007615877009449767,-0.007645025891270711,52436495.0
2023-07-07 00:00:00-04:00,361.3245334383602,364.52226973044776,360.1241512291807,360.3504333496094,47133700,359.7296203613281,358.29786682128906,339.582041015625,60.1908248781812,6.1424092846702365,7.05080438505593,-0.9083951003856932,367.91182933128243,348.6839043112957,358.29786682128906,4.93922917043769,-0.0033201663366617673,-0.0033256903193298348,51331885.0
2023-07-10 00:00:00-04:00,360.0749747976582,361.14744286263704,357.565993456182,360.4685363769531,48498800,360.10548095703126,358.97154388427737,340.6627215576172,60.32255888244073,5.7464545830927705,6.789934424663298,-1.0434798415705275,367.095846409102,350.8472413594527,358.97154388427737,4.842244901581785,0.0003277449294174506,0.0003276912327802845,51399130.0
2023-07-11 00:00:00-04:00,360.89166814029903,362.70207554585426,358.7565506409738,362.2494812011719,38214100,361.1376190185547,359.6679412841797,341.6123779296875,62.34604147337107,5.512816673725013,6.534510874475641,-1.0216942007506287,366.26558050358796,353.0703020647714,359.6679412841797,4.778193473245977,0.004940638764533878,0.00492847386064332,50649990.0
2023-07-12 00:00:00-04:00,366.3523845998162,368.17264069428137,364.3451814994598,366.8246765136719,61975400,362.02216186523435,360.29882049560547,342.6101104736328,67.00179508504829,5.63191575343717,6.353991850267947,-0.7220760968307776,367.0970854524029,353.50055553880804,360.29882049560547,4.8599767603790855,0.01262995683894208,0.012550864195611373,51518435.0
2023-07-13 00:00:00-04:00,370.0027017557936,373.8793447436065,369.4221931900927,373.0528564453125,46960000,363.45966186523435,361.10502471923826,343.7396765136719,72.0653821229272,6.15788048846008,6.314769577906374,-0.15688908944629443,369.7002668108772,352.5097826275993,361.10502471923826,5.016740436775911,0.01697862856674126,0.016836102653626846,51011545.0
2023-07-14 00:00:00-04:00,373.48574807980907,376.7031518701262,372.0984189151347,372.97412109375,55148500,364.96111755371095,361.7775939941406,344.92288696289063,71.91514349135662,6.493504962345355,6.350516654794172,0.14298830755118352,371.76474328065416,351.79044470762705,361.7775939941406,4.987311330934168,-0.00021105682533228975,-0.0002110791009583865,50292690.0
2023-07-17 00:00:00-04:00,373.69243480663897,377.33294722080336,373.2103240915252,376.4572448730469,40868900,366.2589050292969,362.41011505126954,346.21683227539063,74.45253009273466,6.960314581403338,6.472476240116005,0.4878383412873335,374.2599122917718,350.5603178107673,362.41011505126954,4.942419530656968,0.009338781385374917,0.009295444566278484,48779195.0
2023-07-18 00:00:00-04:00,375.8176530095486,380.90452691232883,373.88918038140724,379.536865234375,55262000,367.7790557861328,363.3110885620117,347.59437866210936,76.47617938487699,7.492396510270964,6.676460294146997,0.8159362161239674,377.2995268640047,349.32265026001875,363.3110885620117,5.090485744961584,0.008180531529859758,0.008147252352852474,47495695.0
2023-07-19 00:00:00-04:00,380.5995015032938,381.7408509867263,378.12000675325004,379.44830322265625,54093000,369.2913360595703,364.23350982666017,348.838095703125,76.28903171249085,7.816821604485767,6.904532556214751,0.912289048271016,379.83115588797693,348.6358637653434,364.23350982666017,4.98551135128406,-0.0002333423175218119,-0.00023336954607618347,47740110.0
2023-07-20 00:00:00-04:00,376.4571954822207,377.9232550597698,369.67800988298177,370.7012939453125,71941700,370.2063812255859,364.9645599365234,349.89115234375,60.53298860320745,7.2841530994302275,6.980456664857847,0.30369643457238027,380.33401922679116,349.5951006462557,364.9645599365234,5.327281493311948,-0.023051913009111802,-0.0233217634678728,48668280.0
2023-07-21 00:00:00-04:00,373.08237777764356,373.8104982140494,369.15655080179084,369.5894775390625,60499600,371.1302856445312,365.42995300292966,350.9622576904297,58.86870358378593,6.6951180263162655,6.923388937149531,-0.2282709108332659,380.7676808734069,350.0922251324524,365.42995300292966,5.279186201808135,-0.002999224508814402,-0.0030037311959416504,49313110.0
2023-07-24 00:00:00-04:00,370.5635223180503,371.50807603161047,368.32018848158145,370.1798095703125,40380100,372.1014129638672,366.1034469604492,351.9763897705078,59.505325310046814,6.2044176834768905,6.779594686415003,-0.5751770029381129,381.02778910669,351.1791048142084,366.1034469604492,5.129807726681055,0.0015972641731598625,0.0015959899034568715,48885970.0
2023-07-25 00:00:00-04:00,370.8882841903377,374.35166830858134,370.86858659289726,372.6888427734375,38894400,373.1453491210938,367.14148406982423,353.0198706054687,62.18434225008633,5.949411030123031,6.613557955156609,-0.6641469250335783,380.8130349317991,353.46993320784935,367.14148406982423,5.061382798937325,0.006777876962110296,0.006755010420308169,48196415.0
2023-07-26 00:00:00-04:00,371.6458924939192,373.141438590873,369.14672978193954,371.4490966796875,47075700,373.6077911376953,367.81497650146486,354.0615509033203,60.0696664792198,5.582922812408469,6.407430926606981,-0.8245081141985118,380.9305674618807,354.699385541049,367.81497650146486,4.985191799651335,-0.0033264910334427356,-0.003332036105243179,48078795.0
2023-07-27 00:00:00-04:00,376.9098576612278,378.52346920353193,369.2746366303733,370.5635681152344,63940200,373.3588623046875,368.4092620849609,355.0509344482422,58.53837482664811,5.161524661622593,6.158249673610104,-0.9967250119875111,380.8760011698092,355.94252300011266,368.4092620849609,5.289737569187568,-0.0023839836262052883,-0.002386829839620899,48950905.0
2023-07-28 00:00:00-04:00,374.61733480353865,378.3365476642343,374.1057076999371,377.31329345703125,56902900,373.79277954101565,369.37694854736327,356.16804077148436,65.71301604503233,5.310988249821207,5.988797388852325,-0.6778091390311181,381.4472025979928,357.3066944967337,369.37694854736327,5.46711199631702,0.01821475698792363,0.018050855592547793,49488500.0
2023-07-31 00:00:00-04:00,377.61825646242045,378.69072449832686,376.19156199597427,377.510009765625,44019900,373.89805603027344,370.07848052978517,357.21126159667966,65.89822831652765,5.383257738128748,5.867689458707611,-0.4844317205788631,382.32574532831376,357.8312157312566,370.07848052978517,5.25511560389099,0.0005213606623593048,0.0005212248011089335,48753870.0
2023-08-01 00:00:00-04:00,376.1620769587029,377.39197572985995,374.5681329555754,376.6343688964844,41060600,373.60780639648436,370.6934310913086,358.11611328125,64.23488549336525,5.308679772305766,5.755887521427242,-0.44720774912147654,382.96054487909333,358.42631730352383,370.6934310913086,5.089884261473749,-0.002319516957137835,-0.0023222112036349863,49835255.0
2023-08-02 00:00:00-04:00,373.1611883162685,373.1611883162685,367.12975909211053,368.3695068359375,72687100,372.4999267578125,370.89563140869143,358.87060119628904,51.11931165306725,4.53044673132041,5.510799363405876,-0.9803526320854656,382.86595126928853,358.9253115480943,370.89563140869143,5.405221800252327,-0.02194399328123564,-0.022188344003384278,51746565.0
2023-08-03 00:00:00-04:00,365.958857503539,369.90438254191486,365.79157805156945,367.77911376953125,47666400,372.20770874023435,371.20704498291013,359.59107666015626,50.328773182988975,3.821994084438245,5.17303830761235,-1.3510442231741049,382.4932384773769,359.92085148844336,371.20704498291013,5.3129062781161185,-0.0016027197025002549,-0.0016040054316819455,51661150.0
2023-08-04 00:00:00-04:00,369.7075822366438,372.0197980045004,365.555442653565,366.0572509765625,61702800,371.8544860839844,371.4923858642578,360.3612237548828,47.997472163195226,3.0860265276476753,4.755635951619415,-1.6696094239717398,381.92231195942117,361.06245976909446,371.4923858642578,5.395152640460351,-0.0046817851490276174,-0.004692779032539911,52389605.0
2023-08-07 00:00:00-04:00,367.86762374671235,369.2549530766585,365.53574062735606,369.15655517578125,37230400,371.7521606445313,371.9267868041992,361.2269604492187,52.282105192771716,2.721483317819036,4.348805424859339,-1.6273221070403032,381.13627708007095,362.71729652832744,371.9267868041992,5.275442626806216,0.008466719866770722,0.00843107823130888,51826185.0
2023-08-08 00:00:00-04:00,366.6475447598164,366.6672123277019,362.88896744301724,366.017822265625,44726500,371.08505859375,372.1152038574219,361.87133544921875,47.971417427405804,2.1544752338916737,3.9099393866658065,-1.7554641527741328,380.65486607757697,363.5755416372668,372.1152038574219,5.34631013437463,-0.008502443925617609,-0.008538795902396926,52151805.0
2023-08-09 00:00:00-04:00,366.3031915996586,366.4606222337156,361.23601504991956,361.9936218261719,51150900,370.13951110839844,371.8736511230469,362.26465270996096,43.068412894918886,1.3646668683068128,3.4008848829940077,-2.036218014687195,381.2322722067579,362.5150300393359,371.8736511230469,5.337617066476159,-0.010994547791535414,-0.011055434524808115,51610580.0
2023-08-10 00:00:00-04:00,365.0044211596802,368.33989085090377,361.13762681764416,362.6626892089844,72035300,369.34942321777345,371.3541427612305,362.64030090332034,44.0915460635579,0.7836922777361224,2.877446361942431,-2.0937540842063087,381.5126117243441,361.1956737981169,371.3541427612305,5.470806135532119,0.001848285004131256,0.001846579027167315,52864345.0
2023-08-11 00:00:00-04:00,360.1044536348334,362.08214015021474,358.8253711287267,360.3504333496094,48707200,367.65313720703125,370.72295837402345,363.0088098144531,41.32736013678121,0.13512833021366077,2.328982755596677,-2.1938544253830163,381.91636603011466,359.52955071793224,370.72295837402345,5.354128417298229,-0.006375775419352747,-0.0063961874835316845,52542280.0
2023-08-14 00:00:00-04:00,359.5534542433158,364.5124136009575,358.83521270778294,364.39434814453125,42130800,366.34157104492186,370.1198135375977,363.37919982910154,47.523581210271196,-0.05195424708472274,1.8527953550603973,-1.90474960214512,381.3122705215402,358.92735655365516,370.1198135375977,5.377205022717965,0.011222172698203803,0.011159671284581429,52605375.0
2023-08-15 00:00:00-04:00,363.42028192294197,364.21728388168873,359.8585001971934,360.527587890625,45539900,364.73089294433595,369.16934967041016,363.6203741455078,42.86238348448199,-0.506396352150432,1.3809570136182314,-1.8873533657686634,380.2293475513603,358.10935178946,369.16934967041016,5.317108088762244,-0.0106114715378971,-0.010668174694694828,52119270.0
2023-08-16 00:00:00-04:00,359.98636681451353,361.5212777414886,356.6115325344863,356.7099304199219,53190500,363.5649353027344,368.0324310302734,363.78028259277346,38.81459490205919,-1.1612123141566713,0.8725231480632509,-2.033735462219922,379.30493144213875,356.7599306184081,368.0324310302734,5.288010740065104,-0.010589085548319499,-0.010645548865019446,52074145.0
2023-08-17 00:00:00-04:00,358.10714866014956,358.45152631342546,352.40043050549747,352.81365966796875,62604300,362.0683898925781,367.13804931640624,363.86344360351563,35.16466259386546,-1.9718251954950574,0.3036534793515893,-2.2754786748466467,380.12909336370564,354.14700526910684,367.13804931640624,5.342516816341025,-0.010922798665477074,-0.010982890411485757,51607275.0
2023-08-18 00:00:00-04:00,349.54706796393924,353.6303257433368,349.0058945064905,352.37091064453125,61191400,360.699755859375,366.27712097167966,364.05605224609377,34.764607094773865,-2.619768825815129,-0.28103098168175433,-2.3387378441333744,380.7067506212781,351.8474913220812,366.27712097167966,5.2912249892342595,-0.001254908962011747,-0.0012556970196259164,51641865.0
2023-08-21 00:00:00-04:00,353.83692384755506,358.72700217281374,353.3744807454022,358.048095703125,50696500,359.5889099121094,365.6705352783203,364.2771142578125,43.62160638273257,-2.6446811944593946,-0.7537610242372824,-1.8909201702221123,380.40958554370513,350.93148501293547,365.6705352783203,5.367286884880562,0.016111389695050216,0.015982978673379264,52157685.0
2023-08-22 00:00:00-04:00,360.6555055081969,360.6653543070012,356.84774369729803,357.5364990234375,44530200,358.74077758789065,364.9129180908203,364.46141357421874,43.05432380017141,-2.6748717461134106,-1.1379831686125081,-1.5368885775009025,379.68873781949554,350.1370983621451,364.9129180908203,5.2565957223678925,-0.0014288490452178948,-0.0014298708234421129,52439475.0
2023-08-23 00:00:00-04:00,358.7171345326046,364.26645146695137,358.5006711764388,363.1742858886719,51770600,358.8588439941406,364.49917755126955,364.64075744628906,50.66796559358365,-2.2183044597711046,-1.3540474268442275,-0.8642570329268771,378.98021225172494,350.0181428508142,364.49917755126955,5.361835488164034,0.015768423309601154,0.01564539336295773,52674220.0
2023-08-24 00:00:00-04:00,366.64752965497684,366.7458975171732,355.20454878191777,355.4111633300781,66842500,358.13369140625,363.7415573120117,364.6104052734375,42.284471459194435,-2.454595656515835,-1.574157072778549,-0.8804385837372859,378.45778801836167,349.02532660566175,363.7415573120117,5.803229291527706,-0.02137574949613441,-0.021607519620883586,52819335.0
2023-08-25 00:00:00-04:00,356.24754426125236,359.85851002139935,352.8136466802501,358.1661682128906,69960500,357.91526489257814,362.78420104980466,364.58327392578127,45.71708843091862,-2.3919790176553306,-1.7377214617539054,-0.6542575559014252,376.28530879971487,349.28309329989446,362.78420104980466,5.891917437929246,0.007751599181632596,0.007721709897166136,53472215.0
2023-08-28 00:00:00-04:00,361.0884037220295,361.7968265629238,358.392475423515,360.86212158203125,40910000,357.5620422363281,361.951806640625,364.5243798828125,48.91870454786389,-2.100599570096392,-1.8102970834224028,-0.2903024866739894,373.6512672305007,350.25234605074934,361.951806640625,5.730398931650955,0.007527102245844075,0.007498914969042173,53316720.0
2023-08-29 00:00:00-04:00,360.66532013496044,369.0975125611246,360.3406401002619,368.7432861328125,58492400,358.38361206054685,361.55725250244143,364.6688977050781,56.91820109707063,-1.2196754852503773,-1.692172763787998,0.4724972785376207,371.67476198261227,351.4397430222706,361.55725250244143,5.946575612308934,0.02183982213547364,0.021604749689378547,54188310.0
2023-08-30 00:00:00-04:00,368.8516030197843,371.38028235440765,367.84798630426843,370.79974365234375,41731500,359.79259338378904,361.6787643432617,364.8648950195313,58.73415782803835,-0.35154546866772307,-1.424047304763943,1.07250183609622,372.17201475873674,351.1855139277867,361.6787643432617,5.774127072153955,0.005576935491079293,0.005561441963919199,52640530.0
2023-08-31 00:00:00-04:00,370.87845704471937,373.61375086117255,370.8095755033072,371.91156005859375,35730700,361.70238342285154,361.88538665771483,365.1815203857422,59.72264409212098,0.42131149945169,-1.0549755439208166,1.4762870433725066,372.99559377389284,350.77517954153683,361.88538665771483,5.562689939059301,0.0029984281954962277,0.0029939418753763816,52043745.0
2023-09-01 00:00:00-04:00,374.28269263146836,374.7057704944691,370.03215635533934,371.51788330078125,39801200,363.61708068847656,362.1584182739258,365.40624572753904,59.18206231544196,0.9906205336861262,-0.6458563283994281,1.6364768620855543,373.9148898979859,350.4019466498657,362.1584182739258,5.49918452477862,-0.0010585225093581174,-0.0010590831399711932,50948665.0
2023-09-05 00:00:00-04:00,370.7111217591785,373.21028423077263,369.78623556953715,371.990234375,32344200,365.01129455566405,362.3001022338867,365.71185180664065,59.653944167127776,1.46305168000481,-0.22407472671858053,1.6871264067233904,374.45215824177836,350.1480462259951,362.3001022338867,5.350960534525539,0.0012714087139551467,0.0012706011583125672,50704355.0
2023-09-06 00:00:00-04:00,371.21299961003615,371.5573773029651,366.7066633102977,368.7138366699219,42998700,366.1290283203125,362.4349029541016,366.0475665283203,54.911905206668955,1.555152029792282,0.131770624583592,1.4233814052086902,374.8067536531107,350.06305225509243,362.4349029541016,5.346147000966736,-0.008807751930861807,-0.008846769451279154,50617965.0
2023-09-07 00:00:00-04:00,364.25658739214424,366.8541475571886,363.2136358180395,366.07684326171875,52060700,366.4192840576172,362.6390640258789,366.2095184326172,51.37232094040037,1.3992294447288032,0.38526238861263423,1.0139670561161689,375.10941938487855,350.16870866687924,362.6390640258789,5.3571508474607095,-0.007151869948845424,-0.0071775671661337545,50663455.0
2023-09-08 00:00:00-04:00,366.0276900079968,368.82201616025327,365.6242796443045,366.5885009765625,35800100,367.5370178222656,362.8353546142578,366.3677313232422,52.018590810033366,1.3019382405814213,0.5685975590063916,0.7333406815750296,375.42404563497223,350.2466635935434,362.8353546142578,5.202906966638426,0.0013976784499256656,0.001396702606571962,48851695.0
2023-09-11 00:00:00-04:00,369.61896663053767,371.4195249524105,367.65112888881737,370.90789794921875,39936600,368.8111907958984,363.3632278442383,366.6266979980469,57.19100904756695,1.5554433150301747,0.7659667102111483,0.7894766048190265,376.3693327749221,350.35712291355446,363.3632278442383,5.17634389586768,0.011782685384701619,0.011713810043666787,48413165.0
2023-09-12 00:00:00-04:00,369.23526587586855,370.88827258740463,366.5098211030943,366.795166015625,41391000,369.4044952392578,363.48326873779297,366.6930139160156,51.498459250211326,1.4082513722173076,0.8944236426123802,0.5138277296049274,376.5692965656392,350.39724090994673,363.48326873779297,5.120753392314593,-0.011088283523573939,-0.011150216787273659,48376175.0
2023-09-13 00:00:00-04:00,367.0312741386667,369.79608390633206,365.899773384144,368.1922912597656,46300700,369.3493957519531,363.86650390625,366.7701525878906,53.20254306882162,1.3883331872415852,0.9932055515382212,0.39512763570336396,377.0325365775683,350.7004712349317,363.86650390625,5.033293187305555,0.003809006697981232,0.003801770800535961,48414215.0
2023-09-14 00:00:00-04:00,369.94367941722965,372.18701344044155,367.8774736268473,371.2030944824219,48039400,369.3897308349609,364.591162109375,366.90770446777344,56.73069330314332,1.5970843456948387,1.1139813103695448,0.48310303532529386,377.6971035749938,351.4852206437562,364.591162109375,4.981596517754747,0.008177257629036205,0.00814400501168995,48156660.0
2023-09-15 00:00:00-04:00,369.86507034504257,370.2684808205566,363.9123411646013,364.8470764160156,69811200,368.68328247070315,365.19283294677734,366.97362915039065,48.42979845638977,1.2354026514854013,1.1382655785927163,0.09713707289268503,377.1338905292909,353.2517753642638,365.19283294677734,5.146536289188021,-0.017122750755266813,-0.01727104023890709,48517005.0
2023-09-18 00:00:00-04:00,363.9069387117155,366.34073749059183,363.621180779056,365.227294921875,36903500,368.0542236328125,365.83565216064454,367.07116638183595,48.911373375759155,0.968285961030972,1.1042696550803675,-0.13598369404939548,376.23064563070574,355.44065869058335,365.83565216064454,4.97318060507001,0.001042131156961279,0.0010415885152569534,47302610.0
2023-09-19 00:00:00-04:00,363.9069258548111,365.24697805528723,361.4238419640805,364.4488525390625,37621700,367.3000854492187,366.1556900024414,367.1507727050781,47.92463559490268,0.685873936991527,1.0205905114625995,-0.3347165744710725,375.9486276558812,356.36275234900165,366.1556900024414,4.89103456836549,-0.0021313915844625164,-0.0021336662321904194,46648870.0
2023-09-20 00:00:00-04:00,365.5131061106414,365.8678152619394,359.11820769924856,359.1970520019531,45514200,366.34840698242186,366.2387176513672,367.08972412109375,41.798101077218604,0.03784767659874433,0.8240419444898286,-0.7861942678910843,375.7623982140527,356.7150370886817,366.2387176513672,5.023789782245875,-0.014410254005523204,-0.014515090077540803,46698070.0
2023-09-21 00:00:00-04:00,355.51187159540575,356.30016432410815,352.447468185274,352.6149597167969,69734800,365.00221862792966,365.71075134277345,366.80552978515624,35.64740324824341,-0.995363708867842,0.46016081381829455,-1.4555245226861366,376.8834280773051,354.5380746082418,365.71075134277345,5.147060784705395,-0.018324460761778405,-0.018494433332173783,47596280.0
2023-09-22 00:00:00-04:00,354.359006723338,356.49718479026586,352.3488980230887,352.6642150878906,51589700,363.6097900390625,365.5734039306641,366.3977569580078,35.72362755968848,-1.7895874290308598,0.01021116524846366,-1.7997985942793235,377.3028270695757,353.8439807917525,365.5734039306641,5.07571978345338,0.0001396859938480599,0.00013967623866805202,46833640.0
2023-09-25 00:00:00-04:00,351.6986118611779,354.42803231885824,350.7132684630941,354.3393249511719,39168000,361.9529327392578,365.38206176757814,366.0250610351562,38.396081065036725,-2.257821324064537,-0.4433953326141365,-1.8144259914504004,377.6987333060215,353.0653902291348,365.38206176757814,4.978508645761292,0.004749871950755713,0.004738626903279488,45294015.0
2023-09-26 00:00:00-04:00,351.75768571572956,352.29964255853133,348.03308934331926,349.0184326171875,53657700,360.1752593994141,364.7898773193359,365.4762847900391,33.6150803163424,-3.0233997320120807,-0.9593962124937254,-2.064003519518355,378.9237150161917,350.65603962248014,364.7898773193359,5.073346285910673,-0.01501637543255352,-0.015130262752864629,45931400.0
2023-09-27 00:00:00-04:00,350.17125574053034,351.7478108048631,346.21015700673,349.83624267578125,56066000,358.33965454101565,363.8445251464844,364.8822723388672,34.9556643842796,-3.5235187679576256,-1.4722207235865055,-2.05129804437112,379.2648673826182,348.42418291035057,363.8445251464844,5.106511108212273,0.0023431715410020537,0.002340430595402242,45810080.0
2023-09-28 00:00:00-04:00,348.91986332461573,354.89107073347196,348.0626195587254,352.7627258300781,56453300,356.49561767578126,362.9426742553711,364.34856079101564,39.65206661782184,-3.641744213806362,-1.906125421630477,-1.735618792175885,378.735706164579,347.1496423461632,362.9426742553711,5.229506827250439,0.008365294378630317,0.008330499216785595,46546170.0
2023-09-29 00:00:00-04:00,356.24095102930545,357.6302884018586,351.78718099438146,353.01885986328125,64829600,355.3127960205078,361.99803924560547,363.994912109375,40.05998996096827,-3.6724372845285416,-2.25938779421009,-1.4130494903184516,377.79230249483754,346.2037759963734,361.99803924560547,5.273335440123774,0.0007260802075967909,0.0007258167388880885,48001115.0
2023-10-02 00:00:00-04:00,353.2849835180275,357.3642890085675,352.6740755034777,355.9651184082031,51625100,354.38657836914064,361.22040100097655,363.7224249267578,44.69124097612984,-3.4196042533395143,-2.491431086035975,-0.9281731673035392,376.58899258339255,345.85180941856055,361.22040100097655,5.231683873335633,0.008345895587739793,0.008311261171211557,48592310.0
2023-10-03 00:00:00-04:00,353.52145870022036,355.7187850269011,348.1020706923418,349.7180480957031,60478500,352.9134979248047,360.1067916870117,363.3131896972656,37.98887466252247,-3.6808876384098426,-2.729322396510749,-0.9515652418990936,375.4200560908271,344.79352728319634,360.1067916870117,5.419638433516041,-0.017549669867754192,-0.017705491089424038,49999025.0
2023-10-04 00:00:00-04:00,350.55552674978816,355.3245840567301,350.0924142597397,354.4772033691406,54786700,352.44151306152344,359.3949600219727,362.9489569091797,44.78276545733252,-3.464001691641897,-2.8762582555369787,-0.5877434361049185,374.3613041875305,344.42861585641486,359.3949600219727,5.432988256909678,0.01360854922802024,0.013516784507789611,50588425.0
2023-10-05 00:00:00-04:00,354.46733754416096,354.87133184681437,349.934783079885,353.4327392578125,45897400,352.523291015625,358.7627548217773,362.5886297607422,43.65243417779625,-3.3379200762271353,-2.96859061967501,-0.36932945655212546,373.6144492228721,343.91106042068253,358.7627548217773,5.397528293339657,-0.002946491625980374,-0.002950841078282361,50280260.0
2023-10-06 00:00:00-04:00,350.4373310951315,360.54696275822704,349.64906850019884,359.3547058105469,75049100,353.1923400878906,358.40106506347655,362.36445251464846,51.1769244114684,-2.7286916203282203,-2.920610819805652,0.19191919947743186,372.8188030718212,343.9833270551319,358.40106506347655,5.790411576531696,0.016755568726231074,0.016616742776902012,52242710.0
2023-10-09 00:00:00-04:00,356.98986686898144,361.72936575371153,355.49215587280247,361.18743896484375,45304800,353.8771514892578,357.9150421142578,362.0419354248047,53.25726303035553,-2.0740787423401343,-2.751304404312549,0.6772256619724146,371.2264995170318,344.6035847114838,357.9150421142578,5.822325741130079,0.0051000672167713645,0.005087105924260137,52511120.0
2023-10-10 00:00:00-04:00,361.52242014626063,365.8382282460928,361.0199155536051,363.1876525878906,46968800,355.2940734863281,357.7346664428711,361.75548828125,55.4865304610198,-1.3780079792022093,-2.476645119290481,1.0986371400882717,370.6518457322965,344.8174871534457,357.7346664428711,5.75061052336991,0.005537882570832098,0.0055226048772433235,52790010.0
2023-10-11 00:00:00-04:00,364.51790605468614,365.9663619214004,362.7935552643259,365.7791442871094,38215100,356.88836364746095,357.61400909423827,361.5383837890625,58.26380618342632,-0.6102209155046125,-2.1033602785333074,1.4931393630286949,370.1784680721309,345.04955011634564,357.61400909423827,5.56648167577738,0.007135406946665368,0.007110070383582481,52385730.0
2023-10-12 00:00:00-04:00,366.2816620389047,368.2621815500544,362.1136492104433,364.5080261230469,49587900,358.0628936767578,357.27925567626954,361.4611541748047,56.40486809590616,-0.10312399930762695,-1.7033130226881714,1.6001890233805445,368.68058173182175,345.87792962071734,357.27925567626954,5.60805672319407,-0.0034750974294608383,-0.003481149605869396,52463155.0
2023-10-13 00:00:00-04:00,365.13865214466296,365.72000104859404,358.5269773449452,359.9261779785156,52469900,358.7536254882813,357.03321075439453,361.30409545898436,50.18884365879615,-0.07015419900983488,-1.3766812579525043,1.3065270589426694,367.9737290600203,346.0926924487688,357.03321075439453,5.721268650369412,-0.01256995132113925,-0.012649621496803877,51596090.0
2023-10-16 00:00:00-04:00,361.2465200321077,365.0499604297053,361.0987245658137,363.9956359863281,44201100,359.5566772460937,356.9716278076172,361.2628631591797,54.938699315118264,0.281105447989205,-1.0451239167641624,1.3262293647533674,367.73946142964627,346.20379418558815,356.9716278076172,5.678591064713719,0.011306368518867238,0.011242929264873174,51960970.0
2023-10-17 00:00:00-04:00,360.44845122100355,364.49822805710056,358.3299690163222,362.8034362792969,50999100,360.86521606445314,356.8893569946289,361.13580078125,53.33413845255027,0.45800114410286596,-0.7444989045907567,1.2025000486936226,367.45057790123735,346.3281360880204,356.8893569946289,5.713567348718336,-0.0032753131883043185,-0.0032806887675581654,52629840.0
2023-10-18 00:00:00-04:00,360.31049708114347,362.5176564466025,356.7139699865063,358.044189453125,54280500,361.22191467285154,356.8317138671875,360.976328125,47.384531033054365,0.211720234479003,-0.5532550767768047,0.7649753112558078,367.3544384416355,346.30898929273945,356.8317138671875,5.740417273294924,-0.01311797615529764,-0.013204776738834979,53068155.0
2023-10-19 00:00:00-04:00,359.46308875026443,360.655345729828,353.8959050901614,354.69403076171875,72274200,361.34804382324216,356.93566741943357,360.83033630371096,43.6898620611214,-0.25089678672856053,-0.4927834187671559,0.2418866320385954,367.3300044259245,346.5413304129426,356.93566741943357,5.813204656607186,-0.009356830218424372,-0.009400880349354705,53195125.0
2023-10-20 00:00:00-04:00,354.19146355083643,354.7629794547473,349.17607019624336,349.4027099609375,72559700,360.35284423828125,356.77259216308596,360.56513671875,38.57401878993933,-1.0325864622471386,-0.6007440274631525,-0.4318424347839861,367.5260054006469,346.019178925525,356.77259216308596,5.797040699599813,-0.014917986607831946,-0.015030378949089162,54243625.0
2023-10-23 00:00:00-04:00,348.08238082629725,353.99444057612124,345.9737317484537,350.4570617675781,60665200,359.27980651855466,356.57847900390624,360.36726928710937,40.079644682217726,-1.5491461896906458,-0.7904244599086512,-0.7587217297819946,367.6364265328958,345.52053147491665,356.57847900390624,5.9558741373189354,0.003017583368939869,0.0030130396027462495,55318485.0
2023-10-24 00:00:00-04:00,352.27005134335946,354.63486897096254,350.57525986402453,353.8663024902344,47082100,358.34767150878906,356.8208724975586,360.1567083740234,44.791857654351126,-1.6642419163397335,-0.9651879511948678,-0.6990539651448657,367.4078222539908,346.2339227411264,356.8208724975586,5.828869356323613,0.009727984094431541,0.009680971900521715,54989705.0
2023-10-25 00:00:00-04:00,351.47187551591344,351.64923004681054,344.6237293379818,345.205078125,71190500,356.29026489257814,356.58931427001954,359.85025817871093,36.86094299253474,-2.4263747920938954,-1.2574253193746734,-1.168949472719222,367.9514158945394,345.22721264549966,356.58931427001954,6.0727053417471115,-0.024475979499272604,-0.024780495438710314,55745930.0
2023-10-26 00:00:00-04:00,344.0030433163217,344.93913146646247,337.33228009309397,338.6230773925781,78621400,353.70177001953124,355.88233184814453,359.48852111816404,32.19559560913275,-3.5208963367429646,-1.7101195228483317,-1.810776813894633,369.6201131259233,342.14455057036577,355.88233184814453,6.201283391044178,-0.019066929050326697,-0.01925104707585539,56854335.0
2023-10-27 00:00:00-04:00,341.3524810806448,343.72716210384476,339.0369182513592,340.2489013671875,63476700,351.7340423583984,355.2438339233398,359.23722595214844,34.40408157242405,-4.208607926892512,-2.2098172036571677,-1.9987907232353441,370.5518988368139,339.93576900986574,355.2438339233398,6.122912056774354,0.0048012793077434335,0.004789789927387374,56786690.0
2023-10-30 00:00:00-04:00,342.73193313591645,345.4022350230032,341.37218469520366,344.0818786621094,55298500,349.74266662597654,354.64967193603513,359.0714453125,39.41427458316738,-4.393687389358945,-2.646591240797523,-1.7470961485614218,370.70390926814247,338.5954346039278,354.64967193603513,6.053656456705878,0.011265215786208982,0.011202235790305177,56970360.0
2023-10-31 00:00:00-04:00,344.1114087821121,346.10179117581265,341.5396474517011,345.72735595703125,47671900,348.03505859375,354.45013732910155,358.8250305175781,41.48068785766967,-4.3573590086268155,-2.988744794363382,-1.3686142142634337,370.8402758832293,338.0599987749738,354.45013732910155,5.94711983294914,0.004782225967028486,0.004770827450172064,56330030.0
2023-11-01 00:00:00-04:00,346.5649900164811,352.28983289974474,346.4664496601005,351.7281799316406,58992700,347.40345764160156,354.31268615722655,358.7088641357422,48.3935027868253,-3.8005418803506927,-3.1511042115608445,-0.6494376687898482,370.74566319808923,337.87970911636387,354.31268615722655,5.991073912218021,0.01735709908751093,0.0172081853143119,56540330.0
2023-11-02 00:00:00-04:00,356.2410129874096,358.3496319411529,355.0191668891615,358.1131591796875,58162400,347.74537048339846,354.5467071533203,358.6076416015625,54.5461208511238,-2.811635052024087,-3.083210379653493,0.2715753276294057,371.0560235791691,338.0373907274715,354.5467071533203,6.03610091916761,0.01815316375642073,0.01799036236743436,57153580.0
2023-11-03 00:00:00-04:00,359.40394905155324,363.6113538875242,359.17730927962293,362.320556640625,53280500,349.0371551513672,354.6949996948242,358.74582946777343,58.091753948724914,-1.6691762289353278,-2.80040354950986,1.1312273205745322,371.42619042023324,337.9638089694152,354.6949996948242,5.997679046929689,0.011748793232215116,0.011680312020188707,56065150.0
2023-11-06 00:00:00-05:00,363.08916607803803,364.3602674355303,361.53233679599015,363.7986145019531,38848700,350.3713104248047,354.8255584716797,358.85847839355466,59.29306056602337,-0.6371577064784901,-2.367754380903586,1.730596674425096,371.7963972161111,337.8547197272483,354.8255584716797,5.771268446401867,0.00407942037579212,0.00407112210093651,55742345.0
2023-11-07 00:00:00-05:00,364.8430199017285,368.1045035244266,363.6408999815297,367.2374267578125,50777400,351.7084228515625,355.0280471801758,358.9859844970703,62.020794304937276,0.45298607604462404,-1.8036062895139442,2.2565923655585682,372.48288411009315,337.57321025025846,355.0280471801758,5.677863810437228,0.009452516086591478,0.00940812060315195,55932775.0
2023-11-08 00:00:00-05:00,367.611839886679,368.3114552322413,365.1879039548286,367.4739074707031,35663400,353.9353057861328,355.11278533935547,358.9605969238281,62.20833756650387,1.3207896539666422,-1.178727100817827,2.4995167547844694,372.7906042065473,337.43496647216364,355.11278533935547,5.495412915221193,0.0006439450221029652,0.0006437377784714503,55805190.0
2023-11-09 00:00:00-05:00,368.1636480202756,369.30661967147313,364.15329397571884,364.6459655761719,53859400,356.5375946044922,355.1196823120117,358.8375213623047,58.488809759333186,1.7600502017324402,-0.5909716403077736,2.351021842040214,372.81225942325057,337.42710520077287,355.1196823120117,5.470978113830699,-0.007695626375205156,-0.007725390508624329,56018765.0
2023-11-10 00:00:00-05:00,366.3703726487038,372.9918811822183,365.8382788185189,372.8440856933594,58309800,359.7971130371094,355.7655776977539,358.856171875,65.01867157611706,2.738123743356141,0.07484743642500935,2.663276306931132,374.98975456872444,336.54140082678333,355.7655776977539,5.67633079184611,0.02248241003910123,0.022233405891103734,56310760.0
2023-11-13 00:00:00-05:00,371.26747762156936,372.7356293863506,369.74017759934657,371.6813049316406,40733500,362.5570556640625,356.14986114501954,358.8594403076172,63.49309659704186,3.380459548612464,0.7359698588625003,2.644489689749964,376.30162494090155,335.99809734913754,356.14986114501954,5.492586313429446,-0.003118678306392786,-0.0031235515182064014,56137380.0
2023-11-14 00:00:00-05:00,378.08603032361884,380.59867352227815,377.56379963116063,379.6822814941406,67792600,365.9525482177734,356.9938034057617,359.01328125,68.90039335879841,4.483444881948685,1.4854648634797374,2.997980018468948,379.46924731708856,334.51835949443483,356.9938034057617,5.737213618944309,0.02152644337054177,0.021298021744732547,56977055.0
2023-11-15 00:00:00-05:00,381.57419300385976,382.0668646539616,378.60830004775363,379.96807861328125,54141400,368.7765380859375,358.08999786376955,359.23836608886717,69.07658777867552,5.319312421765289,2.252234375136848,3.0670780466284415,382.7006015122906,333.47939421524853,358.08999786376955,5.574452975177428,0.0007527270380276452,0.0007524438811150894,56970100.0
2023-11-16 00:00:00-05:00,379.1994663227181,380.52968563166974,377.93822825333365,380.293212890625,45343500,370.9945434570312,359.36995697021484,359.5226934814453,69.28974998187388,5.9395120899365565,2.98968991809679,2.9498221718397666,385.74074883701354,332.99916510341615,359.36995697021484,5.361381861117332,0.0008556884002739462,0.0008553225076665941,55623565.0
2023-11-17 00:00:00-05:00,379.5640452781013,381.3967992648441,378.6575463743563,380.38189697265625,46571900,372.80067749023436,360.9189163208008,359.7985614013672,69.35180762198615,6.364811277071112,3.6647141898916544,2.700097087179458,388.3825774996638,333.4552551419378,360.9189163208008,5.174086934643795,0.0002331992237178948,0.00023317203700545485,54324175.0
2023-11-20 00:00:00-05:00,380.3917383769215,385.6731936771707,380.3917383769215,385.01300048828125,44429600,374.9221160888672,362.64671325683594,360.0806634521484,72.47929106013228,6.994922188157204,4.330755789544765,2.6641663986124398,391.5694803197236,333.7239461939483,362.64671325683594,5.182459061063126,0.012174878858543403,0.01210136113236488,53512395.0
2023-11-21 00:00:00-05:00,383.30836938457026,383.5251460922471,381.03222898910747,382.7762756347656,43337000,376.4760009765625,364.0922119140625,360.40028564453127,68.82623030511346,7.230456421483723,4.910695915932556,2.3197605055511668,393.98852143147985,334.1959023966451,364.0922119140625,5.096624235213887,-0.005809478772610177,-0.005826419437231798,53325140.0
2023-11-22 00:00:00-05:00,384.8455522998127,387.30891062919636,383.3379782050416,384.343017578125,44121000,378.1629119873047,366.0491088867187,360.7233001708984,69.96804632966357,7.457575688984946,5.420071870543034,2.0375038184419116,395.86765682538237,336.2305609480551,366.0491088867187,5.056339289443662,0.004093100965469221,0.004084747015660644,51971665.0
2023-11-24 00:00:00-05:00,383.9389883255665,384.5302002849697,382.805849611046,383.8010559082031,15718800,380.0784210205078,368.3080078125,360.9752593994141,69.02620746161557,7.507298107928193,5.837517118020066,1.6697809899081273,396.2601846087709,340.35583101622916,368.3080078125,4.818340102620804,-0.0014100989093985827,-0.0014110940344589109,48826535.0
2023-11-27 00:00:00-05:00,383.3084059170349,385.4170249378711,382.58909448430353,383.466064453125,34139700,381.1406188964844,370.4688659667969,361.34763916015623,68.41319881671467,7.4339781991974405,6.1568093342555406,1.2771688649419,395.9862639752188,344.951467958375,370.4688659667969,4.676167984831286,-0.0008728257776295933,-0.000873206911840622,47359685.0
2023-11-28 00:00:00-05:00,382.71715962576826,385.05241822113135,382.362420433784,384.4710693359375,35491100,382.4195953369141,372.48832550048826,361.7325146484375,69.29423083824992,7.371987455667522,6.399844958537937,0.9721424971295853,395.61368936620806,349.36296163476845,372.48832550048826,4.534298685011005,0.0026208443874837783,0.0026174159637689775,46369315.0
2023-11-29 00:00:00-05:00,386.934473278994,388.36323313049917,383.7518035091755,384.0966796875,38811700,382.86103515625,374.4067916870117,362.12547119140623,68.52741558390485,7.209542115355077,6.561784389901365,0.6477577254537126,394.50110140622456,354.3124819677989,374.4067916870117,4.539808037604767,-0.0009737784668275573,-0.0009742528970971123,45926305.0
2023-11-30 00:00:00-05:00,384.36266043959097,384.82577294425124,380.16511887488576,383.1309814453125,52834400,383.1773254394531,375.9769317626953,362.6041497802734,66.48374254195109,6.9230743437636875,6.634042380673829,0.2890319630898581,393.4777413102611,358.4761222151295,375.9769317626953,4.548439897016246,-0.0025142061706265872,-0.0025173720945978195,45618390.0
2023-12-01 00:00:00-05:00,382.0668577687091,384.81597394641676,380.4114882710684,384.2247619628906,40490100,383.5704803466797,377.28251190185546,363.2363458251953,67.66015188424637,6.706991494559929,6.64863220345105,0.058359291108879496,393.0699323131783,361.4950914905326,377.28251190185546,4.538157452611399,0.002854847481798428,0.0028507801439735247,44734775.0
2023-12-04 00:00:00-05:00,380.43119712616084,380.93373183962944,377.0514767703932,380.6578369140625,51186900,383.5980743408203,378.19937591552736,363.79621826171876,60.2350760510838,6.1767218339432475,6.55425012954949,-0.37752829560624246,392.4607442757295,363.9380075553252,378.19937591552736,4.726380862603258,-0.009283433557498388,-0.009326793186263938,44630095.0
2023-12-05 00:00:00-05:00,378.75612737344005,382.8058739225098,378.57874272515113,381.6136169433594,42933000,383.2581359863281,379.09012603759766,364.3417041015625,61.45568597778698,5.767122964470218,6.396824696533636,-0.6297017320634177,391.78137920214317,366.39887287305214,379.09012603759766,4.690720172228645,0.002510863921902251,0.0025077169696968646,44834310.0
2023-12-06 00:00:00-05:00,384.5498955042343,384.64843584230624,379.061556510073,379.4064025878906,41994100,382.9211486816406,379.6985748291016,364.94946350097655,57.096946908918596,5.204415890635175,6.158342935353944,-0.9539270447187684,391.166346072325,368.23080358587816,379.6985748291016,4.754731540800402,-0.0057838983135560795,-0.00580068983166649,44395145.0
2023-12-07 00:00:00-05:00,382.3821241267949,385.5352041703079,381.2883775917739,384.70751953125,49593500,382.9575988769531,380.5602554321289,365.64688903808593,63.747326004780646,5.12712006598241,5.952098361479638,-0.8249782954972273,390.7420632500707,370.37844761418705,380.5602554321289,4.852879400915894,0.013972133593953773,0.013875423128596125,45091650.0
2023-12-08 00:00:00-05:00,382.97341737689004,386.8655056109294,382.7861997326639,386.422119140625,46687500,383.21970520019534,381.64906311035156,366.32007690429685,65.60444829392762,5.144909117318775,5.790660512647465,-0.6457513953286895,389.0751365482044,374.2229896724987,381.64906311035156,4.79762414929801,0.004456891332574431,0.004446988804491608,44733055.0
2023-12-11 00:00:00-05:00,385.998334821996,389.9889928166888,385.7914211700645,389.7229309082031,41198000,383.84539184570315,382.4930053710938,367.0541583251953,68.90669878008556,5.36352758495525,5.705233927109022,-0.34170634215377227,389.55201063580364,375.4340001063839,382.4930053710938,4.754763256249888,0.008541984539909064,0.008505708224733143,43877465.0
2023-12-12 00:00:00-05:00,389.76237955300553,392.9450491247109,388.629240812153,392.8268127441406,39221200,384.68096618652345,383.55028076171874,367.79139221191406,71.66186671450257,5.721290148107585,5.708445171308735,0.012844976798849217,390.13337820949096,376.9671833139465,383.55028076171874,4.723409331700461,0.007964329501228606,0.007932781623453282,43801850.0
2023-12-13 00:00:00-05:00,393.7628698170913,398.4333872596561,392.99430327502,397.8224792480469,55408100,386.0535461425781,384.45729064941406,368.75348083496095,75.43476507220483,6.334903271708242,5.833736791388637,0.501166480319605,393.27734453367043,375.6372367651577,384.45729064941406,4.78649255911582,0.012717223829525226,0.012637039041553931,43182625.0
2023-12-14 00:00:00-05:00,399.04432278440584,400.3449530293757,394.47231564117436,397.4776306152344,55447800,387.4882110595703,385.33276824951173,369.6134893798828,74.69546987673466,6.7159523719492995,6.01017990750077,0.7057724644485299,395.5603169309958,375.1052195680277,385.33276824951173,4.864074332621927,-0.0008668404899198068,-0.0008672164133967831,43247945.0
2023-12-15 00:00:00-05:00,398.25601558992724,400.58144122653687,397.6549706592437,399.3990173339844,62896600,389.00563659667966,386.2880584716797,370.53281494140623,76.10086818218413,7.0912330591387445,6.226390537828365,0.8648425213103792,397.92613749770766,374.6499794456517,386.2880584716797,4.738341209670539,0.004833949311250585,0.004822303294036982,44125600.0
2023-12-18 00:00:00-05:00,399.7919595715153,402.8131297549099,399.4661600981629,401.9146728515625,46610000,391.1313201904297,387.364697265625,371.3840142822266,77.83651096566396,7.505123689431457,6.482137168148984,1.0229865212824727,400.50509093212366,374.22430359912636,387.364697265625,4.643753439045893,0.006298602170757173,0.0062788488781346085,44127505.0
2023-12-19 00:00:00-05:00,402.36888315936517,404.0867952971535,402.1812915891065,403.96832275390625,35711900,393.3667907714844,388.3124633789063,372.2396319580078,79.1666506205671,7.907692424013703,6.767248219321928,1.140444204691775,403.2492262013228,373.37570055648973,388.3124633789063,4.4672083680848305,0.005109666406984292,0.0050966563607667765,43691620.0
2023-12-20 00:00:00-05:00,403.16860430932405,405.2616995946524,397.78774528609546,397.9654541015625,54042400,395.2226959228516,389.0719223022461,372.93518798828126,66.58707074070774,7.654117808767069,6.944622137210956,0.7094956715561125,404.346278040503,373.79756656398916,389.0719223022461,4.681975935261408,-0.014859750911708547,-0.014971263084600816,44226890.0
2023-12-21 00:00:00-05:00,401.8949646280869,402.96127778271716,399.3378317905533,402.595947265625,45568900,397.01153869628905,389.9845687866211,373.67152404785156,70.48330201195546,7.737605894709759,7.103218888710717,0.6343870059990424,406.1735030029649,373.7956345702773,389.9845687866211,4.704393631396641,0.011635414874178407,0.011568243973298614,44299285.0
2023-12-22 00:00:00-05:00,403.8103398826286,404.76803309196526,401.3223261415251,403.1982116699219,34314000,398.68914794921875,390.95442657470704,374.44532775878906,70.95766020984848,7.762882827404042,7.235151676449382,0.5277311509546596,407.85389401870145,374.05495913071263,390.95442657470704,4.614487439899752,0.0014959524763906717,0.0014948346541519622,45229045.0
2023-12-26 00:00:00-05:00,404.05721193539733,406.3378989802427,403.9584747640765,405.6665344238281,22722500,400.28350830078125,392.0644500732422,375.3601348876953,72.88123046777032,7.891124030511378,7.3663461472617815,0.5247778832495964,409.74883587658485,374.38006426989955,392.0644500732422,4.509144573501257,0.006121859379492944,0.006103196925577432,44658185.0
2023-12-27 00:00:00-05:00,405.9490452519644,406.77881943678676,405.08960720527585,406.4923400878906,31980500,401.6500610351562,393.16551361083987,376.21006896972654,73.51330005857055,7.967546803520577,7.486586278513541,0.4809605250070357,411.54999221200717,374.78103500967256,393.16551361083987,4.307720834787661,0.002035676088577132,0.0020336069076538964,44482655.0
2023-12-28 00:00:00-05:00,407.64806147854006,407.8950191252155,405.9391037109151,406.2947082519531,27029200,402.4972839355469,394.2754150390625,377.0798944091797,73.07434146283109,7.92085843872627,7.5734407105560875,0.3474177281701829,413.012755548172,375.53807452995306,394.2754150390625,4.139734733324286,-0.000486188339723137,-0.00048630656759620695,43893530.0
2023-12-29 00:00:00-05:00,406.2749991067649,406.6306338260502,402.62001354809854,404.5364074707031,42662100,403.2031616210937,395.345686340332,378.0097387695312,69.11992983196926,7.653749732320762,7.5895025149090225,0.06424721741173922,413.8584905534263,376.8328821272377,395.345686340332,4.130512272226242,-0.004327648737575074,-0.0043370401142199515,43384915.0
2024-01-02 00:00:00-05:00,400.901215216287,401.14817289593526,395.3693571629253,397.6907653808594,58026900,403.03233642578124,396.0189865112305,378.8696734619141,56.33733634700069,6.811163203242643,7.433834652575747,-0.6226714493331045,413.83121474610726,378.2067582763537,396.0189865112305,4.4902649890513535,-0.016922190347823052,-0.017067006675441945,44261755.0
2024-01-03 00:00:00-05:00,395.06310955186376,396.12009559564825,393.04795670596747,393.4825744628906,47002800,402.1891265869141,396.66022338867185,379.75127075195314,50.19237237073942,5.737700827138383,7.094607887488275,-1.3569070603498918,413.0835126324821,380.2369341448616,396.66022338867185,4.501160966611393,-0.010581565588878239,-0.010637948452739713,44052550.0
2024-01-04 00:00:00-05:00,391.61557604906113,394.7272364938344,391.2401955875345,391.45751953125,39432800,400.93804626464845,397.1524185180664,380.57127990722654,47.5069872490187,4.669739303425672,6.609634170675755,-1.939894867250083,412.2814950855848,382.02334195054794,397.1524185180664,4.4287238194462875,-0.0051464920254851165,-0.005159780828991357,43877540.0
2024-01-05 00:00:00-05:00,391.62550732012187,394.69764643870457,390.52899952720855,391.9218444824219,44922800,400.33368530273435,397.77819061279297,381.3323907470703,48.19143502224541,3.8168410766397187,6.051075551868548,-2.2342344752288295,410.80931334252506,384.7470678830609,397.77819061279297,4.410146897449839,0.0011861439058007406,0.0011854409929004347,44023975.0
2024-01-08 00:00:00-05:00,393.14668067053503,400.3084523351511,392.9985121136099,400.0220031738281,42473800,400.0762908935547,398.5439147949219,382.42872924804686,58.38535460097221,3.751285711074729,5.591117583709785,-1.839831872635056,410.1328438206077,386.95498576923603,398.5439147949219,4.694179822826939,0.020667790799217656,0.020457109937661824,43667990.0
2024-01-09 00:00:00-05:00,397.01905052593867,401.74088018825046,396.82147232234684,400.81231689453125,39132900,399.83770141601565,399.2634246826172,383.6725140380859,59.22828040061949,3.7202199441373978,5.216938055795308,-1.49671811165791,409.45528622448535,389.07156314074905,399.2634246826172,4.71026754018956,0.001975675623922424,0.0019737265435817424,43290260.0
2024-01-10 00:00:00-05:00,401.1284480923958,404.5364461618828,400.23940642845145,403.52886962890625,33962800,399.6239349365234,399.95372161865237,384.9381134033203,62.072119517764634,3.870190060599498,4.947588456756146,-1.0773983961566485,409.30265749794086,390.6047857393639,399.95372161865237,4.680751268278259,0.006777617902121058,0.006754753104341563,42928500.0
2024-01-11 00:00:00-05:00,404.8031476719886,406.1959925651025,399.32066924425925,404.3684997558594,54536200,399.4115509033203,400.53080596923826,386.1438458251953,62.93270002362395,4.0105623265236545,4.760183230709648,-0.7496209041859938,409.46444933929246,391.59716259918406,400.53080596923826,4.837506414890042,0.0020807188534621712,0.002078557156058931,43694250.0
2024-01-12 00:00:00-05:00,405.40570188156073,406.24536398225337,403.18308286889186,404.575927734375,39595000,399.2396728515625,400.8684783935547,387.32081726074216,63.15512014842543,4.091383144818451,4.626423213531409,-0.5350400687129584,409.877334508065,391.8596222790444,400.8684783935547,4.710704607638003,0.0005129676981290299,0.0005128361751754637,42903595.0
2024-01-16 00:00:00-05:00,403.3411407940105,406.11694258110475,401.879140541304,404.5364074707031,43903000,399.2396728515625,401.22141723632814,388.3769818115234,63.077460662618385,4.104926236183076,4.522123818061743,-0.41719758187866773,410.2243276655641,392.2185068070922,401.22141723632814,4.6769258527924835,-9.768318123415387e-05,-9.768795254682241e-05,42326355.0
2024-01-17 00:00:00-05:00,401.2271639757204,402.6298665315489,398.01671455845167,402.2544860839844,54386000,399.696044921875,401.36419067382815,389.2598083496094,58.59695987343745,3.8867235192383873,4.3950437582970725,-0.5083202390586852,410.3374886821977,392.3908926654586,401.36419067382815,4.808552071325267,-0.0056408307004703895,-0.005656800268701548,41900825.0
2024-01-18 00:00:00-05:00,405.5242294407698,408.54698883190395,404.1807942207987,407.96417236328125,59562500,401.1442047119141,401.6666656494141,390.1726806640625,65.24849932535358,4.126947378450836,4.341424482327826,-0.21447710387698926,411.09033044811144,392.2430008507167,401.6666656494141,4.91454854822486,0.014194214053102616,0.014094419425713526,42548450.0
2024-01-19 00:00:00-05:00,410.16707226895505,416.2125914446626,409.58425576240296,416.0545349121094,70325100,403.60390625,402.2709762573242,391.2177990722656,72.0904911949201,4.91351126203142,4.455841838268545,0.45766942376287556,413.57085786261655,390.97109465203187,402.2709762573242,5.15268215773604,0.019831061394341987,0.019636987494686748,44279110.0
2024-01-22 00:00:00-05:00,418.2574182853022,419.5613621004465,415.99527744411733,416.5978698730469,44880600,406.0715087890625,403.2025970458984,392.2050079345703,72.48232782521201,5.517113546483813,4.668096179911599,0.8490173665722143,415.9132275199269,390.4919665718699,403.2025970458984,5.039353764778406,0.001305922458103348,0.0013050704830316466,43821020.0
2024-01-23 00:00:00-05:00,417.28929780686303,418.5438620366408,415.4519472523529,418.3265380859375,33003800,407.90196228027344,403.98912658691404,393.222060546875,73.74528556194937,6.065047688932339,4.947486481715747,1.1175612072165917,418.29851951243927,389.6797336613888,403.98912658691404,4.900250980457655,0.004149488842603688,0.0041409034555603425,43192765.0
2024-01-24 00:00:00-05:00,422.23837238038595,424.6190480726647,420.1540338505478,420.64794921875,46948000,409.8855255126953,404.86161346435546,394.34210021972655,75.37946489198576,6.610407261970408,5.28007063776668,1.3303366242037287,420.8957008255509,388.82752610316004,404.86161346435546,4.999698052334053,0.005549280099307552,0.005533939570922581,43824465.0
2024-01-25 00:00:00-05:00,423.1471402830395,423.81888806396256,418.820467179713,421.16162109375,44367200,411.6488006591797,405.63636779785156,395.3084509277344,75.73930866719006,7.003327678031951,5.624722045819734,1.378605632212217,423.1777317867443,388.09500380895884,405.63636779785156,4.999606826042305,0.0012211443701413138,0.0012203993797871232,44906700.0
2024-01-26 00:00:00-05:00,419.2748038944204,421.0232531271362,418.00049403535166,418.6524658203125,37137000,413.077197265625,406.24437408447267,396.2478741455078,70.33182950412983,7.031200772187276,5.906017791093243,1.1251829810940333,424.68232374939845,387.8064244195469,406.24437408447267,4.868286842639164,-0.005957701622767209,-0.005975519531516631,45164525.0
2024-01-29 00:00:00-05:00,419.1068791840833,423.137244927174,418.4549073684011,422.9396667480469,38694700,414.9135711669922,407.07662200927734,397.11302185058594,73.77683282930289,7.314909956747215,6.187796224224037,1.1271137325231777,426.8991721512687,387.254071867286,407.07662200927734,4.8550047509344285,0.010240476953441435,0.010188398506321786,45747800.0
2024-01-30 00:00:00-05:00,421.9025030173065,422.47543156579263,419.21560227550077,420.1243896484375,36739000,416.4723693847656,407.85602111816405,397.91614807128906,68.17826651114842,7.229247925801133,6.396086564539457,0.8331613612616753,428.42935221307255,387.28269002325555,407.85602111816405,4.77422330247812,-0.006656450839089723,-0.006678703813502456,45451645.0
2024-01-31 00:00:00-05:00,415.72853974147705,417.7239468242111,411.7179496692199,411.895751953125,64010600,417.4364959716797,408.56627044677737,398.5481988525391,55.032948968489066,6.423333664598488,6.4015359845512645,0.021797680047223267,428.6620793657627,388.47046152779205,408.56627044677737,5.033667350816656,-0.01958619375132753,-0.019780545166345816,45750830.0
2024-02-01 00:00:00-05:00,413.69360908615386,417.23991752552706,412.7255241901297,416.7460021972656,51008600,418.31467895507814,409.7294418334961,399.2754809570313,59.936341093265256,6.105633523136419,6.342355492268296,-0.23672196913187715,428.8686082417795,390.59027542521267,409.7294418334961,5.055845795215613,0.011775431577387474,0.011706640684651722,45951120.0
2024-02-02 00:00:00-05:00,418.64262610680913,425.0042580366374,417.6449376290023,423.78924560546875,59602400,419.08815002441406,411.34602813720704,400.051005859375,65.7729996964787,6.348997461697934,6.343683886154224,0.005313575543709703,429.47383200838743,393.21822426602665,411.34602813720704,5.284589369798196,0.0169005662227546,0.016759340627420984,46959600.0
2024-02-05 00:00:00-05:00,423.84853420729877,424.3819410907607,419.8280559423624,423.236083984375,39889200,419.75197143554686,412.9117401123047,400.8602020263672,64.97241603113042,6.42318711374071,6.359584531671522,0.0636025820691879,429.3928311172991,396.4306491073103,412.9117401123047,5.232396211126771,-0.0013052752679069135,-0.0013061278816806244,46707920.0
2024-02-06 00:00:00-05:00,424.38194285431695,424.98453527196295,420.04538165211596,422.38653564453125,35846100,420.15797119140626,414.0299667358398,401.62107238769534,63.690225398438045,6.340343958017513,6.3557364169407204,-0.015392458923207286,429.8839859106562,398.17594756102346,414.0299667358398,5.211450311749644,-0.0020072682174120393,-0.0020092854801706654,46376535.0
2024-02-07 00:00:00-05:00,425.1721511497163,427.56268420169533,423.86820758707535,426.73291015625,37712700,420.76646728515624,415.3259963989258,402.4797094726562,67.25100647761465,6.549903053949606,6.394569744342498,0.15533330960710856,430.88115159866527,399.7708411991863,415.3259963989258,5.208928757850676,0.01029004038939485,0.010237458330499582,46305525.0
2024-02-08 00:00:00-05:00,426.8515066116603,428.28387317609645,426.1699311674683,427.52325439453125,29889900,421.4026306152344,416.52571563720704,403.36085327148436,67.86807346927677,6.702492164597459,6.45615422839349,0.24633793620396904,431.9570386136034,401.0943926608107,416.52571563720704,4.987858275763353,0.0018520817576310744,0.001850368768949874,46101880.0
2024-02-09 00:00:00-05:00,428.65924534950017,432.52166690474706,427.86899286829663,431.73138427734375,36943900,422.7105224609375,417.89385986328125,404.3060595703125,71.00116079466795,7.081351633225722,6.581193709359937,0.5001579238657854,433.6203135789184,402.1674061476441,417.89385986328125,4.988612149652814,0.009843043248658256,0.00979491605281288,45222265.0
2024-02-12 00:00:00-05:00,431.6227715619253,433.79601127667587,429.3606306969624,430.042236328125,33203300,423.4207794189453,419.16717529296875,405.224970703125,68.12949343328268,7.162732843373135,6.6975015361625765,0.4652313072105585,434.49294328822543,403.84140729771207,419.16717529296875,4.949095608942861,-0.003912497471190712,-0.003920171311882957,44902680.0
2024-02-13 00:00:00-05:00,422.08030471765994,426.0217396052204,420.15402277397357,423.3348388671875,64491700,423.7418243408203,420.10709686279296,406.0290478515625,58.0835077575047,6.609803420327012,6.679961912995464,-0.07015849266845198,433.9637690799781,406.25042464560784,420.10709686279296,5.301889747886331,-0.015597066739788112,-0.015719980725453934,45932115.0
2024-02-14 00:00:00-05:00,426.0118584018304,428.3727579939155,423.66081661689094,427.947998046875,45092700,425.3470489501953,421.3917724609375,406.9035125732422,62.21070535556481,6.469272514379043,6.63782403327218,-0.16855151889313724,432.96582116121573,409.81772376065925,421.3917724609375,5.283034703517879,0.010897187654179241,0.010838241152221708,45467450.0
2024-02-15 00:00:00-05:00,428.6395040700747,429.6866021844067,426.0809960674444,429.2223205566406,38796100,426.5946807861328,422.45467987060545,407.87480224609374,63.28609658189023,6.387101406345494,6.587679507886843,-0.2005781015413497,432.7329541659143,412.1764055752966,422.45467987060545,5.163218375906766,0.0029777508379091877,0.002973326119512585,44429130.0
2024-02-16 00:00:00-05:00,429.59772780793963,429.69648676562633,424.6190524047314,425.3302917480469,53716500,426.7487854003906,422.91846771240233,408.7491357421875,57.86947357599751,5.939459620091327,6.45803553032774,-0.5185759102364127,432.83027801510656,413.0066574096981,422.91846771240233,5.157090946263063,-0.0090676291101226,-0.00910899028064998,43598700.0
2024-02-20 00:00:00-05:00,423.3347938450996,424.8461734653688,418.346261346787,422.1197814941406,53999500,426.6371551513672,423.194563293457,409.6034033203125,53.78038160925271,5.264947891288898,6.219418002519972,-0.9544701112310738,432.6854355886128,413.7036909983012,423.194563293457,5.287586621619978,-0.0075482755782841915,-0.007576907984916036,44054645.0
2024-02-21 00:00:00-05:00,419.3835049137998,420.51953431757676,416.49905619784107,420.43060302734375,49779000,426.4415618896484,423.29976654052734,410.3178649902344,51.71005664640416,4.541735600530615,5.883881522122101,-1.3421459215914862,432.6175316919196,413.98200138913506,423.29976654052734,5.311382241239947,-0.004001656735483583,-0.004009684787961994,44893405.0
2024-02-22 00:00:00-05:00,429.20256278848717,433.7762238764086,428.4320560275247,432.739013671875,53887800,427.04217224121095,423.9043197631836,411.24420288085935,62.91330365845359,4.905226129551238,5.688150443607928,-0.7829243140566904,433.9925435553145,413.8160959710527,423.9043197631836,5.885256427513156,0.02927572483045604,0.028855375118429595,45240395.0
2024-02-23 00:00:00-05:00,434.29972972450184,435.228292926846,430.486717969249,431.46466064453125,39853900,427.4363128662109,424.41947174072266,412.07903747558595,61.32691073118357,5.0324543523341845,5.55701122535318,-0.5245568730189953,434.93793192700645,413.90101155443887,424.41947174072266,5.803564893947715,-0.0029448535655026697,-0.0029491981783593755,45014730.0
2024-02-26 00:00:00-05:00,432.27472813436947,433.26255885215994,431.04979754489244,431.23748779296875,33043200,427.3869232177734,425.0487228393555,412.8472509765625,61.03146790624534,5.056662625873344,5.456941505457213,-0.400278879583869,435.61752475965085,414.47992091906013,425.0487228393555,5.547078923470557,-0.0005265155464253546,-0.0005266542044081935,44810040.0
2024-02-27 00:00:00-05:00,432.3438440997313,432.65992698949185,429.7359567723681,432.2746887207031,33713200,427.61016845703125,425.5154739379883,413.53629516601563,61.93316420751252,5.100743112187729,5.385701826803316,-0.28495871461558675,436.48732158287294,414.54362629310367,425.5154739379883,5.359714015874355,0.0024051733837953115,0.00240228558380514,44560965.0
2024-02-28 00:00:00-05:00,430.13104844864466,431.35597882805655,429.0147951055771,429.9729919433594,32938800,428.27398376464845,426.0079040527344,414.18620239257814,58.68779627841738,4.893539840170831,5.28726942947682,-0.39372958930598845,436.85099523842285,415.1648128670459,426.0079040527344,5.209726844392331,-0.0053246161235013245,-0.005338842414094973,44370955.0
2024-02-29 00:00:00-05:00,432.89706552748044,434.73441618907316,429.7261072238398,433.6576843261719,42495200,428.84495239257814,427.0960006713867,414.8713757324219,62.11070274421055,4.969369833200517,5.2236895102215595,-0.2543196770210425,436.2998080207901,417.8921933219833,427.0960006713867,5.1953398530238335,0.008569590304169372,0.00853307980358511,43295185.0
2024-03-01 00:00:00-05:00,434.54669033889377,441.1453917460865,434.48742291248533,440.18719482421875,43853000,429.9414398193359,428.2680603027344,415.636826171875,67.28372750978887,5.493022433473129,5.277556094871874,0.21546633860125564,437.8631920784712,418.6729285269976,428.2680603027344,5.359080393516032,0.015056831076780242,0.014944602134951924,42937405.0
2024-03-04 00:00:00-05:00,440.18719371913676,440.6119838022622,438.36958897271137,438.6165466308594,34325700,431.2700653076172,429.0094253540039,416.32979064941406,64.9853240122457,5.715399145515903,5.36512470500068,0.35027444051522316,439.36675816100416,418.65209254700363,429.0094253540039,5.136459996089947,-0.0035681369467973623,-0.003574517930771312,41673570.0
2024-03-05 00:00:00-05:00,435.57409820043125,435.5839861548268,428.37280351125247,430.74359130859375,57917100,432.1324462890625,429.38480072021486,416.9853533935547,54.86773932277659,5.196451140405486,5.331389992081641,-0.13493885167615538,439.4170431619767,419.352558278453,429.38480072021486,5.501265933484015,-0.017949517369419965,-0.018112563974901692,42574965.0
2024-03-06 00:00:00-05:00,434.9616055413098,436.61126586958386,431.5733535962779,433.4502258300781,46234500,433.4344085693359,429.9379852294922,417.60243896484377,57.32746415046016,4.946562994065232,5.25442459247836,-0.3078615984131279,439.5781216110971,420.2978488478873,429.9379852294922,5.527437978305878,0.006283632713516729,0.0062639730067478375,43094385.0
2024-03-07 00:00:00-05:00,437.0360491430509,441.2837088767111,435.4950055955854,440.0291748046875,44526700,434.1634246826172,430.60279846191406,418.33905822753906,62.65518363107111,5.219227036997552,5.247385081382199,-0.028158044384647418,441.06588801918195,420.13970890464617,430.60279846191406,5.692155483186385,0.01517809562103789,0.015064060767849245,43435085.0
2024-03-08 00:00:00-05:00,440.38480818808466,443.1803859905229,433.00571154880004,433.67742919921875,72096000,434.38470153808595,430.91050720214844,418.8992761230469,55.45630152280101,4.86668238373619,5.171244541852998,-0.3045621581168074,441.3551927842857,420.4658216200112,430.91050720214844,6.012335408796133,-0.014434828345843309,-0.014540024028800901,45545390.0
2024-03-11 00:00:00-04:00,432.18579559632065,433.3217948100284,430.1409789239274,432.0672607421875,45860000,434.4676788330078,430.92730102539065,419.4107745361328,53.76971475370793,4.406564930805473,5.018308619643493,-0.6117436888380201,441.3782902941475,420.4763117566338,430.92730102539065,5.83548647068865,-0.003712825129046693,-0.003719734772433365,45991195.0
2024-03-12 00:00:00-04:00,434.3787885378619,438.6165603792511,431.14856297446795,438.2609558105469,55300900,435.06630554199216,431.3382369995117,420.0500994873047,58.94238394426586,4.489940721788059,4.912635040072407,-0.4226943182843472,442.25370921990884,420.4227647791146,431.3382369995117,5.952094394552543,0.014335025194271989,0.014233250198936969,47096075.0
2024-03-13 00:00:00-04:00,437.2632129690602,437.2829888748034,433.7761721257406,434.8924255371094,37928700,435.55824890136716,431.91611633300784,420.6572198486328,55.317250206886705,4.235381553630816,4.777184342784088,-0.5418027891532722,442.28565492434313,421.54657774167254,431.91611633300784,5.847286486713527,-0.007686129071679537,-0.007715819596382887,45767925.0
2024-03-14 00:00:00-04:00,436.12725598238745,436.6508050498592,431.079455553198,433.7959899902344,52195200,435.57207946777345,432.2085159301758,421.3793243408203,54.14984693794086,3.9002092095559533,4.601789316138461,-0.701580106582508,442.4429154214197,421.9741164389319,432.2085159301758,5.827576701709788,-0.002521164965153977,-0.002524348453403118,46123050.0
2024-03-15 00:00:00-04:00,430.76335642102964,433.5292704242378,427.47386318721965,428.6395263671875,73069800,434.4173126220703,432.17937622070315,422.08246337890625,48.920964615075604,3.181821138604107,4.3177956806315905,-1.1359745420274834,442.45087081467824,421.90788162672806,432.17937622070315,5.862901708945855,-0.011886840224509587,-0.011958053607089266,47836735.0
2024-03-18 00:00:00-04:00,433.96405176519625,436.2489556354407,432.4902172279187,432.7276306152344,47323800,433.8284210205078,432.5492431640625,422.9078656005859,52.81144309899013,2.9088379901116355,4.0360041425276,-1.1271661524159642,442.3285335229999,422.76995280512506,432.5492431640625,5.98765367746781,0.009537394469181226,0.009492200649511753,47517100.0
2024-03-19 00:00:00-04:00,430.71965347253405,434.2113053461235,428.6226579939233,433.8057556152344,43004100,434.1346374511719,433.1335418701172,423.7455438232422,53.81060179562333,2.7478174265905864,3.7783667993401973,-1.030549372749611,441.6675872517595,424.59949648847487,433.1335418701172,5.959153225662978,0.0024914632755648203,0.0024883647264851037,46967330.0
2024-03-20 00:00:00-04:00,435.00266338011073,439.28561325633035,433.30134655328885,438.9493103027344,43653500,434.6845458984375,434.0594772338867,424.52408996582034,58.342403646966716,3.000659610565947,3.6228253615853476,-0.6221657510194007,440.6845966160659,427.4343578517075,434.0594772338867,5.960947045475729,0.011856815224144057,0.011787073922389547,46661055.0
2024-03-21 00:00:00-04:00,444.00377042804644,444.4587649437248,440.82864947457784,441.0264587402344,39345700,434.7842742919922,434.4738494873047,425.32837280273435,60.04717054862617,3.3302582384889092,3.5643119369660603,-0.23405369847715107,441.7239826466854,427.22371632792397,434.4738494873047,5.928697588012494,0.004732091812759576,0.004720930662838194,45933950.0
2024-03-22 00:00:00-04:00,440.51210455310553,442.62884172673427,439.6614311607801,441.5309143066406,28253900,435.5696228027344,434.97716217041017,426.0884136962891,60.47026253163215,3.5907805905807777,3.569605667689004,0.021174922891773917,442.70377368357794,427.2505506572424,434.97716217041017,5.717177086436898,0.0011438215472314717,0.0011431678817691272,45353950.0
2024-03-25 00:00:00-04:00,438.7316504748345,441.4122331500876,437.73264275386543,439.92852783203125,27789200,436.3557495117187,435.4117141723633,426.7996142578125,58.356268279128095,3.62614726628982,3.5809139874091676,0.04523327888065243,443.22525083631814,427.59817750840847,435.4117141723633,5.580112405461061,-0.003629160320802627,-0.0036357616996006772,45091250.0
2024-03-26 00:00:00-04:00,441.4518202950507,442.37174062409974,438.2766990543278,438.50421142578125,34142000,436.3800750732422,435.7231903076172,427.4781799316406,56.46663408793848,3.4989119026996036,3.564513570467255,-0.06560166776765142,443.5082919629099,427.9380886523245,435.7231903076172,5.4740359171975514,-0.0032376086480888633,-0.0032428610428310157,45112690.0
2024-03-27 00:00:00-04:00,441.5902677606485,441.68918748510794,437.12925080626644,439.99774169921875,41359200,436.89060668945314,436.2244277954102,428.1874066162109,58.002338294485284,3.478494452722714,3.547309746918347,-0.06881529419563304,443.7506654597939,428.6981901310265,436.2244277954102,5.408743114457834,0.0034059656316214326,0.003400178467544567,45533710.0
2024-03-28 00:00:00-04:00,439.9483005564888,440.79897397057766,438.83057105161373,439.1866760253906,36839600,437.42967529296874,436.5008773803711,428.9260504150391,56.829902914297854,3.3581565170483145,3.5094791009443407,-0.15132258389602615,444.0358561060554,428.9658986546868,436.5008773803711,5.163004529065412,-0.00184334053783064,-0.00184504158072215,45250930.0
2024-04-01 00:00:00-04:00,440.13625746716383,442.6684455730439,438.2074283944994,440.1164855957031,38729000,438.57737121582034,436.4973419189453,429.5690966796875,57.88100308621162,3.2997779118919084,3.4675388631338544,-0.167760951241946,444.02546198258386,428.9692218553068,436.4973419189453,5.112862575456776,0.002117116982526035,0.0021148790484560283,44994730.0
2024-04-02 00:00:00-04:00,435.2993359937669,436.63467679175466,433.2716175055322,436.3181457519531,44259700,438.93642272949216,436.382421875,429.97436889648435,52.28098611761763,2.913433912773428,3.3567178730617693,-0.4432839602883414,443.8475395403559,428.91730420964404,436.382421875,5.236577255079213,-0.008630305766912816,-0.008667762520260629,45491430.0
2024-04-03 00:00:00-04:00,434.1914896972789,439.17674771806725,434.1816188556079,437.2973937988281,39949800,439.28558654785155,436.7101119995117,430.388359375,53.529278408583956,2.6556578726134035,3.2165058729720966,-0.5608480003586931,443.71772294617165,429.70250105285174,436.7101119995117,5.219330941320652,0.0022443440787625057,0.002241829300572705,44593065.0
2024-04-04 00:00:00-04:00,441.48147563512805,442.0947658921196,430.38335799892496,430.6108703613281,57267700,438.4517425537109,436.5681442260742,430.6340460205078,44.89351427417297,1.8900347991533977,2.951211658208357,-1.0611768590549593,443.93976344641027,429.1965250057381,436.5681442260742,5.683050723597364,-0.015290563200968998,-0.015408669348861155,45144725.0
2024-04-05 00:00:00-04:00,432.0352324148125,438.35583196490023,431.2241328775379,435.6851501464844,54744600,437.91761169433596,436.35094299316404,430.9347900390625,51.31275033724656,1.6734346555244883,2.6956562576715832,-1.022221602147095,443.5559588573393,429.1459271289888,436.35094299316404,5.830330072166988,0.011783910101708317,0.01171502049753515,45655620.0
2024-04-08 00:00:00-04:00,436.61485802349017,437.69301346257384,434.42887425015755,435.81365966796875,28144900,437.34588623046875,436.45775451660154,431.2278308105469,51.466943053210166,1.4949146796884065,2.4555079420749477,-0.9605932623865412,443.5637251237659,429.3517839094372,436.45775451660154,5.6470307250419385,0.0002949596088854811,0.0002949161168520961,43458065.0
2024-04-09 00:00:00-04:00,438.1480760138876,438.42503314049435,432.6880511524698,437.426025390625,39443600,437.09563598632815,436.72569274902344,431.6033020019531,53.45854044477739,1.4666343040777292,2.257733214475504,-0.7910989103977748,443.54770691382635,429.90367858422053,436.72569274902344,5.65345581525498,0.0036996677063418915,0.0036928407688588626,43137245.0
2024-04-10 00:00:00-04:00,432.25279752010994,434.46845437417477,431.5406177904376,433.60791015625,61502200,436.606005859375,436.49304046630857,431.81666687011716,48.39415268695685,1.1231845403406169,2.0308234796485265,-0.9076389393079096,443.4065110890644,429.57956984355275,436.49304046630857,5.670023799893011,-0.008728596408879352,-0.008766913740473834,43447310.0
2024-04-11 00:00:00-04:00,435.4773555271637,441.4813926625698,433.20232288889565,440.5318298339844,45474600,436.65941467285154,436.77501068115237,432.2248156738281,56.45116562558424,1.3936356166582868,1.9033859070504788,-0.509750290392192,443.8621834266444,429.68783793566035,436.77501068115237,5.856384226591665,0.015968158134475274,0.015842008246345414,43824605.0
2024-04-12 00:00:00-04:00,436.3082769159413,437.43587724458433,432.1341181408084,433.5090026855469,53665000,436.0916473388672,436.76066131591796,432.6570806884766,48.226705738252996,1.0294200706881043,1.7285927397780039,-0.6991726690898996,443.87301976423896,429.64830286759695,436.76066131591796,6.037907617061971,-0.01594170199026046,-0.016070137739998047,43898095.0
2024-04-15 00:00:00-04:00,437.2578557574557,437.3468744561604,425.5365774509986,426.3773498535156,63453600,434.7177337646484,436.6475524902344,432.8497076416016,41.59877564610334,0.1634279489746291,1.415559781617329,-1.2521318326427,444.3226116486752,428.97249333179354,436.6475524902344,6.450221144783385,-0.016450991300875795,-0.016587811485417037,43417285.0
2024-04-16 00:00:00-04:00,426.2190611910081,429.0480082692235,425.03211508664594,426.4169006347656,47619000,433.7276092529297,436.33201599121094,432.9022607421875,41.64667233651779,-0.5137632857607173,1.0296951681417197,-1.543458453902437,445.07091580371855,427.5931161787033,436.33201599121094,6.276340576054396,9.276004286706829e-05,9.27557409203224e-05,43432045.0
2024-04-17 00:00:00-04:00,428.39516274759995,428.41493461701685,420.2842287497744,421.2140197753906,56880500,432.11927185058596,435.7024291992187,432.8618194580078,37.31155908135922,-1.453515993657163,0.5330529357819431,-1.9865689294391062,446.6210928279469,424.7837655704906,435.7024291992187,6.408795239710686,-0.01220139457800562,-0.01227644267859908,44125865.0
2024-04-18 00:00:00-04:00,421.8569836696365,423.5879732317038,418.236739020357,418.8104553222656,46549400,430.93923034667966,434.6954864501953,432.7902978515625,35.47446028177079,-2.364962533213884,-0.04655015801722229,-2.3184123751966617,447.7385225058816,421.652450394509,434.6954864501953,6.333255166256125,-0.005706278376979679,-0.005722621384927172,44270660.0
2024-04-19 00:00:00-04:00,417.63337275699286,418.1576140935352,408.58277638390166,410.1455993652344,75231000,428.38527526855466,433.1514434814453,432.4585516357422,29.781634376352216,-3.743321265527584,-0.7859043795192946,-2.9574168860082892,449.6774128612419,416.6254741016487,433.1514434814453,6.611428292835257,-0.020689206410484218,-0.02090622657660325,46064925.0
2024-04-22 00:00:00-04:00,412.77671832487005,416.6046733073807,409.44333179355846,414.27032470703125,47807700,426.23094177246094,431.78841400146484,432.1934930419922,35.11923912665182,-4.451535102433127,-1.5190305241020612,-2.9325045783310655,449.75873646550116,413.81809153742853,431.78841400146484,6.650707808620043,0.010056734360140762,0.010006501909347503,47042615.0
2024-04-23 00:00:00-04:00,416.1991163771081,421.6492702748659,414.3197623321765,420.4524230957031,44384700,424.53358154296876,430.8146087646484,431.96791381835936,42.209725296772184,-4.46251490259408,-2.1077273998004653,-2.3547875027936147,449.0241653279653,412.60505220133155,430.8146087646484,6.702724791421086,0.014922860798788351,0.014812610392647732,47872390.0
2024-04-24 00:00:00-04:00,423.5484749976912,425.06185339854517,419.5919270021446,421.8768310546875,48440300,423.3604736328125,429.9832397460938,431.80460571289063,43.735456547004105,-4.306634454110622,-2.547508810662497,-1.759125643448125,448.2308157142575,411.73566377793003,429.9832397460938,6.614667763205335,0.003387798192472591,0.0033820725321197743,48587305.0
2024-04-25 00:00:00-04:00,414.6857171994804,420.6996860627022,413.59769082942586,419.8391418457031,57392200,421.29120483398435,428.97530975341795,431.73469177246096,42.026107753782526,-4.297978148418792,-2.8976026782137563,-1.4003754702050362,447.1255943738332,410.82502513300267,428.97530975341795,6.733558653352214,-0.0048300571612102106,-0.004841759584756738,49388955.0
2024-04-26 00:00:00-04:00,422.9747359747383,427.8511738733555,422.2823582242487,426.3180236816406,41874900,420.5721069335938,428.33187713623045,431.70209228515625,48.868838907014265,-3.7253824559253985,-3.063158633756085,-0.6622238221693135,445.8913373584588,410.77241691400206,428.33187713623045,6.824878180087938,0.015431819452219164,0.015313959904673397,49640720.0
2024-04-29 00:00:00-04:00,428.42488809783015,429.0480492004489,425.3091127708003,428.04901123046875,30022200,420.73927307128906,427.72850341796874,431.67862609863283,50.54825087459072,-3.0962286193824866,-3.0697726308813653,-0.026455988501121297,444.4353585150833,411.0216483208542,427.72850341796874,6.6044537693422685,0.004060319884858554,0.004052099031424761,49205380.0
2024-04-30 00:00:00-04:00,426.4663972204679,427.86108396605516,419.8985434573329,419.9776611328125,43665900,420.09534912109376,426.9114791870117,431.57157348632813,43.39153851391553,-3.2118855515976747,-3.0981952150246275,-0.11369033657304728,443.4555903145647,410.3673680594587,426.9114791870117,6.714883341041811,-0.018856135362757542,-0.01903617916261824,49175690.0
2024-05-01 00:00:00-04:00,418.5532769953046,425.4673645155584,416.09033575149846,416.94097900390625,52251700,419.6680450439453,425.89365844726564,431.46799743652343,41.03743543992021,-3.5081397218603456,-3.1801841163917715,-0.32795560546857416,442.2604695930959,409.5268473014354,425.89365844726564,6.905036585543107,-0.007230580123512631,-0.007256847463300046,49790785.0
2024-05-02 00:00:00-04:00,420.6798568179414,423.1625997737883,416.0606049995212,422.2624816894531,36559000,420.01324768066405,425.4762390136719,431.50463500976565,46.51367936418581,-3.275761553026882,-3.199299603718794,-0.07646194930808825,441.7661813840417,409.18629664330206,425.4762390136719,6.919105027594822,0.012763203795079558,0.012682440581786195,48755350.0
2024-05-03 00:00:00-04:00,429.72058738697507,431.7384348809257,427.9203511932158,430.7492980957031,48515300,422.07361755371096,425.2294464111328,431.4648406982422,53.87181795525261,-2.379357273778112,-3.035311137730658,0.6559538639525462,441.03562410177915,409.4232687204865,425.2294464111328,7.101737039300375,0.020098438232766025,0.019899130710914634,48443885.0
2024-05-06 00:00:00-04:00,432.5495329935745,435.5565174735854,431.7780074570127,435.4674987792969,30227200,424.1933349609375,425.2121383666992,431.5448974609375,57.38203696420417,-1.2735503648631834,-2.6829589831571634,1.40940861829398,440.972610571557,409.4516661618414,425.2121383666992,6.937842920627655,0.010953472714761103,0.010893917925684423,48548000.0
2024-05-07 00:00:00-04:00,435.9126505391316,437.1688435542686,434.80479183797706,435.5367736816406,30996100,425.70177001953124,425.11767578125,431.6308831787109,57.43325495212809,-0.3871378330207449,-2.22379475312988,1.8366569201091352,440.604463796541,409.630887765959,425.11767578125,6.611143548889362,0.00015908168241707266,0.00015906903026803132,48125625.0
2024-05-08 00:00:00-04:00,432.9155500947103,436.684159179944,432.7968283132177,435.2795715332031,24896700,427.0420440673828,425.20125885009764,431.69098083496095,57.15859538828638,0.2912391967014969,-1.7207879631636047,2.0120271598651014,440.8871973817633,409.515320318432,425.20125885009764,6.416585500163428,-0.0005905406018035242,-0.000590715039583155,46295350.0
2024-05-09 00:00:00-04:00,435.54661913008255,436.8028422580396,433.69693803654405,436.2291259765625,24580100,428.68104248046876,424.9861236572266,431.816103515625,57.95796021848237,0.8951601391540862,-1.1975983427000665,2.092758481854153,439.9253680942034,410.04687922024976,424.9861236572266,6.1801082659728666,0.002181481754392367,0.002179105777875507,45250625.0
2024-05-10 00:00:00-04:00,437.73263958289897,439.4834009785405,435.71479191286244,437.2578430175781,27116600,429.7750244140625,425.17356567382814,431.88810668945314,58.85368184949842,1.4401792154113195,-0.6700428310777893,2.110222046489109,440.62127139781705,409.7258599498392,425.17356567382814,6.007858323094665,0.0023582034755535997,0.0023554272774409355,43923205.0
2024-05-13 00:00:00-04:00,439.1669029109842,439.2658226427781,436.8523260801147,438.26678466796875,22994200,430.7968017578125,425.7680374145508,431.8496984863281,59.75922758897919,1.9312615382604577,-0.14978195721013993,2.0810434954705976,442.2366342882476,409.299440540854,425.7680374145508,5.751118197349575,0.002307429509846637,0.0023047714823972443,41900235.0
2024-05-14 00:00:00-04:00,437.84144756940225,441.61995781366716,437.6535091414476,441.0858154296875,34478300,432.9076171875,426.50148315429686,431.8990838623047,62.258518465472854,2.5188839142107327,0.3839512170740346,2.134932697136698,444.275215805156,408.72775050343773,426.50148315429686,5.6236418026974295,0.006432225439704453,0.00641162695984386,41243200.0
2024-05-15 00:00:00-04:00,443.5586593238126,448.22738676768705,442.04528105207277,447.9801025390625,41464700,436.01152954101565,427.8397872924805,432.2438140869141,67.56428572438332,3.5005382070654605,1.0072686150723198,2.4932695919931405,447.72485970415556,407.9547148808054,427.8397872924805,5.732065340933295,0.015630262566160402,0.01550936812614488,40472410.0
2024-05-16 00:00:00-04:00,447.7921494818684,449.75065137557704,446.90193232511433,447.0700988769531,34780400,438.49229125976564,429.25276947021484,432.5162115478516,66.24057883878942,4.157155515235559,1.6372459951049676,2.519909520130591,450.3498128611899,408.1557260792398,429.25276947021484,5.526112034471111,-0.002031348394608723,-0.002033414381058495,39883960.0
2024-05-17 00:00:00-04:00,447.1987128623173,447.8021021267529,444.65665372349514,446.8525390625,35803700,440.1026153564453,431.08811645507814,432.6526788330078,65.90812312185749,4.606869084697621,2.2311706130234983,2.3756984716741227,451.5953062595701,410.58092665058615,431.08811645507814,5.356064632241586,-0.00048663467988496745,-0.0004867531249686831,37912595.0
2024-05-20 00:00:00-04:00,447.07009790490423,450.6309665241783,446.88215948281277,449.96826171875,24474200,441.5526916503906,432.8730133056641,432.97849548339843,68.35744586096402,5.155256519564432,2.815987794331685,2.339268725232747,453.42844469952826,412.3175819117999,432.8730133056641,5.243376262915636,0.006972596961822841,0.006948400815832193,36745920.0
2024-05-21 00:00:00-04:00,448.11857455171366,451.03651019690585,447.92073510394465,450.84857177734375,23167700,443.08387145996096,434.39282073974607,433.35412170410154,69.0343647793088,5.596379596916961,3.3720661548487403,2.2243134420682207,455.5365297209557,413.24911175853646,434.39282073974607,5.091404750776034,0.001956382557363634,0.001954471333325866,35685070.0
2024-05-22 00:00:00-04:00,451.1057864827058,451.857540210049,448.1581475603907,450.75958251953125,25120000,444.6318725585937,435.83695831298826,433.6040942382813,68.87396387873207,5.871113581719101,3.8718756402228127,1.999237941496288,457.3069018348568,414.36701479111974,435.83695831298826,4.99197531498191,-0.0001973817006044598,-0.00019740118293600588,34519055.0
2024-05-23 00:00:00-04:00,455.546948488236,455.5766213852706,446.9414763015437,448.7318115234375,40899200,445.88214111328125,437.281591796875,433.8808819580078,65.15877914590061,5.857694218764948,4.269039355931239,1.5886548628337085,458.13057337250035,416.4326102212496,437.281591796875,5.252201727035124,-0.004498564367194313,-0.004508713356569638,33694405.0
2024-05-24 00:00:00-04:00,450.34411215761514,454.24131365132826,448.64279561626796,452.9752197265625,29669500,447.45387878417966,438.6144515991211,434.26446655273435,68.93515423898536,6.118931620474427,4.639017808839878,1.4799138116345496,459.89336130066835,417.3355418975738,438.6144515991211,5.276938606179779,0.00945644613141794,0.009412013839449389,33084135.0
2024-05-28 00:00:00-04:00,454.19186344679855,454.7457776824367,451.7289222852623,454.6864318847656,26216800,449.09584350585936,439.9463226318359,434.78540466308596,70.33167844119124,6.3903803367647924,4.989290314424861,1.4010900223399316,461.7415624864274,418.1510827772444,439.9463226318359,5.115504091250825,0.003777716933911046,0.0037705992813140033,32893865.0
2024-05-29 00:00:00-04:00,450.5320959428548,453.26209332010234,450.3936022845126,451.4816589355469,29739200,450.1354278564453,441.52152252197266,435.16048522949217,64.48491541724408,6.27457758193475,5.246347767926839,1.0282298140079114,461.81858560654337,421.22445943740195,441.52152252197266,5.056741627608124,-0.007048314452521298,-0.007073271158445004,32197530.0
2024-05-30 00:00:00-04:00,450.55187839736584,450.69037205896115,445.31933550680014,446.644775390625,30536800,450.00189514160155,443.00671234130857,435.417265625,56.808929583762584,5.726495510242955,5.3423773163900625,0.3841181938528928,459.9642043352243,426.04922034739286,443.00671234130857,5.135711756260882,-0.010713355568697347,-0.010771156762985812,31111785.0
2024-05-31 00:00:00-04:00,446.8722569938479,447.5646648820336,438.2469822206981,445.8138732910156,55941300,449.8762725830078,444.18428192138674,435.55455688476565,55.5848728286959,5.16554448304845,5.30701074972174,-0.14146626667329,458.238507752504,430.1300560902695,444.18428192138674,5.4344239637662115,-0.0018603197560805862,-0.0018620522999351658,32080900.0
2024-06-03 00:00:00-04:00,449.6319706436315,450.6309783922545,443.0344141981781,448.2076110839844,32997500,450.01177978515625,445.0571975708008,435.69817993164065,58.36794339157873,4.858139775904419,5.217236554958276,-0.35909677905385706,457.76982964362173,432.34456549797983,445.0571975708008,5.58886255164551,0.005369365864050124,0.005355002212020836,31305010.0
2024-06-04 00:00:00-04:00,447.9504376680651,450.63099030230364,446.22934906552973,449.43414306640625,23767400,449.9583679199219,445.7555297851562,435.85624450683594,59.75932280200451,4.659775223025747,5.1057442885717705,-0.44596906554602356,457.8012513693715,433.7098082009409,445.7555297851562,5.504061029154682,0.002736526449105936,0.002732788977509882,30982020.0
2024-06-05 00:00:00-04:00,453.00490099928925,458.5737160540312,449.4736752346723,458.4945983886719,33817400,450.7229705810547,446.90342102050784,436.2275659179688,68.21111532304472,5.174029912739968,5.11940141340541,0.05462849933455782,459.2079311630541,434.59891087796154,446.90342102050784,5.7637404547597,0.02015969516790106,0.019959178931432044,31123085.0
2024-06-06 00:00:00-04:00,459.17710658249314,459.4936376169888,457.16915999813136,458.3363342285156,21966800,451.48064575195315,448.05625915527344,436.62420837402345,67.94267766396857,5.505347643612026,5.196590659446733,0.30875698416529307,460.10633601360934,436.00618229693754,448.05625915527344,5.518078823623824,-0.0003451821694573365,-0.0003452417585355115,30976590.0
2024-06-07 00:00:00-04:00,457.9703600587807,460.6805853594163,456.82295769418954,457.9307861328125,25829700,452.4005432128906,449.14134216308594,436.9828692626953,67.21274234208386,5.669836642858968,5.291239856129181,0.378596786729787,460.6313279122964,437.6513564138755,449.14134216308594,5.399475169452605,-0.000884826415487594,-0.0008852181054491609,31039070.0
2024-06-10 00:00:00-04:00,456.8032358696626,460.13662257873057,456.5163777005726,459.780517578125,20660800,453.08107299804686,450.2674758911133,437.39474609375,68.85622084848042,5.881653191833948,5.409322523270134,0.47233066856381356,461.28300874874606,439.25194303348053,450.2674758911133,5.272387291502987,0.004039325376949066,0.004031189204604373,30716280.0
2024-06-11 00:00:00-04:00,458.5045681782186,463.0546043632941,457.0109616657925,462.9358825683594,22053300,453.90601806640626,451.5009307861328,437.85113403320315,71.48225141776304,6.232288969404806,5.573915812497069,0.6583731569077367,462.38903015226447,440.61283142000116,451.5009307861328,5.327476963360033,0.006862763578707298,0.006839322004945722,30669235.0
2024-06-12 00:00:00-04:00,466.862728194943,471.3237453921932,466.17035045815595,468.999267578125,34532600,455.65777893066405,452.8966033935547,438.50475646972654,75.71910440091628,6.91966920652095,5.843066491301846,1.0766027152191047,465.1563967122816,440.6368100748278,452.8966033935547,5.546075953393875,0.013097677752102799,0.013012644855049922,30671950.0
2024-06-13 00:00:00-04:00,472.53048823334285,473.1932232482495,469.26634848832265,471.5413513183594,25859000,458.1474365234375,454.07466583251954,439.1896356201172,77.24545962196748,7.582145654120552,6.190882323865587,1.391263330254965,468.5467816654913,439.60254999954776,454.07466583251954,5.44949593316035,0.005420229659123921,0.005405593079606275,29891665.0
2024-06-14 00:00:00-04:00,471.3434883571342,474.05374389556346,470.87859282283176,473.9844970703125,23372600,460.96449890136716,455.4203857421875,440.0571081542969,78.63550132129015,8.20966850747692,6.594639560587854,1.6150289468890655,471.9026723771879,438.93809910718704,455.4203857421875,5.287042728844017,0.005181190886276443,0.0051678146999323184,29321275.0
2024-06-17 00:00:00-04:00,474.2515381397125,481.57114467660335,472.94590045979214,479.79071044921875,37054500,464.1228088378906,457.0672943115234,440.93921936035156,81.5241371273863,9.070933707626352,7.089898389995555,1.9810353176307975,476.170107907829,437.96448071521786,457.0672943115234,5.525485692270244,0.012249795963358068,0.012175374362672353,29383815.0
2024-06-18 00:00:00-04:00,479.7412776538949,480.6215937616727,478.1784245124455,479.9390869140625,24438600,467.1733032226563,458.5658355712891,441.82172790527346,81.59263049581006,9.654177970379067,7.602754306072257,2.0514236643068093,479.79033816349056,437.3413329790876,458.5658355712891,5.305320232052888,0.0003092524753236514,0.00030920466663328773,29382035.0
2024-06-20 00:00:00-04:00,481.13598584006996,481.55140643530837,474.4098367852232,476.23974609375,33918700,468.94781799316405,459.83539428710935,442.59800231933593,74.20630239835381,9.706012492905415,8.02340594343889,1.6826065494665254,482.0748768236438,437.5959117505749,459.83539428710935,5.436480904769479,-0.007707938197113129,-0.0077377978894785406,29919585.0
2024-06-21 00:00:00-04:00,475.96278303672466,477.2981238769037,473.4701689381695,474.9637451171875,37456800,470.6105590820313,461.0456024169922,443.4251190185547,71.79214310103914,9.53422450538227,8.325569655827566,1.2086548495547031,483.80599557136804,438.2852092626164,461.0456024169922,5.321586192909817,-0.0026793248296232974,-0.00268292064473523,30536425.0
2024-06-24 00:00:00-04:00,473.73725096126896,475.47099181592733,469.41777397286,469.55645751953125,37751000,471.77312622070315,462.0868347167969,444.00561157226565,62.511125512240625,8.859630068559568,8.432381738373968,0.42724833018560027,484.399608623561,439.7740608100328,462.0868347167969,5.3738455964924965,-0.0113846323077188,-0.011449933325909949,30379015.0
2024-06-25 00:00:00-04:00,471.64687235329933,475.2233175695722,470.70568664689,474.9261169433594,29014700,473.2876861572266,463.1843795776367,444.8339538574219,67.0645140399514,8.65848611832223,8.47760261436362,0.18088350395860964,485.7544169856862,440.61434216958725,463.1843795776367,5.394775200317386,0.011435599144336672,0.011370706932723275,30346275.0
2024-06-26 00:00:00-04:00,474.10382358424476,476.45182952740066,473.6877426969305,475.90692138671875,22737100,474.5847900390625,464.2454040527344,445.8245452880859,67.83304717414688,8.480463308138496,8.478174753118596,0.002288555019900329,487.11094773471,441.37986037075876,464.2454040527344,5.20686888818544,0.0020651726834310935,0.002063043145729605,30172290.0
2024-06-27 00:00:00-04:00,475.65925957490293,478.6115836474214,474.8468708373985,477.1354064941406,26222100,475.3984039306641,465.52809143066406,446.83891540527344,68.81461822244232,8.34234210293829,8.451008223082535,-0.10866612014424604,488.2635204993866,442.79266236194155,465.52809143066406,5.1038577397452585,0.0025813558328637853,0.0025780298563522204,29996435.0
2024-06-28 00:00:00-04:00,477.9279271409459,482.67343166507135,474.014614539721,474.6585693359375,34881600,475.7101257324219,466.9287811279297,447.9078063964844,64.5385625751055,7.941475606438303,8.349101699753689,-0.40762609331538613,488.24565727920805,445.6119049766514,466.9287811279297,5.357783410145623,-0.0051910571391090565,-0.00520457748644718,30213675.0
2024-07-01 00:00:00-04:00,475.5799670851858,478.00718604712443,471.83508819375936,477.4425048828125,24898300,476.05592651367186,468.51021270751954,449.0804473876953,67.0192368848206,7.758985596037348,8.23107847901042,-0.4720928829730724,487.9355908590963,449.0848345559428,468.51021270751954,5.41594872751844,0.0058651328064502906,0.005847999873675005,28661525.0
2024-07-02 00:00:00-04:00,475.9465095327891,482.5149149741949,475.81771252663776,482.4554748535156,26723600,476.32240295410156,470.2226058959961,450.5266448974609,70.95880414154234,7.927482644285931,8.170359312065523,-0.24287666777959238,488.1689452255445,452.27626656644765,470.2226058959961,5.5074668503783455,0.010499630676857219,0.010444892375927295,28347830.0
2024-07-03 00:00:00-04:00,481.7025280801993,486.6065496921619,481.7025280801993,486.4777526855469,18064900,476.97626953125,472.0747863769531,451.9707934570313,73.67588886328514,8.290019786702203,8.19429140699286,0.09572837970934245,488.6507547426823,455.49881801122393,472.0747863769531,5.464363619062936,0.008337096461082716,0.008302534835251145,28062705.0
2024-07-05 00:00:00-04:00,487.31985444021234,491.986085268142,487.0226236059382,491.5501708984375,28495900,478.50731201171874,473.7275650024414,453.39274841308594,76.64360384212642,8.884223048749448,8.332277735344178,0.5519453134052696,491.1289970646219,456.3261329402609,473.7275650024414,5.467504259315235,0.010426824628441578,0.010372840225532599,27796630.0
2024-07-08 00:00:00-04:00,491.9167358967407,493.27400238194434,490.89630684162825,492.7192077636719,22109400,480.28285827636716,475.4467086791992,454.8095959472656,77.27935472397276,9.34177870998758,8.534177930272858,0.807600779714722,493.2159663985335,457.6774509598649,475.4467086791992,5.246803636529583,0.0023782656063320307,0.0023754420086422776,27803760.0
2024-07-09 00:00:00-04:00,494.2349885715734,495.35449456674047,491.6294190927061,493.14520263671875,25614500,482.64173278808596,477.20742950439455,456.2757171630859,77.51948572397868,9.627785970517039,8.752899538321694,0.8748864321953445,494.66113391754624,459.75372509124287,477.20742950439455,5.138108767779926,0.0008645793919428435,0.0008642058584644177,27793000.0
2024-07-10 00:00:00-04:00,495.0672133936126,498.84181247432565,493.7595004189231,498.2870178222656,28046900,484.9778228759766,479.13275451660155,457.71509704589846,80.23482997013065,10.15232066555643,9.032783763768641,1.1195369017877894,496.9634765716428,461.3020324615603,479.13275451660155,5.178001701338995,0.010426574481623208,0.010372592660005599,28162305.0
2024-07-11 00:00:00-04:00,498.3960104304496,498.6040508659988,486.1706643474196,487.3594970703125,49966600,486.1230804443359,480.3539352416992,458.9013067626953,62.85804632921762,9.575873877576214,9.141401786530157,0.43447209104605733,496.87778606341095,463.8300844199875,480.3539352416992,5.69624347399901,-0.021930173496614858,-0.022174214253256445,29557970.0
2024-07-12 00:00:00-04:00,487.934120777822,494.97804756604864,487.4684863179307,490.22265625,37109400,487.4318054199219,481.415104675293,460.30620666503904,64.99708765284123,9.24351517337783,9.161824463899691,0.0816907094781385,497.6084971249588,465.2217122256272,481.415104675293,5.833551118408805,0.005874840229643574,0.005857650646959297,29686810.0
2024-07-15 00:00:00-04:00,491.99600089511654,496.3551448499589,489.49942500337625,491.540283203125,31151400,489.11997680664064,482.41505126953126,461.7981927490234,65.96842076440811,8.982890815370524,9.126037734193858,-0.14314691882333364,498.5157355170083,466.3143670220542,482.41505126953126,5.906563170421222,0.002687813254500071,0.002684207543993776,29951430.0
2024-07-16 00:00:00-04:00,492.99662197224063,493.80901063185854,488.56815140505716,491.728515625,25950600,490.5485778808594,483.3022521972656,463.18751342773436,66.11309213579688,8.69134450796031,9.039099088947149,-0.3477545809868392,499.4024635664117,467.2020408281195,483.3022521972656,5.859012888734091,0.00038294404000494,0.0003828707356497659,30080330.0
2024-07-17 00:00:00-04:00,483.74340981561966,484.2585676332021,477.224557622275,477.29388427734375,56268800,490.0324188232422,483.1774108886719,464.1184051513672,48.93379640013851,7.212397811937478,8.673758833545214,-1.4613610216077362,499.42266793940615,466.9321538379376,483.1774108886719,6.476508968304872,-0.029354879550374302,-0.029794355919019244,31041045.0
2024-07-18 00:00:00-04:00,481.0189557238677,481.19727609369016,471.8449804007106,475.0350646972656,49347400,488.8881500244141,482.93220977783204,464.9097564697266,46.88086683242537,5.791295587161926,8.097266184268557,-2.305970597106631,499.51021008464346,466.3542094710206,482.93220977783204,6.681922305781636,-0.004732555045196429,-0.004743789041508603,32286485.0
2024-07-19 00:00:00-04:00,474.69823041742177,477.2146398442787,469.53664478511604,470.8245544433594,42042900,486.8155883789062,482.6614501953125,465.6155120849609,43.239351213126625,4.2760175778419125,7.333016462983229,-3.056998885141317,499.834047572345,465.48885281828,482.6614501953125,6.753070359594565,-0.008863577800492628,-0.008903092976719578,32692695.0
2024-07-22 00:00:00-04:00,476.6895495582666,478.85920470287533,473.2715913896256,477.8387756347656,40300000,485.3275451660156,482.8052017211914,466.46669616699216,50.18167796612181,3.5996434196795235,6.586341854322488,-2.986698434642965,499.76445134958954,465.84595209279325,482.8052017211914,6.844611781017521,0.014897738712244868,0.014787857380927567,32834855.0
2024-07-23 00:00:00-04:00,476.9372401363334,479.92917053758373,475.67905054621997,476.1545715332031,23282500,483.62848205566405,483.135107421875,467.265205078125,48.64323947769716,2.8943466048160076,5.8479428044211925,-2.953596199605185,499.2881606524013,466.98205419134865,483.135107421875,6.659290938899396,-0.0035246283630397945,-0.0035308544997724833,32111430.0
2024-07-24 00:00:00-04:00,469.4177730491382,469.7843305630981,458.2128560235188,459.07476806640625,58818600,479.70725708007814,482.34253997802733,467.70154357910155,36.441872837088546,0.9462881786705566,4.867611879271065,-3.9213237006005084,501.33493206277603,463.35014789327863,482.34253997802733,7.4651784082411785,-0.03587029189240043,-0.036529441444059306,33601625.0
2024-07-25 00:00:00-04:00,459.4116141087208,463.5924076204099,451.39678130888416,454.0122375488281,59256800,476.3725311279297,481.2478057861328,468.0164526367187,33.74037075415461,-0.9946009221752092,3.6951693189818107,-4.68977024115702,503.79009837390305,458.70551319836255,481.2478057861328,7.803067544190077,-0.011027681915303678,-0.011088937554284984,35427610.0
2024-07-26 00:00:00-04:00,458.35151444667815,461.60103876896824,455.4982676790012,458.6685485839844,39992100,473.2171203613281,480.324462890625,468.3681072998047,38.272889200803014,-2.132462432316288,2.529642968722191,-4.662105401038479,504.8871767527923,455.7617490284577,480.324462890625,7.787762806757938,0.010255915259675064,0.010203680202734041,36116110.0
2024-07-29 00:00:00-04:00,461.3830856787975,463.56265759959666,457.3310894463461,459.58990478515625,28218500,470.02208251953124,479.57102966308594,468.60030334472657,39.15974270127996,-2.9261493039023776,1.4384845141972773,-4.364633818099655,505.65972790145105,453.4823314247208,479.57102966308594,7.676606045793126,0.002008762545451015,0.002006747679775617,35782955.0
2024-07-30 00:00:00-04:00,461.5218514548279,462.2252464673246,449.93054261059604,453.2791442871094,41317200,466.17714538574216,478.3628616333008,468.7244842529297,35.40735082239591,-4.018059806511701,0.3471756500554817,-4.3652354565671825,506.86072154586884,449.8650017207327,478.3628616333008,8.006470175145658,-0.013731286158247924,-0.013826432257582445,36603900.0
2024-07-31 00:00:00-04:00,463.5230477398301,468.39734966717026,462.076620963173,466.6933288574219,44552100,465.11708984375,477.5747543334961,469.1213000488281,47.02693797536852,-3.7576779860637544,-0.4737950771683655,-3.283882908895389,506.4456613088536,448.70384735813866,477.5747543334961,8.514451261211033,0.029593650489720957,0.029164210312738543,37495325.0
2024-08-01 00:00:00-04:00,467.37689795882113,471.1316633842162,451.74351079884156,455.3893127441406,56653900,463.1525146484375,476.0203323364258,469.22972106933594,40.42709883243108,-4.4125974692672685,-1.2615555555881461,-3.1510419136791223,506.1276478323558,445.91301684049574,476.0203323364258,9.291144212937004,-0.024221507817470234,-0.024519673058181472,39424775.0
2024-08-02 00:00:00-04:00,446.7008203668183,449.35591337831903,440.340454930092,444.5806884765625,66323200,460.5281280517578,473.671858215332,469.1043634033203,35.322512309775675,-5.737651450737644,-2.156774734618046,-3.5808767161195982,505.8253057386735,441.51841069199054,473.671858215332,9.702409470159264,-0.023734909812543004,-0.024021120649412718,41316140.0
2024-08-05 00:00:00-04:00,420.76401989618296,438.1807014186111,419.51574708871345,431.3249816894531,87483500,455.8767486572266,470.6021469116211,468.7156713867187,30.273885096544404,-7.767848114955427,-3.278989410685522,-4.488858704269905,506.4105671926116,434.7937266306306,470.6021469116211,10.799733178565678,-0.029816200142503968,-0.0302697410454368,44584845.0
2024-08-06 00:00:00-04:00,433.1677010049891,442.91627380301435,430.5224947083419,435.4463195800781,63164400,451.80592346191406,467.7172027587891,468.44996154785156,33.45834183964675,-8.941167856444281,-4.411425099837274,-4.529742756607007,505.0602063705544,430.3741991470238,467.7172027587891,10.913593601144731,0.009555064198883523,0.00950970329494722,46462340.0
2024-08-07 00:00:00-04:00,442.3416401709685,444.8283293708516,430.334252242324,430.73052978515625,54929200,448.97149963378905,464.3393783569336,468.00506774902345,31.675688683663736,-10.134730169097963,-5.556086113689412,-4.578644055408551,502.22817887790444,426.45057783596275,464.3393783569336,11.16934242452922,-0.010829784482894511,-0.01088885345548241,47806455.0
2024-08-08 00:00:00-04:00,436.9621628383831,444.8184789180148,433.0884865440954,443.90704345703125,47890100,447.9609802246094,462.16675567626953,467.78947998046874,41.1160784585169,-9.903243936878312,-6.425517678327193,-3.477726258551119,499.5056219745992,424.82788937793987,462.16675567626953,11.37781433226703,0.030591083660699292,0.030132505274230944,47702630.0
2024-08-09 00:00:00-04:00,442.58933486287685,447.8599140690418,441.4698288405631,446.2252502441406,33574000,446.716650390625,459.9668853759766,467.6843518066406,42.618267734065206,-9.424094422214466,-7.0252330271046475,-2.3988613951098188,495.5791420691436,424.35462868280956,459.9668853759766,11.021547967710722,0.00522227980222123,0.005208690988249148,47525860.0
2024-08-12 00:00:00-04:00,447.19619606278854,450.1484898369526,444.3825556071596,447.186279296875,27795000,445.4762878417969,457.7491851806641,467.69518188476565,43.2644458712935,-8.864632007120576,-7.393112823107834,-1.4715191840127426,490.6407181098913,424.8576522514369,457.7491851806641,10.646146986430884,0.0021536859516770868,0.002151370094577714,47358040.0
2024-08-13 00:00:00-04:00,451.5850231776538,458.5497068481307,451.4463093931689,458.2821960449219,40084500,445.9765930175781,456.07686920166014,467.9445483398438,50.23284159310578,-7.440140949785473,-7.402518448443362,-0.03762250134211076,485.05624490451356,427.0974934988067,456.07686920166014,10.6973813124898,0.02481273970546094,0.024509902929695952,48064735.0
2024-08-14 00:00:00-04:00,459.2035379429091,460.7886481545662,454.1409992347584,458.4307861328125,34733700,445.1503387451172,455.1337142944336,468.1490118408203,50.320837627865714,-6.2274454311893805,-7.1675038449925665,0.940058413803186,482.4709030791355,427.79652550973174,455.1337142944336,10.408114713012514,0.0003242327307781956,0.00032418017870543617,46987980.0
2024-08-15 00:00:00-04:00,464.40482025936376,470.40851515300034,464.02834595348503,470.0122375488281,38280600,446.6126312255859,454.88257293701173,468.5605737304688,56.74111013441245,-4.282483354302997,-6.590499746854652,2.3080163925516555,481.56835461939556,428.1967912546279,454.88257293701173,10.520230020667894,0.025263249690783862,0.024949408582076678,46434640.0
2024-08-16 00:00:00-04:00,468.22887332563755,471.98366882565296,467.2678844056032,470.6164855957031,38383600,449.2162109375,454.8721694946289,468.8030114746094,57.05296272450635,-2.66164731477744,-5.80472926043921,3.14308194566177,481.53323394663306,428.21110504262475,454.8721694946289,10.105626763480885,0.0012856006686681187,0.00128477499171328,46251675.0
2024-08-19 00:00:00-04:00,470.75522206656456,476.838159775864,468.9719276760101,476.79852294921875,23737700,453.76356506347656,454.8201568603516,469.17225524902346,60.213161964041596,-0.8682753887744639,-4.81743848610626,3.9491630973317964,481.30527592939313,428.33503779131,454.8201568603516,9.945670001793243,0.01313604079485331,0.01305051121015392,45423560.0
2024-08-20 00:00:00-04:00,475.887072779306,478.4530054535782,474.1037784441942,475.79791259765625,29209300,457.79872436523436,454.80232391357424,469.5295977783203,59.45063396470299,0.46686219345406244,-3.7605783501941956,4.2274405436482585,481.2303782746791,428.3742695524694,454.80232391357424,9.545924073764013,-0.002098602037131414,-0.0021008071880828736,45719900.0
2024-08-21 00:00:00-04:00,476.58054970811685,479.86971082600905,474.86664249742586,478.01708984375,25658800,462.5273803710937,455.7494400024414,469.89432922363284,60.64110528714402,1.6846181741653368,-2.671539045322289,4.356157219487626,484.0158203402402,427.4830596646426,455.7494400024414,9.22143437767967,0.0046641172382997365,0.004653273946676806,44061910.0
2024-08-22 00:00:00-04:00,480.335406871414,481.0289153501266,469.4078864699155,470.438232421875,37739600,465.1804992675781,456.57073974609375,470.0443762207031,54.731375035164504,2.014921348485643,-1.7342469665607028,3.749168315046346,485.5334515390297,427.6080279531578,456.57073974609375,9.392833985003344,-0.01585478340189117,-0.015981814974815798,42986050.0
2024-08-23 00:00:00-04:00,474.7873956850109,478.25487736174836,470.8641963105765,475.54034423828125,36061500,468.1120086669922,457.4143295288086,470.1751977539063,57.71868285860663,2.6577498909458086,-0.8558475950594007,3.5135974860052093,487.5321169317471,427.2965421258701,457.4143295288086,9.280249053208346,0.010845444661544468,0.010787054624501505,42789520.0
2024-08-26 00:00:00-04:00,474.9954750129997,475.91682719058724,468.8431499287544,470.92364501953125,27452600,470.4857452392578,457.9810165405273,470.1628436279297,54.23130488973438,2.7628190404836346,-0.13211426795079373,2.894933308434428,488.66244865895953,427.2995844220951,457.9810165405273,9.122636782395807,-0.009708322910320089,-0.009755755923520805,42751225.0
2024-08-27 00:00:00-04:00,469.28896037364865,473.400396779738,467.32734562030106,472.3304443359375,27510000,471.89057006835935,458.93358154296874,470.1297625732422,55.1211402765128,2.9258763647580963,0.4794838585909843,2.446392506167112,490.1502509933777,427.71691209255977,458.93358154296874,8.904809237898744,0.002987319348443318,0.0029828661764920556,42060865.0
2024-08-28 00:00:00-04:00,471.86480810777596,472.5880063433666,463.5428583776521,466.970703125,37372400,472.74456176757815,458.9474502563477,469.8733624267578,51.04898257528157,2.592726805812788,0.902132448035345,1.690594357777443,490.17814046965054,427.7167600430448,458.9474502563477,8.914833432742725,-0.0113474396478358,-0.011412313072873052,41701880.0
2024-08-29 00:00:00-04:00,468.88276216101195,473.4895530413343,465.0090862780714,466.287109375,41081500,472.37204895019534,459.4923400878906,469.6003228759766,50.5361828585461,2.2476337547209937,1.1712327093724748,1.0764010453485189,490.8357675036928,428.14891267208844,459.4923400878906,8.883807242065597,-0.0014638900158517876,-0.0014649625496832106,40923260.0
2024-08-30 00:00:00-04:00,470.62641796700854,472.4691222187162,466.13850734780476,471.844970703125,33466500,472.4948974609375,460.8555541992188,469.5124273681641,54.535005439711306,2.3950098034912912,1.415988128196238,0.9790216752950531,491.8559260870545,429.85518231138303,460.8555541992188,8.70143635841173,0.011919397333489679,0.011848920789624417,39280425.0
2024-09-03 00:00:00-04:00,468.8035075692745,468.9322743417684,455.1416220906215,457.5193176269531,44985200,470.5669769287109,462.16527099609374,469.16353881835937,44.53994187911825,1.3403946697734455,1.4008694365116796,-0.060474766738234154,490.12911867795543,434.20142331423204,462.16527099609374,9.273001519418283,-0.03036093201295409,-0.030831371587893584,37155510.0
2024-09-04 00:00:00-04:00,454.4084967487091,460.13479338816336,453.4772278978257,456.3304443359375,32505100,468.62023010253904,463.20947723388673,468.8990185546875,43.822131845408386,0.4040152036767495,1.2014985899446937,-0.7974833862679442,488.5401676702468,437.8787867975267,463.20947723388673,9.08618466019824,-0.0025985204235353665,-0.0026019024378237158,35622545.0
2024-09-05 00:00:00-04:00,454.7057556737919,461.03637108490403,453.6853265127626,456.75653076171875,34452400,466.4941741943359,464.51077728271486,468.5356268310547,44.169411146543354,-0.30022979367203106,0.9011529132213488,-1.20138270689338,485.30072795301294,443.7208266124168,464.51077728271486,8.962246082479899,0.0009337234257980054,0.0009332877772424809,34598705.0
2024-09-06 00:00:00-04:00,456.05304639419114,456.9347918889345,444.0258552322997,444.5212097167969,50624400,463.9024719238281,464.54148559570314,467.90791259765626,37.08074600687744,-1.8246042790111687,0.35600147477484534,-2.180605753786014,485.21107847156884,443.87189271983743,464.54148559570314,9.244152552062392,-0.026787402523872905,-0.02715272377088448,34735420.0
2024-09-09 00:00:00-04:00,448.8506537145908,451.2283494616286,445.6407659677918,450.2376403808594,32981200,461.37220153808596,464.7421051025391,467.3699572753906,41.7818064155908,-2.5421099991207257,-0.22362082000426886,-2.318489179116457,484.7644470985,444.71976310657817,464.7421051025391,9.062937351545918,0.012859747834539581,0.012777763395398132,34705780.0
2024-09-10 00:00:00-04:00,452.0010913798349,454.90389190042566,448.02836861259885,454.39862060546875,29680300,459.7196990966797,465.10272216796875,466.9647583007812,45.002928789972124,-2.7433583944044244,-0.7275683348843,-2.0157900595201244,484.079817064084,446.1256272718535,465.10272216796875,8.906693489851696,0.009241742252135143,0.00919929865366494,34800045.0
2024-09-11 00:00:00-04:00,455.6370151696974,465.0091145713216,447.08719099889396,464.2660827636719,57843000,458.91326293945315,465.40191650390625,466.70122985839845,51.8119179246833,-2.0826203166144523,-0.9985787312303305,-1.0840415853841219,484.1264495948291,446.6773834129834,465.40191650390625,9.550638495749979,0.021715431585278777,0.021483010333300936,35687970.0
2024-09-12 00:00:00-04:00,464.29578616525714,469.635722410282,462.51252198450715,468.8233337402344,40067800,459.09852600097656,465.92154388427736,466.4285870361328,54.60711858790207,-1.1776730801402095,-1.0343976010123064,-0.14327547912790317,484.4188403479822,447.4242474205725,465.92154388427736,9.377250062180329,0.009816032542016018,0.009768168264567207,35954675.0
2024-09-13 00:00:00-04:00,468.0902315957997,472.1025912298367,467.86235762577684,470.92364501953125,29111800,459.5621795654297,465.9671142578125,466.1175048828125,55.87739972593367,-0.28770186027901445,-0.885058452865648,0.5973565925866335,484.50893504360465,447.42529347202037,465.9671142578125,9.010320315171725,0.004479963193258163,0.004469958028867943,35496235.0
2024-09-16 00:00:00-04:00,468.79361628971213,469.4573744200276,465.524288528779,468.8431396484375,22585600,459.2619964599609,465.8784469604492,465.6633642578125,54.25766802534868,0.2468814517219471,-0.658670471948129,0.9055519236700761,484.34730301966226,447.40959090123613,465.8784469604492,8.752394327713192,-0.004417925056635186,-0.0044277129262261785,34706335.0
2024-09-17 00:00:00-04:00,471.8647931061313,473.1626194637402,466.59421402546843,469.0907897949219,30084400,460.4191436767578,465.49306030273436,465.1907958984375,54.427011642877936,0.6826566343285663,-0.39040505069278997,1.0730616850213561,483.3457567379873,447.6403638674814,465.49306030273436,8.596395121324521,0.0005282153572090387,0.0005280759005838359,35023670.0
2024-09-18 00:00:00-04:00,470.2895966560615,474.38119962315574,466.4555272479723,467.05987548828125,39909200,461.49208679199216,465.0561584472656,464.66908935546877,52.70383252867818,0.8542861160766506,-0.14146681733890187,0.9957529334155525,482.29588648703316,447.81643040749805,465.0561584472656,8.548486353743014,-0.004329469584189671,-0.004338868876741314,35558665.0
2024-09-19 00:00:00-04:00,478.12607832269657,481.7124704668982,476.0257799819862,478.8691101074219,52782500,463.7033447265625,465.09875946044923,464.2807312011719,60.529229412056935,1.921065410527774,0.27103962823443334,1.6500257822933406,482.4700962449382,447.72742267596027,465.09875946044923,8.98449411266258,0.025284198534063274,0.024969841021519397,36914850.0
2024-09-20 00:00:00-04:00,478.0072259983105,479.19608901693704,473.85615243309553,477.95770263671875,34577700,467.0469940185547,465.47473297119143,464.0926953125,59.70814180927729,2.6622638012748894,0.7492844628425246,1.9129793384323648,483.6011337992092,447.34833214317365,465.47473297119143,8.724168574889646,-0.0019032496593874848,-0.001905063140390518,36756755.0
2024-09-23 00:00:00-04:00,479.135323893243,480.315926835132,477.7959811138323,479.224609375,24843000,469.94569091796876,465.65894622802733,463.872734375,60.51005548288095,3.3136993879479633,1.2621674478636125,2.0515319400843506,484.25946189480266,447.058430561252,465.65894622802733,8.281009799633223,0.002650667059641787,0.0026471602372900084,36195830.0
2024-09-24 00:00:00-04:00,480.6333475885268,482.4885720219182,476.3772551624619,481.5361633300781,25952600,472.65944519042966,466.1895721435547,463.6726519775391,61.99626709916946,3.9707179051146113,1.8038775393138122,2.166840365800799,485.93106959256073,446.44807469454867,466.1895721435547,8.126031732477726,0.004823529321861919,0.004811933378268205,36120830.0
2024-09-25 00:00:00-04:00,480.91111874577587,483.9370455260504,480.7325477988355,481.98260498046875,26549900,474.43109741210935,466.67218017578125,463.47773376464846,62.29144198668592,4.475839235061358,2.3382698784633216,2.137569356598036,487.43601880111646,445.90834155044604,466.67218017578125,7.774493589244663,0.0009271196732207887,0.0009266901632274951,36072825.0
2024-09-26 00:00:00-04:00,489.47297902508933,489.80038938586057,481.96276544725106,485.6037902832031,32020200,476.10914306640626,467.6038345336914,463.6439318847656,64.68726758218241,5.109452332701494,2.892506369310956,2.216945963390538,489.9494923702857,445.25817669709704,467.6038345336914,7.77900289991358,0.00751310372058156,0.007485020928395945,35805215.0
2024-09-27 00:00:00-04:00,486.6256530479584,486.76456175281504,481.72467055232573,482.9052734375,22851100,477.30730590820315,468.4347427368164,463.8013360595703,61.54896305310788,5.3323791727030425,3.380480929989373,1.9518982427136695,491.73810824179776,445.1313772318351,468.4347427368164,7.583352064240418,-0.005557034149443862,-0.005572531904750108,34893695.0
2024-09-30 00:00:00-04:00,481.94289313235436,484.55212398862665,479.1054983896482,484.2148132324219,30281100,478.84447326660154,469.05323486328126,464.06914123535154,62.49976169935674,5.550733812496276,3.814531506490754,1.7362023060055218,493.3224109479688,444.7840587785937,469.05323486328126,7.430728745293136,0.0027117943558578883,0.0027081240754102116,34734425.0
2024-10-01 00:00:00-04:00,483.8478010651969,484.1454193353246,473.62913982724353,477.46856689453125,42735400,479.6822509765625,470.05069732666016,464.0617370605469,54.96003388008301,5.120391058172004,4.075703416827004,1.044687641345,493.979142651054,446.1222520022663,470.05069732666016,7.656081935284936,-0.013932341914233093,-0.01403030798541795,34621935.0
2024-10-02 00:00:00-04:00,476.5657209152366,480.05793653831387,473.9465894744548,478.1431884765625,23744000,480.79058227539065,471.1413345336914,464.10150939941406,55.53766724432975,4.7786918633715345,4.21630110613591,0.5623907572356242,494.4492978026993,447.83337126468354,471.1413345336914,7.545743730183088,0.0014129130770199616,0.0014119158545536146,34183880.0
2024-10-03 00:00:00-04:00,475.9506174766113,480.722621801194,475.2065415805555,477.7860107421875,25337200,480.68227233886716,472.1928085327148,464.47573425292967,55.134498851630916,4.428027981359776,4.2586464811806835,0.16938150017909237,494.693577184884,449.6920398805456,472.1928085327148,7.400767765215619,-0.0007470099814932407,-0.000747289132477171,33728120.0
2024-10-04 00:00:00-04:00,483.59977268614915,484.02636896280734,478.57974271825753,483.4707946777344,30686600,481.23358154296875,474.1402877807617,465.0649053955078,60.0992163014713,4.556316501920037,4.318180485328554,0.23813601659148276,493.2035772750689,455.0769982864545,474.1402877807617,7.3178813691730635,0.011898179954486832,0.011827953110282431,32731230.0
2024-10-07 00:00:00-04:00,481.55604432247213,482.72671654095666,477.0717272577596,478.2920227050781,24975100,481.14032287597655,475.54300689697266,465.4573748779297,54.21365104395305,4.1917822053731015,4.292900829337464,-0.10111862396436244,491.18649093024874,459.8995228636966,475.54300689697266,7.252251801373184,-0.010711654208830246,-0.010769436979934363,32330925.0
2024-10-08 00:00:00-04:00,480.83175543826064,486.1196413389746,480.02815591476696,485.4350891113281,28272000,481.53021545410155,477.09483032226564,465.97427856445313,60.02819563934625,4.4282260771768165,4.319965878905335,0.10826019827148148,489.949386429127,464.24027421540427,477.09483032226564,7.2933494322677035,0.014934529674676345,0.014824107629786545,32260510.0
2024-10-09 00:00:00-04:00,485.1374857909003,489.8301353566888,484.09579164367744,489.25469970703125,24995000,482.25742492675784,478.3442611694336,466.69378967285155,62.75215093493822,4.867708291185352,4.429514361361338,0.4381939298240134,490.82033566598517,465.868186672882,478.3442611694336,7.18199188089225,0.007868427069612105,0.00783763242878299,30618110.0
2024-10-10 00:00:00-04:00,486.972850385422,490.5642516662164,485.66326961489864,488.6990966796875,25750400,482.56695556640625,479.3380493164062,467.1339050292969,62.08933426359236,5.112237894951704,4.5660590680794115,0.5461788268722927,491.7886271016221,466.88747153119033,479.3380493164062,7.019062607351216,-0.0011356110174852718,-0.001136256312258952,29902240.0
2024-10-11 00:00:00-04:00,486.86377321706453,490.48496711592765,486.29829849674525,489.46307373046875,20644500,483.2227355957031,480.2650207519531,467.81538024902346,62.673164221048495,5.306505834774498,4.714148421418429,0.5923574133560692,492.8317453434783,467.6982961604279,480.2650207519531,6.816748751053444,0.0015632872169641931,0.001562066555500215,29478875.0
2024-10-14 00:00:00-04:00,491.85402746733337,494.8898548804224,491.34807641617016,493.57037353515625,26060100,484.1582916259766,481.5013824462891,468.7951739501953,65.72888698050357,5.725884907832722,4.916495718701288,0.8093891891314335,494.19479865119155,468.8079662413866,481.5013824462891,6.717465350974885,0.008391439569451986,0.008356427173671055,29652600.0
2024-10-15 00:00:00-04:00,493.8977476785361,494.5624688319381,484.82002737514097,486.972900390625,34784500,485.1087249755859,482.3954879760742,469.90813232421874,57.57552721005387,5.462911852028753,5.025778945366781,0.43713290666197224,493.9327344365044,470.858241515644,482.3954879760742,6.93353507281933,-0.013366833785580345,-0.013456974069623468,29887605.0
2024-10-16 00:00:00-04:00,487.30026609568785,487.8062474023501,483.718795252719,487.03240966796875,22996800,485.9976470947266,483.3941146850586,470.9398541259766,57.626585412259736,5.199370604198009,5.0604972771330266,0.13887332706498245,492.6883624304824,474.09986693963475,483.3941146850586,6.730243435448741,0.0001222024414417877,0.00012219497533168562,29041985.0
2024-10-17 00:00:00-04:00,492.51875901205545,492.56835196515686,487.3102273222296,487.3697509765625,27210700,486.9560211181641,483.81914672851565,472.0726385498047,57.935638366677914,4.9605507496976315,5.0405079716459475,-0.079957221948316,493.0238431222263,474.614450334805,483.81914672851565,6.644936211287267,0.0006926465300816087,0.0006924067611841333,27763395.0
2024-10-18 00:00:00-04:00,490.1575049039297,491.65558736912976,489.4034983212025,490.56427001953125,25335000,487.6653686523438,484.44947509765626,473.0057830810547,60.84780481455938,4.971744112138481,5.026755199744454,-0.05501108760597351,493.6888047574617,475.2101454378508,484.44947509765626,6.476429081378695,0.006554610819747841,0.00653322276761536,27301260.0
2024-10-21 00:00:00-04:00,489.35393242594535,492.3104049952959,487.4292536147581,491.5068054199219,30336500,488.9868469238281,485.06358489990237,473.91141418457033,61.69052797701085,4.9990437971345045,5.021212919222465,-0.02216912208796007,494.46347995555345,475.6636898442513,485.06358489990237,6.362480674175774,0.001921329085693646,0.0019194856937632388,27575935.0
2024-10-22 00:00:00-04:00,488.8381040708334,493.520823605862,488.0840973640778,492.0425720214844,26685800,489.64759521484376,485.58890533447266,474.8085400390625,62.188738199125325,5.006202495223249,5.018210834422622,-0.012008339199373275,495.3103708867302,475.8674397822151,485.58890533447266,6.296355357576374,0.0010900492030925246,0.0010894555308420858,27612595.0
2024-10-23 00:00:00-04:00,489.69123319300365,490.3460236255654,481.2186803721017,484.5025329589844,39346600,489.17237854003906,485.71490173339845,475.33294677734375,51.94944416432473,4.353275823552281,4.885223832248554,-0.5319480086962738,495.3106483251206,476.1191551416763,485.71490173339845,6.619750806991111,-0.015323956688387486,-0.015442581945210563,28252430.0
2024-10-24 00:00:00-04:00,488.2229113611023,489.1058959697234,485.5740180882913,488.4312744140625,22024900,489.1455963134766,485.8562759399414,475.9329565429687,56.01335049328785,4.105517483775884,4.729282562554021,-0.6237650787781366,495.5243508747266,476.18820100515615,485.8562759399414,6.47572310725882,0.008108815099653333,0.008076115310585646,27752665.0
2024-10-25 00:00:00-04:00,491.2289913103662,496.32837561633085,490.52457767560117,491.4075622558594,38762100,489.3400451660156,486.28139038085936,476.36086303710937,58.85254053780503,4.102042971515743,4.603834644346366,-0.5017916728306222,496.1388980065976,476.4238827551211,486.28139038085936,6.577250114045214,0.006093565252076383,0.006075074561468622,28548215.0
2024-10-28 00:00:00-04:00,494.52276578852906,494.58228943962433,491.189320221086,491.4869384765625,20477800,489.13170166015624,486.6449966430664,476.77827209472656,58.928680456245786,4.058905853060139,4.4948488860891205,-0.4359430330289813,496.70516644824704,476.58482683788577,486.6449966430664,6.349801478651865,0.00016152828486948323,0.00016151524058073894,28058050.0
2024-10-29 00:00:00-04:00,491.804448986959,497.3899840518489,489.949224432872,496.2093811035156,28014100,490.0553497314453,487.5820373535156,477.1664892578125,63.28189971101836,4.35557269798079,4.466993648467454,-0.11142095048666434,497.5393940696527,477.6246806373785,487.5820373535156,6.427727060103655,0.009608480423896948,0.009562612555485465,27321985.0
2024-10-30 00:00:00-04:00,495.4454629981242,496.39787173074626,491.9731085864843,492.459228515625,29756000,490.59803161621096,488.29783935546874,477.49971557617187,58.02251025780677,4.239210359235301,4.421436990621023,-0.18222663138572237,497.4650901892986,479.13058852163886,488.29783935546874,6.284658208972108,-0.007557601147222814,-0.007586304525345413,27622585.0
2024-10-31 00:00:00-04:00,488.49075862431425,488.5403515701429,479.92892103885026,480.02813720703125,41245200,489.86387023925784,488.4099456787109,477.5399365234375,44.74668115124834,3.108079187632484,4.1587654300233154,-1.0506862423908316,497.1028222512435,479.71706910617837,488.4099456787109,6.730776013815153,-0.02524288426082233,-0.02556695108023556,28417985.0
2024-11-01 00:00:00-04:00,481.6651469129995,486.8736783677744,481.36752865476586,483.57989501953125,33655800,489.1654327392578,488.41540069580077,477.80276977539063,48.38076915225879,2.4697767084549582,3.820967685709644,-1.351190977254686,497.0960008725396,479.73480051906193,488.41540069580077,6.73897352431001,0.007399061715767985,0.007371822937047618,28566445.0
2024-11-04 00:00:00-05:00,482.9747116073583,485.5144882475446,480.42500426672166,482.1711120605469,23291600,488.2318634033203,488.6093551635742,477.9353851318359,47.05867556438551,1.829155023386022,3.4226051532449198,-1.5934501298588977,496.51530341850116,480.70340690864725,488.6093551635742,6.621152842632362,-0.0029132372406166507,-0.0029174889757766476,28482270.0
2024-11-05 00:00:00-05:00,483.7584717889176,488.986864708101,483.66918631037436,488.3221435546875,24353600,487.8598205566406,488.7537078857422,478.2833551025391,53.08668713618378,1.7970789503046944,3.0974999126568745,-1.30042096235218,496.52686503606145,480.9805507354229,488.7537078857422,6.635052828698202,0.012756947358074422,0.012676262971554478,28286350.0
2024-11-06 00:00:00-05:00,496.6062103649232,502.4100088623021,495.6538016210877,501.5865478515625,43082200,489.56822204589844,489.37030029296875,478.86847717285156,62.89753467283728,2.809597709318666,3.039919471989233,-0.2303217626705667,498.9508736084666,479.7897269774709,489.37030029296875,7.16739657719223,0.027163225079899656,0.026800852183302772,29190710.0
2024-11-07 00:00:00-05:00,504.3841975882403,510.26738017276097,504.3246739438424,509.48358154296875,32853100,491.67345275878904,490.40952453613284,479.71873474121094,67.28415003914262,4.200826231401095,3.2721008238716056,0.9287254075294893,503.3820397361057,477.43700933616,490.40952453613284,7.2754991303355325,0.015744109815607032,0.015621457016419048,29545845.0
2024-11-08 00:00:00-05:00,508.98757082027066,510.85272589475875,508.36254222865756,510.07891845703125,22924500,493.54058837890625,491.44031677246096,480.5945709228516,67.59519254173168,5.290438687927633,3.6757683966828116,1.6146702912448214,506.97202233538,475.9086112095419,491.44031677246096,6.933690882890223,0.0011685104989243023,0.0011678283219002153,29659845.0
2024-11-11 00:00:00-05:00,511.2992862201701,511.50764931023565,506.88445322044754,509.7814025878906,24167500,495.3700347900391,492.25086822509763,481.3532995605469,67.25108607134426,6.060100301765601,4.15263477769937,1.9074655240662315,509.71447496823777,474.7872614819575,492.25086822509763,6.768655540525786,-0.0005832741922379148,-0.0005834443628035303,29565215.0
2024-11-12 00:00:00-05:00,509.7118651333431,510.5947892022127,505.80295361288677,508.8586120605469,25835300,496.6349578857422,493.34515380859375,482.38008544921877,66.12665901777012,6.520437646018479,4.626195351363192,1.894242294655287,512.0475536250475,474.64275399214,493.34515380859375,6.6274541154400834,-0.001810169069838996,-0.0018118094056920751,29117755.0
2024-11-13 00:00:00-05:00,508.35269682828596,510.9122744153452,505.9220366929146,508.203857421875,24567400,498.2094207763672,494.4037261962891,483.4175537109375,65.2924875363774,6.754562686481961,5.0518688183869465,1.7026938680950146,513.9353294021446,474.8721229904335,494.4037261962891,6.510510087367978,-0.0012867123070209319,-0.001287540832093316,29196285.0
2024-11-14 00:00:00-05:00,507.8665643683169,508.739588052962,503.75925058094214,504.6719970703125,28679500,500.67380676269534,495.2688385009766,484.37586303710935,60.83450504020217,6.579275066931416,5.35735006809584,1.2219249988355756,515.0092022884606,475.5284747134925,495.2688385009766,6.401212043414541,-0.0069496921363007,-0.006973953719057876,29269725.0
2024-11-15 00:00:00-05:00,498.9673849410941,499.35428866917067,490.58411760662926,492.647705078125,51461100,501.58058776855466,495.3730102539063,485.33839294433596,48.65469371095471,5.4077611882266865,5.36743229212201,0.04032889610467638,515.0348013882494,475.7112191195631,495.3730102539063,6.950259716290877,-0.02382595440601043,-0.024114383063451532,30576030.0
2024-11-18 00:00:00-05:00,494.1954094353085,498.17374520817333,492.80647371552027,496.0704650878906,27080800,502.97052307128905,495.6011932373047,486.2550494384766,51.62378845014799,4.701322210667513,5.234210275831112,-0.5328880651635988,515.1839801023121,476.01840637229725,495.6011932373047,6.8485297458449805,0.006947682846148329,0.006923658907301276,30413245.0
2024-11-19 00:00:00-05:00,493.49100674201975,499.96942655752554,493.1536656807539,499.4832763671875,24523000,504.0866363525391,495.97322845458984,487.15674255371096,54.4520075702968,4.366515111376543,5.060671242940198,-0.6941561315636546,515.5541696342837,476.392287274896,495.97322845458984,6.846189112339744,0.0068796905268129205,0.006856133437878976,30305105.0
2024-11-20 00:00:00-05:00,499.18562594048456,499.5031055797306,492.6377521945281,499.195556640625,29565500,503.8475372314453,496.7078796386719,487.85533203125,54.16450743980176,4.031488999996839,4.854834794351526,-0.8233457943546876,515.6027391721708,477.81302010517294,496.7078796386719,6.847557988972795,-0.0005760347546671651,-0.000576200726426519,29816050.0
2024-11-21 00:00:00-05:00,502.2412988893756,502.9556129602977,493.62986778963904,500.99127197265625,34526700,502.99830627441406,497.33587951660155,488.4986907958984,55.73535370354251,3.8663092070266885,4.657129676886559,-0.7908204698598702,515.9210142369229,478.7507447962802,497.33587951660155,7.024571359093214,0.003597218180617645,0.0035907636655329784,30441140.0
2024-11-22 00:00:00-05:00,500.4357175118036,502.5290365817057,498.8086569561695,501.7948913574219,23826600,502.16990356445314,497.85524597167966,489.1161157226563,56.45459026945504,3.756940725199115,4.47709188654907,-0.7201511613499552,516.328898418458,479.38159352490123,497.85524597167966,6.788557663839143,0.0016040586527612533,0.0016027735247774006,29694365.0
2024-11-25 00:00:00-05:00,505.8723839670451,507.41015895691515,500.2769490739955,502.5885314941406,26375200,501.45061645507815,498.4103256225586,489.7910235595703,57.19432165703961,3.6917493531898913,4.3200233798772345,-0.6282740266873432,516.7518934766445,480.06875776847284,498.4103256225586,6.813175679487749,0.0015816026635342428,0.0015803532472548516,29989235.0
2024-11-26 00:00:00-05:00,504.06681387960333,506.110570406728,503.2235519980058,505.287109375,26557100,501.0934661865234,498.8642120361328,490.5149499511719,59.70112684201114,3.8138734442120494,4.218793392744198,-0.4049199485321484,517.4135586402779,480.31486543198776,498.8642120361328,6.57809448185201,0.005369358255821632,0.0053549946444255035,29916385.0
2024-11-27 00:00:00-05:00,504.1561023396317,504.2255264165309,497.96536999082,501.3087463378906,24957400,500.403955078125,499.3066879272461,491.1999273681641,54.622514887812116,3.5487294733150634,4.084780608858371,-0.5360511355433077,517.6447768842432,480.96859897024905,499.3066879272461,6.631211974875436,-0.007873470277186212,-0.007904629707285438,29676455.0
2024-11-29 00:00:00-05:00,501.9337807222535,506.3089508903919,501.31868278834094,505.71368408203125,15334000,500.50812377929685,500.5909652709961,491.73681884765625,58.80143997561225,3.6519452765800793,3.998213542402713,-0.3462682658226339,516.8256642144062,484.35626632758607,500.5909652709961,6.514711444705852,0.00878687590495697,0.008748495973476147,28380895.0
2024-12-02 00:00:00-05:00,506.97368662654696,512.1822183655047,506.586752593205,511.2198486328125,25147200,502.36533813476564,501.9729629516602,492.4020617675781,63.345513943271285,4.130432946703763,4.024657423262923,0.1057755234408404,516.8270906443074,487.1188352590129,501.9729629516602,6.511413076046394,0.010887908957369907,0.010829062435032675,27955465.0
2024-12-03 00:00:00-05:00,509.890434903682,513.0651709231122,509.31499924035353,512.787353515625,18597900,504.0370269775391,503.50377502441404,493.0733166503906,64.5444392127337,4.5832891125612605,4.13638376112259,0.4469053514386703,516.0033396573251,491.0042103915029,503.50377502441404,6.314181547954413,0.0030662050524927764,0.0030615138328288203,27720780.0
2024-12-04 00:00:00-05:00,516.2101120920232,519.3848480945504,515.4957677287545,519.1268920898438,26086200,506.0013885498047,505.04401245117185,493.82513122558595,68.96564859038362,5.391577913811034,4.387422591660279,1.0041553221507549,517.2697950944498,492.8182298078939,505.04401245117185,6.334418193023771,0.012362899612783806,0.01228710304025156,27807410.0
2024-12-05 00:00:00-05:00,519.1764451670765,519.9006596223231,517.3013594796879,517.6882934570312,18169600,507.8506622314453,505.84909973144534,494.5392449951172,66.92616898306417,5.848650127399935,4.679668098808211,1.1689820285917243,519.1329943134102,492.56520514948045,505.84909973144534,6.067624046567446,-0.002771188807077829,-0.0027750356593263053,26561780.0
2024-12-06 00:00:00-05:00,518.3530669746475,522.5595667910787,518.2240889616199,522.3214721679688,23762600,509.9836822509766,506.4909942626953,495.2735986328125,70.00290241406763,6.509702156270578,5.045674910300685,1.464027245969893,521.5389064114821,491.44308211390853,506.4909942626953,5.982170424244592,0.008949745956196908,0.008909934339444288,26107255.0
2024-12-09 00:00:00-05:00,521.3987891581372,522.1924580312864,517.102973878682,518.2538452148438,20674400,511.62957763671875,506.8997406005859,495.9805700683594,64.34366504887359,6.6289527107630875,5.362330470393165,1.266622240369922,522.7386060354041,491.0608751657677,506.8997406005859,5.92762241460475,-0.00778759283289987,-0.007818074489582001,25994750.0
2024-12-10 00:00:00-05:00,519.4840803564292,521.2301883413037,515.0592867380795,516.4879150390625,24350000,513.0195159912109,507.23506622314454,496.6260321044922,62.000233445397434,6.50596708888412,5.591057794091356,0.9149092947927633,523.5796588402891,490.890473606,507.23506622314454,5.944999499506134,-0.0034074617913335548,-0.0034132804108391187,26003875.0
2024-12-11 00:00:00-05:00,520.8531319621538,526.4188051823884,520.4463971119644,525.7342529296875,32168600,515.0642303466797,508.07884826660154,497.59134582519533,68.47448528831663,7.073068361149751,5.887459907503035,1.185608453646716,526.3056043360848,489.8520921971182,508.07884826660154,6.229705974064688,0.017902331538436345,0.017743972011343378,26320540.0
2024-12-12 00:00:00-05:00,523.5119196314856,524.7818381497026,521.8650583907863,522.3412475585938,23577500,517.16748046875,508.7857177734375,498.4753070068359,64.15493811299359,7.166106611969781,6.143189248396385,1.022917363573396,528.0443797226158,489.52705582425926,508.7857177734375,6.061098014410152,-0.00645384117961878,-0.006474757253852621,26271045.0
2024-12-13 00:00:00-05:00,526.2699621617475,528.9585173420876,523.1348888305102,526.3394165039062,28780400,519.2300537109375,509.8690887451172,499.4463751220703,66.81171754503211,7.476277047856854,6.409806808288479,1.0664702395683747,530.471108491806,489.2670689984284,509.8690887451172,6.1008245693447005,0.007654323613154768,0.007625177910777535,26276090.0
2024-12-16 00:00:00-05:00,528.8693668170654,534.8914288475645,528.7899817598816,533.9191284179688,31979900,521.4999816894531,511.9326599121094,500.455341796875,71.17376451154534,8.238737718145444,6.775592990259873,1.4631447278855712,533.4681093936033,490.3972104306155,511.9326599121094,6.275909410367097,0.014400806164982072,0.01429809942150831,25302030.0
2024-12-17 00:00:00-05:00,532.1233232086973,533.234471579217,529.9109571669914,531.5677490234375,28579100,523.3780212402344,513.7075241088867,501.5208563232422,68.18000255727362,8.554644015609597,7.131403195329818,1.423240820279779,535.5698321447647,491.84521607300854,513.7075241088867,6.113928113267833,-0.004403999162754357,-0.004413725333604061,25376945.0
2024-12-18 00:00:00-05:00,530.9230075449514,532.6393233284896,510.942073860317,512.3905029296875,54703200,522.7043823242187,514.3528854370118,502.0599645996094,49.786725644939416,7.1748513236301505,7.140092820989885,0.034758502640265476,535.2377031732073,493.4680677008163,514.3528854370118,7.2270224957610285,-0.03607676750326039,-0.03674362188205553,26885955.0
2024-12-19 00:00:00-05:00,517.0733049842411,517.6388100200599,509.77145358160243,510.1087341308594,46441800,521.9464263916016,514.8985443115234,502.47704528808595,48.12321046530116,5.830031033156956,6.8780804634232995,-1.0480494302663432,534.7136465887845,495.08344203426236,514.8985443115234,7.272760634525056,-0.004453183237748681,-0.004463128193679788,27729770.0
2024-12-20 00:00:00-05:00,506.4081888202465,520.674610325421,505.2672783831969,514.563232421875,60530000,521.1706024169922,515.5771423339844,502.9943280029297,51.528188369558464,5.065302395366871,6.515524849812014,-1.450222454445143,534.3424384730051,496.81184619496366,515.5771423339844,7.853801442217843,0.00873244858001776,0.008694541273472163,29029935.0
2024-12-23 00:00:00-05:00,516.2773215508976,519.9540272324169,512.8788812504641,519.576416015625,29672800,521.3028594970704,516.4662185668946,503.59659484863283,55.09998854989801,4.808343864458834,6.1740886527413785,-1.3657447882825444,534.191434012507,498.74100312128206,516.4662185668946,7.798183195056054,0.00974259969985547,0.009695446590612743,29322245.0
2024-12-24 00:00:00-05:00,521.5241349732042,526.7112253012842,520.8881517500126,526.621826171875,17558200,522.3162506103515,517.6678833007812,504.2576239013672,59.60506505841274,5.114254157670871,5.962121753727277,-0.8478675960564059,534.7124279861084,500.62333861545403,517.6678833007812,7.750799344384852,0.01355991137988477,0.013468798512456774,28881395.0
2024-12-26 00:00:00-05:00,524.9921323134935,527.8937223215758,522.994783551006,526.2640380859375,19090500,522.3692291259765,518.7167297363281,505.04344665527344,59.27977816418057,5.267103865922763,5.823118176166375,-0.5560143102436115,535.1556546089129,502.2778048637434,518.7167297363281,7.547095017683775,-0.000679402311405064,-0.0006796332097432683,28508065.0
2024-12-27 00:00:00-05:00,522.6967134646023,523.1339443647176,514.598025422934,519.2684326171875,33839600,522.0619476318359,519.614714050293,505.6881671142578,53.169889777360616,4.768779937662316,5.612250528465563,-0.8434705908032472,533.9836404426045,505.24578765798134,519.614714050293,7.841303420920896,-0.01329295745571657,-0.01338209967181777,28952175.0
2024-12-30 00:00:00-05:00,512.262836772703,516.0885615458353,508.6059938701245,512.3621826171875,34584000,520.6642242431641,519.9471389770508,506.1880157470703,47.918964896060764,3.7730842111029688,5.244417264993045,-1.471333053890076,533.2849100030462,506.60936795105545,519.9471389770508,8.042813087073904,-0.013299961188072862,-0.013389197783933096,29914675.0
