date,open,high,low,close,volume,sma_10,sma_20,sma_50,rsi,macd,macd_signal,macd_diff,bb_high,bb_low,bb_mid,atr,returns,log_returns,volume_sma
2018-03-14 00:00:00-04:00,125.48999786376953,125.76000213623047,125.33999633789062,125.69999694824219,3777000,125.55199966430663,126.0504997253418,126.15940032958984,48.52116557517225,-0.18053822717828893,-0.18747083913083476,0.006932611952545825,128.0807851377546,124.020214312929,126.0504997253418,1.0067236017293926,-0.0006360457292980959,-0.0006362480921955626,6881215.0
2018-03-15 00:00:00-04:00,125.12000274658203,125.20999908447266,124.72000122070312,124.9000015258789,6130100,125.56999969482422,125.88400001525879,126.15440032958985,43.15570108078517,-0.23116054200320946,-0.19620877970530973,-0.03495176229789973,127.70769376660522,124.06030626391237,125.88400001525879,1.0048144678586548,-0.006364323323672649,-0.0063846619697597,6366900.0
2018-03-16 00:00:00-04:00,124.83999633789062,124.87000274658203,124.20999908447266,124.5999984741211,7402200,125.49099960327149,125.69499969482422,126.15000030517578,41.310842801108734,-0.2921194589777514,-0.21539091555979806,-0.07672854341795332,127.2005555210761,124.18944386857234,125.69499969482422,0.982327894540626,-0.0024019459414951205,-0.002404835241203122,6373185.0
2018-03-19 00:00:00-04:00,124.56999969482422,125.16000366210938,124.41999816894531,124.87000274658203,4335400,125.4599998474121,125.54049987792969,126.13820037841796,43.64580952688503,-0.31501149516914495,-0.23531503148166744,-0.07969646368747751,126.67244383333536,124.40855592252402,125.54049987792969,0.965019151585157,0.0021669685053569143,0.0021646240154515875,6192110.0
2018-03-20 00:00:00-04:00,124.41000366210938,124.55000305175781,123.95999908447266,124.30999755859375,3399400,125.2379997253418,125.44399986267089,126.11780029296875,40.08377943298151,-0.3740297550997127,-0.2630579762052765,-0.11097177889443621,126.64775058916666,124.24024913617512,125.44399986267089,0.9610894737654583,-0.004484705499084418,-0.0044947919586221805,5804645.0
2018-03-21 00:00:00-04:00,125.4000015258789,126.76000213623047,125.02999877929688,126.4800033569336,12532000,125.31399993896484,125.48499984741211,126.14120040893555,55.305471150742704,-0.24290080953558402,-0.259026542871338,0.016125733335753956,126.76859672193874,124.20140297288549,125.48499984741211,1.0674405526134054,0.01745640608927701,0.017305793278474,6035805.0
2018-03-22 00:00:00-04:00,126.08999633789062,126.33999633789062,125.63999938964844,125.9800033569336,5298700,125.37000045776367,125.4689998626709,126.16620040893555,52.025794515807284,-0.17728239566585557,-0.24267771343024153,0.06539531776438595,126.71910249386427,124.21889723147753,125.4689998626709,1.0511950822328162,-0.003953194075975608,-0.0039610286020946425,6033425.0
2018-03-23 00:00:00-04:00,127.81999969482422,128.05999755859375,127.61000061035156,127.61000061035156,12025900,125.57700042724609,125.54249992370606,126.21780044555663,60.29257184530982,0.006176625680424763,-0.19290684560810828,0.19908347128853304,127.0812904617264,124.00370938568572,125.54249992370606,1.1246807336204834,0.012938539529958382,0.012855551688487309,6422735.0
2018-03-26 00:00:00-04:00,128.0500030517578,128.5800018310547,128.00999450683594,128.27999877929688,6169800,125.85100021362305,125.63400001525879,126.27460037231445,63.10672111741126,0.20328908464900053,-0.11366765955668653,0.3169567442056871,127.54932168010993,123.71867835040766,125.63400001525879,1.1136321969835292,0.005250357853935794,0.005236622780197456,6571510.0
2018-03-27 00:00:00-04:00,127.2300033569336,127.62000274658203,127.05000305175781,127.48999786376953,6180700,126.02200012207031,125.75200004577637,126.28520034790039,57.89638785367011,0.29238522209344353,-0.03245708322666053,0.32484230532010405,127.8137718316407,123.69022825991205,125.75200004577637,1.121943877737496,-0.0061584106879087885,-0.006177451915059315,6526430.0
2018-03-28 00:00:00-04:00,126.4800033569336,126.61000061035156,125.51000213623047,125.7300033569336,10254900,126.02500076293946,125.78850021362305,126.25640045166016,48.32398387498972,0.21845944066166112,0.017726221551003802,0.2007332191106573,127.82137251779498,123.75562790945112,125.78850021362305,1.183233295580465,-0.01380496145836152,-0.013901136089334824,6812430.0
2018-03-29 00:00:00-04:00,125.41999816894531,125.80999755859375,125.30999755859375,125.79000091552734,7102000,126.1140007019043,125.84200019836426,126.24940048217773,48.63575608309898,0.1628369448902589,0.04674836621885482,0.11608857867140408,127.81501394450164,123.86898645222688,125.84200019836426,1.1344309173247173,0.0004771936450476133,0.0004770798243684067,6522025.0
2018-04-02 00:00:00-04:00,126.6500015258789,127.54000091552734,126.37999725341797,127.26000213623047,11421100,126.38000106811523,125.93550033569336,126.27740051269531,55.68955794976573,0.23466742940020424,0.0843321788551247,0.15033525054507954,127.98954490499251,123.88145576639421,125.93550033569336,1.1784001375158089,0.011686153191860393,0.01161839746199109,6593365.0
2018-04-03 00:00:00-04:00,126.54000091552734,126.58999633789062,126.01000213623047,126.30000305175781,6083700,126.52300109863282,125.99150047302246,126.27500061035157,50.784631810071936,0.21168947828168427,0.10980363874043662,0.10188583954124765,128.02102539721656,123.96197554882835,125.99150047302246,1.1835144134075368,-0.007543604183229413,-0.0075722010717776825,6608635.0
2018-04-04 00:00:00-04:00,127.5,127.52999877929688,126.31999969482422,126.44999694824219,7488300,126.73700103759765,125.98750038146973,126.27100051879883,51.50334878761466,0.20323971939519936,0.12849085487138917,0.07474886452381019,128.0130756413357,123.96192512160377,125.98750038146973,1.1868345072740745,0.0011876001018218396,0.0011868954626521053,6549210.0
2018-04-05 00:00:00-04:00,125.44999694824219,126.08000183105469,125.43000030517578,125.80000305175781,5333000,126.66900100708008,125.99150047302246,126.24140060424804,48.21725451683806,0.14245205081135737,0.13128309405938282,0.011168956751974546,128.01526207458994,123.96773887145497,125.99150047302246,1.1749175169735266,-0.005140323544257752,-0.005153580456720968,6557925.0
2018-04-06 00:00:00-04:00,126.56999969482422,126.5999984741211,126.12999725341797,126.38999938964844,6121200,126.71000061035156,126.04000053405761,126.19260055541992,51.257291908268314,0.1402682342789774,0.13308012210330172,0.007188112175675665,128.05311734559504,124.02688372252017,126.04000053405761,1.1481373673585094,0.004689954877408642,0.004678991304775993,6690240.0
2018-04-09 00:00:00-04:00,126.44999694824219,126.86000061035156,126.2300033569336,126.81999969482422,4189900,126.63100051879883,126.10400047302247,126.16960052490235,53.40434793568939,0.171260787160449,0.14071625511473118,0.03054453204571783,128.13080464279267,124.07719630325226,126.10400047302247,1.1111273592198994,0.0034021703240154633,0.0033963960355940744,6646395.0
2018-04-10 00:00:00-04:00,127.0199966430664,127.30999755859375,126.66999816894531,127.12000274658203,5268800,126.51500091552734,126.1830005645752,126.15060043334961,54.89707372147002,0.21752287930571867,0.15607757995292867,0.06144529935279,128.2386766354923,124.12732449365808,126.1830005645752,1.0774753613933663,0.0023655815524343815,0.002362787969159084,6765620.0
2018-04-11 00:00:00-04:00,128.08999633789062,129.47000122070312,127.77999877929688,128.11000061035156,12348600,126.57700119018554,126.29950065612793,126.16580047607422,59.50713230275301,0.33026340354579986,0.19091474467150293,0.13934865887429693,128.50895732479356,124.09004398746231,126.29950065612793,1.1683698694453466,0.007787899955785216,0.007757730797944395,7143135.0
2018-04-12 00:00:00-04:00,127.25,127.33999633789062,126.47000122070312,126.62000274658203,8141300,126.66600112915039,126.34550094604492,126.1622004699707,51.04982596376934,0.2959689601449327,0.2119255877661889,0.08404337237874379,128.54138301092559,124.14961888116426,126.34550094604492,1.2020576923169959,-0.011630613197024187,-0.011698777825105413,7361350.0
2018-04-13 00:00:00-04:00,127.06999969482422,127.75,127.02999877929688,127.44999694824219,6821300,126.83200073242188,126.47300071716309,126.15820037841797,54.895373848838155,0.3319375922551018,0.23592798866397147,0.09600960359113031,128.61378605095015,124.33221538337604,126.47300071716309,1.1969105181099224,0.006555000660688037,0.00653361006986455,7395910.0
2018-04-16 00:00:00-04:00,127.73999786376953,128.0500030517578,127.56999969482422,127.62999725341797,4600000,126.86900024414062,126.62450065612794,126.14940017700195,55.70803922403973,0.37069437859753407,0.262881266650684,0.10781311194685006,128.63876320997375,124.61023810228212,126.62450065612794,1.154274488496044,0.0014123209845888773,0.0014113245973425364,7255800.0
2018-04-17 00:00:00-04:00,127.0199966430664,127.77999877929688,127.0,127.75,4184100,127.01399993896484,126.76850051879883,126.17660018920898,56.27367423490296,0.40640781345243226,0.29158657601103366,0.1148212374413986,128.66902859428723,124.86797244331044,126.76850051879883,1.1275405092675321,0.0009402393572395251,0.000939797609092718,7248235.0
2018-04-18 00:00:00-04:00,128.32000732421875,128.5399932861328,127.75,127.8499984741211,6755600,127.15400009155273,126.9455005645752,126.19940017700195,56.76911571651719,0.43773408298713434,0.3208160774062538,0.11691800558088056,128.53035737366116,125.36064375548924,126.9455005645752,1.1034299933293379,0.0007827669207129961,0.0007824607184664891,7416045.0
2018-04-19 00:00:00-04:00,127.80999755859375,127.87999725341797,127.12999725341797,127.5999984741211,8736100,127.33399963378906,127.00150032043457,126.24380020141602,55.088600541609566,0.43734601401305895,0.3441220647276148,0.09322394928544414,128.59572840553923,125.40727223532991,127.00150032043457,1.0781849938058137,-0.001955416527053,-0.001957330849889553,7226250.0
2018-04-20 00:00:00-04:00,126.69000244140625,126.97000122070312,126.55000305175781,126.62999725341797,10403100,127.35799942016601,127.03400001525878,126.28060012817383,49.02457400391113,0.3546789564529149,0.34623344307267484,0.008445513380240077,128.5690081465578,125.49899188395979,127.03400001525878,1.07617145298849,-0.007601890535287481,-0.007630932179694891,7481470.0
2018-04-23 00:00:00-04:00,125.62000274658203,125.76000213623047,125.33999633789062,125.62000274658203,6921500,127.2379997253418,126.93450012207032,126.29340011596679,43.63818795904643,0.20530003096499172,0.31804676065113824,-0.11274672968614652,128.562434815549,125.30656542859163,126.93450012207032,1.0914449860269797,-0.007975949843974872,-0.008007927882251619,7226250.0
2018-04-24 00:00:00-04:00,125.77999877929688,126.33999633789062,125.66999816894531,126.2300033569336,4733100,127.14899978637695,126.83200035095214,126.32260025024414,47.3973190248111,0.13458667614108322,0.2813547437491273,-0.14676806760804406,128.3634494571951,125.30055124470918,126.83200035095214,1.064912743547095,0.004855919415812648,0.004844167468111617,7154415.0
2018-04-25 00:00:00-04:00,125.2300033569336,125.51000213623047,125.05999755859375,125.41000366210938,5985700,126.87900009155274,126.72800064086914,126.32340026855469,43.223877358091464,0.01223764270454808,0.22753132354021147,-0.2152936808356634,128.3466097281611,125.10939155357718,126.72800064086914,1.0724193903180057,-0.006496075996334616,-0.006517267321502421,7144665.0
2018-04-26 00:00:00-04:00,125.54000091552734,125.56999969482422,124.69000244140625,124.97000122070312,7517100,126.71399993896485,126.69000053405762,126.30120025634766,41.13103605079782,-0.11885923229611706,0.15825321237294576,-0.2771124446690628,128.43156076026446,124.94844030785077,126.69000053405762,1.0586749519680032,-0.0035085115107064135,-0.0035146807713917604,7007775.0
2018-04-27 00:00:00-04:00,125.19999694824219,125.62000274658203,125.16999816894531,125.5,5654000,126.51900024414063,126.67550048828124,126.24660034179688,44.609988539905004,-0.17793683308154584,0.09101520328204743,-0.26895203636359327,128.4512852184037,124.89971575815878,126.67550048828124,1.0294839929616393,0.004241008034887361,0.0042320403061771,6935375.0
2018-04-30 00:00:00-04:00,124.41000366210938,125.19999694824219,124.19000244140625,124.58999633789062,9830600,126.21500015258789,126.54200019836426,126.17080017089843,40.215498215094605,-0.29478781719188873,0.013854599187260196,-0.3086424163791489,128.51270037217878,124.57130002454974,126.54200019836426,1.0495206762210758,-0.007251025196090666,-0.00727744165435215,6855850.0
2018-05-01 00:00:00-04:00,123.9000015258789,123.9800033569336,123.38999938964844,123.70999908447266,7551600,125.81100006103516,126.4125,126.08580017089844,36.47371000888844,-0.45317753929239757,-0.07955182850867136,-0.3736257107837262,128.73820666843233,124.08679333156768,126.4125,1.060268981365441,-0.007063145351023148,-0.007088207443339079,6929245.0
2018-05-02 00:00:00-04:00,123.9000015258789,124.54000091552734,123.58000183105469,123.6500015258789,7614000,125.39100036621093,126.27250022888184,126.03400024414063,36.22622676777916,-0.5768937645376866,-0.1790202157144744,-0.3978735488232122,128.89099409437335,123.65400636339032,126.27250022888184,1.053106845873099,-0.0004849855228984401,-0.00048510316641562344,6935530.0
2018-05-03 00:00:00-04:00,124.66000366210938,124.76000213623047,124.23999786376953,124.27999877929688,4857400,125.05900039672852,126.19650001525879,126.00640014648438,40.770784214105575,-0.6169919519696094,-0.26661456296550146,-0.350377389004108,128.95018258276278,123.44281744775482,126.19650001525879,1.0571706861929893,0.005095004008440096,0.005082068394914099,6911750.0
2018-05-04 00:00:00-04:00,124.0999984741211,124.6500015258789,124.0,124.54000091552734,5883600,124.85000076293946,126.10400009155273,125.97120010375977,42.58908974855545,-0.6206357523156072,-0.3374188008355226,-0.2832169514800846,128.9482666386501,123.25973354445537,126.10400009155273,1.0280871747419833,0.002092067418605348,0.0020898820929316714,6899870.0
2018-05-07 00:00:00-04:00,124.5,124.69999694824219,124.30000305175781,124.56999969482422,3397500,124.74500045776367,125.99150009155274,125.93980010986328,42.807253794189855,-0.6140247445252243,-0.39273998957346296,-0.2212847549517613,128.89103928735486,123.09196089575063,125.99150009155274,0.9832233691521541,0.0002408766587147504,0.00024084765259023235,6860250.0
2018-05-08 00:00:00-04:00,124.13999938964844,124.94999694824219,123.79000091552734,124.58999633789062,5551100,124.58099975585938,125.86499977111816,125.90260009765625,42.96284491046128,-0.6002525732251627,-0.4342425063038029,-0.16601006692135978,128.77729390625228,122.95270563598403,125.86499977111816,0.9958499879780606,0.00016052535213439967,0.0001605124693187213,6874365.0
2018-05-09 00:00:00-04:00,124.44999694824219,124.87000274658203,124.23999786376953,124.33000183105469,4405600,124.4729995727539,125.67599983215332,125.88660018920899,41.38634943915346,-0.6033622279003623,-0.4680664506231148,-0.1352957772772475,128.46917207950753,122.8828275847991,125.67599983215332,0.9697181947519491,-0.0020868008225221057,-0.002088981225264128,6477215.0
2018-05-10 00:00:00-04:00,125.22000122070312,125.37000274658203,124.75,125.18000030517578,5218400,124.49399948120117,125.603999710083,125.8902001953125,48.092433896083584,-0.5311164981245469,-0.48067646012340126,-0.050440038001145604,128.37023360090635,122.83776581925966,125.603999710083,0.9747383890930487,0.0068366320405601755,0.006813368242228766,6331070.0
2018-05-11 00:00:00-04:00,125.56999969482422,125.58999633789062,124.94000244140625,125.0,4299200,124.44399948120117,125.4814998626709,125.89580017089844,46.86950723250997,-0.4828201074238905,-0.4811051895834991,-0.00171491784039135,128.12412111013967,122.83887861520213,125.4814998626709,0.9515423539067148,-0.0014379318160805399,-0.0014389666321499815,6204965.0
2018-05-14 00:00:00-04:00,125.16000366210938,125.20999908447266,124.44000244140625,124.48999786376953,3753200,124.43399963378906,125.32449989318847,125.87780014038086,43.49473992816553,-0.48016276252953105,-0.48091670417270554,0.0007539416431744939,127.80608368807816,122.84291609829879,125.32449989318847,0.938574803132407,-0.004080017089843735,-0.0040883630684626394,6162625.0
2018-05-15 00:00:00-04:00,122.81999969482422,122.81999969482422,122.12999725341797,122.4800033569336,10911900,124.31100006103516,125.06100006103516,125.82380020141602,33.313848421307455,-0.6329502989834879,-0.511323423134862,-0.12162687584862586,127.5753889411021,122.54661118096821,125.06100006103516,1.0401052179337753,-0.01614583132241265,-0.016277595476396185,6499015.0
2018-05-16 00:00:00-04:00,122.37999725341797,122.61000061035156,122.02999877929688,122.29000091552734,4943300,124.175,124.78300018310547,125.73900024414063,32.538502290046935,-0.7605994149044903,-0.5611786214887877,-0.19942079341570262,127.23106074913122,122.33493961707973,124.78300018310547,1.0072406902995548,-0.0015512935679184991,-0.0015524980696371136,6408400.0
2018-05-17 00:00:00-04:00,122.2300033569336,122.43000030517578,122.04000091552734,122.36000061035156,7781300,123.98300018310547,124.521000289917,125.67180023193359,33.15574582448953,-0.8463575851711198,-0.6182144142252541,-0.22814317094586567,126.82437048821409,122.21763009161991,124.521000289917,0.9631520259673321,0.0005724073456552237,0.0005722435830601718,6360660.0
2018-05-18 00:00:00-04:00,122.05000305175781,122.6500015258789,122.01000213623047,122.41000366210938,6837100,123.77000045776367,124.31000061035157,125.61160034179687,33.622946634817566,-0.8999130866908303,-0.6745541487183694,-0.22535893797246087,126.57475634230325,122.04524487839988,124.31000061035157,0.9400696948016967,0.0004086552101045804,0.00040857173330558584,6182360.0
2018-05-21 00:00:00-04:00,122.16000366210938,122.52999877929688,121.97000122070312,122.4800033569336,4126700,123.56100082397461,124.15300064086914,125.550400390625,34.31507954973566,-0.9260330841725306,-0.7248499358092017,-0.20118314836332896,126.46753718926404,121.83846409247424,124.15300064086914,0.9129216850725577,0.0005718461950008358,0.0005716827532715196,6042620.0
2018-05-22 00:00:00-04:00,122.69999694824219,122.73999786376953,122.33999633789062,122.41000366210938,4579600,123.34300155639649,123.96200065612793,125.48780044555664,33.93402114647073,-0.9415284073231334,-0.768185630111988,-0.17334277721114533,126.18820259985549,121.73579871240037,123.96200065612793,0.8762845308444397,-0.0005715193738216051,-0.0005716827532715781,6034945.0
2018-05-23 00:00:00-04:00,122.13999938964844,122.73999786376953,122.11000061035156,122.54000091552734,7007300,123.16400146484375,123.81850051879883,125.42300048828125,35.369402879616686,-0.9325687980394122,-0.8010622636974729,-0.13150653434193926,126.02274189577862,121.61425914181903,123.81850051879883,0.8586925824568346,0.001061982268841355,0.0010614187645907496,6086025.0
2018-05-24 00:00:00-04:00,123.0999984741211,123.81999969482422,123.08000183105469,123.58999633789062,8850100,123.00500106811523,123.7495002746582,125.38080047607421,45.6422122079379,-0.8311612778931163,-0.8070820665366016,-0.024079211356514696,125.89073542570192,121.60826512361449,123.7495002746582,0.8887858822311232,0.00856859323093273,0.00853209120176816,6152675.0
2018-05-25 00:00:00-04:00,123.66000366210938,123.69999694824219,123.20999908447266,123.20999908447266,7920700,122.8260009765625,123.63500022888184,125.34700042724609,42.9796967309919,-0.7725521894141849,-0.8001760911121184,0.027623901697933495,125.62944485816888,121.64055559959479,123.63500022888184,0.8603010237695808,-0.003074660285441455,-0.003079396764578089,6266010.0
2018-05-29 00:00:00-04:00,122.83999633789062,123.63999938964844,122.66000366210938,123.19000244140625,9013200,122.69600143432618,123.56500053405762,125.3188005065918,42.83807928238474,-0.7194245481506698,-0.7840257825198288,0.06460123436915899,125.51830815005599,121.61169291805925,123.56500053405762,0.8688506454674009,-0.000162297242228715,-0.00016231041385129715,6225140.0
2018-05-30 00:00:00-04:00,123.16999816894531,123.61000061035156,123.16999816894531,123.37000274658203,4573700,122.78500137329101,123.54800071716309,125.2888005065918,44.607397776407474,-0.6552427587347296,-0.758269177762809,0.10302641902807941,125.50188264274585,121.59411879158033,123.54800071716309,0.8382186308916043,0.001461160009810003,0.001460093554237964,6076245.0
2018-05-31 00:00:00-04:00,123.26000213623047,123.77999877929688,123.0999984741211,123.0999984741211,7862500,122.86600112915039,123.5205005645752,125.26460052490235,42.483183443272374,-0.6190295294030506,-0.7304212480908574,0.11139171868780684,125.48332758561092,121.55767354353948,123.5205005645752,0.8269173219119026,-0.00218857312515075,-0.0021909715513725716,6088670.0
2018-06-01 00:00:00-04:00,122.58000183105469,123.08999633789062,122.44000244140625,122.48999786376953,8059100,122.87900085449219,123.43100051879883,125.18480041503906,38.072124377720435,-0.6322638909586544,-0.7107897766644169,0.07852588570576247,125.41031063532239,121.45169040227526,123.43100051879883,0.8149943726835412,-0.004955325896935703,-0.004967644235411557,6248755.0
2018-06-04 00:00:00-04:00,122.8499984741211,122.93000030517578,122.37000274658203,122.37000274658203,4345400,122.87500076293945,123.32250061035157,125.11260040283203,37.25271350769024,-0.6449996663011319,-0.69763175459176,0.05263208829062804,125.28457769736453,121.36042352333861,123.32250061035157,0.7967803145342705,-0.000979631964080463,-0.0009801121170807511,6171845.0
2018-06-05 00:00:00-04:00,122.55000305175781,123.2300033569336,122.27999877929688,122.8499984741211,6864200,122.9120002746582,123.2365005493164,125.01740036010742,42.5767481637986,-0.6093371568506427,-0.6799728350435366,0.07063567819289385,125.1215902856381,121.3514108129947,123.2365005493164,0.8077249047558739,0.003922495029546447,0.003914822104047846,6345180.0
2018-06-06 00:00:00-04:00,123.08000183105469,123.3499984741211,122.62999725341797,122.91999816894531,4083700,122.9629997253418,123.15300064086914,124.91020034790039,43.331889277994264,-0.5688684098952024,-0.6577519500138698,0.08888354011866739,124.93606512555866,121.36993615617962,123.15300064086914,0.8014589273235346,0.0005697980927446,0.0005696358194504353,6271810.0
2018-06-07 00:00:00-04:00,122.95999908447266,123.1500015258789,122.69000244140625,122.86000061035156,3700700,122.99499969482422,123.07950057983399,124.81760040283203,42.81221627039105,-0.5354654258162839,-0.6332946451743526,0.09782921935806876,124.78179707689594,121.37720408277204,123.07950057983399,0.7770689385484718,-0.00048810250152531154,-0.0004882216623280107,6236565.0
2018-06-08 00:00:00-04:00,123.08000183105469,123.12000274658203,122.91000366210938,123.01000213623047,3865700,122.9370002746582,122.97100067138672,124.76320037841796,44.601053490932934,-0.4912268929115129,-0.6048810947217846,0.11365420181027175,124.37430770510299,121.56769363767044,122.97100067138672,0.7401355955257573,0.0012209142530825723,0.0012201695433653895,6168930.0
2018-06-11 00:00:00-04:00,123.0999984741211,123.41999816894531,123.0199966430664,123.2300033569336,3201200,122.93900070190429,122.8825008392334,124.7120004272461,47.20924528679144,-0.4334190914865843,-0.5705886940747447,0.13716960258816036,123.94456984491728,121.82043183354952,122.8825008392334,0.7165541981821206,0.0017884823744616085,0.0017868849442266759,6114030.0
2018-06-12 00:00:00-04:00,122.94999694824219,123.18000030517578,122.63999938964844,122.81999969482422,7279600,122.9020004272461,122.79900093078614,124.62320037841796,43.13355992052808,-0.41589567490898105,-0.5396500902415919,0.12375441533261089,123.56324799543441,122.03475386613786,122.79900093078614,0.7075148959751946,-0.0033271415316106223,-0.003332688774722517,6290350.0
2018-06-13 00:00:00-04:00,122.83999633789062,123.33999633789062,122.47000122070312,123.19000244140625,5867700,122.88400039672851,122.83450088500976,124.56100036621093,47.53547100841334,-0.3679110619096235,-0.5053022845751983,0.1373912226655748,123.60213174333991,122.06687002667961,122.83450088500976,0.7191206260617877,0.003012561044629436,0.003008032375587246,6038140.0
2018-06-14 00:00:00-04:00,123.62999725341797,123.86000061035156,123.31999969482422,123.37999725341797,8015400,122.9120002746582,122.8890007019043,124.49960037231445,49.68909001260872,-0.3109672796908427,-0.46643528359832725,0.15546800390748455,123.64899637868844,122.12900502512015,122.8890007019043,0.7156118791248967,0.0015422908372948463,0.0015411027282310494,6191745.0
2018-06-15 00:00:00-04:00,122.18000030517578,122.19999694824219,120.83000183105469,121.33999633789062,14537000,122.79700012207032,122.83800048828125,124.41040023803711,33.695441405712344,-0.4255445344083313,-0.4582571337603281,0.03271259935199683,123.83354256481358,121.84245841174892,122.83800048828125,0.8466392750704956,-0.01653429211330959,-0.016672509186741995,6529530.0
2018-06-18 00:00:00-04:00,121.3499984741211,121.44000244140625,120.98999786376953,121.11000061035156,3846000,122.67099990844727,122.77300033569335,124.30480026245117,32.42813236429684,-0.5288107659774823,-0.472367860203759,-0.05644290577372335,124.01185642329307,121.53414424809364,122.77300033569335,0.8183082252537972,-0.0018954650937899054,-0.0018972637609840908,6379975.0
2018-06-19 00:00:00-04:00,120.80999755859375,121.02999877929688,120.58000183105469,120.80000305175781,4925800,122.46600036621093,122.68900032043457,124.18440032958985,30.74943755287454,-0.6284201741205777,-0.5035783229871227,-0.12484185113345503,124.19496001647556,121.18304062439358,122.68900032043457,0.7977146933997313,-0.0025596363391253707,-0.0025629178089953803,6419930.0
2018-06-20 00:00:00-04:00,120.79000091552734,120.80999755859375,120.16000366210938,120.26000213623047,4548500,122.20000076293945,122.58150024414063,124.04720031738282,28.027631840738664,-0.7423772458517561,-0.5513381075600494,-0.1910391382917067,124.42164375734525,120.741356730936,122.58150024414063,0.7871632079057773,-0.004470206141435118,-0.0044802273887545,6418375.0
2018-06-21 00:00:00-04:00,119.91999816894531,120.31999969482422,119.81999969482422,120.05000305175781,5681900,121.91900100708008,122.45700035095214,123.88600036621094,27.025774950504797,-0.8399517760736757,-0.6090608412627747,-0.23089093481090095,124.60303819398442,120.31096250791987,122.45700035095214,0.7666515501982217,-0.001746208886931222,-0.0017477352868705306,6352105.0
2018-06-22 00:00:00-04:00,120.20999908447266,120.4000015258789,120.0999984741211,120.33999633789062,4489400,121.6520004272461,122.29450035095215,123.7604002380371,30.709185897495274,-0.8836935900195897,-0.6639873910141377,-0.21970619900545196,124.56153776588525,120.02746293601905,122.29450035095215,0.7368906161927126,0.0024156041546103957,0.0024126912728642744,6134070.0
2018-06-25 00:00:00-04:00,120.0,120.2300033569336,119.83000183105469,119.88999938964844,9300200,121.31800003051758,122.12850036621094,123.60920028686523,28.320353596343296,-0.9437908522014311,-0.7199480832515964,-0.22384276894983468,124.58164774240683,119.67535299001506,122.12850036621094,0.7206837512386572,-0.0037393797734436296,-0.003746388732216758,6203045.0
2018-06-26 00:00:00-04:00,119.27999877929688,119.58999633789062,119.08999633789062,119.26000213623047,8674500,120.96200027465821,121.93200035095215,123.44180038452149,25.347544479628255,-1.0303763416228122,-0.7820337349258396,-0.2483426066969726,124.63084864481776,119.23315205708654,121.93200035095215,0.7263494155614539,-0.0052547940330739396,-0.0052686490212925504,6186110.0
2018-06-27 00:00:00-04:00,118.95999908447266,119.05000305175781,118.4800033569336,118.58000183105469,6480100,120.50100021362304,121.69250030517578,123.25840042114258,22.591034289139472,-1.1407168338430722,-0.8537703547092862,-0.286946479133786,124.67376675806207,118.7112338522895,121.69250030517578,0.7301815129711269,-0.005701830395735019,-0.005718147886604777,6281430.0
2018-06-28 00:00:00-04:00,118.58999633789062,118.66999816894531,118.01000213623047,118.22000122070312,7760500,119.98500061035156,121.44850044250488,123.06580047607422,21.27212937320651,-1.2428843128033122,-0.9315931463280914,-0.3112911664752208,124.71426921729395,118.18273166771581,121.44850044250488,0.7251682643813924,-0.00303593021413906,-0.003040547998821346,6276330.0
2018-06-29 00:00:00-04:00,118.43000030517578,118.94000244140625,118.26000213623047,118.6500015258789,8002800,119.71600112915038,121.25650062561036,122.88680053710938,26.771437939271024,-1.2744641159883088,-1.000167340260135,-0.2742967757281738,124.70137592570588,117.81162532551484,121.25650062561036,0.7247991898329447,0.003637288959023266,0.0036306900201949913,6273515.0
2018-07-02 00:00:00-04:00,118.18000030517578,118.20999908447266,117.4000015258789,117.45999908447266,12021900,119.3510009765625,121.01100044250488,122.70340057373046,22.158446358447264,-1.3796112891259042,-1.076056130033289,-0.3035551590926153,124.78734680761485,117.23465407739491,121.01100044250488,0.7623135334163057,-0.010029518972628937,-0.010080153442110952,6657340.0
2018-07-03 00:00:00-04:00,118.41000366210938,119.08000183105469,118.37999725341797,118.6500015258789,8901000,119.13600082397461,120.80100059509277,122.5640005493164,34.34222046081146,-1.3513405173223703,-1.131113007491105,-0.22022750983126516,124.61188927759596,116.99011191258958,120.80100059509277,0.823577048642429,0.01013112932642235,0.010080153442110855,6759180.0
2018-07-05 00:00:00-04:00,118.91999816894531,119.33000183105469,118.7699966430664,119.05000305175781,4951900,119.01500091552734,120.6075008392334,122.42040054321289,37.86284864329075,-1.2818822066674613,-1.1612668473263765,-0.1206153593410848,124.36093556813368,116.85406611033311,120.6075008392334,0.8133215669662398,0.003371272825408722,0.0033656028250155126,6802590.0
2018-07-06 00:00:00-04:00,118.97000122070312,119.02999877929688,118.7300033569336,118.86000061035156,2946900,118.89600067138672,120.40750083923339,122.28940048217774,36.85202012475678,-1.2280118479854139,-1.174615847458184,-0.053396000527229814,124.08503705663841,116.72996462182837,120.40750083923339,0.7780842903846669,-0.0015959885471287238,-0.0015972634935638506,6764900.0
2018-07-09 00:00:00-04:00,119.6500015258789,119.7300033569336,119.13999938964844,119.1500015258789,4074900,118.77700119018554,120.21450080871583,122.17300048828125,39.50660742839523,-1.1486773133293866,-1.1694281406324247,0.020750827303038122,123.72689812218273,116.70210349524892,120.21450080871583,0.7846498943987644,0.0024398528860691826,0.002436881277559937,6775360.0
2018-07-10 00:00:00-04:00,118.88999938964844,119.0,118.61000061035156,118.93000030517578,3754800,118.68100128173828,119.99950065612794,122.04160049438477,38.19485224109722,-1.0909802418078982,-1.1537385608675195,0.06275831905962126,123.26498252106848,116.7340187911874,119.99950065612794,0.7671749673365201,-0.001846422307055895,-0.0018481290459546572,6803040.0
2018-07-11 00:00:00-04:00,118.44999694824219,118.52999877929688,117.62000274658203,117.63999938964844,6974500,118.51900100708008,119.74050064086914,121.90260055541992,31.574650592864856,-1.1362492161643871,-1.150240691926893,0.013991475762505923,122.88969959591874,116.59130168581954,119.74050064086914,0.8059480095691793,-0.010846724226159843,-0.010905978807671088,6787785.0
2018-07-12 00:00:00-04:00,118.0,118.26000213623047,117.94000244140625,118.12999725341797,4585300,118.4740005493164,119.48750038146973,121.79100051879882,36.10490659680325,-1.1196795036225922,-1.144128454266033,0.02444895064344088,122.28041091195175,116.69458985098771,119.48750038146973,0.7926662050700973,0.004165231777556899,0.0041565812124297165,6723665.0
2018-07-13 00:00:00-04:00,117.62000274658203,117.75,117.44999694824219,117.61000061035156,5444300,118.41300048828126,119.19900054931641,121.67020050048828,33.56518668155459,-1.1354188684156838,-1.1423865370959632,0.006967668680279315,121.4666238242789,116.93137727435392,119.19900054931641,0.7846186407919319,-0.004401901762097649,-0.004411618657356192,6595110.0
2018-07-16 00:00:00-04:00,117.51000213623047,117.62999725341797,117.27999877929688,117.55000305175781,3670700,118.30300064086914,119.00950088500977,121.5356005859375,33.27435151336468,-1.1395971632449289,-1.1418286623257563,0.002231499080827426,121.16020792738318,116.85879384263636,119.00950088500977,0.7535743431725862,-0.0005101399394812356,-0.0005102701051305093,6051795.0
2018-07-17 00:00:00-04:00,116.72000122070312,116.93000030517578,116.12000274658203,116.27999877929688,7939600,118.18500061035157,118.76800079345703,121.3704005432129,27.786018434354318,-1.2311947759343127,-1.1597018850474676,-0.07149289088684507,121.00403928485663,116.53196230205744,118.76800079345703,0.8018904833156715,-0.01080394929383155,-0.010862735754725461,6256475.0
2018-07-18 00:00:00-04:00,116.02999877929688,116.3499984741211,115.83000183105469,116.30999755859375,5391800,117.95100021362305,118.54350051879882,121.20520050048827,28.087747284602045,-1.2865355125882445,-1.1850686105556232,-0.10146690203262132,120.81964110907568,116.26735992852197,118.54350051879882,0.7817552090121526,0.00025798744076199753,0.00025795416772476286,6279775.0
2018-07-19 00:00:00-04:00,115.12999725341797,116.47000122070312,115.12000274658203,115.80999755859375,14227600,117.62699966430664,118.321000289917,121.02960052490235,26.128198337699345,-1.3551183061195218,-1.219078549668403,-0.13603975645111888,120.74750450492606,115.89449607490793,118.321000289917,0.8223440136627912,-0.004298856594405098,-0.004308123245285948,6763730.0
2018-07-20 00:00:00-04:00,116.4000015258789,116.70999908447266,116.23999786376953,116.55999755859375,7892000,117.39699935913086,118.1465000152588,120.87420043945312,33.61018001881362,-1.3335792605258376,-1.2419786918398898,-0.09160056868594779,120.5524213223444,115.74057870817319,118.1465000152588,0.8278909788210852,0.006476124823511453,0.0064552448263087885,6874235.0
2018-07-23 00:00:00-04:00,116.25,116.30999755859375,115.76000213623047,116.0,6247100,117.08199920654297,117.92950019836425,120.69060043334962,31.07904577696577,-1.3461786253699017,-1.2628186785458924,-0.08335994682400938,120.2873188710744,115.5716815256541,117.92950019836425,0.8258984390740992,-0.004804371742649027,-0.004815949835095058,6962120.0
2018-07-24 00:00:00-04:00,116.22000122070312,116.43000030517578,115.91000366210938,116.04000091552734,4801000,116.79299926757812,117.7370002746582,120.51140045166015,31.47601372384017,-1.3375178994322,-1.277758522723154,-0.05975937670904585,120.05139308985538,115.42260745946102,117.7370002746582,0.8040483107878355,0.0003448354786839136,0.00034477603659500224,6737160.0
2018-07-25 00:00:00-04:00,116.79000091552734,116.83999633789062,116.2699966430664,116.68000030517578,5479600,116.69699935913086,117.60800018310547,120.35520050048828,37.66254922516859,-1.2644359788032773,-1.2750940139391789,0.010658035135901578,119.8550855979441,115.36091476826685,117.60800018310547,0.8037588187575101,0.005515334234738045,0.00550018047205447,6577415.0
2018-07-26 00:00:00-04:00,116.23999786376953,116.51000213623047,115.7699966430664,115.7699966430664,6382700,116.4609992980957,117.46749992370606,120.22100036621094,33.088227960633716,-1.2653614216833091,-1.273147495488005,0.007786073804695981,119.80354905245554,115.13145079495658,117.46749992370606,0.8113477361397862,-0.0077991400388178755,-0.00782971239395345,6572545.0
2018-07-27 00:00:00-04:00,115.91999816894531,116.23999786376953,115.7699966430664,115.83000183105469,5242000,116.28299942016602,117.34799995422364,120.09180038452149,33.66039152533307,-1.2468796719442992,-1.2678939307792638,0.02101425883496466,119.76109608189799,114.93490382654929,117.34799995422364,0.7869658421800246,0.0005183138095208317,0.0005181795313150905,6446620.0
2018-07-30 00:00:00-04:00,115.80000305175781,116.0199966430664,115.63999938964844,115.6500015258789,4157400,116.09299926757812,117.19799995422363,119.95760040283203,32.75555169495168,-1.232549212340075,-1.260824987091426,0.028275774751351124,119.64148742818591,114.75451248026135,117.19799995422363,0.7578966572684492,-0.0015540041641225466,-0.001555212880989931,6254350.0
2018-07-31 00:00:00-04:00,115.47000122070312,116.3499984741211,115.38999938964844,115.98999786376953,5508500,116.06399917602539,117.12449989318847,119.82920028686523,36.24192147112,-1.180153284415681,-1.2446906465562773,0.06453736214059624,119.6199251276485,114.62907465872844,117.12449989318847,0.7723325449258925,0.002939873181190933,0.0029355602050311473,5928680.0
2018-08-01 00:00:00-04:00,115.62999725341797,115.69999694824219,115.12999725341797,115.13999938964844,7941700,115.94699935913086,116.94899978637696,119.68240020751954,31.80267503360463,-1.1934594495396738,-1.2344444071529566,0.0409849576132828,119.4839876274244,114.41401194532952,116.94899978637696,0.7785945495991546,-0.007328204929526905,-0.007355188129705078,5880715.0
2018-08-02 00:00:00-04:00,115.16999816894531,115.2300033569336,114.41999816894531,114.5199966430664,6204200,115.81799926757813,116.72249946594238,119.52460006713868,29.011257838581244,-1.239742738756874,-1.2355040734737401,-0.00423866528313388,119.27556078197941,114.16943814990535,116.72249946594238,0.7808381666269495,-0.005384772884042377,-0.0053993230298752665,5943330.0
2018-08-03 00:00:00-04:00,115.08999633789062,115.52999877929688,114.86000061035156,114.91999816894531,5953200,115.65399932861328,116.52549934387207,119.37220001220703,33.091581205649035,-1.2299674990277936,-1.234396758584551,0.004429259556757437,118.99509563633102,114.05590305141313,116.52549934387207,0.7972070215986294,0.003492853105171001,0.003486767260953241,6093645.0
2018-08-06 00:00:00-04:00,114.55999755859375,114.72000122070312,114.30999755859375,114.33000183105469,5811600,115.48699951171875,116.28449935913086,119.18700012207032,30.323044674256977,-1.2553573467181849,-1.2385888762112778,-0.016768470506907107,118.61966988871357,113.94932882954815,116.28449935913086,0.7838351350809818,-0.0051339744804317355,-0.005147198608389075,6180480.0
2018-08-07 00:00:00-04:00,114.8499984741211,114.94000244140625,114.41999816894531,114.58999633789062,5188000,115.34199905395508,116.0674991607666,119.01460006713867,32.98384205719361,-1.2402033083608615,-1.2389117626411945,-0.0012915457196669422,118.17443962137877,113.96055870015444,116.0674991607666,0.7714183833145947,0.0022740706959851753,0.002271488910587502,6252140.0
2018-08-08 00:00:00-04:00,114.75,114.94999694824219,114.41000366210938,114.91000366210938,3808000,115.16499938964844,115.93099937438964,118.84900009155274,36.21261756419554,-1.188669465455348,-1.2288633032040253,0.04019383774867724,117.96522578994825,113.89677295883104,115.93099937438964,0.7548880192301816,0.002792628802213759,0.002788736658924094,6093815.0
2018-08-09 00:00:00-04:00,115.0199966430664,115.12000274658203,114.69000244140625,114.73999786376953,4253000,115.06199951171875,115.76149940490723,118.67639999389648,35.24121837276809,-1.148309572841896,-1.2127525571315994,0.06444298428970341,117.58899351882494,113.93400529098952,115.76149940490723,0.7316817539405814,-0.0014794690881722028,-0.0014805645831976347,6077200.0
2018-08-10 00:00:00-04:00,114.80999755859375,115.2300033569336,114.61000061035156,114.69000244140625,6757900,114.9479995727539,115.61549949645996,118.5082000732422,34.944348613788705,-1.1075906641983266,-1.191720178544945,0.0841295143466183,117.28902889584019,113.94197009707973,115.61549949645996,0.7237046819863993,-0.0004357279352805721,-0.00043582289228197795,6142880.0
2018-08-13 00:00:00-04:00,113.80999755859375,113.80999755859375,112.83000183105469,112.95999908447266,9150900,114.67899932861329,115.3859992980957,118.31760009765625,26.595529172142903,-1.201072235310491,-1.193590589898054,-0.007481645412436899,117.18930043016265,113.58269816602875,115.3859992980957,0.8048686768696252,-0.01508416880379293,-0.015199092023381782,6416890.0
2018-08-14 00:00:00-04:00,113.25,113.4800033569336,112.83999633789062,113.06999969482422,7085900,114.38699951171876,115.22549934387207,118.1316000366211,27.777089599563496,-1.2518503721331626,-1.205242546345076,-0.04660782578808664,117.24088462953928,113.21011405820487,115.22549934387207,0.7930928441677211,0.0009738014451408095,0.000973327608104041,6374205.0
2018-08-15 00:00:00-04:00,112.16999816894531,112.18000030517578,111.05999755859375,111.19000244140625,12398400,113.99199981689453,114.9694995880127,117.8984001159668,21.428559245207623,-1.4273390024277575,-1.2496618375616124,-0.17767716486614504,117.581290951062,112.35770822496339,114.9694995880127,0.8800149364579174,-0.016626844065553037,-0.016766621575930757,6724535.0
2018-08-16 00:00:00-04:00,111.45999908447266,111.87999725341797,111.0999984741211,111.0999984741211,7484600,113.65,114.73399963378907,117.66200012207031,21.178995814616272,-1.555743926659332,-1.3108782553811564,-0.2448656712781756,117.80856197934544,111.6594372882327,114.73399963378907,0.8728709252321287,-0.0008094609704913935,-0.0008097887609237462,6387385.0
2018-08-17 00:00:00-04:00,111.69000244140625,112.1500015258789,111.37999725341797,112.12999725341797,8471000,113.37099990844726,114.51249961853027,117.44740005493163,31.07230278506823,-1.5564516549691234,-1.3599929352987499,-0.19645871967037354,117.66622702983138,111.35877220722917,114.51249961853027,0.8855232199839633,0.009270916232611892,0.009228205066865915,6416335.0
2018-08-20 00:00:00-04:00,112.37999725341797,112.73999786376953,112.16000366210938,112.69000244140625,5313400,113.20699996948242,114.34699974060058,117.24100006103515,35.79113502375834,-1.4945960236347702,-1.386913552965954,-0.1076824706688162,117.51846682407528,111.17553265712588,114.34699974060058,0.865843033581649,0.0049942495470025605,0.0049818196508907165,6369650.0
2018-08-21 00:00:00-04:00,112.7699966430664,113.0999984741211,112.44000244140625,113.0199966430664,5042400,113.05,114.19599952697754,117.03679992675781,38.464542416142976,-1.4027768773157732,-1.390086217835918,-0.01269065947985526,117.31784770586438,111.07415134809071,114.19599952697754,0.8511396763768773,0.002928336094692563,0.0029240568705197916,6381720.0
2018-08-22 00:00:00-04:00,113.38999938964844,113.48999786376953,113.06999969482422,113.2699966430664,6215600,112.8859992980957,114.02549934387207,116.84579986572265,40.48619377197303,-1.2949097184924483,-1.3710509179672241,0.07614119947477582,116.95246007084596,111.09853861689818,114.02549934387207,0.8239155009716093,0.002211997942183075,0.0022095550764809732,6418520.0
2018-08-23 00:00:00-04:00,112.68000030517578,112.87999725341797,112.05999755859375,112.19999694824219,5500100,112.63199920654297,113.84699935913086,116.62599975585937,35.16169258558706,-1.2809977068249054,-1.3530402757387605,0.07204256891385508,116.76204442789874,110.93195429036298,113.84699935913086,0.8514928997931126,-0.009446452957847074,-0.009491353686729823,6374390.0
2018-08-24 00:00:00-04:00,113.25,114.41999816894531,113.20999908447266,114.16000366210938,9214700,112.57899932861328,113.7634994506836,116.44159988403321,48.51798952893077,-1.099145906186294,-1.3022614018282672,0.20311549564197318,116.5388793151545,110.98811958621269,113.7634994506836,0.9492434941438278,0.01746886601762876,0.017318039357996126,6573025.0
2018-08-27 00:00:00-04:00,114.12000274658203,114.77999877929688,114.12000274658203,114.58999633789062,4364000,112.74199905395508,113.71049919128419,116.3065998840332,50.90723133240538,-0.9098421348978576,-1.2237775484421853,0.31393541354432775,116.3781458483762,111.04285253419216,113.71049919128419,0.9285829611846147,0.00376657902932398,0.0037595032326643405,6583355.0
2018-08-28 00:00:00-04:00,114.76000213623047,114.87000274658203,113.55000305175781,113.68000030517578,6101400,112.80299911499023,113.59499931335449,116.15799987792968,46.03775897045641,-0.8237509191488641,-1.1437722225835212,0.32002130343465707,116.04937112641082,111.14062750029817,113.59499931335449,0.9565412993017294,-0.007941321771505638,-0.007973022006627225,6613000.0
2018-08-29 00:00:00-04:00,114.16000366210938,114.20999908447266,113.8499984741211,114.19999694824219,5616300,113.10399856567383,113.54799919128418,116.02599975585937,49.03759858577194,-0.7054318478855492,-1.0561041476439268,0.35067229975837755,115.9167339445483,111.17926443802006,113.54799919128418,0.9260739764442398,0.004574213948543848,0.0045637840256251986,6496730.0
2018-08-30 00:00:00-04:00,113.91999816894531,113.93000030517578,113.23999786376953,113.63999938964844,5431600,113.35799865722656,113.50399932861328,115.89359970092774,46.06748641083988,-0.6493647813660886,-0.9747562743883592,0.32539149302227066,115.83120739359298,111.17679126363358,113.50399932861328,0.9284971984462695,-0.004903656511020316,-0.004915718883921124,6458100.0
2018-08-31 00:00:00-04:00,113.72000122070312,114.05999755859375,113.44000244140625,113.51000213623047,5048700,113.49599914550781,113.43349952697754,115.76279968261719,45.380348031256,-0.6084075753187506,-0.9014865345744375,0.29307895925568694,115.66845213344583,111.19854692050926,113.43349952697754,0.9064613354992146,-0.0011439392301669793,-0.0011445940280617694,6412875.0
2018-09-04 00:00:00-04:00,112.75,113.06999969482422,112.61000061035156,112.93000030517578,6617500,113.51999893188477,113.36349945068359,115.6145997619629,42.345500797202575,-0.6156531288949338,-0.8443198534385369,0.22866672454360304,115.56925830592199,111.15774059544519,113.36349945068359,0.9059999205263355,-0.005109698001402485,-0.005122797149079999,6453170.0
2018-09-05 00:00:00-04:00,113.36000061035156,113.44000244140625,113.12000274658203,113.31999969482422,4459200,113.54999923706055,113.29999961853028,115.48319976806641,45.00857479384775,-0.5832027921647693,-0.7920964411837834,0.20889364901901408,115.43278248033663,111.16721675672393,113.29999961853028,0.8777143645052021,0.0034534613352918964,0.003447511831347845,6416730.0
2018-09-06 00:00:00-04:00,113.88999938964844,114.26000213623047,113.27999877929688,113.54000091552734,4784700,113.57699966430664,113.23149948120117,115.36879974365235,46.5095453255539,-0.5335825985774818,-0.7403936726625231,0.2068110740850413,115.23726396907163,111.2257349933307,113.23149948120117,0.8850207211072301,0.0019414156485668688,0.0019395335367870974,6465565.0
2018-09-07 00:00:00-04:00,113.26000213623047,113.5999984741211,112.97000122070312,113.2300033569336,3714000,113.68000030517578,113.15599975585937,115.26179977416992,44.65980044091291,-0.5133548151296594,-0.6949859011559504,0.18163108602629097,115.0388638827498,111.27313562896894,113.15599975585937,0.8668047591294258,-0.0027302937827557994,-0.0027340278330774672,6438615.0
2018-09-10 00:00:00-04:00,113.26000213623047,113.43000030517578,113.0,113.1500015258789,2316500,113.57900009155273,113.07899971008301,115.16039978027344,44.171554366616654,-0.49803855177027856,-0.6555964312788161,0.1575578795085375,114.82566385640082,111.3323355637652,113.07899971008301,0.8356044409898798,-0.000706542689065337,-0.000706792407982718,6216545.0
2018-09-11 00:00:00-04:00,112.6500015258789,113.37000274658203,112.41999816894531,113.22000122070312,3791300,113.44200057983399,113.09199981689453,115.05179977416992,44.74081008095717,-0.47477895608369636,-0.6194329362397921,0.14465398015609576,114.83879794041768,111.34520169337138,113.09199981689453,0.8437758793217969,0.0006186451072049959,0.0006184538252070439,5948565.0
2018-09-12 00:00:00-04:00,113.12000274658203,114.38999938964844,113.05999755859375,114.16999816894531,6315900,113.49100036621094,113.14699974060059,114.98599975585938,51.90780661018487,-0.3753618073972973,-0.5706187104712932,0.1952569030739959,114.95573493576984,111.33826454543134,113.14699974060059,0.8785063044455749,0.008390716640166218,0.008355710260063364,5910065.0
2018-09-13 00:00:00-04:00,114.72000122070312,114.77999877929688,113.58000183105469,113.76000213623047,5635900,113.44700088500977,113.2754997253418,114.8881997680664,48.956686896206406,-0.32589948773254207,-0.521674865923543,0.19577537819100088,114.86126790623356,111.68973154445004,113.2754997253418,0.9014699218596186,-0.003591101333891067,-0.003597564816940891,5571940.0
2018-09-14 00:00:00-04:00,113.79000091552734,113.9000015258789,112.91000366210938,113.0199966430664,5375600,113.38500061035157,113.37149963378906,114.76759963989258,44.08494344596557,-0.3424647810369805,-0.48583284894623047,0.14336806790924994,114.61419509931515,112.12880416826296,113.37149963378906,0.9077933462817552,-0.006504970809317334,-0.006526220333750846,5466490.0
2018-09-17 00:00:00-04:00,113.5999984741211,114.02999877929688,113.55000305175781,113.61000061035156,4727300,113.39500045776367,113.44549980163575,114.66259963989258,48.48642375383925,-0.3044747110956223,-0.4495612213761088,0.14508651028048652,114.55252230897,112.3384772943015,113.44549980163575,0.9150939741352347,0.005220350246058381,0.005206771454576303,5279305.0
2018-09-18 00:00:00-04:00,113.79000091552734,113.91000366210938,113.27999877929688,113.44000244140625,4737800,113.44600067138671,113.48299980163574,114.54839965820312,47.33035477036469,-0.2848017215007985,-0.4166093214010468,0.13180759990024826,114.53453421556415,112.43146538770733,113.48299980163574,0.8947304676121822,-0.0014963310274801467,-0.0014974516487718237,5250525.0
2018-09-19 00:00:00-04:00,113.94000244140625,114.1500015258789,113.68000030517578,113.87999725341797,4223200,113.50200042724609,113.52599983215332,114.44739959716797,50.61257682531884,-0.23104350565773757,-0.379496158252385,0.1484526525946474,114.56858106330655,112.48341860100008,113.52599983215332,0.8815353688165019,0.0038786565809445506,0.0038711539862427546,5209565.0
2018-09-20 00:00:00-04:00,114.20999908447266,114.37000274658203,113.86000061035156,114.2699966430664,4384200,113.575,113.57599983215331,114.37999954223633,53.385450669251824,-0.15518120853629114,-0.33463316830916623,0.1794519597728751,114.65977764513818,112.49222201916845,113.57599983215331,0.8549972807746424,0.0034246522572403126,0.0034188014897895418,5117995.0
2018-09-21 00:00:00-04:00,112.87000274658203,113.68000030517578,112.79000091552734,113.48999786376953,6831400,113.60099945068359,113.64049987792968,114.28719955444336,47.62610094192173,-0.15619861388609024,-0.29894625742455105,0.1427476435384608,114.52409243375192,112.75690732210745,113.64049987792968,0.899640026972101,-0.006825928084458366,-0.006849331291438426,5184560.0
2018-09-24 00:00:00-04:00,113.68000030517578,113.95999908447266,113.43000030517578,113.47000122070312,4435300,113.63299942016602,113.60599975585937,114.2043995666504,47.48466760269986,-0.15681085896159175,-0.2705191777319592,0.11370831877036747,114.45911867669093,112.75288083502781,113.60599975585937,0.873237080709585,-0.00017619740455376842,-0.00017621292914007548,4945590.0
2018-09-25 00:00:00-04:00,113.75,113.88999938964844,113.56999969482422,113.6500015258789,3004800,113.67599945068359,113.55900001525879,114.12639953613281,48.954162001371664,-0.14114452111259368,-0.24464424640808613,0.10349972529549245,114.28406095550991,112.83393907500766,113.55900001525879,0.8408628727264226,0.0015863250483771907,0.0015850681638403528,4877630.0
2018-09-26 00:00:00-04:00,113.11000061035156,113.5999984741211,112.66000366210938,113.05000305175781,8297300,113.56399993896484,113.52750015258789,114.06179962158203,44.48564610952293,-0.17512496636176422,-0.23074039039882174,0.05561542403705752,114.28290187976579,112.77209842541,113.52750015258789,0.8515153720866445,-0.005279352979018381,-0.005293338005935142,4987425.0
2018-09-27 00:00:00-04:00,112.0999984741211,112.41999816894531,111.8499984741211,112.05000305175781,7683400,113.39300003051758,113.42000045776368,113.97659973144532,38.223308227680235,-0.2795241759859124,-0.24049714751623988,-0.039027028469672514,114.35303645944494,112.48696445608242,113.42000045776368,0.8764074581973641,-0.008845643281780058,-0.008884998236125718,5090780.0
2018-09-28 00:00:00-04:00,112.16000366210938,113.0,112.06999969482422,112.76000213623047,6020600,113.36700057983398,113.37600059509278,113.91559982299805,44.22655924559611,-0.3014948642407944,-0.25269669086115076,-0.04879817337964365,114.34566645488798,112.40633473529758,113.37600059509278,0.8816638503434229,0.006336448595585464,0.0063164577082286105,5120230.0
2018-10-01 00:00:00-04:00,112.4000015258789,112.62000274658203,112.1500015258789,112.56999969482422,3892600,113.26300048828125,113.32900047302246,113.83579986572266,43.02170220046186,-0.3304294174388218,-0.268243236176685,-0.06218618126213682,114.3574712025015,112.30052974354342,113.32900047302246,0.8622593332011471,-0.001685016298391906,-0.0016864375351172442,5062425.0
2018-10-02 00:00:00-04:00,113.69999694824219,114.33000183105469,113.61000061035156,113.87000274658203,10776700,113.30600051879883,113.37600059509278,113.7931999206543,52.54713432156265,-0.24562941461968535,-0.2637204718652851,0.01809105724559973,114.41311797548308,112.33888321470248,113.37600059509278,0.9263838191318129,0.011548397044346626,0.011482223287117932,5270385.0
2018-10-03 00:00:00-04:00,113.87000274658203,114.05000305175781,113.26000213623047,113.41999816894531,6674500,113.26000061035157,113.38100051879883,113.74079986572265,49.46447278562888,-0.21228927142904297,-0.2534342317780367,0.04114496034899373,114.4179539415205,112.34404709607716,113.38100051879883,0.9166421831600651,-0.003951915050342092,-0.003959744500981412,5381150.0
2018-10-04 00:00:00-04:00,113.83000183105469,114.19000244140625,113.26000213623047,113.4800033569336,6616200,113.18100128173828,113.37800064086915,113.67679992675781,49.886642293059765,-0.1789620870221711,-0.2385398028268636,0.05957771580469251,114.4134428125927,112.34255846914559,113.37800064086915,0.9175963347326163,0.0005290529796950771,0.0005289130805079614,5472725.0
2018-10-05 00:00:00-04:00,113.80999755859375,114.0999984741211,113.56999969482422,113.80000305175781,7994400,113.21200180053711,113.40650062561035,113.63740005493165,52.180873316337724,-0.12528454994222216,-0.2158887522499353,0.09060420230771316,114.45537052326749,112.35763072795321,113.40650062561035,0.8963391049079651,0.002819877382429281,0.002815908986712411,5686745.0
2018-10-08 00:00:00-04:00,112.25,112.58999633789062,111.9000015258789,112.54000091552734,12111600,113.11900177001954,113.37600059509278,113.57160003662109,43.69785891122678,-0.18231474628895228,-0.2091739510577387,0.02685920476878642,114.48659190005027,112.26540929013528,113.37600059509278,0.9680292778344609,-0.011072074713894375,-0.011133826368821452,6176500.0
2018-10-09 00:00:00-04:00,112.37000274658203,112.66999816894531,111.97000122070312,112.5999984741211,8352300,113.01400146484374,113.34500045776367,113.51059997558593,44.16334343569652,-0.22013273309683257,-0.2113657074655575,-0.008767025631275072,114.50480117770569,112.18519973782166,113.34500045776367,0.9488841114350128,0.0005331220730910857,0.0005329800140063239,6404550.0
2018-10-10 00:00:00-04:00,112.47000122070312,112.95999908447266,112.25,112.87999725341797,10571300,112.99700088500977,113.2805004119873,113.4483999633789,46.39088697175466,-0.2249174898474564,-0.2140760639419373,-0.01084142590551912,114.39208398404868,112.16891683992593,113.2805004119873,0.931820895223416,0.00248666770063255,0.0024835810584159217,6617320.0
2018-10-11 00:00:00-04:00,114.19999694824219,116.04000091552734,114.08999633789062,115.77999877929688,26810900,113.37000045776367,113.38150024414062,113.46119995117188,62.89957214336107,0.005236084447631129,-0.1702136342640236,0.17544971871165474,114.93015392079754,111.83284656748371,113.38150024414062,1.0909768071438417,0.025691013434101517,0.025366544894876334,7676070.0
2018-10-12 00:00:00-04:00,115.58000183105469,115.70999908447266,115.08000183105469,115.2300033569336,12939300,113.61700057983398,113.49200057983398,113.47540008544922,59.177570771242614,0.14162188720315783,-0.10784652997058733,0.24946841717374516,115.22599674313791,111.75800441653006,113.49200057983398,1.063049674365152,-0.004750349180877911,-0.0047616679491750925,8054255.0
2018-10-15 00:00:00-04:00,116.12000274658203,116.52999877929688,115.88999938964844,116.0,11828400,113.96000061035156,113.6115005493164,113.49700012207032,62.521276636702304,0.3082871698664462,-0.024619790003180618,0.3329069598696268,115.66207343034203,111.56092766829077,113.6115005493164,1.0799743706507328,0.006682258271583086,0.006660030947980057,8409310.0
2018-10-16 00:00:00-04:00,116.48999786376953,116.5999984741211,115.80000305175781,115.80000305175781,9531800,114.15300064086914,113.72950057983398,113.52640014648438,61.12092103614579,0.41939796616888714,0.06418376123123293,0.3552142049376542,115.98807965350491,111.47092150616305,113.72950057983398,1.0599758743444863,-0.0017241116227775244,-0.0017255996137757622,8649010.0
2018-10-17 00:00:00-04:00,115.88999938964844,116.33000183105469,115.68000030517578,115.79000091552734,7078600,114.39000091552734,113.82500076293945,113.55040023803711,61.04727813647561,0.5008732291433802,0.15152165481366237,0.3493515743297178,116.25590610232601,111.3940954235529,113.82500076293945,1.0306919923112305,-8.63742311474347e-05,-8.637796161615032e-05,8791780.0
2018-10-18 00:00:00-04:00,115.83000183105469,116.41000366210938,115.62999725341797,115.91999816894531,7964100,114.63400039672851,113.90750083923339,113.57060012817382,61.693292114208816,0.5693693188787421,0.23509118762667833,0.33427813125206374,116.49985002062704,111.31515165783975,113.90750083923339,1.0127858791955286,0.001122698440194414,0.001122068685606197,8970775.0
2018-10-19 00:00:00-04:00,116.2300033569336,116.23999786376953,115.95999908447266,116.01000213623047,7453900,114.85500030517578,114.03350105285645,113.59600021362304,62.16119282208609,0.623725610860788,0.3128180722735003,0.31090753858728776,116.77321101137592,111.29379109433698,114.03350105285645,0.9633011517404351,0.0007764317521294917,0.0007761304849288288,9001900.0
2018-10-22 00:00:00-04:00,115.56999969482422,115.77999877929688,115.43000030517578,115.70999908447266,5200500,115.17200012207032,114.14550094604492,113.61640014648438,59.55017050178485,0.63527259776221,0.37730897737124225,0.25796362039096776,116.96586572215972,111.32513616993012,114.14550094604492,0.9359226288343103,-0.002586010225269386,-0.0025893597255193914,9040160.0
2018-10-23 00:00:00-04:00,117.16000366210938,117.25,116.33000183105469,116.38999938964844,12704200,115.55100021362304,114.28250083923339,113.68500015258789,63.31187660136365,0.6913248471974356,0.44011215133648096,0.2512126958609546,117.25535002898475,111.30965164948203,114.28250083923339,0.9790710778838126,0.005876763551604158,0.005859562733875961,9525130.0
2018-10-24 00:00:00-04:00,116.37999725341797,116.72000122070312,116.11000061035156,116.66000366210938,8563300,115.92900085449219,114.46300086975097,113.7568002319336,64.71502682456108,0.7489008837638238,0.5018698978219496,0.24703098594187423,117.55075167515417,111.37525006434777,114.46300086975097,0.9527089016315091,0.0023198236435848507,0.0023171370069294235,9538430.0
2018-10-25 00:00:00-04:00,116.58000183105469,116.7300033569336,116.19000244140625,116.4000015258789,8303500,115.99100112915039,114.68050079345703,113.86100021362304,62.24624455604743,0.7647349199639706,0.5544429022503539,0.21029201771361672,117.66895570920524,111.69204587770882,114.68050079345703,0.9232297597669259,-0.002228717024418514,-0.002231204310531111,9569435.0
2018-10-26 00:00:00-04:00,116.83000183105469,117.6500015258789,116.45999908447266,116.7699966430664,15733100,116.14500045776367,114.88100051879883,113.97440017700195,64.33153173654188,0.7979408560221799,0.6031424930047191,0.19479836301746078,117.86522534052997,111.89677569706768,114.88100051879883,0.9465704912121454,0.0031786521678458524,0.0031736109331066205,10055060.0
2018-10-29 00:00:00-04:00,116.41000366210938,116.54000091552734,115.83999633789062,116.30999755859375,8732500,116.17600021362304,115.0680004119873,114.05800018310546,59.901668746957895,0.7781684760412162,0.6381476896120185,0.14002078642919769,117.91510130459588,112.22089951937872,115.0680004119873,0.9453869064952622,-0.003939360261170033,-0.003947139978932357,10297055.0
2018-10-30 00:00:00-04:00,115.8499984741211,116.04000091552734,115.63999938964844,115.80000305175781,7233300,116.17600021362304,115.1645004272461,114.1202001953125,55.35090448767047,0.7131259558408232,0.6531433428577794,0.05998261298304375,117.97321194190468,112.35578891258751,115.1645004272461,0.9257162823845516,-0.0043847864976440665,-0.004394427867848015,10119885.0
2018-10-31 00:00:00-04:00,114.88999938964844,115.16999816894531,114.66000366210938,115.1500015258789,11409300,116.1120002746582,115.25100059509278,114.16280029296875,50.12421649443263,0.6021879512736632,0.6429522645409562,-0.04076431326729302,117.94364161725123,112.55835957293432,115.25100059509278,0.9410222186176863,-0.005613139108367582,-0.005628951974666804,10356625.0
2018-11-01 00:00:00-04:00,116.33000183105469,117.06999969482422,116.18000030517578,116.62999725341797,13662900,116.18300018310546,115.40850028991699,114.23000030517578,59.50140381968987,0.6264705077124688,0.6396559131752587,-0.013185405462789901,118.0360716347053,112.78092894512868,115.40850028991699,1.0109490722125167,0.01285276342099273,0.01277086763550321,10708960.0
2018-11-02 00:00:00-04:00,116.61000061035156,116.9800033569336,116.38999938964844,116.6500015258789,8796900,116.24700012207032,115.55100021362304,114.31900039672851,59.611934513277745,0.639951820016563,0.6397150945435196,0.00023672547304343095,118.12271533191931,112.97928509532677,115.55100021362304,0.9808815647177053,0.00017151910256396619,0.0001715043948444399,10749085.0
2018-11-05 00:00:00-05:00,116.27999877929688,116.66999816894531,116.2300033569336,116.37000274658203,6291500,116.31300048828125,115.74250030517578,114.36320037841797,57.25642316897283,0.6208851185443223,0.6359490993436803,-0.015063980799358001,117.93064088214676,113.5543597282048,115.74250030517578,0.9422467966672777,-0.0024003324100665413,-0.0024032178261358607,10458080.0
2018-11-06 00:00:00-05:00,116.44000244140625,116.52999877929688,115.73999786376953,116.04000091552734,7270800,116.27800064086914,115.9145004272461,114.3922004699707,54.52198241652465,0.5725462733916942,0.6232685341532831,-0.05072226076158892,117.56139471274642,114.26760614174577,115.9145004272461,0.9313720908715682,-0.002835798085983776,-0.002839826579174042,10404005.0
2018-11-07 00:00:00-05:00,116.26000213623047,116.3499984741211,115.9000015258789,116.02999877929688,8392100,116.21500015258789,116.07200050354004,114.43920043945313,54.43712289729984,0.5273513237478227,0.6040850920721911,-0.0767337683243684,116.9518083024109,115.19219270466918,116.07200050354004,0.8969881521123267,-8.619558903444346e-05,-8.61993040877103e-05,10295045.0
2018-11-08 00:00:00-05:00,115.7699966430664,116.1500015258789,115.5,115.77999877929688,7638800,116.15299987792969,116.07200050354004,114.47080047607422,52.24819165942429,0.46598945352829446,0.5764659643634118,-0.11047651083511734,116.9518083024109,115.19219270466918,116.07200050354004,0.879346250238511,-0.0021546152083956605,-0.002156939731312277,9336440.0
2018-11-09 00:00:00-05:00,114.5999984741211,114.75,114.13999938964844,114.4800033569336,14159200,115.9240005493164,116.03450050354004,114.48760055541992,42.645433592675495,0.30890015452357034,0.5229528023954435,-0.21405264787187317,117.09917693651671,114.96982407056338,116.03450050354004,0.9336786173392201,-0.011228151978489587,-0.011291663536045476,9397435.0
2018-11-12 00:00:00-05:00,114.01000213623047,114.05000305175781,113.58000183105469,113.66000366210938,7498600,115.65900115966797,115.91750068664551,114.4906005859375,37.912177490623975,0.1168911821604155,0.44174047834843794,-0.32484929618802244,117.40282525432976,114.43217611896127,115.91750068664551,0.9312731108063405,-0.007162820324765118,-0.007188596482678694,9180945.0
2018-11-13 00:00:00-05:00,113.72000122070312,113.93000030517578,113.41999816894531,113.69999694824219,9309000,115.44900054931641,115.81250038146973,114.50600051879883,38.27203248073266,-0.03168494352844675,0.34705539397306107,-0.3787403375015078,117.58529259776132,114.03970816517814,115.81250038146973,0.9011823269080639,0.0003518677181439944,0.00035180582721631255,9169805.0
2018-11-14 00:00:00-05:00,113.52999877929688,115.05999755859375,113.45999908447266,114.63999938964844,13950200,115.39800033569335,115.75500030517578,114.53240051269532,46.16931351838948,-0.07274370828898213,0.26309557352065244,-0.33583928180963457,117.60010671864347,113.9098938917081,115.75500030517578,0.951097765994709,0.008267391966898296,0.008233404279793029,9513385.0
2018-11-15 00:00:00-05:00,114.83000183105469,114.98999786376953,114.55999755859375,114.7699966430664,8910600,115.21200027465821,115.69750022888184,114.5570004272461,47.17582382648673,-0.0937131167798384,0.19173383546055428,-0.2854469522403927,117.58953464341779,113.80546581434588,115.69750022888184,0.913876518793357,0.0011339606953078007,0.0011333182475063862,9560710.0
2018-11-16 00:00:00-05:00,115.83000183105469,115.87999725341797,115.37000274658203,115.62000274658203,8577000,115.10900039672852,115.67800025939941,114.60480041503907,53.32160102072939,-0.0412674300830389,0.14513358235183565,-0.18640101243487456,117.56478135801218,113.79121916078664,115.67800025939941,0.927885382476086,0.00740616997802257,0.0073788789662288,9616865.0
2018-11-19 00:00:00-05:00,115.44999694824219,115.91999816894531,115.37000274658203,115.66999816894531,8508300,115.03899993896485,115.67600021362304,114.65520034790039,53.663080115596436,0.004281018316163454,0.11696306954470122,-0.11268205122853776,117.56272619666326,113.78927423058282,115.67600021362304,0.9008932424680285,0.0004324115306661991,0.0004323180677422659,9782255.0
2018-11-20 00:00:00-05:00,115.94000244140625,115.94999694824219,115.37000274658203,115.66999816894531,9075100,115.00199966430664,115.64000015258789,114.70420028686523,53.663080115596436,0.03991833807832279,0.10155412325142554,-0.06163578517310275,117.49811725270187,113.7818830524739,115.64000015258789,0.8779718824103233,0.0,0.0,9600800.0
2018-11-21 00:00:00-05:00,115.94000244140625,116.3499984741211,115.86000061035156,115.86000061035156,8834200,114.98499984741211,115.6,114.73800033569336,55.11048937678864,0.08254129517705167,0.09775155763655077,-0.015210262459499108,117.40216473090109,113.7978352690989,115.6,0.8638310554649989,0.0016426250921932617,0.001641277459165227,9614345.0
2018-11-23 00:00:00-05:00,115.76000213623047,115.87999725341797,115.58999633789062,115.7699966430664,3726600,114.98399963378907,115.56849975585938,114.77820022583008,54.246079547199884,0.10781490468546906,0.09976422704633443,0.008050677639134626,117.33530702866227,113.80169248305648,115.56849975585938,0.822843188326595,-0.0007768338236752159,-0.0007771357154266267,9385500.0
2018-11-26 00:00:00-05:00,115.83999633789062,115.87000274658203,115.52999877929688,115.63999938964844,4018600,115.09999923706054,115.51199989318847,114.83060028076171,52.95413894614188,0.11601735454406992,0.10301485254588154,0.013002501998188379,117.19162559162089,113.83237419475606,115.51199989318847,0.7883546725379207,-0.0011228924348919422,-0.0011235233509469095,8799775.0
2018-11-27 00:00:00-05:00,115.55000305175781,115.62999725341797,114.5999984741211,114.94999694824219,9671100,115.22899856567383,115.44399986267089,114.85740020751953,46.608948910222054,0.06607871048015568,0.09562762413273637,-0.029548913652580694,117.09882791339405,113.78917181194774,115.44399986267089,0.8063294041800224,-0.00596681464067883,-0.005984687209490868,8846705.0
2018-11-28 00:00:00-05:00,114.76000213623047,116.06999969482422,114.58999633789062,115.37999725341797,13788800,115.39699859619141,115.42299957275391,114.89620010375977,50.582919315929104,0.060501977105317906,0.08860249472725269,-0.028100517621934787,117.06986430351476,113.77613484199306,115.42299957275391,0.8544489722338489,0.0037407596049732206,0.00373378036345705,9174480.0
2018-11-29 00:00:00-05:00,115.97000122070312,116.23999786376953,115.55999755859375,115.73999786376953,6479300,115.50699844360352,115.45249938964844,114.93340011596679,53.690654184089695,0.08416125774161287,0.08771424733012473,-0.0035529895885118568,117.09988352251443,113.80511525678244,115.45249938964844,0.8548455178136856,0.0031201301691909933,0.003115272664463216,8927980.0
2018-11-30 00:00:00-05:00,115.41999816894531,115.66000366210938,115.04000091552734,115.54000091552734,8169600,115.58399887084961,115.3979995727539,114.95880020141601,51.743814755793885,0.08578445601294504,0.0873282890666888,-0.001543833053743754,116.95563387534946,113.84036527015834,115.3979995727539,0.8437849057014357,-0.0017279847238081958,-0.001729479411524255,8653315.0
2018-12-03 00:00:00-05:00,116.5999984741211,116.7699966430664,116.30000305175781,116.41000366210938,8469500,115.66299896240234,115.38599967956543,115.01720031738282,58.750768321934395,0.15548052041424398,0.10095873533619984,0.054521785078044144,116.90816173011224,113.86383762901862,115.38599967956543,0.8713713929755519,0.007529883500850154,0.007501675441848405,8636945.0
2018-12-04 00:00:00-05:00,117.37000274658203,117.38999938964844,116.93000030517578,117.12000274658203,7186100,115.80799942016601,115.42349967956542,115.09020034790039,63.4190121346377,0.26495194489839946,0.13375737724863979,0.13119456764975967,117.07245487247695,113.7745444866539,115.42349967956542,0.8791302740158027,0.00609912432039339,0.006080599945141696,8681675.0
2018-12-06 00:00:00-05:00,117.37999725341797,117.69000244140625,116.91999816894531,117.13999938964844,9267600,115.95499954223632,115.47849960327149,115.16000030517579,63.544150040834296,0.3492959333867134,0.17686508847625454,0.17243084491045885,117.27299472947098,113.684004477072,115.47849960327149,0.8713355596190266,0.0001707363609755319,0.00017072178718187972,8781515.0
2018-12-07 00:00:00-05:00,117.62000274658203,118.2300033569336,117.54000091552734,118.08999633789062,10402900,116.17799911499023,115.58149948120118,115.26080017089843,68.97422571757589,0.48718005775003803,0.23892808233101126,0.24825197541902677,117.69832012294049,113.46467883946187,115.58149948120118,0.8869547315951787,0.00810992789134457,0.008077219150826301,8882055.0
2018-12-10 00:00:00-05:00,117.69999694824219,117.94000244140625,117.41999816894531,117.68000030517578,8117900,116.36899948120117,115.67649955749512,115.3734001159668,64.50844537883629,0.5569507843964772,0.3025326227441044,0.25441816165237274,117.98251133515059,113.37048777983965,115.67649955749512,0.8714578342630455,-0.003471894702593792,-0.003477935715567025,8906010.0
2018-12-11 00:00:00-05:00,117.66999816894531,117.88999938964844,117.3499984741211,117.54000091552734,6395400,116.55899963378906,115.82949943542481,115.46900009155273,63.00827939047871,0.5940993991544019,0.3608459780261639,0.233253421128238,118.2027380030336,113.45626086781601,115.82949943542481,0.8477823400676382,-0.001189661703648759,-0.0011903699128753065,8517820.0
2018-12-12 00:00:00-05:00,117.69999694824219,117.94999694824219,117.61000061035156,117.79000091552734,4136800,116.84300003051757,116.0359992980957,115.57340011596679,64.59180495081499,0.6363770956267842,0.415952201546288,0.22042489408049626,118.33579567044342,113.73620292574799,116.0359992980957,0.8165118895424387,0.0021269354947484054,0.00212467676965701,8349730.0
2018-12-13 00:00:00-05:00,117.54000091552734,117.62000274658203,117.26000213623047,117.52999877929688,4131800,117.05800018310546,116.22749938964844,115.6466000366211,61.63664412143877,0.6415075752078394,0.4610632762785983,0.18044429892924113,118.3482067500041,114.10679202929279,116.22749938964844,0.7960466673820413,-0.002207336227265433,-0.0022097759847801487,8090870.0
2018-12-14 00:00:00-05:00,116.62999725341797,117.30000305175781,116.58000183105469,117.05999755859375,7501700,117.19000015258788,116.3484992980957,115.71940002441406,56.59589177003036,0.600723579208605,0.4889953368645996,0.11172824234400536,118.36676964350269,114.33022895268871,116.3484992980957,0.807043116014909,-0.0039989894119348834,-0.004007006751401848,7768445.0
2018-12-17 00:00:00-05:00,117.37000274658203,118.02999877929688,117.3499984741211,117.87000274658203,8454900,117.42300033569336,116.50349960327148,115.80720001220703,62.31580129584332,0.6265402517073113,0.516504319833142,0.11003593187416927,118.48894041858057,114.51805878796239,116.50349960327148,0.8186829806354959,0.0069195729103175285,0.0068957425332182515,7745660.0
2018-12-18 00:00:00-05:00,117.8499984741211,118.19999694824219,117.80999755859375,118.1500015258789,7542900,117.59700012207031,116.62999954223633,115.89419998168945,64.07806565250286,0.6619630145296185,0.5455960587724373,0.11636695575718115,118.69495636259285,114.56504272187982,116.62999954223633,0.7880627241364203,0.0023754880187698557,0.0023726710074086807,7693955.0
2018-12-19 00:00:00-05:00,118.23999786376953,118.95999908447266,117.4000015258789,117.43000030517578,13827500,117.62799987792968,116.71799964904785,115.99199996948242,56.73129851724543,0.624736158513457,0.5614240787206413,0.06331207979281572,118.76170958725783,114.67428971083788,116.71799964904785,0.8432009265976582,-0.006093958623821227,-0.0061126025718981495,7959915.0
2018-12-20 00:00:00-05:00,119.11000061035156,119.73999786376953,118.68000030517578,119.23999786376953,18615100,117.8379997253418,116.89649963378906,116.12479995727539,66.98044206526058,0.732837587579354,0.5957067804923838,0.13713080708697023,119.15520167520141,114.63779759237671,116.89649963378906,0.9479721145973791,0.015413416962360094,0.015295836918707156,8436915.0
2018-12-21 00:00:00-05:00,119.19000244140625,119.25,118.56999969482422,118.72000122070312,13629800,117.90100021362305,117.03949966430665,116.2416000366211,62.40689136322245,0.767699800220214,0.6301053844379498,0.13759441578226417,119.37832510442537,114.70067422418792,117.03949966430665,0.9288312710672649,-0.004360924625816387,-0.004370461193212718,8676695.0
2018-12-24 00:00:00-05:00,119.56999969482422,120.13999938964844,119.56999969482422,120.0199966430664,9736400,118.1349998474121,117.25199966430664,116.32639999389649,68.24467524891573,0.8899681224467741,0.6820779320397148,0.20789019040705936,119.8488870902915,114.65511223832178,117.25199966430664,0.9639146209156969,0.010950096100037499,0.01089057789030817,8977185.0
2018-12-26 00:00:00-05:00,120.62000274658203,121.0,119.56999969482422,119.66000366210938,14293500,118.34700012207031,117.45299987792968,116.415,65.22413255249057,0.9469029163377485,0.7350429288993215,0.21185998743842693,120.14041641306517,114.7655833427942,117.45299987792968,0.9972064555057029,-0.002999441684935489,-0.003003949025405859,9490930.0
2018-12-27 00:00:00-05:00,120.56999969482422,120.9000015258789,120.13999938964844,120.56999969482422,11874400,118.625,117.73400001525879,116.50639999389648,68.96366101763934,1.0533113082769887,0.7986966047748549,0.2546147035021338,120.4901742048018,114.97782582571577,117.73400001525879,1.0145486989531192,0.007604847107346435,0.0075760760319352385,9601095.0
2018-12-28 00:00:00-05:00,120.80000305175781,121.08000183105469,120.72000122070312,121.05999755859375,6864700,118.97799987792969,118.01800003051758,116.6115998840332,70.78536855223848,1.1637643075240902,0.871710145324702,0.2920541621993882,120.91248759475734,115.12351246627783,118.01800003051758,0.9785096587586442,0.004064011487183938,0.004055775698519239,9254890.0
2018-12-31 00:00:00-05:00,120.9800033569336,121.26000213623047,120.83000183105469,121.25,8449400,119.39700012207031,118.2935001373291,116.72079986572265,71.48431146967334,1.2521961762483897,0.9478073515094396,0.3043888247389501,121.31438792245639,115.27261235220182,118.2935001373291,0.9393304192170111,0.0015694898830167503,0.0015682595209626012,9353395.0
2019-01-02 00:00:00-05:00,121.3499984741211,121.75,120.87999725341797,121.33000183105469,12776200,119.74300003051758,118.58300018310547,116.82899993896484,71.79034185480916,1.3135922744356208,1.0209643360946759,0.2926279383409449,121.60264235041942,115.56335801579152,118.58300018310547,0.9343784426002267,0.0006598089159148834,0.000659591337713554,9583725.0
2019-01-03 00:00:00-05:00,121.77999877929688,122.45999908447266,121.7300033569336,122.43000030517578,15440800,120.17099990844727,118.88400001525879,116.95739990234375,75.65850492926015,1.4344740840627992,1.1036662856883006,0.3308077983744986,122.1659711355743,115.60202889494329,118.88400001525879,0.948351214801494,0.009066170423806419,0.00902531942317299,9932290.0
2019-01-04 00:00:00-05:00,121.31999969482422,121.5999984741211,120.69000244140625,121.44000244140625,13334000,120.5720001220703,119.1,117.07199996948242,66.78287977643336,1.4338605829963456,1.1697051451499096,0.2641554378464359,122.45693355142262,115.74306644857737,119.1,1.0048974040134966,-0.00808623590052937,-0.008119106827353268,10239685.0
2019-01-07 00:00:00-05:00,122.16000366210938,122.22000122070312,121.56999969482422,121.86000061035156,7473600,120.83400039672851,119.33600006103515,117.18139999389649,68.47264569897258,1.4505437556607603,1.2258728672520798,0.22467088840868055,122.77131939826498,115.90068072380532,119.33600006103515,0.9888332165337379,0.003458482876331992,0.0034525160778516237,10149985.0
2019-01-08 00:00:00-05:00,121.1500015258789,121.70999908447266,121.05999755859375,121.52999877929688,7643100,121.1150001525879,119.50800018310547,117.27879989624023,65.64690404003866,1.4207592718731235,1.2648501481762886,0.15590912369683485,123.02016529885748,115.99583506735345,119.50800018310547,0.9753453476211718,-0.00270804061547536,-0.0027117139907279018,10011995.0
2019-01-09 00:00:00-05:00,121.44999694824219,122.33999633789062,121.44000244140625,122.30999755859375,10555900,121.34400024414063,119.73950004577637,117.39699981689454,68.91250646760105,1.4434549860931156,1.300571115759654,0.14288387033346162,123.34821951427837,116.13078057727436,119.73950004577637,0.9699631011114006,0.006418158373500793,0.006397649700215412,10133895.0
2019-01-10 00:00:00-05:00,121.9800033569336,122.18000030517578,121.56999969482422,121.58999633789062,6672000,121.53699951171875,119.94199981689454,117.49339981079102,62.96267590770732,1.3873509042880983,1.317927073465343,0.06942383082275527,123.48828514012594,116.39571449366314,119.94199981689454,0.9535370127298385,-0.005886691481276518,-0.005904086348646451,10147725.0
2019-01-11 00:00:00-05:00,121.73999786376953,122.05000305175781,121.66000366210938,121.80000305175781,8622400,121.65999984741211,120.14249992370605,117.60319992065429,63.94060993589904,1.344337120455478,1.32320908286337,0.021128037592107907,123.63242166671066,116.65257818070145,120.14249992370605,0.9182848485253634,0.001727170986037363,0.0017256811414607263,10372005.0
2019-01-14 00:00:00-05:00,122.1500015258789,122.23999786376953,121.87000274658203,122.08999633789062,6477100,121.7629997253418,120.37049980163575,117.72899978637696,65.30299958389028,1.3184501488769058,1.3222572960660772,-0.0038071471891714115,123.74172124284917,116.99927836042232,120.37049980163575,0.8841212744886745,0.002380897199235621,0.002378067354322114,10489270.0
2019-01-15 00:00:00-05:00,122.27999877929688,122.37999725341797,121.62000274658203,121.87999725341797,7512500,121.8259994506836,120.61149978637695,117.86359970092774,63.43395822463114,1.2663911968973025,1.3110840762323224,-0.044692879335019864,123.67689397412288,117.54610559863103,120.61149978637695,0.8752550767991932,-0.0017200351443329431,-0.0017215161032263467,10489810.0
2019-01-16 00:00:00-05:00,122.04000091552734,122.44000244140625,122.0199966430664,122.2699966430664,6878100,121.91999893188476,120.83149948120118,117.9763996887207,65.41375410265354,1.2422835226185924,1.2973239655095765,-0.05504044289098409,123.70378136574256,117.9592175966598,120.83149948120118,0.8527372275984139,0.003199863787636481,0.0031947551186356582,10410970.0
2019-01-17 00:00:00-05:00,122.02999877929688,122.26000213623047,121.80999755859375,122.11000061035156,8558500,121.88799896240235,121.02949943542481,118.08559967041016,63.88557161141417,1.1964754501595252,1.2771542624395664,-0.08067881228004126,123.67184953852296,118.38714933232666,121.02949943542481,0.8246845030894312,-0.001308546962521917,-0.0013094038577051105,10461750.0
2019-01-18 00:00:00-05:00,121.2300033569336,121.5199966430664,121.0199966430664,121.0199966430664,10896000,121.84599838256835,121.20899925231933,118.17859954833985,54.5378144144307,1.0599990034048972,1.2337232106326326,-0.1737242072277354,123.27342958370912,119.14456892092954,121.20899925231933,0.8436358933891259,-0.008926410300850951,-0.008966489387798324,10315175.0
2019-01-22 00:00:00-05:00,121.18000030517578,121.5,120.9000015258789,121.44999694824219,7896500,121.80499801635742,121.31949920654297,118.28679946899415,57.198473695058475,0.9752952702817765,1.1820376225624614,-0.20674235228068483,123.1767160269208,119.46228238616514,121.31949920654297,0.8262332205842665,0.0035531343340227117,0.0035468368649853345,9779245.0
2019-01-23 00:00:00-05:00,120.95999908447266,121.54000091552734,120.86000061035156,121.27999877929688,5224900,121.77999801635742,121.44749908447265,118.39179946899414,55.80789754211165,0.8842563631009881,1.1224813706701666,-0.23822500756917853,122.87317525526595,120.02182291367936,121.44749908447265,0.8157880123408033,-0.0013997379433262624,-0.0014007184915951448,9359000.0
2019-01-24 00:00:00-05:00,121.16000366210938,121.36000061035156,120.91999816894531,121.08999633789062,5662500,121.6579978942871,121.50099906921386,118.49799942016601,54.22125347634958,0.787695698467104,1.0555242362295543,-0.2678285377624503,122.78127737849557,120.22072075993215,121.50099906921386,0.788946185845478,-0.0015666428373899421,-0.0015678713054947328,9155305.0
2019-01-25 00:00:00-05:00,122.0199966430664,122.91000366210938,122.0199966430664,122.86000061035156,11103300,121.78499832153321,121.66099891662597,118.66559936523437,64.38068177084034,0.8442630889534826,1.01327200677434,-0.16900891782085736,122.76925744445093,120.55274038880101,121.66099891662597,0.8625934100149975,0.01461726258147622,0.014511460180241248,8995795.0
2019-01-28 00:00:00-05:00,122.75,123.29000091552734,122.72000122070312,123.29000091552734,8522200,121.93399810791016,121.79699897766113,118.85819931030274,66.33528855242108,0.9132630563975397,0.99327021669898,-0.08000716030144028,122.9998815738363,120.59411638148596,121.79699897766113,0.8416938589299419,0.0034999210730881636,0.0034938106026215594,8828185.0
2019-01-29 00:00:00-05:00,123.70999908447266,124.0,123.45999908447266,123.9800033569336,11610200,122.12299880981445,121.94299926757813,119.06379943847656,69.2511643478416,1.0119582335511126,0.9970078200694066,0.014950413481706004,123.42830381789803,120.45769471725824,121.94299926757813,0.83228708932585,0.005596580714432919,0.005580978043920208,9065460.0
2019-01-30 00:00:00-05:00,123.91000366210938,125.06999969482422,123.69999694824219,124.69000244140625,12104000,122.40399932861328,122.11499938964843,119.26479949951172,71.94401059937329,1.1343893308396105,1.0244841222234473,0.10990520861616315,123.98608173141321,120.24391704788366,122.11499938964843,0.8706953505584344,0.005726722578225818,0.005710387238117351,9248190.0
2019-01-31 00:00:00-05:00,125.18000030517578,125.2300033569336,124.62000274658203,124.75,10209500,122.65199966430664,122.2859992980957,119.46439956665039,72.16584120076767,1.22216974699802,1.0640212471783619,0.15814849981965806,124.44224294500094,120.12975565119046,122.2859992980957,0.8520742976865149,0.00048117377030232333,0.00048105804332541224,9119855.0
2019-02-01 00:00:00-05:00,124.88999938964844,125.05000305175781,124.37000274658203,124.5,12485500,122.89099960327148,122.38949928283691,119.64199951171875,69.69311045342934,1.2570726970138821,1.102631537145466,0.1544411598684161,124.75228370826639,120.02671485740743,122.38949928283691,0.8397832982214625,-0.002004008016032066,-0.002006018726865743,8972090.0
2019-02-04 00:00:00-05:00,123.98999786376953,124.29000091552734,123.81999969482422,123.95999908447266,6878900,123.18499984741212,122.51549911499023,119.8077995300293,64.5483027272309,1.2270157022319523,1.1275083701627633,0.09950733206918905,124.93050045769209,120.10049777228838,122.51549911499023,0.8283702272896282,-0.004337356751223598,-0.0043467903708823,8649335.0
2019-02-05 00:00:00-05:00,124.29000091552734,124.41999816894531,124.05000305175781,124.27999877929688,6291100,123.46800003051757,122.6364990234375,119.97999954223633,66.14331309253619,1.2150107309531109,1.1450088423208329,0.07000188863227796,125.14855470136858,120.1244433455064,122.6364990234375,0.8020580028027017,0.002581475453272253,0.0025781491687657575,8590210.0
2019-02-06 00:00:00-05:00,124.16000366210938,124.19000244140625,123.4000015258789,123.44000244140625,6595100,123.68400039672852,122.73199920654297,120.13159957885742,58.680039126821214,1.1247505956641106,1.1409571929894886,-0.01620659732537799,125.21357080124139,120.25042761184454,122.73199920654297,0.8076250921323637,-0.006758902044908588,-0.006781846869660092,8537810.0
2019-02-07 00:00:00-05:00,123.80000305175781,123.94999694824219,123.44000244140625,123.73999786376953,5935500,123.94900054931641,122.80349922180176,120.29099960327149,60.398641633594195,1.065147553610089,1.1257952651136087,-0.060647711503519774,125.31454357650874,120.29245486709478,122.80349922180176,0.7863657646111903,0.002430293392984062,0.0024273450059934865,8306790.0
2019-02-08 00:00:00-05:00,124.05000305175781,124.33000183105469,123.9800033569336,124.20999908447266,4235200,124.08400039672851,122.93449935913085,120.46239959716797,62.995448917756995,1.0438045547508068,1.1093971230410484,-0.06559256829024163,125.4520041019807,120.416994616281,122.93449935913085,0.7723399219450451,0.0037982966608789415,0.003791101346321012,8184950.0
2019-02-11 00:00:00-05:00,123.19000244140625,123.81999969482422,123.19000244140625,123.5999984741211,4821800,124.1150001525879,123.02449913024903,120.63539962768554,57.70648921566582,0.9665266060466848,1.0808230196421758,-0.11429641359549092,125.50171364158795,120.5472846189101,123.02449913024903,0.7900296877394279,-0.004911042708701019,-0.004923141507008373,7994920.0
2019-02-12 00:00:00-05:00,123.95999908447266,124.02999877929688,123.61000061035156,123.86000061035156,4271900,124.10299987792969,123.11299934387208,120.80499969482422,59.27592531632173,0.9157075675755522,1.0477999292288511,-0.13209236165329896,125.5767801853449,120.64921850239925,123.11299934387208,0.764313303270596,0.002103577179937588,0.0021013677593768472,7884660.0
2019-02-13 00:00:00-05:00,123.83999633789062,124.55000305175781,123.30999755859375,123.37000274658203,7640500,123.97099990844727,123.18749961853027,120.95759979248047,55.12432853192158,0.8263685190416226,1.0035136471914055,-0.1771451281497829,125.58690916879469,120.78809006826584,123.18749961853027,0.7982913168344151,-0.003956062177902009,-0.003963908091330168,7891060.0
2019-02-14 00:00:00-05:00,123.83999633789062,124.19999694824219,123.52999877929688,124.05999755859375,6276500,123.90199966430664,123.27699966430664,121.1279997253418,59.433023838529415,0.8019985541223349,0.9632106285775914,-0.16121207445525654,125.66635383357713,120.88764549503615,123.27699966430664,0.8005558086076824,0.005592889654295163,0.005577307519395154,7860980.0
2019-02-15 00:00:00-05:00,124.58999633789062,125.0,124.18000030517578,124.80000305175781,12190100,123.93199996948242,123.41149978637695,121.29579971313477,63.48259078966009,0.832797469334011,0.9371279967288755,-0.10433052739486448,125.82566273036268,120.99733684239122,123.41149978637695,0.8105162823790086,0.005964900110646543,0.005947180522781207,8042560.0
2019-02-19 00:00:00-05:00,125.9800033569336,126.79000091552734,125.93000030517578,126.69999694824219,15614000,124.20599975585938,123.69549980163575,121.48739959716796,71.38175140028595,0.9990035687853975,0.9495031111401799,0.0495004576452176,126.24981848677908,121.14118111649242,123.69549980163575,0.8947649667640459,0.015224309695700766,0.015109582852092095,8278460.0
2019-02-20 00:00:00-05:00,127.0,127.20999908447266,126.30999755859375,126.4800033569336,8889700,124.42600021362304,123.9470001220703,121.67419967651367,69.50696489840942,1.1002880204017629,0.9796600929924966,0.12062792740926631,126.55731996789982,121.3366802762408,123.9470001220703,0.8951390067008217,-0.0017363346220005127,-0.0017378437981698566,8328120.0
2019-02-21 00:00:00-05:00,126.1500015258789,126.22000122070312,125.05000305175781,125.05000305175781,8634600,124.58700027465821,124.13550033569337,121.81339981079101,58.71239801812321,1.053028942247849,0.9943338628435671,0.05869507940428187,126.47908396669452,121.79191670469221,124.13550033569337,0.9333433851633188,-0.011306137470128319,-0.011370537714508392,8498605.0
2019-02-22 00:00:00-05:00,125.52999877929688,125.94999694824219,125.38999938964844,125.5,5439400,124.76300048828125,124.35600051879882,121.9697998046875,60.77672672502443,1.0398994615910624,1.0034469825930663,0.036452478997996085,126.30926851350682,122.40273252409082,124.35600051879882,0.9309612788291085,0.0035985360836492397,0.0035920768439101198,8487450.0
2019-02-25 00:00:00-05:00,125.77999877929688,125.9000015258789,125.2300033569336,125.37000274658203,4882600,124.87900085449219,124.48150062561035,122.1263998413086,59.845828150671984,1.0073919740620454,1.0042359808868622,0.003155993175183225,126.35507787522855,122.60792337599216,124.48150062561035,0.9123210566945517,-0.0010358346885893654,-0.0010363715360959395,8176415.0
2019-02-26 00:00:00-05:00,125.33000183105469,125.62000274658203,125.05000305175781,125.58000183105469,5153200,125.07700119018554,124.59600067138672,122.28219985961914,60.88800853883929,0.9871949581033874,1.0008277763301674,-0.013632818226779975,126.44404215798889,122.74795918478455,124.59600067138672,0.8878695308466708,0.001675034536747555,0.0016736332310033522,8007965.0
2019-02-27 00:00:00-05:00,125.16999816894531,125.2300033569336,124.4000015258789,124.69000244140625,7935600,125.16000137329101,124.63150062561036,122.42539993286132,54.43918054868068,0.889123897900518,0.9784870006442377,-0.08936310274371961,126.4579981146516,122.80500313656911,124.63150062561036,0.9087360147273216,-0.0070871108191714605,-0.00711234367844341,7824235.0
2019-02-28 00:00:00-05:00,124.70999908447266,124.70999908447266,123.9800033569336,123.98999786376953,7811700,125.22200088500976,124.59650039672852,122.56399993896484,49.9574557004767,0.7463143100907814,0.9320524625335465,-0.18573815244276504,126.44388061736161,122.74912017609542,124.59650039672852,0.8959688513567317,-0.005613959130088775,-0.005629776625606553,7609620.0
2019-03-01 00:00:00-05:00,123.4800033569336,123.95999908447266,121.87000274658203,121.87999725341797,16411700,125.00400085449219,124.45300025939942,122.64419982910157,39.422280956127324,0.45760231300279486,0.8371624326273962,-0.37956011962460134,126.64425788045057,122.26174263834827,124.45300025939942,0.9833992989160721,-0.017017506627186707,-0.017163968380321165,7919730.0
2019-03-04 00:00:00-05:00,121.55999755859375,121.8499984741211,121.18000030517578,121.55999755859375,10272600,124.68000030517578,124.30600013732911,122.71239974975586,38.10969261013565,0.20066157252904304,0.7098622606077256,-0.5092006880786826,126.83357307366751,121.7784272009907,124.30600013732911,0.9631562738679376,-0.0026255308667169075,-0.0026289836177433583,7809085.0
2019-03-05 00:00:00-05:00,121.37999725341797,121.7300033569336,121.02999877929688,121.72000122070312,7120100,124.18200073242187,124.19400024414062,122.79819976806641,39.199769328493154,0.009831807909847612,0.56985617006815,-0.5600243621583024,126.96022217628126,121.42777831199999,124.19400024414062,0.9443597241371362,0.0013162525939691694,0.0013153870929190252,7821145.0
2019-03-06 00:00:00-05:00,121.43000030517578,121.63999938964844,121.26000213623047,121.61000061035156,4820400,123.69500045776367,124.06050033569336,122.84559982299805,38.69517645630972,-0.14856571229459803,0.4261717935956005,-0.5747375058901985,127.04623752230384,121.07476314908288,124.06050033569336,0.9097625355896733,-0.0009037184460104486,-0.0009041270457165541,7747610.0
2019-03-07 00:00:00-05:00,121.2699966430664,121.70999908447266,121.18000030517578,121.51000213623047,6088800,123.34100036621093,123.96400032043456,122.90139984130859,38.213607371608994,-0.2789503632417052,0.2851473622281394,-0.5640977254698446,127.14226749319688,120.78573314767225,123.96400032043456,0.8826365529973306,-0.0008222882461903502,-0.0008226265106168819,7722295.0
2019-03-08 00:00:00-05:00,122.69999694824219,122.88999938964844,122.37000274658203,122.83999633789062,10427700,123.075,123.91900024414062,122.95779983520508,47.56112314040323,-0.27182825472606,0.17375223883729954,-0.4455804935633595,127.13395339534348,120.70404709293776,123.91900024414062,0.9181623173130904,0.010945553273622899,0.010886084259377201,7946905.0
2019-03-11 00:00:00-04:00,122.5199966430664,122.54000091552734,121.91999816894531,122.23999786376953,6708700,122.76199951171876,123.82050018310547,123.00939971923827,44.30471804692991,-0.311013623428849,0.07679906638406986,-0.38781268981291883,127.11352135673567,120.52747900947526,123.82050018310547,0.9182934495725349,-0.004884390198699684,-0.004896357818091546,8070580.0
2019-03-12 00:00:00-04:00,122.54000091552734,123.02999877929688,122.4000015258789,122.9800033569336,6289900,122.50199966430664,123.7895004272461,123.05759979248047,48.947446407965344,-0.2791383188446872,0.00561158933831845,-0.28474990818300566,127.10185718531903,120.47714366917316,123.7895004272461,0.9091296971407355,0.006053709964792153,0.006035459879402026,8143985.0
2019-03-13 00:00:00-04:00,123.55999755859375,123.87999725341797,123.43000030517578,123.83999633789062,7377300,122.41699905395508,123.78850021362305,123.11319976806641,53.770466037085406,-0.18238029746913753,-0.031986788023172744,-0.1503935094459648,127.10078329380764,120.47621713343847,123.78850021362305,0.9084771399509954,0.006992949727453013,0.006968612448215202,8299255.0
2019-03-14 00:00:00-04:00,122.33000183105469,122.55000305175781,122.12000274658203,122.41000366210938,6778200,122.25899963378906,123.74050025939941,123.13639984130859,45.99026128806478,-0.21856781272190062,-0.06930299296291832,-0.14926481975898231,127.10309237611209,120.37790814268674,123.74050025939941,0.9664426007622524,-0.011547098821608426,-0.011614284265949192,8256140.0
2019-03-15 00:00:00-04:00,123.05999755859375,123.4000015258789,122.91000366210938,122.97000122070312,9412000,122.36800003051758,123.68600044250488,123.16919982910156,49.09648008831988,-0.1997568833857173,-0.09539377104747812,-0.10436311233823917,127.0614208418181,120.31058004319165,123.68600044250488,0.9681251195484866,0.004574769560006908,0.00456433710702197,8412915.0
2019-03-18 00:00:00-04:00,123.30000305175781,123.4000015258789,122.88999938964844,123.04000091552734,7783200,122.51600036621093,123.59800033569336,123.18139984130859,49.487548833306434,-0.17715852282709932,-0.11174672140340236,-0.06541180142369696,126.94430419398104,120.25169647740567,123.59800033569336,0.9354020493114853,0.0005692420438265788,0.0005690800870331783,8192570.0
2019-03-19 00:00:00-04:00,123.72000122070312,123.79000091552734,123.33999633789062,123.37999725341797,6558700,122.68199996948242,123.43200035095215,123.22019973754882,51.438991372896126,-0.13031213904970684,-0.11545980493266325,-0.014852334117043592,126.46062281078072,120.40337789112358,123.43200035095215,0.9221590457892364,0.002763299214570525,0.0027594883221057557,7739805.0
2019-03-20 00:00:00-04:00,123.66000366210938,124.41999816894531,122.6500015258789,124.18000030517578,11304900,122.93899993896484,123.31700019836425,123.26659973144531,55.76897646866539,-0.02830618593232259,-0.09802908113259513,0.06972289520027254,126.03241732750045,120.60158306922806,123.31700019836425,0.9827188741661771,0.006484057947534483,0.006463126873942885,7860565.0
2019-03-21 00:00:00-04:00,124.36000061035156,124.37000274658203,123.11000061035156,123.68000030517578,7739800,123.15599975585937,123.24850006103516,123.30959976196289,52.6114841675322,0.01204954583693052,-0.07601335573869,0.08806290157562052,125.85242309128871,120.6445770307816,123.24850006103516,1.0025248214564837,-0.004026413261163153,-0.004034541087699915,7815825.0
2019-03-22 00:00:00-04:00,123.93000030517578,124.22000122070312,123.7300033569336,123.97000122070312,5874000,123.26900024414063,123.17200012207032,123.34279983520508,54.2300994737214,0.06666394380833651,-0.0474778958292847,0.11414183963762121,125.590112727903,120.75388751623763,123.17200012207032,0.9694873996044022,0.002344768069306058,0.0023420233902432335,7837555.0
2019-03-25 00:00:00-04:00,124.55999755859375,125.11000061035156,124.4800033569336,124.91999816894531,7288300,123.5370002746582,123.14949989318848,123.40939987182617,59.152162091338084,0.1844765313231136,-0.001087010398805044,0.18556354172191863,125.4925961055092,120.80640368086776,123.14949989318848,0.9816668274646905,0.007663119616744263,0.007633907060241407,7957840.0
2019-03-26 00:00:00-04:00,124.4800033569336,124.51000213623047,124.06999969482422,124.30000305175781,5056100,123.66900024414062,123.08549995422364,123.45939987182618,54.995496953187974,0.2252192440297165,0.04417424048689927,0.18104500354281722,125.22020823898363,120.95079166946364,123.08549995422364,0.972261945083005,-0.004963137418149799,-0.0049754946888428755,7952985.0
2019-03-27 00:00:00-04:00,124.3499984741211,124.37999725341797,123.55999755859375,123.6500015258789,6595000,123.65000076293946,123.03349990844727,123.49059997558594,50.95295460120376,0.202721598142503,0.07588371201802002,0.126837886124483,125.05711306332276,121.00988675357178,123.03349990844727,0.9613860700645203,-0.005229296137734152,-0.00524301676048457,7885955.0
2019-03-28 00:00:00-04:00,122.27999877929688,122.36000061035156,121.70999908447266,121.9000015258789,11878300,123.5990005493164,122.92900009155274,123.49100006103515,42.00138122157982,0.04318388016088193,0.0693437456465924,-0.026159865485710476,124.96008733798283,120.89791284512265,122.92900009155274,1.0312872394460724,-0.014152850613865509,-0.014253957303041619,8089285.0
2019-03-29 00:00:00-04:00,122.63999938964844,122.75,122.01000213623047,122.01000213623047,7093900,123.50300064086915,122.93550033569336,123.48580017089844,42.68302115303107,-0.07352720495522647,0.04076955552622863,-0.1142967604814551,124.95390972117734,120.91709095020938,122.93550033569336,1.0183380419228596,0.0009023839948698598,0.0009019770912032663,7623395.0
2019-04-01 00:00:00-04:00,122.4000015258789,122.43000030517578,121.45999908447266,121.52999877929688,13560000,123.3520004272461,122.93400039672852,123.47420013427734,40.4490402437984,-0.2024204630214541,-0.007868448183307918,-0.1945520148381462,124.95653662512767,120.91146416832937,122.93400039672852,1.0148854118357356,-0.003934131206699276,-0.003941890257643701,7787765.0
2019-04-02 00:00:00-04:00,121.72000122070312,122.01000213623047,121.68000030517578,121.9800033569336,4475000,123.21200103759766,122.94700050354004,123.4934002685547,43.437910680510974,-0.2652006224012382,-0.05933488302689398,-0.20586573937434421,124.94130240009132,120.95269860698876,122.94700050354004,0.9766795507712969,0.0037028271386223555,0.003695988550420936,7655510.0
2019-04-03 00:00:00-04:00,121.7300033569336,122.01000213623047,121.68000030517578,121.80000305175781,6152200,122.97400131225587,122.95650062561035,123.500400390625,42.518649793266825,-0.32572412634641523,-0.11261273169079823,-0.21311139465561701,124.92690310564137,120.98609814557932,122.95650062561035,0.9304882850772535,-0.0014756542074283452,-0.0014767440573913667,7722100.0
2019-04-04 00:00:00-04:00,121.0999984741211,122.23999786376953,120.95999908447266,122.11000061035156,7508400,122.81700134277344,122.9865005493164,123.51700042724609,44.68958319583028,-0.34470172018946243,-0.15903052939053108,-0.18567119079893135,124.88484899752973,121.08815210110308,122.9865005493164,0.9554533203786549,0.00254513588527594,0.0025419025120261784,7793080.0
2019-04-05 00:00:00-04:00,121.87999725341797,122.12999725341797,121.66000366210938,121.9800033569336,5114500,122.61800155639648,122.94350090026856,123.53480056762696,43.94013517841191,-0.3660121319324219,-0.20042684989890924,-0.16558528203351264,124.89148590391277,120.99551589662435,122.94350090026856,0.9207776254450791,-0.0010645913747292512,-0.001065158454634802,7527420.0
2019-04-08 00:00:00-04:00,122.97000122070312,123.0199966430664,122.4000015258789,122.51000213623047,4270800,122.377001953125,122.95700111389161,123.52780059814454,47.78479215727321,-0.33625814014118305,-0.227593107947364,-0.10866503219381904,124.88897354707049,121.02502868071272,122.95700111389161,0.9292930297799172,0.004344964459018774,0.004335552354601057,7405525.0
2019-04-09 00:00:00-04:00,123.26000213623047,123.3499984741211,123.02999877929688,123.1500015258789,4648400,122.2620018005371,122.96550102233887,123.52500061035157,52.06032286960307,-0.2580605241488456,-0.23368659118766036,-0.024373932961185257,124.89929845225679,121.03170359242095,122.96550102233887,0.9229146946449678,0.0052240582686200465,0.005210460213684454,7323450.0
2019-04-10 00:00:00-04:00,123.22000122070312,123.7699966430664,123.19000244140625,123.52999877929688,6344800,122.2500015258789,122.95000114440919,123.51600051879883,54.44544388889856,-0.1635405538064134,-0.219657383711411,0.056116829904997584,124.86034002723378,121.0396622615846,122.95000114440919,0.9012775819694344,0.003085645543724258,0.0030808947099307334,7271825.0
2019-04-11 00:00:00-04:00,122.54000091552734,122.75,121.79000091552734,121.94999694824219,11694500,122.25500106811523,122.92700080871582,123.46120040893555,44.52593484997517,-0.2136627680803116,-0.21845846058519114,0.004795692504879545,124.87352612521077,120.98047549222086,122.92700080871582,0.9611861735265842,-0.012790430232882732,-0.012872932029622242,7517640.0
2019-04-12 00:00:00-04:00,121.95999908447266,122.30999755859375,121.80000305175781,121.83000183105469,5272800,122.23700103759765,122.8700008392334,123.40280044555664,43.87218950283152,-0.2600696658986834,-0.2267807016478896,-0.03328896425079381,124.87406579975325,120.86593587871354,122.8700008392334,0.9289581973343951,-0.0009839698252590567,-0.0009844542413608548,7310680.0
2019-04-15 00:00:00-04:00,121.19999694824219,121.81999969482422,121.0999984741211,121.5999984741211,4252400,122.24400100708007,122.79800071716309,123.34480041503906,42.58164414073261,-0.3118124357864218,-0.24378704847559607,-0.06802538731082575,124.87461851829093,120.72138291603525,122.79800071716309,0.9147471373057664,-0.0018879040751599296,-0.0018896884121835308,7134140.0
2019-04-16 00:00:00-04:00,120.37999725341797,120.62999725341797,120.19000244140625,120.51000213623047,10097800,122.09700088500976,122.65450096130371,123.27580047607422,37.023420105011986,-0.43574949970927435,-0.2821795387223317,-0.15356996098694264,124.93687171993639,120.37213020267103,122.65450096130371,0.9501220584064148,-0.008963785785923273,-0.009004202217837268,7311095.0
2019-04-17 00:00:00-04:00,120.45999908447266,120.51000213623047,120.19999694824219,120.27999877929688,4693900,121.94500045776367,122.45950088500976,123.19580047607423,35.956850780717446,-0.5462332278405881,-0.334990276545983,-0.21124295129460513,124.85101476405855,120.06798700596097,122.45950088500976,0.9043994248051196,-0.0019085831288392363,-0.0019104067944000634,6980545.0
2019-04-18 00:00:00-04:00,120.23999786376953,120.54000091552734,120.1500015258789,120.37000274658203,4090400,121.77100067138672,122.29400100708008,123.13440048217774,36.72501970508176,-0.6193898695521796,-0.3918701951472223,-0.22751967440495724,124.78097799179011,119.80702402237006,122.29400100708008,0.8676565651510709,0.0007482870651696061,0.0007480072379889946,6798075.0
2019-04-22 00:00:00-04:00,120.45999908447266,120.5,120.2699966430664,120.37000274658203,2250900,121.61000061035156,122.11400108337402,123.06700057983399,36.72501970508176,-0.6696477527216302,-0.4474257066621039,-0.22222204605952633,124.61080166620148,119.61720050054656,122.11400108337402,0.8221099074212511,0.0,0.0,6616920.0
2019-04-23 00:00:00-04:00,119.66999816894531,120.19999694824219,119.55000305175781,120.12000274658203,5574800,121.37100067138672,121.87400131225586,122.98520065307618,35.358773498814756,-0.7213352936353346,-0.5022076240567501,-0.21912766957858443,124.15962935164441,119.5883732728673,121.87400131225586,0.8219591779500346,-0.002076929420084306,-0.0020790892290242957,6531245.0
2019-04-24 00:00:00-04:00,120.05999755859375,120.72000122070312,120.04000091552734,120.47000122070312,4173000,121.10300064086914,121.68250122070313,122.9226007080078,38.79187641744311,-0.7256907788243296,-0.5469042550102661,-0.17878652381406357,123.75483149302532,119.61017094838094,121.68250122070313,0.8118192584661593,0.0029137401441747812,0.002909503431152912,6487090.0
2019-04-25 00:00:00-04:00,120.72000122070312,121.0999984741211,120.5,120.56999969482422,4836900,120.80700073242187,121.52850112915038,122.85680068969727,39.77602028710081,-0.7128561293550604,-0.580094629879225,-0.13276149947583538,123.44501073873575,119.61199151956502,121.52850112915038,0.7988319723912886,0.0008300695036758121,0.0008297251865102907,6399185.0
2019-04-26 00:00:00-04:00,121.26000213623047,121.66999816894531,121.22000122070312,121.37000274658203,6022700,120.74900131225586,121.50200119018555,122.81680068969726,47.103571014205656,-0.6308588684699004,-0.5902474775973601,-0.04061139087254029,123.41187603819888,119.59212634217222,121.50200119018555,0.8203438653719889,0.006635175033447016,0.006613259149985578,6106405.0
2019-04-29 00:00:00-04:00,120.87999725341797,120.91000366210938,120.66999816894531,120.83000183105469,4469300,120.64900131225586,121.44300117492676,122.75220077514649,43.27599373752032,-0.6025037215111269,-0.5926987263801134,-0.009804995131013405,123.35935228142309,119.52665006843044,121.44300117492676,0.8117482019623267,-0.004449212353194509,-0.004459139554905491,5975175.0
2019-04-30 00:00:00-04:00,120.88999938964844,121.36000061035156,120.8499984741211,121.19999694824219,4758600,120.60900115966797,121.42650108337402,122.68020065307617,46.48473009110169,-0.5439067312519796,-0.5829403273544866,0.03903359610250701,123.34525303333753,119.50774913341051,121.42650108337402,0.7916232432005087,0.0030621129817147708,0.003057434262503009,5535105.0
2019-05-01 00:00:00-04:00,121.02999877929688,121.55000305175781,120.18000030517578,120.4000015258789,12331800,120.5980010986328,121.34750099182129,122.5542007446289,41.07450131153226,-0.555616339741718,-0.577475529831933,0.021859190090214975,123.2984270033778,119.39657498026479,121.34750099182129,0.8329360648706174,-0.0066006224629272525,-0.0066225029075604345,5927945.0
2019-05-02 00:00:00-04:00,119.69000244140625,120.11000061035156,119.54000091552734,119.94000244140625,6759600,120.56400146484376,121.2545009613037,122.42340072631836,38.313235032753376,-0.5951538079495435,-0.5810111854554552,-0.014142622494088375,123.28594751263047,119.22305440997694,121.2545009613037,0.834869246690685,-0.0038205903541769226,-0.003827907452540267,5958315.0
2019-05-03 00:00:00-04:00,120.55999755859375,121.08000183105469,120.4800033569336,120.6500015258789,8414400,120.59200134277344,121.18150100708007,122.33540069580079,44.513481717778376,-0.5627099736478982,-0.5773509430939439,0.014640969446045649,123.18952667952858,119.17347533463156,121.18150100708007,0.856664256901953,0.005919618726200282,0.005902166622599615,6003615.0
2019-05-06 00:00:00-04:00,120.61000061035156,121.12000274658203,120.54000091552734,120.80999755859375,3479600,120.63600082397461,121.12300071716308,122.24160064697266,45.83469899198258,-0.5181151495921767,-0.5655037843935904,0.04738863480141364,123.10253594732039,119.14346548700577,121.12300071716308,0.8369026550557198,0.001326117121353887,0.0013252386046357174,5921870.0
2019-05-07 00:00:00-04:00,121.0199966430664,121.41999816894531,120.91000366210938,121.20999908447266,4010700,120.74500045776367,121.0580005645752,122.15840057373048,49.09801128402496,-0.4453627850955826,-0.5414755845339888,0.09611279943840623,122.93374543101413,119.18225569813626,121.0580005645752,0.8206953661482801,0.003310996887363693,0.0033055276063594123,5908865.0
2019-05-08 00:00:00-04:00,121.54000091552734,121.54000091552734,120.7699966430664,120.91000366210938,4178800,120.7890007019043,120.94600067138671,122.06500061035156,46.81974650072796,-0.4072189687116037,-0.5146242613695118,0.1074052926579081,122.55762404919054,119.33437729358289,120.94600067138671,0.8170745737420413,-0.0024750055657883907,-0.002478073455137969,5885385.0
2019-05-09 00:00:00-04:00,120.95999908447266,121.62000274658203,120.86000061035156,121.19999694824219,5015500,120.8520004272461,120.82950057983399,121.99520050048828,49.270280624132816,-0.3495601727225477,-0.481611443640119,0.1320512709175713,121.9342785683689,119.72472259129908,120.82950057983399,0.8129979710626432,0.002398422606480155,0.002395550981643927,5818920.0
2019-05-10 00:00:00-04:00,121.41000366210938,121.7300033569336,121.30000305175781,121.43000030517578,4586000,120.85800018310547,120.80350074768066,121.9440005493164,51.19132877450876,-0.28205446451165983,-0.4417000478144272,0.15964558330276735,121.82273967971139,119.78426181564993,120.80350074768066,0.7927842880361263,0.001897717514232511,0.0018959191232165698,5463495.0
2019-05-13 00:00:00-04:00,122.62999725341797,122.8499984741211,122.33000183105469,122.66999816894531,11130900,121.04199981689453,120.84550056457519,121.95980056762696,59.98831774542487,-0.12703387248434694,-0.3787668127484112,0.25173294026406423,122.07749638111612,119.61350474803426,120.84550056457519,0.8375852795296396,0.010211626950944463,0.010159840539079522,5756400.0
2019-05-14 00:00:00-04:00,122.5999984741211,122.66000366210938,122.12000274658203,122.45999908447266,5556000,121.16800003051758,120.88850059509278,121.97780059814453,58.079173945051174,-0.02088337695096243,-0.30719012558892145,0.286306748637959,122.27337797469168,119.50362321549387,120.88850059509278,0.8170431468748997,-0.001711902564663248,-0.0017133695443152437,5821580.0
2019-05-15 00:00:00-04:00,122.70999908447266,122.7699966430664,122.22000122070312,122.38999938964844,10299000,121.36699981689453,120.98250045776368,121.99120056152344,57.42314595575859,0.05693693166557523,-0.23436471413802212,0.29130164580359735,122.50065360192745,119.4643473135999,120.98250045776368,0.797968309409784,-0.0005716127335255727,-0.0005717761663673002,5831640.0
2019-05-16 00:00:00-04:00,122.02999877929688,122.06999969482422,121.19000244140625,121.51000213623047,6349400,121.52399978637695,121.04400062561035,121.98920059204102,49.80659055859551,0.04705919390825386,-0.17807993252876694,0.2251391264370208,122.54287012261835,119.54513112860235,121.04400062561035,0.8266846407549557,-0.007190107507202059,-0.007216080906090217,5914415.0
2019-05-17 00:00:00-04:00,121.02999877929688,121.05999755859375,120.33000183105469,120.6500015258789,6589300,121.52399978637695,121.0580005645752,121.97200057983399,43.705470768806734,-0.02982009882319403,-0.14842796578765238,0.11860786696445835,122.5365194876289,119.5794816415215,121.0580005645752,0.8519214739278719,-0.007077611679961793,-0.007102776783024275,6039360.0
2019-05-20 00:00:00-04:00,120.51000213623047,120.73999786376953,120.41999816894531,120.63999938964844,4345800,121.50699996948242,121.07150039672851,121.92800064086914,43.63851755684026,-0.09051122395227651,-0.1368446174205772,0.046333393468300704,122.52943250107718,119.61356829237984,121.07150039672851,0.8139270611347538,-8.290208125960596e-05,-8.290551782707826e-05,6144105.0
2019-05-21 00:00:00-04:00,120.08000183105469,120.36000061035156,119.83000183105469,120.36000061035156,3845600,121.42200012207032,121.083500289917,121.89040069580078,41.71211993973026,-0.15936586878135017,-0.1413488676927318,-0.018017001088618367,122.51359359620875,119.65340698362525,121.083500289917,0.813646382381825,-0.002320944800343727,-0.0023236423674714048,6057645.0
2019-05-22 00:00:00-04:00,120.3499984741211,120.5,120.19000244140625,120.23999786376953,3741800,121.35499954223633,121.0720001220703,121.8356005859375,40.879209765694895,-0.22106854900120254,-0.15729280395442596,-0.06377574504677658,122.52515561831169,119.61884462582893,121.0720001220703,0.7776714663969625,-0.0009970317877491253,-0.0009975291545631813,6036085.0
2019-05-23 00:00:00-04:00,120.81999969482422,121.5199966430664,120.7699966430664,121.16999816894531,6054600,121.35199966430665,121.10200004577636,121.78220062255859,49.32443259188818,-0.19270374649275368,-0.16437499246209153,-0.02832875403066215,122.53712399589854,119.66687609565419,121.10200004577636,0.8135519887469563,0.007734533613593886,0.007704775453647589,6096970.0
2019-05-24 00:00:00-04:00,121.12999725341797,121.30999755859375,120.88999938964844,121.30000305175781,2324700,121.33899993896485,121.09850006103515,121.76000061035157,50.391250791868515,-0.157913796650746,-0.16308275329982244,0.005168956649076434,122.53133211720547,119.66566800486484,121.09850006103515,0.7854410016182676,0.0010729131367257505,0.0010723379767872785,5912070.0
2019-05-28 00:00:00-04:00,120.80000305175781,120.83999633789062,120.45999908447266,120.83000183105469,4303500,121.15500030517578,121.09850006103515,121.7172006225586,46.57392976057159,-0.16635010088587876,-0.1637362228170337,-0.0026138780688450547,122.53133211720547,119.66566800486484,121.09850006103515,0.7893383563087596,-0.0038747008151563955,-0.0038822269155751525,5903780.0
2019-05-29 00:00:00-04:00,121.11000061035156,121.26000213623047,120.75,120.87000274658203,4133200,120.99600067138672,121.08200035095214,121.67380065917969,46.942319424385715,-0.16787305708631095,-0.16456358967088916,-0.0033094674154217907,122.51737508264343,119.64662561926086,121.08200035095214,0.7693857691603102,0.00033105118696652447,0.0003309964016131658,5872510.0
2019-05-30 00:00:00-04:00,120.95999908447266,121.69000244140625,120.80000305175781,121.69000244140625,7757000,120.9260009765625,121.14650039672851,121.64000076293945,53.951932656904305,-0.10174009204840218,-0.15199889014639179,0.05025879809798961,122.56937369596366,119.72362709749336,121.14650039672851,0.778001027766605,0.0067841455794739325,0.006761236816409685,5643770.0
2019-05-31 00:00:00-04:00,122.55000305175781,123.4000015258789,122.31999969482422,123.33000183105469,15367000,121.10800094604492,121.31600036621094,121.62300079345704,64.15240894183685,0.08205907793384881,-0.10518729653034367,0.18724637446419248,122.91976334949737,119.71223738292451,121.31600036621094,0.844572317531323,0.013476862164072179,0.013386857013473643,6074140.0
2019-06-03 00:00:00-04:00,124.08999633789062,125.33999633789062,123.9000015258789,125.11000061035156,14173600,121.55400085449219,121.53900032043457,121.65160079956054,71.52517978024898,0.36712033506690034,-0.010725770210894867,0.3778461052777952,123.81129353823637,119.26670710263276,121.53900032043457,0.9278167596245098,0.014432812396575123,0.014329650783140812,6362100.0
2019-06-04 00:00:00-04:00,124.87999725341797,125.41999816894531,124.61000061035156,125.1500015258789,7997100,122.00500106811523,121.75600051879883,121.67520080566406,71.66620940453224,0.5894661755400818,0.10931261893930048,0.48015355660078135,124.4903262234466,119.02167481415105,121.75600051879883,0.919401102408027,0.0003197259638094696,0.00031967486235552026,6587975.0
2019-06-05 00:00:00-04:00,126.18000030517578,126.37000274658203,125.23999786376953,125.47000122070312,7637900,122.5160011291504,121.96900062561035,121.68620086669922,72.82571231485838,0.7824782350359527,0.24394574215863093,0.5385324928773217,125.1303607137026,118.8076405375181,121.96900062561035,0.9408725394291054,0.00255692921232642,0.002553665830468566,6769335.0
2019-06-06 00:00:00-04:00,125.93000030517578,126.44999694824219,125.80000305175781,125.87999725341797,5551800,123.08000106811524,122.21750030517578,121.71780075073242,74.27810767432787,0.9574876149140863,0.38665411670972205,0.5708334982043642,125.76462213201087,118.67037847834068,122.21750030517578,0.943667052865531,0.003267681746441209,0.0032623544765036684,6837985.0
2019-06-07 00:00:00-04:00,126.79000091552734,127.25,126.31999969482422,126.58999633789062,8145900,123.62200088500977,122.4870002746582,121.77660064697265,76.60956660856888,1.1403297897632854,0.5373892513204347,0.6029405384428507,126.47551303195925,118.49848751735715,122.4870002746582,0.9741196024167096,0.0056402851919619135,0.005624438342681366,6994505.0
2019-06-10 00:00:00-04:00,125.45999908447266,125.52999877929688,125.06999969482422,125.33000183105469,5410000,124.02500076293946,122.68200035095215,121.84520065307618,65.29805498626578,1.1700746123646155,0.663926323529271,0.5061482888353446,126.82316150200293,118.54083919990137,122.68200035095215,1.0131108196059737,-0.00995334973762696,-0.010003215486538885,7035705.0
2019-06-11 00:00:00-04:00,124.94000244140625,125.4000015258789,124.87999725341797,125.18000030517578,4757800,124.46000061035156,122.80750045776367,121.90860061645508,64.0849307797039,1.1680788432515072,0.7647568274737182,0.40332201577778903,127.08934427970757,118.52565663581976,122.80750045776367,0.9778889233813283,-0.0011968524989021123,-0.0011975692988471266,6717050.0
2019-06-12 00:00:00-04:00,125.5999984741211,126.19999694824219,125.55999755859375,125.83000183105469,5756200,124.95600051879883,122.97600059509277,121.99460067749024,66.9502716849178,1.2050557402472464,0.8528166100284238,0.3522391302188226,127.45077084615829,118.50123034402725,122.97600059509277,0.9808966176445482,0.00519253494403471,0.005179100221238763,6727060.0
2019-06-13 00:00:00-04:00,126.02999877929688,126.7699966430664,125.95999908447266,126.5999984741211,5374800,125.4470001220703,123.1865005493164,122.08700057983398,70.00330879562269,1.2817176482777057,0.9385968176782802,0.34312083059942555,127.91982079199938,118.45318030663343,123.1865005493164,0.977975060099346,0.006119340633088832,0.0061006935016299476,6480850.0
2019-06-14 00:00:00-04:00,127.20999908447266,127.62999725341797,126.26000213623047,126.55999755859375,9226100,125.76999969482422,123.43900032043457,122.18220046997071,69.64338559012742,1.3239829715839875,1.0156740484594218,0.3083089231245657,128.32400421097944,118.55399642988971,123.43900032043457,1.0059764927484998,-0.00031596300165459557,-0.0003160129284807664,6624685.0
2019-06-17 00:00:00-04:00,126.69999694824219,126.7699966430664,126.16999816894531,126.4800033569336,4763300,125.90699996948243,123.73050041198731,122.26960052490234,68.88067125105854,1.3356274000067856,1.0796647187688946,0.255962681237891,128.6107883989334,118.8502124250412,123.73050041198731,0.9769780628465422,-0.0006320654488249922,-0.0006322652864021801,6533385.0
2019-06-18 00:00:00-04:00,127.58000183105469,127.75,126.38999938964844,127.12000274658203,10309600,126.10400009155273,124.05450057983398,122.37240051269531,71.56390059191175,1.380583784982278,1.1398485320115712,0.24073525297070675,128.93146811119001,119.17753304847794,124.05450057983398,1.004336816239758,0.005060083591572395,0.005047324392238259,6831575.0
2019-06-19 00:00:00-04:00,126.7699966430664,127.98999786376953,126.69999694824219,127.88999938964844,11660600,126.34599990844727,124.43100051879883,122.48000045776367,74.42147191222432,1.4614971090113187,1.2041782474115208,0.2573188615997979,129.27147030022041,119.59053073737722,124.43100051879883,1.0247413947602997,0.006057242183997058,0.006038970838080658,7222325.0
2019-06-20 00:00:00-04:00,130.41000366210938,131.49000549316406,130.19000244140625,131.11000061035156,18636300,126.86900024414062,124.97450065612793,122.63920043945312,82.39076035946054,1.765101695483196,1.3163629370258558,0.4487387584573401,130.23353915203654,119.71546216021932,124.97450065612793,1.2086888739571084,0.025177896911959374,0.024866155493817887,7967050.0
2019-06-21 00:00:00-04:00,131.77000427246094,132.1699981689453,131.07000732421875,131.97999572753906,15068000,127.40800018310547,125.51500053405762,122.80820037841796,83.85442930833412,2.0522547375888536,1.4635412971384554,0.5887134404503982,131.29509307945847,119.73490798865677,125.51500053405762,1.2009247290120695,0.006635612181659978,0.00661369341666817,8417720.0
2019-06-24 00:00:00-04:00,132.77000427246094,134.0399932861328,132.5800018310547,133.94000244140625,17851800,128.2690002441406,126.14700050354004,123.04800048828125,86.56398542167955,2.4101984857854006,1.6528727348678445,0.7573257509175562,132.66272491915976,119.63127608792034,126.14700050354004,1.2622870739821894,0.014850786310930397,0.014741593126273352,9194075.0
2019-06-25 00:00:00-04:00,134.89999389648438,135.5500030517578,133.2100067138672,134.1999969482422,24772200,129.17099990844727,126.81550025939941,123.295400390625,86.87855570016711,2.6839123974728807,1.8590806673888518,0.8248317300840289,133.74248750761936,119.88851301117946,126.81550025939941,1.3392663071185062,0.0019411266395166216,0.0019392450876947497,10217510.0
2019-06-26 00:00:00-04:00,132.99000549316406,133.5500030517578,132.41000366210938,132.97000122070312,12016400,129.8849998474121,127.42050018310547,123.52280044555664,77.61996706530627,2.7696554053164135,2.041195614974364,0.7284597903420496,134.27796625942105,120.56303410678989,127.42050018310547,1.3714610913338139,-0.009165393111099984,-0.009207653748305768,10611670.0
2019-06-27 00:00:00-04:00,132.3800048828125,132.97000122070312,132.25999450683594,132.83999633789062,8412800,130.50899963378907,127.97799987792969,123.76940032958984,76.68969506065247,2.794899191119711,2.1919363302034336,0.6029628609162776,134.69276600860954,121.26323374724984,127.97799987792969,1.3242143500861978,-0.000977700846950591,-0.0009781791081800058,10644460.0
2019-06-28 00:00:00-04:00,133.0500030517578,133.33999633789062,132.61000061035156,133.1999969482422,8077000,131.1729995727539,128.47149963378905,124.02780029296875,77.49407569740177,2.8115443803540927,2.3158579402335655,0.4956864401205272,135.19808789718917,121.74491137038892,128.47149963378905,1.2817701627614024,0.0027100317696175935,0.0027063662544696662,10279960.0
2019-07-01 00:00:00-04:00,131.55999755859375,131.75999450683594,130.5500030517578,130.6199951171875,13317700,131.5869987487793,128.74699935913085,124.23280014038086,61.19594610617689,2.5867329793526608,2.3700329480573847,0.21670003129527604,135.35053331468688,122.14346540357484,128.74699935913085,1.3795004294559006,-0.019369383559800002,-0.019559428102497136,10237165.0
2019-07-02 00:00:00-04:00,131.27000427246094,133.6300048828125,131.16000366210938,133.41000366210938,13282100,132.21599884033202,129.15999946594238,124.49360015869141,68.83029718949206,2.603685036517959,2.4167633657494996,0.18692167076845934,135.8447154279494,122.47528350393533,129.15999946594238,1.4959653820394077,0.021359735486276676,0.02113481354805423,10501415.0
2019-07-03 00:00:00-04:00,133.61000061035156,134.10000610351562,133.22999572753906,133.6300048828125,6351500,132.78999938964844,129.56799964904786,124.76380020141602,69.34249309722934,2.604844893367158,2.4543796712730312,0.15046522209412672,136.297973138628,122.83802615946772,129.56799964904786,1.4512543101777757,0.001649060899963084,0.0016477026920105947,10437095.0
2019-07-05 00:00:00-04:00,131.4600067138672,132.32000732421875,130.80999755859375,132.13999938964844,11536600,132.89299926757812,129.88099975585936,124.99720016479492,61.92103694825714,2.4572079339696415,2.4549453238123533,0.0022626101572882362,136.47671284104516,123.28528667067357,129.88099975585936,1.5490223826092737,-0.011150231525253074,-0.011212861349998495,10736335.0
2019-07-08 00:00:00-04:00,132.17999267578125,132.33999633789062,131.27999877929688,131.2899932861328,8028900,132.8239990234375,130.1159996032715,125.21160003662109,58.10079716526094,2.2457288272213702,2.413102024494157,-0.16737319727278654,136.55909228017833,123.67290692636466,130.1159996032715,1.5140920380367362,-0.006432617734537516,-0.006453396174434407,10730485.0
2019-07-09 00:00:00-04:00,131.42999267578125,132.10000610351562,131.16000366210938,131.75,6633400,132.60499877929686,130.43699951171874,125.41919998168946,59.55506162235859,2.0911434093399635,2.3487103014633184,-0.25756689212335493,136.5242087246904,124.3497902987471,130.43699951171874,1.4730856382774158,0.0035037454291328984,0.0034976216131429347,10791655.0
2019-07-10 00:00:00-04:00,132.94000244140625,133.8699951171875,132.35000610351562,133.8300018310547,13920600,132.56799926757813,130.8694995880127,125.67919998168945,65.40251064467928,2.1121248558208094,2.3013932123348164,-0.18926835651400697,136.62112332003787,125.11787585598753,130.8694995880127,1.5192934581995647,0.015787490178783115,0.015664164068756106,11249795.0
2019-07-11 00:00:00-04:00,133.5800018310547,133.6999969482422,132.41000366210938,132.6999969482422,7535100,132.54099884033204,131.21299934387207,125.90919998168945,60.30176598587258,2.014350672459557,2.2439847043597645,-0.2296340319002077,136.52337068817351,125.90262799957064,131.21299934387207,1.5122009375385466,-0.008443584154164463,-0.008479433149487648,11338740.0
2019-07-12 00:00:00-04:00,132.88999938964844,133.69000244140625,132.52999877929688,133.52999877929688,6309500,132.60999908447266,131.55949935913085,126.17179992675781,62.60848971996319,1.9810023766058578,2.191388238808983,-0.21038586220312538,136.5130371498384,126.60596156842333,131.55949935913085,1.4870439892936056,0.006254723814186791,0.006235244213343071,11385475.0
2019-07-15 00:00:00-04:00,133.17999267578125,133.52999877929688,132.80999755859375,133.52999877929688,4026600,132.64299926757812,131.90799942016602,126.44359985351562,62.60848971996319,1.9322992687249894,2.1395704447921844,-0.20727117606719503,136.36100934785108,127.45498949248096,131.90799942016602,1.4322552201085712,0.0,0.0,11125500.0
2019-07-16 00:00:00-04:00,133.17999267578125,133.3000030517578,132.1300048828125,132.39999389648438,7966000,132.8209991455078,132.20399894714356,126.67859970092773,57.34703317568947,1.7819782189788498,2.0680519996295175,-0.2860737806506677,135.89650730822146,128.51149058606566,132.20399894714356,1.4299508398497,-0.008462554430785363,-0.008498565150237166,11285635.0
2019-07-17 00:00:00-04:00,133.0,134.60000610351562,132.88999938964844,134.5800018310547,11288300,132.93799896240233,132.57699890136718,126.95399978637695,63.68712853716935,1.8178016395254701,2.018001927608708,-0.20020028808323787,135.58328840848935,129.570709394245,132.57699890136718,1.4849552232198107,0.01646531748539748,0.01633123396202252,11334570.0
2019-07-18 00:00:00-04:00,133.8300018310547,136.6300048828125,133.61000061035156,136.47999572753906,18448200,133.222998046875,133.00649871826172,127.25939971923827,68.13308658627852,1.9767191984821295,2.009745381783392,-0.03302618330126261,135.6433491482699,130.36964828825356,133.00649871826172,1.594601583879891,0.014117951186161548,0.01401922107283276,11673950.0
2019-07-19 00:00:00-04:00,135.4499969482422,136.02999877929688,133.97000122070312,134.47000122070312,18079200,133.45599822998048,133.17449874877929,127.53059967041015,59.79279943702581,1.9183591008403766,1.991468125594789,-0.07310902475441239,135.7336218504467,130.61537564711188,133.17449874877929,1.6599867926624658,-0.014727392803034478,-0.01483691752503857,11646095.0
2019-07-22 00:00:00-04:00,134.55999755859375,134.82000732421875,134.32000732421875,134.4499969482422,7570400,133.7719985961914,133.29799880981446,127.79559967041016,59.714453770928564,1.8491779530234282,1.963010091080517,-0.1138321380570888,135.85301615359145,130.74298146603746,133.29799880981446,1.5771305931865756,-0.00014876383044060137,-0.0001487748968767623,11271215.0
2019-07-23 00:00:00-04:00,134.42999267578125,134.9499969482422,133.55999755859375,133.69000244140625,9981400,133.96599884033202,133.28549880981444,128.04079971313476,56.67609944183427,1.7132766035842337,1.9130633935812604,-0.1997867899970267,135.83025582450995,130.74074179511894,133.28549880981444,1.5637640786481373,-0.005652618252780628,-0.005668654760058427,10877695.0
2019-07-24 00:00:00-04:00,134.58999633789062,134.83999633789062,133.97999572753906,134.3699951171875,6715200,134.0199981689453,133.29399871826172,128.2747996520996,58.70088113830828,1.6415210976348362,1.8587549343919756,-0.21723383675713936,135.85201833295804,130.7359791035654,133.29399871826172,1.5342090656364398,0.005086339018351538,0.005073447292028362,9974845.0
2019-07-25 00:00:00-04:00,134.24000549316406,134.27999877929688,133.08999633789062,133.4199981689453,11708200,134.0919982910156,133.31649856567384,128.49399963378906,54.84444652172248,1.4908123709185475,1.78516642169729,-0.29435405077874255,135.87063632101643,130.76236081033124,133.31649856567384,1.5160511880407566,-0.007070008058076338,-0.007095118991376651,9959435.0
2019-07-26 00:00:00-04:00,134.24000549316406,134.2899932861328,133.58999633789062,133.63999938964844,6249900,134.10299835205078,133.35649871826172,128.71899963378905,55.5723639562876,1.373296373337439,1.70279241202532,-0.3294960386878809,135.9045841380317,130.80841329849173,133.35649871826172,1.4699043258369524,0.001648937368628589,0.00164757936404381,9851290.0
2019-07-29 00:00:00-04:00,134.05999755859375,134.72999572753906,133.44000244140625,134.52999877929688,9162400,134.20299835205077,133.42299880981446,128.9793995666504,58.4877528595999,1.3365724362491278,1.6295484168700818,-0.292975980620954,136.02022274617119,130.82577487345773,133.42299880981446,1.4570535372866567,0.006659678193005059,0.006637600502192369,9905560.0
2019-07-30 00:00:00-04:00,134.75999450683594,135.17999267578125,134.41000366210938,134.97999572753906,9458700,134.46099853515625,133.64099884033203,129.26599945068358,59.919864947035826,1.3284657186038658,1.5693318772168388,-0.240866158612973,135.97957919228625,131.3024184883778,133.64099884033203,1.4079774998856007,0.003344956160896251,0.0033393742390960437,9712610.0
2019-07-31 00:00:00-04:00,135.02999877929688,135.4199981689453,133.02000427246094,133.2100067138672,18797200,134.3239990234375,133.63099899291993,129.51739959716798,52.28005602022906,1.1657793863825532,1.4886213790499818,-0.32284199266742863,135.97514855361263,131.28684943222723,133.63099899291993,1.4788358139283704,-0.013112972808538625,-0.013199706898717264,9988365.0
2019-08-01 00:00:00-04:00,132.4199981689453,136.42999267578125,132.30999755859375,136.41000366210938,27719800,134.31699981689454,133.76999893188477,129.83839965820312,61.77028004740707,1.280303761437807,1.4469578555275469,-0.16665409408973986,136.4086210009563,131.13137686281326,133.76999893188477,1.667490049875451,0.02402219643390402,0.0237382025873749,11056780.0
2019-08-02 00:00:00-04:00,135.38999938964844,136.60000610351562,135.3699951171875,135.88999938964844,13753200,134.45899963378906,133.95749893188477,130.15139968872072,59.69278308159508,1.3139586573510087,1.4203580158922393,-0.10639935854123062,136.63876768194262,131.27623018182692,133.95749893188477,1.6362415453363561,-0.0038120684590625675,-0.003819352910475418,11167610.0
2019-08-05 00:00:00-04:00,137.92999267578125,138.63999938964844,137.0500030517578,137.7899932861328,17519800,134.79299926757812,134.28249893188476,130.48379959106444,64.40360629742892,1.4769190301381343,1.4316702187414183,0.04524881139671599,137.160204168889,131.4047936948805,134.28249893188476,1.7157957206694736,0.013981852270352535,0.013885007839557597,11642155.0
2019-08-06 00:00:00-04:00,138.3300018310547,139.02999877929688,138.00999450683594,138.91000366210938,9471200,135.31499938964845,134.64049911499023,130.8359996032715,66.86222859207888,1.677109106842579,1.4807579963616506,0.19635111048092835,137.92205069074188,131.35894753923859,134.64049911499023,1.681810704419087,0.008128386897085838,0.008095529492025941,11784045.0
2019-08-07 00:00:00-04:00,141.27999877929688,142.47000122070312,140.8800048828125,141.02000427246094,26671100,135.9800003051758,134.99999923706054,131.2397996520996,70.9350931470287,1.9831599665468218,1.5812383903986849,0.40192157614813695,139.2731544454083,130.72684402871278,134.99999923706054,1.8159669082887058,0.015189695160357397,0.01507548681526026,12421570.0
2019-08-08 00:00:00-04:00,140.89999389648438,142.3699951171875,140.7100067138672,141.72999572753906,13108600,136.81100006103514,135.45149917602538,131.65699951171874,72.17439339090548,2.2569807850501604,1.7163868693289799,0.5405939157211805,140.49580439099256,130.4071939610582,135.45149917602538,1.8048255865052492,0.005034686098196239,0.005022054446004404,12700245.0
2019-08-09 00:00:00-04:00,141.27999877929688,142.02999877929688,140.9600067138672,141.25999450683594,9485900,137.5729995727539,135.83799896240234,132.04839935302735,70.04519325654209,2.408299211741138,1.8547693378114116,0.5535298739297263,141.39288668484565,130.28311123995903,135.83799896240234,1.752337477856995,-0.0033161732510501585,-0.003321683939870917,12859065.0
2019-08-12 00:00:00-04:00,141.6699981689453,143.3800048828125,141.63999938964844,142.6300048828125,15264000,138.38300018310548,136.29299926757812,132.4343994140625,72.58409280105985,2.6086971063861313,2.0055548915263555,0.6031422148597758,142.47277049422118,130.11322804093507,136.29299926757812,1.7785998277226782,0.009698502260031328,0.009651773675578623,13420935.0
2019-08-13 00:00:00-04:00,143.1699981689453,143.2899932861328,139.35000610351562,141.77999877929688,29842800,139.06300048828126,136.76199951171876,132.7677993774414,68.69382442695753,2.668168507250499,2.138077614671184,0.5300908925793149,143.1102324991001,130.4137665243374,136.76199951171876,1.9329846387865717,-0.005959518154781018,-0.005977346952418699,14514775.0
2019-08-14 00:00:00-04:00,142.89999389648438,143.75,142.0500030517578,142.75,20672900,140.01699981689453,137.170499420166,133.11979934692383,70.62846241688588,2.761735445678937,2.262809180872735,0.4989262648062023,143.94187893656573,130.3991199037663,137.170499420166,1.9356286803520397,0.0068415942238304606,0.00681829671908825,14984005.0
2019-08-15 00:00:00-04:00,142.9600067138672,144.02000427246094,142.61000061035156,143.6999969482422,13467800,140.74599914550782,137.53149948120117,133.4843992614746,72.42571286850614,2.8793533397982856,2.386118012657845,0.4932353271404404,144.8637436739959,130.19925528840642,137.53149948120117,1.8980840361918492,0.0066549698650941735,0.006632923311853109,14734985.0
2019-08-16 00:00:00-04:00,142.75,143.1300048828125,141.8000030517578,142.77999877929688,11728800,141.43499908447265,137.94699935913087,133.82239929199218,68.08103572213422,2.8653008007474625,2.481954570275769,0.3833462304716937,145.47734058414514,130.4166581341166,137.94699935913087,1.8982204547841726,-0.006402214255277094,-0.00642279632319684,14417465.0
2019-08-19 00:00:00-04:00,141.3300018310547,141.7899932861328,140.85000610351562,141.11000061035156,10552700,141.76699981689453,138.27999954223634,134.1127993774414,60.935293377356594,2.6884187489741294,2.5232474060154413,0.16517134295868807,145.7511167738188,130.80888231065387,138.27999954223634,1.9004898991411068,-0.011696303286335752,-0.011765243129746363,14566580.0
2019-08-20 00:00:00-04:00,141.77000427246094,142.25999450683594,141.60000610351562,142.2100067138672,7478500,142.0970001220703,138.70599975585938,134.45039947509767,63.64225397073929,2.6069484688170803,2.5399876185757693,0.06696085024131104,146.0522276693337,131.35977184238507,138.70599975585938,1.8468830418084832,0.007795380191040424,0.007765153200510364,14441435.0
2019-08-21 00:00:00-04:00,141.6199951171875,142.1699981689453,141.4600067138672,141.75999450683594,8114700,142.1709991455078,139.07549972534179,134.78199935913085,61.756883835100176,2.47751125310387,2.5274923454813893,-0.04998109237751924,146.25367032720132,131.89732912348225,139.07549972534179,1.7685342531078772,-0.003164420123660472,-0.0031694374885161206,14511410.0
2019-08-22 00:00:00-04:00,141.38999938964844,141.89999389648438,141.1699981689453,141.39999389648438,6846500,142.13799896240235,139.47449951171876,135.09339920043945,60.21995028954493,2.319148585231005,2.485823593431313,-0.16667500820030767,146.22528057251012,132.7237184509274,139.47449951171876,1.6943529298529618,-0.0025395077899371676,-0.002542737809443374,14268325.0
2019-08-23 00:00:00-04:00,141.83999633789062,144.3300018310547,141.63999938964844,144.1699981689453,20282200,142.4289993286133,140.0009994506836,135.44479919433593,67.02091086703507,2.3896152280314027,2.466581920351331,-0.07696669231992814,146.48679156737487,133.51520733399232,140.0009994506836,1.7826140016184868,0.019589847185487175,0.0194004358255685,14969940.0
2019-08-26 00:00:00-04:00,144.35000610351562,144.97000122070312,143.91000366210938,144.19000244140625,12195800,142.58499908447266,140.48399963378907,135.79739929199218,67.06470274088201,2.4191878362561283,2.4571031035322903,-0.03791526727616201,146.70135616332868,134.26664310424945,140.48399963378907,1.730998541402434,0.00013875475282665306,0.00013874512727632068,15121610.0
2019-08-27 00:00:00-04:00,144.3000030517578,145.67999267578125,144.27000427246094,145.57000732421875,12844100,142.96399993896483,141.01350021362305,136.1791993713379,70.022031562654,2.524874026100946,2.470657288046022,0.05421673805492411,147.06731899226594,134.95968143498015,141.01350021362305,1.7137836623290459,0.00957073902105865,0.009525229640210546,15290880.0
2019-08-28 00:00:00-04:00,145.38999938964844,145.67999267578125,144.63999938964844,145.16000366210938,11452400,143.2050003051758,141.61100006103516,136.53999938964844,68.06650694126432,2.546196258476641,2.4857650821321458,0.06043117634449535,146.75692014820467,136.46507997386564,141.61100006103516,1.6656557783150292,-0.002816539407023644,-0.002820513317677276,14923640.0
2019-08-29 00:00:00-04:00,145.39999389648438,145.49000549316406,143.27999877929688,144.1199951171875,14762500,143.24700012207032,141.99649963378906,136.86459930419923,63.241844175775235,2.4509215850054034,2.4787963827067974,-0.027874797701394005,146.65857989813375,137.33441936944436,141.99649963378906,1.7045379879973264,-0.007164566813753437,-0.007190355573252848,14275775.0
2019-08-30 00:00:00-04:00,143.83999633789062,144.8800048828125,143.02000427246094,143.75,9642200,143.34400024414063,142.38949966430664,137.1173992919922,61.56981026084456,2.318830175245097,2.446803141214457,-0.12797296596936025,146.16763147192893,138.61136785668435,142.38949966430664,1.7156424610226289,-0.0025672712303844714,-0.0025705723222454796,14070225.0
2019-09-03 00:00:00-04:00,144.9600067138672,146.1300048828125,144.74000549316406,145.75,15615200,143.80800018310546,142.7875,137.3927993774414,66.6956007097499,2.348458498934349,2.4271342127584354,-0.07867571382408656,146.2033693774185,139.37163062258148,142.7875,1.7630969197219053,0.013913043478260834,0.013817145553141903,13974995.0
2019-09-04 00:00:00-04:00,145.5399932861328,146.82000732421875,145.5,146.66000366210938,11285900,144.25299987792968,143.175,137.64719940185546,68.73871637313374,2.417501397959626,2.425207649798674,-0.0077062518390480506,146.50062775369167,139.84937224630835,143.175,1.7314476629002513,0.006243592878966586,0.006224182405113975,14065730.0
2019-09-05 00:00:00-04:00,144.97999572753906,145.00999450683594,142.0,143.13999938964844,20293200,144.39100036621093,143.28099975585937,137.82599945068358,54.747887395702044,2.1632469022650582,2.372815500291951,-0.20956859802689287,146.45689330800462,140.10510620371412,143.28099975585937,1.9406302342723316,-0.024001119491110168,-0.02429383958928248,13746835.0
2019-09-06 00:00:00-04:00,143.63999938964844,144.05999755859375,141.86000061035156,141.9199981689453,14175200,144.44300079345703,143.29049987792968,138.00499938964845,50.88234114944892,1.8420702409979413,2.266666448433149,-0.4245962074352079,146.4488667359789,140.13213301988046,143.29049987792968,1.9591564281273215,-0.008523132778435305,-0.008559662387184017,13800165.0
2019-09-09 00:00:00-04:00,142.3699951171875,142.4600067138672,141.17999267578125,141.38999938964844,11323800,144.16500091552734,143.2970001220703,138.1759994506836,49.25531005536739,1.5271647463176805,2.1187661080100555,-0.591601361692375,146.439117593794,140.1548826503466,143.2970001220703,1.91064625741008,-0.0037344897557421985,-0.0037414803722944866,13892060.0
2019-09-10 00:00:00-04:00,141.22999572753906,141.52999877929688,140.16000366210938,140.17999267578125,12629200,143.76399993896484,143.17449951171875,138.31559936523436,45.66516962456647,1.166515578196254,1.9283160020472954,-0.7618004238510414,146.5902054654231,139.7587935580144,143.17449951171875,1.872028318822753,-0.008557937047107611,-0.008594766463448816,13760320.0
2019-09-11 00:00:00-04:00,140.33999633789062,141.25999450683594,140.27999877929688,141.02999877929688,7453000,143.30999908447265,143.13699951171876,138.52379943847657,48.50469008959801,0.9384688185160996,1.7303465653410564,-0.7918777468249567,146.62874297049373,139.64525605294378,143.13699951171876,1.815454998267891,0.006063676329913781,0.0060453662250154515,12640830.0
2019-09-12 00:00:00-04:00,142.67999267578125,143.10000610351562,141.11000061035156,141.32000732421875,12673700,142.9259994506836,143.06549987792968,138.68199951171874,49.47485966153559,0.772239488236039,1.5387251499200532,-0.7664856616840141,146.64351077629811,139.48748897956125,143.06549987792968,1.8336373072643808,0.002056360685188219,0.0020542492696135994,12240870.0
2019-09-13 00:00:00-04:00,141.72999572753906,141.99000549316406,140.05999755859375,140.14999389648438,13451700,142.52899932861328,142.88799972534179,138.8123992919922,45.73151116385801,0.5398679789582275,1.338953715727688,-0.7990857367694606,146.66895919236734,139.10704025831623,142.88799972534179,1.8405209235005187,-0.008279177519783909,-0.008313640257218174,12240065.0
2019-09-16 00:00:00-04:00,141.60000610351562,142.0500030517578,141.02000427246094,141.32000732421875,8094600,142.28600006103517,142.81500015258788,138.9959994506836,49.82024560572272,0.4449925915204176,1.160161490886234,-0.7151688993658165,146.6573595753811,138.97264072979468,142.81500015258788,1.84477008291287,0.008348294532203537,0.008313640257218249,12058355.0
2019-09-17 00:00:00-04:00,141.82000732421875,142.11000061035156,141.22000122070312,141.60000610351562,7010200,141.87100067138672,142.8395004272461,139.20219970703124,50.77604695527516,0.3879249673290417,1.0057141861747956,-0.6177892188457539,146.6441242325842,139.03487662190798,142.8395004272461,1.7765721762511248,0.0019813102518067005,0.001979350045407386,11881230.0
2019-09-18 00:00:00-04:00,141.92999267578125,142.52999877929688,139.80999755859375,140.7100067138672,15026300,141.2760009765625,142.7645004272461,139.3813998413086,47.668022025709384,0.2677959660979923,0.858130542159435,-0.5903345760614427,146.67351034385834,138.85549051063387,142.7645004272461,1.8439599651405536,-0.006285306153149484,-0.006305141849164153,12258620.0
2019-09-19 00:00:00-04:00,141.57000732421875,141.74000549316406,141.08999633789062,141.27999877929688,8057400,141.09000091552736,142.74050064086913,139.53039978027343,49.78783871268708,0.21609544937177816,0.7297235236019036,-0.5136280742301255,146.6796626290226,138.80133865271566,142.74050064086913,1.7858198804374337,0.004050828215713009,0.004042645700960864,12255755.0
2019-09-20 00:00:00-04:00,141.61000061035156,143.02999877929688,141.4600067138672,142.9499969482422,12110000,141.19300079345703,142.81800079345703,139.73539978027344,55.478152345819765,0.3063459474722947,0.6450480083759819,-0.33870206090368715,146.7093190981606,138.92668248875347,142.81800079345703,1.7832613175490457,0.011820485442912032,0.011751169204553406,12518930.0
2019-09-23 00:00:00-04:00,143.22000122070312,143.94000244140625,143.07000732421875,143.75,9006500,141.4290008544922,142.79700088500977,139.9397998046875,57.937300865434075,0.4373818125348805,0.6035147692077616,-0.16613295667288108,146.66336083817447,138.93064093184506,142.79700088500977,1.7266001872358328,0.005596383832365381,0.005580782257567522,11955145.0
2019-09-24 00:00:00-04:00,143.2100067138672,144.77000427246094,142.8800048828125,144.50999450683594,10576300,141.86200103759765,142.81300048828126,140.15939971923828,60.18707617024394,0.5956871738838458,0.6019492501429785,-0.006262076259132665,146.70485018998804,138.9211507865745,142.81300048828126,1.738271558836733,0.005286918308423871,0.00527299162043293,11874170.0
2019-09-25 00:00:00-04:00,144.0800018310547,144.2899932861328,141.44000244140625,141.8300018310547,11648400,141.94200134277344,142.62600021362306,140.34799987792968,50.025884937441106,0.4991385435520783,0.5813871088247985,-0.08224856527272018,146.32460233106244,138.92739809618368,142.62600021362306,1.8333944521648013,-0.018545379403875573,-0.01871950108116947,11814385.0
2019-09-26 00:00:00-04:00,142.19000244140625,142.57000732421875,141.55999755859375,141.7899932861328,7984600,141.98899993896484,142.4574996948242,140.49219970703126,49.89047117125405,0.4146152763917996,0.5480327423381988,-0.13341746594639914,145.9819336557546,138.9330657338938,142.4574996948242,1.7745812602691013,-0.0002820880237280887,-0.0002821278180384957,11640995.0
2019-09-27 00:00:00-04:00,140.35000610351562,141.67999267578125,140.16000366210938,141.05999755859375,9804200,142.0800003051758,142.30449981689452,140.58379974365235,47.3708708730523,0.28543510560623986,0.495513214991807,-0.21007810938556715,145.79245382069843,138.8165458130906,142.30449981689452,1.7642532862515539,-0.005148429100112373,-0.005161727926224835,11393080.0
2019-09-30 00:00:00-04:00,139.77000427246094,140.2100067138672,138.02999877929688,138.8699951171875,15459100,141.83499908447266,142.0604995727539,140.67179962158204,40.72589186357204,0.006271698917259982,0.39766491177689767,-0.3913932128596377,145.78460335845588,138.33639578705194,142.0604995727539,1.854663678611934,-0.015525325955691782,-0.015647105922203676,11683925.0
2019-10-01 00:00:00-04:00,138.07000732421875,140.19000244140625,137.8000030517578,139.6300048828125,12476200,141.63799896240235,141.75449981689454,140.77539978027343,43.678563968257734,-0.1518899825575204,0.28775393291001405,-0.43964391546753445,145.2118664175565,138.29713321623257,141.75449981689454,1.89290194368597,0.005472814807717441,0.005457893373498284,11526975.0
2019-10-02 00:00:00-04:00,140.7899932861328,141.8800048828125,140.4600067138672,141.25999450683594,11914300,141.69299774169923,141.48449935913087,140.92679962158203,49.489933399623226,-0.14404722757939226,0.20139370081213281,-0.34544092839152507,144.11088400876898,138.85811470949275,141.48449935913087,1.9184089477084005,0.011673634369571584,0.011606023170116823,11558395.0
2019-10-03 00:00:00-04:00,141.36000061035156,143.25,141.2899932861328,141.89999389648438,12396100,141.75499725341797,141.42249908447266,141.07739959716798,51.601552581703864,-0.085206972766116,0.14407356609648306,-0.22928053886259905,143.94616928153278,138.89882888741255,141.42249908447266,1.9235229866695194,0.004530648552570016,0.004520416059329575,11163540.0
2019-10-04 00:00:00-04:00,141.47999572753906,142.30999755859375,141.13999938964844,141.89999389648438,9651000,141.64999694824218,141.4214988708496,141.24699951171874,51.601552581703864,-0.038136038393702165,0.10763164519844602,-0.1457676835921482,143.94439531206743,138.89860242963178,141.4214988708496,1.8696997854035047,0.0,0.0,10937330.0
2019-10-07 00:00:00-04:00,141.16000366210938,141.77000427246094,140.24000549316406,140.69000244140625,6127200,141.3439971923828,141.3864990234375,141.3879995727539,47.26861306071862,-0.09734603735722658,0.06663610868731151,-0.1639821460445381,143.9295140563519,138.84348399052308,141.3864990234375,1.854720400968991,-0.008527071931805796,-0.00856363541098911,10677500.0
2019-10-08 00:00:00-04:00,142.02999877929688,142.2899932861328,141.1699981689453,141.9199981689453,10428900,141.08499755859376,141.4734992980957,141.53579956054688,51.707794362928595,-0.04450696383710806,0.0444074941824276,-0.08891445801953565,143.96396953898008,138.98302905721133,141.4734992980957,1.8365254326659604,0.00874259511120079,0.00870459991703739,10567485.0
2019-10-09 00:00:00-04:00,142.16000366210938,142.5800018310547,141.6199951171875,142.0500030517578,6927700,141.10699768066405,141.52449951171874,141.67719970703126,52.16615751987504,0.007769132436720838,0.037079821833286244,-0.029310689396565406,144.01832603077227,139.03067299266522,141.52449951171874,1.7739169527517622,0.0009160434363713055,0.0009156241246349503,10541220.0
2019-10-10 00:00:00-04:00,141.58999633789062,141.66000366210938,140.5800018310547,140.80999755859375,9301700,141.00899810791014,141.4989990234375,141.82919952392578,47.5320331969336,-0.050280166318344754,0.019607824202960047,-0.0698879905213048,144.01103182672222,138.9869662201528,141.4989990234375,1.7522086861768595,-0.008729359144837523,-0.008767683192965708,10372620.0
2019-10-11 00:00:00-04:00,139.97000122070312,140.19000244140625,138.91000366210938,140.02999877929688,11333400,140.90599822998047,141.4929992675781,141.90159942626954,44.83403499386589,-0.15740951763652333,-0.01579564416493663,-0.14161387347158672,144.01842877430462,138.9675697608516,141.4929992675781,1.7627647726273963,-0.005539370732339566,-0.005554769940672898,10266705.0
2019-10-14 00:00:00-04:00,140.4499969482422,140.82000732421875,140.33999633789062,140.58999633789062,4006700,141.07799835205077,141.4564987182617,141.99559936523437,47.153298240757685,-0.19487675952066752,-0.05161186723608281,-0.14326489228458472,144.01179961028103,138.9011978262424,141.4564987182617,1.6932821849341446,0.003999125640758994,0.003991150393420187,10062310.0
2019-10-15 00:00:00-04:00,140.27000427246094,140.3000030517578,139.2100067138672,139.61000061035156,9128300,141.07599792480468,141.35699844360352,142.03199951171874,43.69152392723548,-0.3001869157917554,-0.10132687694721734,-0.19886003884453804,144.0342645134414,138.67973237376563,141.35699844360352,1.6709041448690942,-0.006970593591764218,-0.006995001671276604,10168215.0
2019-10-16 00:00:00-04:00,140.13999938964844,140.52999877929688,139.6999969482422,140.41000366210938,10330300,140.99099884033203,141.3419982910156,142.06199951171874,47.10541776325598,-0.315456032208175,-0.14415270799940888,-0.1713033242087661,144.03689972779594,138.6470968542353,141.3419982910156,1.6172680037316811,0.0057302703836425994,0.005713914835703777,9933415.0
2019-10-17 00:00:00-04:00,140.5,141.1199951171875,140.4199981689453,140.61000061035156,6131000,140.86199951171875,141.30849838256836,142.05379943847657,47.954935012076916,-0.3078699021081661,-0.17689614682116034,-0.13097375528700578,144.02224120595926,138.59475555917746,141.30849838256836,1.552462535970713,0.0014243781997433924,0.0014233647353723328,9837095.0
2019-10-18 00:00:00-04:00,140.5,140.7100067138672,140.32000732421875,140.4600067138672,6416100,140.71800079345704,141.18399887084962,142.0283996582031,47.340845162790195,-0.3103831890472861,-0.2035935552663855,-0.10678963378090062,143.8122080923505,138.55578964934875,141.18399887084962,1.4694294540905504,-0.0010667370445437419,-0.001067306413452129,9552400.0
2019-10-21 00:00:00-04:00,140.72000122070312,140.75999450683594,139.60000610351562,139.7899932861328,8306200,140.62799987792968,140.98599853515626,141.99899963378905,44.593788698343864,-0.3622635227470994,-0.2353275487625283,-0.1269359739845711,143.3989728689045,138.573024201408,140.98599853515626,1.4473265218926763,-0.004770136663166058,-0.004781550075213642,9517385.0
2019-10-22 00:00:00-04:00,140.1300048828125,140.3000030517578,139.72000122070312,140.1999969482422,3879700,140.45599975585938,140.77049865722657,141.95039947509767,46.63449776023782,-0.3660753037653137,-0.2614770997630854,-0.1045982040022283,142.58061868723024,138.9603786272229,140.77049865722657,1.3853747582613916,0.002932997222985456,0.0029287043785159624,9182555.0
2019-10-23 00:00:00-04:00,140.58999633789062,141.0,140.5,140.52999877929688,4155300,140.3039993286133,140.70549850463868,141.92539947509766,48.285502224657364,-0.338565011159659,-0.27689468204240014,-0.06167032911725884,142.45097640105024,138.96002060822713,140.70549850463868,1.3435624935111359,0.0023537934253772264,0.002351027592914482,8807900.0
2019-10-24 00:00:00-04:00,141.02000427246094,141.74000549316406,140.92999267578125,141.52999877929688,6174800,140.3759994506836,140.69249877929687,141.9009994506836,53.02787995362204,-0.23338099260922718,-0.2681919441557656,0.034810951546538405,142.40910923883337,138.97588831976037,140.69249877929687,1.3340227949651395,0.007115918371069618,0.007090719694468963,8717410.0
2019-10-25 00:00:00-04:00,142.7899932861328,142.8300018310547,141.39999389648438,141.86000061035156,6011500,140.55899963378906,140.73249893188478,141.86419952392578,54.510388123676336,-0.121987316423116,-0.23895101860923568,0.11696370218611968,142.51742258725724,138.9475752765123,140.73249893188478,1.3408788763655088,0.0023316740895991117,0.0023289599557340403,8527775.0
2019-10-28 00:00:00-04:00,141.25,141.25,140.39999389648438,140.63999938964844,5442000,140.56399993896486,140.8209991455078,141.82139953613282,48.425412272121214,-0.13064493455078718,-0.217289801797546,0.08664486724675882,142.3902507013054,139.25174758971022,140.8209991455078,1.3493880076156286,-0.008600036764796815,-0.008637230479381003,8026920.0
2019-10-29 00:00:00-04:00,140.0,140.6300048828125,139.77999877929688,140.25,3835400,140.62799987792968,140.85199890136718,141.80419952392577,46.63330450713063,-0.1670501999555256,-0.20724188142914193,0.04019168147361632,142.3487356998723,139.35526210286207,140.85199890136718,1.3144317649539095,-0.0027730332148816483,-0.002776885194246242,7594880.0
2019-10-30 00:00:00-04:00,140.5399932861328,141.0399932861328,139.5500030517578,141.02000427246094,6992900,140.68899993896486,140.83999938964843,141.78039947509765,50.52625991301054,-0.1322442955611507,-0.1922423642555437,0.059998068694393,142.32727816950117,139.35272060979568,140.83999938964843,1.3269716556268445,0.005490226541611021,0.005475210184932403,7348810.0
2019-10-31 00:00:00-04:00,141.97999572753906,142.69000244140625,141.88999938964844,142.42999267578125,7050900,140.87099914550782,140.8664993286133,141.79379943847655,56.74813196003784,0.009010052540475044,-0.15199188089633997,0.16100193343681501,142.4445003555536,139.28849830167297,140.8664993286133,1.3514735494353065,0.009998499224238566,0.009948844935468628,7081550.0
2019-11-01 00:00:00-04:00,142.2100067138672,142.89999389648438,142.00999450683594,142.55999755859375,8090000,141.08099822998048,140.89949951171874,141.81699951171876,57.28157781242916,0.12994749480981227,-0.09560400575510952,0.2255515005649218,142.58641866784635,139.21258035559114,140.89949951171874,1.31851110945053,0.000912763389017579,0.0009123470738276627,7003500.0
2019-11-04 00:00:00-05:00,142.25999450683594,142.4499969482422,141.74000549316406,142.14999389648438,4740300,141.31699829101564,140.97249908447264,141.77659942626954,54.978589051044395,0.19051132417095573,-0.038380939769896476,0.22889226394085221,142.74121328569154,139.20378488325375,140.97249908447264,1.2829026063061841,-0.002876007780098777,-0.0028801514371747305,6934155.0
2019-11-05 00:00:00-05:00,140.64999389648438,140.88999938964844,139.3800048828125,139.85000610351562,11782300,141.28199920654296,140.86899948120117,141.6897994995117,44.234682155016664,0.05231573891313701,-0.02024160403328978,0.0725573429464268,142.64606122732263,139.0919377350797,140.86899948120117,1.3891230639751622,-0.016180006273117664,-0.016312331868591004,7001825.0
2019-11-06 00:00:00-05:00,140.1199951171875,140.7899932861328,140.0,140.4499969482422,6416500,141.2739990234375,140.78899917602538,141.5873992919922,47.136868587560464,-0.008690828748427748,-0.017931448976317373,0.009240620227889625,142.4885599992992,139.08943835275156,140.78899917602538,1.3570419295924496,0.004290245395359271,0.004281068530555171,6976265.0
2019-11-07 00:00:00-05:00,140.11000061035156,140.1999969482422,137.60000610351562,138.27000427246094,15214200,140.9479995727539,140.66199951171876,141.4495993041992,39.162037412869445,-0.23029150599575132,-0.060403460380204166,-0.16988804561554716,142.68510855759197,138.63889046584555,140.66199951171876,1.4636811378163148,-0.015521486102876958,-0.015643205521891117,7271890.0
2019-11-08 00:00:00-05:00,137.72999572753906,138.3300018310547,137.38999938964844,137.38999938964844,10377400,140.5009994506836,140.52999954223634,141.31499938964845,36.479047782786196,-0.47148568530568014,-0.14261990536529937,-0.3288657799403808,142.99669494668535,138.06330413778733,140.52999954223634,1.4262755166441674,-0.006364394703267995,-0.0063847338065501705,7224090.0
2019-11-11 00:00:00-05:00,137.61000061035156,137.7899932861328,136.44000244140625,137.05999755859375,7037300,140.14299926757812,140.35349960327147,141.1811993408203,35.49693685096575,-0.6814073600593531,-0.25037739630411016,-0.43102996375524294,143.24615238829608,137.46084681824686,140.35349960327147,1.4208266115071955,-0.002401934875323586,-0.0024048241483873045,7375620.0
2019-11-12 00:00:00-05:00,137.02999877929688,137.58999633789062,136.19000244140625,137.42999267578125,6448600,139.86099853515626,140.24449920654297,141.01479919433595,37.52774347560005,-0.8085953026113941,-0.36202097756556695,-0.44657432504582717,143.39390171960557,137.09509669348037,140.24449920654297,1.4193385604341369,0.0026995120660886496,0.002695874927586959,7241635.0
2019-11-13 00:00:00-05:00,137.8000030517578,138.22000122070312,137.63999938964844,137.97999572753906,8776000,139.55699768066407,140.12299880981445,140.84119903564454,40.52534534657035,-0.8551543269480248,-0.46064764744205855,-0.3945066795059663,143.42145354801931,136.82454407160958,140.12299880981445,1.3743864164689754,0.004002059820052306,0.003994072881030811,7163920.0
2019-11-14 00:00:00-05:00,138.38999938964844,138.94000244140625,137.8699951171875,138.55999755859375,5220500,139.1699981689453,140.02049865722657,140.74959899902345,43.5987814850383,-0.8356188942279346,-0.5356418967992338,-0.29997699742870076,143.37891181918002,136.66208549527312,140.02049865722657,1.3526450527368166,0.004203521155341949,0.004194711040663475,7118395.0
2019-11-15 00:00:00-05:00,138.02999877929688,138.4199981689453,137.97000122070312,138.2100067138672,10106700,138.73499908447266,139.90799865722656,140.6753991699219,42.18222545900027,-0.8387101309156719,-0.5962555436225214,-0.2424545872931505,143.34969253022075,136.46630478423236,139.90799865722656,1.2981701445335172,-0.0025259154943226836,-0.0025291110010524226,7302925.0
2019-11-18 00:00:00-05:00,138.44000244140625,138.85000610351562,138.3000030517578,138.6199951171875,5717900,138.38199920654296,139.8494987487793,140.61999908447265,44.45876152990576,-0.7988684621763582,-0.6367781273332888,-0.16209033484306945,143.33670010926335,136.36229738829525,139.8494987487793,1.2511579477560115,0.0029664162029099383,0.002962025072169786,7173510.0
2019-11-19 00:00:00-05:00,138.1300048828125,138.97000122070312,138.1300048828125,138.69000244140625,4824400,138.26599884033203,139.7739990234375,140.59019927978517,44.858018149071064,-0.7529649355947754,-0.6600154889855862,-0.09294944660918925,143.29281829050026,136.25517975637476,139.7739990234375,1.2217892613370556,0.0005050304911609071,0.0005049030061831341,7220745.0
2019-11-20 00:00:00-05:00,138.52999877929688,139.0,138.10000610351562,138.75999450683594,6892100,138.0969985961914,139.68549880981445,140.54479919433595,45.28152512061619,-0.7028364245282432,-0.6685796760941176,-0.03425674843412563,143.2128340347077,136.1581635849212,139.68549880981445,1.1988038781332926,0.0005046655432805469,0.0005045382424530197,7357585.0
2019-11-21 00:00:00-05:00,138.38999938964844,138.55999755859375,137.77000427246094,138.0,4197200,138.06999816894532,139.5089988708496,140.47839904785155,41.54992763532804,-0.7161787605681411,-0.6780994929889224,-0.038079267579218756,143.00259731586982,136.0154004258294,139.5089988708496,1.1838886178648431,-0.005477043362080103,-0.005492097356825017,7258705.0
2019-11-22 00:00:00-05:00,138.3699951171875,138.4600067138672,137.66000366210938,137.74000549316406,3620300,138.10499877929686,139.30299911499023,140.43019927978514,40.325612766875835,-0.7392108789729832,-0.6903217701857346,-0.048889108787248614,142.7023979111926,135.90360031878785,139.30299911499023,1.1564682202857692,-0.0018840181654777854,-0.0018857951599790925,7139145.0
2019-11-25 00:00:00-05:00,137.32000732421875,137.6199951171875,136.99000549316406,137.0800018310547,6415800,138.10699920654298,139.12499923706054,140.34539916992188,37.319370235526605,-0.8014817951681437,-0.7125537751822164,-0.08892801998592725,142.59775114116198,135.6522473329591,139.12499923706054,1.1274347759796428,-0.004791662812458131,-0.004803179633254922,7187835.0
2019-11-26 00:00:00-05:00,136.97999572753906,137.8000030517578,136.5800018310547,137.74000549316406,4724400,138.13800048828125,138.99949951171874,140.26819915771483,41.9776248755256,-0.7884859895668228,-0.7277402180591377,-0.06074577150768512,142.4819585931726,135.51704043026487,138.99949951171874,1.1340466648884628,0.004814733391401704,0.004803179633255016,7232285.0
2019-11-27 00:00:00-05:00,137.02999877929688,137.2100067138672,136.8300018310547,137.00999450683594,4111000,138.04100036621094,138.7989990234375,140.1941989135742,38.563827503416846,-0.8275529899046035,-0.7477027724282309,-0.07985021747637255,142.25469831678623,135.34329973008875,138.7989990234375,1.1180435932613852,-0.005299919828770094,-0.005314014225370608,7088190.0
2019-11-29 00:00:00-05:00,137.10000610351562,138.1300048828125,137.0800018310547,137.86000061035156,4516400,137.97100067138672,138.57049942016602,140.1257989501953,44.24907394019732,-0.7809234806021266,-0.75434691406301,-0.026576566539116553,141.61558233439902,135.525416505933,138.57049942016602,1.1181840777410408,0.006203971517371398,0.006184806112979683,6961465.0
2019-12-02 00:00:00-05:00,137.32000732421875,138.08999633789062,137.3000030517578,137.7899932861328,8274700,137.9289993286133,138.33199920654297,140.0225988769531,43.88883939499217,-0.7410756062361372,-0.7516926524976355,0.010617046261498286,140.7781429947758,135.88585541831014,138.33199920654297,1.094741878340453,-0.0005078146228696401,-0.0005079436043828876,6970700.0
2019-12-03 00:00:00-05:00,139.0399932861328,139.57000732421875,138.97000122070312,139.11000061035156,8481700,137.97799987792968,138.17999954223632,139.92979888916017,51.84872000451773,-0.5961107260261258,-0.7205762672033336,0.12446554117720776,139.93978486644335,136.4202142180293,138.17999954223632,1.1436898897508445,0.00957984896245434,0.009534253178573626,7157770.0
2019-12-04 00:00:00-05:00,139.16000366210938,139.1699981689453,138.58999633789062,138.9199981689453,6322300,138.0009994506836,138.1334991455078,139.81799896240236,50.73310016837115,-0.4908978582127759,-0.6746405854052221,0.18374272719244622,139.75828542384534,136.5087128671703,138.1334991455078,1.1034264569868333,-0.0013658431498282386,-0.0013667767637935283,6884770.0
2019-12-05 00:00:00-05:00,138.8000030517578,139.4499969482422,138.7899932861328,139.0,5671500,138.025,138.0609992980957,139.76139892578124,51.209138694682224,-0.3964899341357011,-0.619010455151318,0.22252052101561692,139.36324269736,136.75875589883142,138.0609992980957,1.071753400209872,0.0005758841931267078,0.0005757184354598549,6847520.0
2019-12-06 00:00:00-05:00,137.75999450683594,137.8300018310547,137.39999389648438,137.6199951171875,8714500,137.98699951171875,138.02849884033202,139.67799896240234,43.41615746218833,-0.42809106764286753,-0.580826577649628,0.15273551000676044,139.34066234903125,136.7163353316328,138.02849884033202,1.109485736160283,-0.009928092682104261,-0.009977704836757457,6522535.0
2019-12-09 00:00:00-05:00,137.8000030517578,137.80999755859375,137.4499969482422,137.5800018310547,2711600,137.97099914550782,138.03799896240236,139.60839904785155,43.21092743752157,-0.45116160740241185,-0.5548935836001847,0.10373197619777286,139.33418786377666,136.74181006102805,138.03799896240236,1.055951084316803,-0.00029060665275248976,-0.0002906488870483782,6139245.0
2019-12-10 00:00:00-05:00,138.25,138.3300018310547,137.74000549316406,137.97000122070312,3240800,138.05999908447265,138.0834991455078,139.59039916992188,45.896732738911936,-0.4329843113742413,-0.5305117291549961,0.0975274177807548,139.3006482698144,136.8663500212012,138.0834991455078,1.0340974354370314,0.0028347098739491816,0.002830699660654389,5949420.0
2019-12-11 00:00:00-05:00,138.1999969482422,139.3000030517578,138.1199951171875,138.9199981689453,6097500,138.1779983520508,138.15799942016602,139.57619903564452,51.86824604929298,-0.3380253136419924,-0.4920144460523954,0.15398913241040302,139.38835823333844,136.9276406069936,138.15799942016602,1.0552334636954355,0.00688553265084435,0.006861935627691577,5931865.0
2019-12-12 00:00:00-05:00,139.77999877929688,139.85000610351562,137.8800048828125,138.42999267578125,8815100,138.31999816894532,138.1804992675781,139.51959899902343,48.87195468017627,-0.2988638554586771,-0.4533843279336518,0.1545204724749747,139.41347000523535,136.94752852992087,138.1804992675781,1.1205740177674133,-0.003527249493396556,-0.0035334849047766476,5933820.0
2019-12-13 00:00:00-05:00,138.52000427246094,139.2100067138672,137.97999572753906,139.0500030517578,6964300,138.43899841308593,138.20499954223632,139.4625991821289,52.60288454321186,-0.2153164282518958,-0.4057707479973006,0.19045431974540483,139.48571003319415,136.9242890512785,138.20499954223632,1.1283909440931785,0.004478873140076667,0.004468872836715887,6021010.0
2019-12-16 00:00:00-05:00,139.1999969482422,139.38999938964844,138.8000030517578,139.0399932861328,4646100,138.56399841308593,138.24649887084962,139.40539916992188,52.536230509196216,-0.14820379361549385,-0.3542573571209393,0.20605356350544546,139.57795239263086,136.91504534906838,138.24649887084962,1.0899341865072818,-7.198680622300113e-05,-7.198939739749056e-05,5747980.0
2019-12-17 00:00:00-05:00,139.02000427246094,139.3000030517578,138.85000610351562,139.00999450683594,4287500,138.5539978027344,138.26599884033203,139.37179901123048,52.32225322323379,-0.0963268025067805,-0.30267124619810754,0.20634444369132704,139.62979234136242,136.90220533930164,138.26599884033203,1.0442243837740608,-0.00021575647831872935,-0.00021577975709612248,5676460.0
2019-12-18 00:00:00-05:00,138.86000061035156,139.25,138.80999755859375,139.02000427246094,3607600,138.56399841308593,138.28249893188476,139.3137991333008,52.391931009105946,-0.05378619509244231,-0.25289423597697447,0.19910804088453216,139.67411408305225,136.89088378071727,138.28249893188476,1.0010656736049315,7.200752478642158e-05,7.200493236905694e-05,5615620.0
2019-12-19 00:00:00-05:00,139.0399932861328,139.5500030517578,138.8699951171875,139.3800048828125,4975000,138.60199890136718,138.3134994506836,139.26039916992187,54.942347967940385,0.00887428613020802,-0.200540531555538,0.20941481768574602,139.77228389601484,136.85471500535235,138.3134994506836,0.9781329779596015,0.002589559770448613,0.0025862126377012157,5519765.0
2019-12-20 00:00:00-05:00,139.3699951171875,139.52000427246094,138.97999572753906,139.52000427246094,4463900,138.79199981689453,138.38949966430664,139.2345993041992,55.93106221477337,0.06903416676229313,-0.14662559189197177,0.2156597586542649,139.9310645588005,136.84793476981278,138.38949966430664,0.9468383755997639,0.0010044438566789715,0.0010039397404910592,5533100.0
2019-12-23 00:00:00-05:00,139.52999877929688,139.9600067138672,139.52999877929688,139.9499969482422,5180900,139.02899932861328,138.49999923706054,139.23299926757812,58.91317725475703,0.14968267225702903,-0.08736393906217162,0.23704661131920063,140.15234409228444,136.84765438183663,138.49999923706054,0.9106358088716558,0.003081942822633188,0.003077203372165587,5611130.0
2019-12-24 00:00:00-05:00,140.44000244140625,141.3300018310547,140.42999267578125,141.27000427246094,5303700,139.35899963378907,138.70949935913086,139.24659942626954,66.42446950476537,0.31646276741412294,-0.006598597766912712,0.3230613651810357,140.62939242089513,136.7896062973666,138.70949935913086,0.9441621712960019,0.009431992518777577,0.009387789011397068,5555525.0
2019-12-26 00:00:00-05:00,142.05999755859375,142.47000122070312,141.91000366210938,142.3800048828125,8342500,139.7050003051758,138.94149932861328,139.30199951171875,71.1935382176611,0.5320715770676827,0.10113543720000638,0.4309361398676763,141.3863371379366,136.49666151928994,138.94149932861328,0.9624360839350151,0.007857298625196796,0.00782659080315549,5736430.0
2019-12-27 00:00:00-05:00,142.25999450683594,142.72999572753906,142.1699981689453,142.3300018310547,5119900,140.09500122070312,139.2074996948242,139.34039947509766,70.7063162242476,0.6909435169458789,0.21909705314918088,0.471846463796698,141.89905218383487,136.51594720581355,139.2074996948242,0.9336904749820676,-0.0003511943393945671,-0.0003512560225688557,5786875.0
2019-12-30 00:00:00-05:00,142.55999755859375,142.8000030517578,142.4600067138672,142.6300048828125,4810600,140.4530014038086,139.44599990844728,139.38079956054688,71.94677667199846,0.8314737016978029,0.34157238285890534,0.48990131883889754,142.44541368272658,136.44658613416797,139.44599990844728,0.9005698139621431,0.0021077991140190377,0.0021055808220621446,5801585.0
2019-12-31 00:00:00-05:00,143.30999755859375,143.60000610351562,142.8000030517578,142.89999389648438,5313500,140.83900146484376,139.70149993896484,139.42959930419923,73.05271045377332,0.9536377996545014,0.46398546621802456,0.4896523334364768,142.95310035017891,136.44989952775077,139.70149993896484,0.9055292001579275,0.0018929327941459295,0.001891143454574884,5653525.0
2020-01-02 00:00:00-05:00,143.86000061035156,144.2100067138672,143.39999389648438,143.9499969482422,7733800,141.33300170898437,139.94349975585936,139.5127993774414,76.87147924537416,1.1222436719869506,0.5956371073718097,0.5266065646151409,143.66890183685905,136.21809767485968,139.94349975585936,0.9344208871025621,0.0073478173310379535,0.007320953634035891,5616130.0
2020-01-03 00:00:00-05:00,145.75,146.32000732421875,145.39999389648438,145.86000061035156,12272800,142.01700134277343,140.29049987792968,139.6259994506836,81.89705505379536,1.3939181527349547,0.7552933164444388,0.6386248362905159,144.78365797650656,135.7973417793528,140.29049987792968,1.036962993450705,0.013268521727000326,0.013181265882528811,5913655.0
2020-01-06 00:00:00-05:00,148.44000244140625,148.47999572753906,146.9499969482422,147.38999938964844,14403300,142.81800079345703,140.70999984741212,139.7631994628906,84.75474015203973,1.7129346069089308,0.9468215745373372,0.7661130323715937,146.11666697953842,135.30333271528582,140.70999984741212,1.1500367165747618,0.010489502076611812,0.010434868967011986,6350245.0
2020-01-07 00:00:00-05:00,147.57000732421875,148.13999938964844,147.42999267578125,147.97000122070312,7978500,143.66300048828126,141.22750015258788,139.89199951171875,85.67773606093328,1.9896236033184493,1.1553819802935597,0.8342416230248897,147.2932005536678,135.16179975150797,141.22750015258788,1.1214626653908504,0.003935150508558971,0.003927428056507489,6313445.0
2020-01-08 00:00:00-05:00,148.49000549316406,148.61000061035156,146.13999938964844,146.86000061035156,22248500,144.3540008544922,141.69150009155274,139.99199951171875,76.17291282700282,2.0951819010662973,1.3433419644481073,0.75183993661819,147.98560058824378,135.3973995948617,141.69150009155274,1.2177868479131557,-0.007501524641443713,-0.007529802584635164,7290290.0
2020-01-09 00:00:00-05:00,146.07000732421875,146.41000366210938,145.44000244140625,146.02999877929688,10292300,144.8300003051758,142.09449996948243,140.09979949951173,69.92613443591955,2.0877965819975373,1.4922328879579934,0.5955636940395439,148.415945125423,135.77305481354185,142.09449996948243,1.2322305137011669,-0.005651653463197515,-0.0056676844863565315,7642865.0
2020-01-10 00:00:00-05:00,146.22000122070312,146.99000549316406,146.1699981689453,146.91000366210938,6183300,145.28300018310546,142.49400024414064,140.2329995727539,72.50104658421292,2.1284176294244617,1.6194698362512872,0.5089477931731745,148.97046454251932,136.01753594576195,142.49400024414064,1.2127859565701684,0.006026192495848015,0.006008107616788398,7647155.0
2020-01-13 00:00:00-05:00,146.35000610351562,146.3800048828125,145.77999877929688,145.82000732421875,7593800,145.6320007324219,142.8635009765625,140.32899963378907,65.0695603924003,2.0490364900050224,1.7053831670020343,0.3436533230029881,149.21233549632606,136.51466645679895,142.8635009765625,1.2068730227303348,-0.007419483430124996,-0.007447144703816296,7586090.0
2020-01-14 00:00:00-05:00,145.4199981689453,145.80999755859375,145.0800018310547,145.69000244140625,6589700,145.93800048828126,143.19550094604492,140.39419982910155,64.22399341399904,1.9531216865317447,1.7549308709079765,0.19819081562376817,149.404854588901,136.98614730318883,143.19550094604492,1.1735253420470297,-0.0008915435213457945,-0.0008919411826434922,7567360.0
2020-01-15 00:00:00-05:00,146.2100067138672,146.72999572753906,145.82000732421875,146.5399932861328,6510000,146.3020004272461,143.57050094604492,140.47379974365234,67.22300753137003,1.9235225012071453,1.7886491969678104,0.13487330423933486,149.63490938234875,137.50609250974108,143.57050094604492,1.1639873380531571,0.005834242779070742,0.005817289492435278,7660555.0
2020-01-16 00:00:00-05:00,146.27000427246094,146.47000122070312,145.75999450683594,146.30999755859375,6069100,146.53800048828126,143.9355010986328,140.55699981689452,65.62008101055048,1.860064534425959,1.8029322644594403,0.057132269966518656,149.73079865599567,138.14020354126995,143.9355010986328,1.1365595838562799,-0.0015695082440052577,-0.0015707412123407796,7749635.0
2020-01-17 00:00:00-05:00,146.50999450683594,146.99000549316406,146.30999755859375,146.5800018310547,11121100,146.61000061035156,144.3135009765625,140.6915997314453,66.62617197938332,1.8106882399142137,1.804483459550395,0.006204780363818774,149.75226859088934,138.87473336223565,144.3135009765625,1.103948751764425,0.0018454259925253513,0.0018437252860089575,8125310.0
2020-01-21 00:00:00-05:00,145.77000427246094,146.86000061035156,145.5500030517578,146.74000549316406,6086100,146.5450012207031,144.68150100708007,140.81739990234374,67.23802408376358,1.7641323099674366,1.7964132296338033,-0.0322809196663667,149.71620111386045,139.6468009002997,144.68150100708007,1.1186665236808053,0.0010915790702048511,0.0010909837309721073,8180865.0
2020-01-22 00:00:00-05:00,146.67999267578125,146.80999755859375,146.3800048828125,146.7899932861328,4778200,146.4270004272461,145.04500045776368,140.98779968261718,67.43886798683144,1.7115404245768104,1.7794386686224049,-0.06789824404559441,149.55949001833338,140.53051089719398,145.04500045776368,1.0694755345451228,0.0003406555206315609,0.0003405975107135845,8196580.0
2020-01-23 00:00:00-05:00,147.0,147.6199951171875,146.6199951171875,147.1199951171875,8419800,146.4529998779297,145.40350036621095,141.18239959716797,68.79873919881177,1.677156154174554,1.7589821657328348,-0.08182601155828073,149.34505281036104,141.46194792206086,145.40350036621095,1.0645129963633282,0.002248122121045526,0.002245598875511729,8358525.0
2020-01-24 00:00:00-05:00,146.89999389648438,148.3800048828125,146.88999938964844,147.97999572753906,9919900,146.64799957275392,145.73899993896484,141.4007995605469,72.07216599118728,1.6997080576290386,1.7471273441120758,-0.04741928648303717,149.3440108258683,142.13398905206137,145.73899993896484,1.0949053175633805,0.005845572586286041,0.0058285535187767275,8589335.0
2020-01-27 00:00:00-05:00,149.24000549316406,149.32000732421875,148.4600067138672,148.99000549316406,9988100,146.8559997558594,146.06949996948242,141.63199981689453,75.34382271925563,1.778577615056264,1.7534173983009136,0.025160216755350406,149.59319409344369,142.54580584552116,146.06949996948242,1.112412908928831,0.006825312844883635,0.006802125843070944,8671615.0
2020-01-28 00:00:00-05:00,148.36000061035156,148.55999755859375,147.52999877929688,147.66000366210938,7543100,147.03999938964844,146.33600006103515,141.82559997558593,64.61027239743461,1.7140043004201857,1.7455347787247681,-0.03153047830458244,149.47311692494688,143.19888319712342,146.33600006103515,1.1372410378529993,-0.008926785569624784,-0.00896686803661793,8792775.0
2020-01-29 00:00:00-05:00,147.6999969482422,148.55999755859375,147.61000061035156,148.4600067138672,5013100,147.31699981689454,146.62750015258788,142.0236001586914,67.60020939458866,1.7076977668663744,1.7379673763530894,-0.030269609486714977,149.39463112245375,143.86036918272202,146.62750015258788,1.1238664600236556,0.005417872354848807,0.005403248480831511,8802900.0
2020-01-30 00:00:00-05:00,148.69000244140625,149.30999755859375,148.00999450683594,148.47000122070312,9119500,147.51000061035157,146.90600051879883,142.22880004882813,67.63699585949269,1.6840930899337536,1.7271925190692223,-0.043099429135468714,149.19660424878245,144.61539678881522,146.90600051879883,1.136447645147524,6.732120695107646e-05,6.731894098032181e-05,8993200.0
2020-01-31 00:00:00-05:00,148.8800048828125,149.67999267578125,148.80999755859375,149.3300018310547,14788300,147.81200103759767,147.17500076293945,142.44300018310548,70.7178483858925,1.7150114904284521,1.7247563133410684,-0.009744822912616247,149.26903657279524,145.08096495308365,147.17500076293945,1.1417007744282812,0.005792420039608892,0.005775708477189364,9345925.0
2020-02-03 00:00:00-05:00,148.66000366210938,148.77999877929688,147.67999267578125,148.36000061035156,9105300,147.99000091552733,147.30000076293945,142.63640014648436,63.388115825795005,1.6423120032336556,1.708267451319586,-0.06595544808593035,149.36336835509803,145.23663317078086,147.30000076293945,1.1780085159172209,-0.006495688802043542,-0.006516877595597702,9187550.0
2020-02-04 00:00:00-05:00,146.97000122070312,147.02999877929688,145.8000030517578,146.42999267578125,10525600,147.95899963378906,147.2520004272461,142.78980010986328,51.868580738262686,1.4126771623234902,1.649149393520367,-0.23647223119687677,149.34914909990758,145.1548517545846,147.2520004272461,1.2767220189655444,-0.01300895070524588,-0.013094308186782415,8993665.0
2020-02-05 00:00:00-05:00,146.3800048828125,146.80999755859375,146.16000366210938,146.61000061035156,6160700,147.94100036621094,147.18400039672852,142.96200012207032,52.731394643391745,1.2310245477034982,1.5655244243569935,-0.33449987665349523,149.2717897212874,145.09621107216964,147.18400039672852,1.2319557245026036,0.0012293105482077404,0.0012285555646719122,8902775.0
2020-02-06 00:00:00-05:00,147.27999877929688,147.6300048828125,147.0,147.39999389648438,4819800,147.96900024414063,147.21100006103515,143.1551998901367,56.42336804132757,1.1376947608100636,1.4799584916476076,-0.342263730837544,149.29529461851118,145.12670550355912,147.21100006103515,1.2168163350710561,0.005388399719282511,0.005373934234125879,8031340.0
2020-02-07 00:00:00-05:00,147.8300018310547,148.17999267578125,147.33999633789062,147.7899932861328,6379300,147.95,147.29899978637695,143.3693997192383,58.160748341191095,1.0827190128648283,1.4005105958910518,-0.31779158302622346,149.32419158498058,145.27380798777332,147.29899978637695,1.1899006209867395,0.002645857569860688,0.002642363450658169,7835690.0
2020-02-10 00:00:00-05:00,148.2100067138672,148.4499969482422,147.91000366210938,148.1699981689453,5793600,147.8679992675781,147.36199951171875,143.5779995727539,59.84085043333922,1.0576219472874868,1.331932866170339,-0.2743109188828521,149.41309434109817,145.31090468233933,147.36199951171875,1.152050838209785,0.0025712490701368385,0.0025679490647931946,7816205.0
2020-02-11 00:00:00-05:00,148.02999877929688,148.16000366210938,147.00999450683594,147.66000366210938,5179400,147.8679992675781,147.4539993286133,143.7909997558594,56.55831636611954,0.9852230099247379,1.2625908949212188,-0.2773678849964809,149.3815229853657,145.52647567186088,147.4539993286133,1.1526188970597555,-0.0034419552752806837,-0.0034478924308700464,7695485.0
2020-02-12 00:00:00-05:00,147.4199981689453,147.80999755859375,147.16000366210938,147.5399932861328,5040600,147.7759979248047,147.5464988708496,143.984599609375,55.78287254277625,0.9076991058170734,1.1916125371003898,-0.2839134312833165,149.2958601184526,145.7971376232466,147.5464988708496,1.1167171113043712,-0.0008127480224853212,-0.000813078481224605,7618030.0
2020-02-13 00:00:00-05:00,148.24000549316406,148.5800018310547,147.9499969482422,148.3800048828125,7082100,147.76699829101562,147.63849945068358,144.1963998413086,59.924611976396214,0.9036263270539564,1.1340152950911033,-0.23038896803714692,149.35976180832643,145.91723709304074,147.63849945068358,1.1112379279913358,0.00569345014846645,0.005677303718111386,7646635.0
2020-02-14 00:00:00-05:00,148.74000549316406,149.1300048828125,148.6300048828125,149.0,5345400,147.73399810791017,147.77299957275392,144.39419982910155,62.70157687245986,0.9395959675473478,1.0951314295823522,-0.15553546203500446,149.4783254261294,146.06767371937843,147.77299957275392,1.0854352188490977,0.004178427664004669,0.0041697222765956264,7610450.0
2020-02-18 00:00:00-05:00,149.8800048828125,151.08999633789062,149.47000122070312,150.91000366210938,11524900,147.98899841308594,147.98949966430663,144.63399993896485,69.67340822661627,1.109434627959189,1.0979920692577196,0.011442558701469263,150.0881080881456,145.89089124046768,147.98949966430663,1.157189584494921,0.012818816524224008,0.012737350951843347,7630640.0
2020-02-19 00:00:00-05:00,151.0,151.82000732421875,150.82000732421875,151.7899932861328,9269800,148.5249984741211,148.24199905395508,144.8897998046875,72.24729672320959,1.300054578312654,1.1384045710687065,0.1616500072439475,150.83538232040078,145.64861578750939,148.24199905395508,1.145961757030998,0.005831221275388376,0.005814285510176441,7789825.0
2020-02-20 00:00:00-05:00,152.0,152.8300018310547,151.9499969482422,152.41000366210938,8457300,149.10499877929686,148.52299957275392,145.18559997558594,73.92638475379282,1.4840447736440012,1.2075326115837655,0.27651216206023577,151.59913024832355,145.4468688971843,148.52299957275392,1.138393670451775,0.004084659090851872,0.0040763395182913265,7973780.0
2020-02-21 00:00:00-05:00,154.42999267578125,155.22000122070312,154.17999267578125,154.6999969482422,16344500,149.83499908447266,148.90199966430663,145.5279998779297,78.98392847777109,1.793961972029365,1.3248184836728853,0.46914348835647957,152.91764290922794,144.88635641938532,148.90199966430663,1.2577939481762017,0.015025216397275942,0.014913455926308593,8370015.0
2020-02-24 00:00:00-05:00,158.5,158.52999877929688,155.36000061035156,156.08999633789062,27171000,150.66499938964844,149.30749969482423,145.89039978027344,81.34881307172887,2.127213722963887,1.485297531531086,0.6419161914328013,154.37021739932746,144.244781990321,149.30749969482423,1.4415230826675223,0.008985128746405113,0.008945002656717951,9232570.0
2020-02-25 00:00:00-05:00,155.1199951171875,156.0800018310547,152.91000366210938,153.3000030517578,28091500,151.1779998779297,149.52299957275392,146.1779998779297,65.43301034719087,2.1415030808084055,1.61653864138655,0.5249644394218556,154.87213089132769,144.17386825418015,149.52299957275392,1.5656994821756456,-0.017874260693127697,-0.01803593472393269,10137740.0
2020-02-26 00:00:00-05:00,153.82000732421875,155.27999877929688,152.89999389648438,153.97000122070312,17912500,151.80899963378906,149.8384994506836,146.48880004882812,67.09779284038282,2.181741000507742,1.7295791132107885,0.4521618872969535,155.44885230502427,144.22814659634292,149.8384994506836,1.6238641536497067,0.004370503298157802,0.004360980385151266,10656210.0
2020-02-27 00:00:00-05:00,155.5800018310547,156.27000427246094,153.89999389648438,154.0,27878500,152.4550003051758,150.11549911499023,146.78779998779297,67.17402324914836,2.190796355879826,1.821822561744596,0.3689737941352298,155.96808083705147,144.26291739292898,150.11549911499023,1.6771603123873393,0.00019483522153040944,0.00019481624361363943,11799480.0
2020-02-28 00:00:00-05:00,152.7100067138672,152.77000427246094,147.0500030517578,148.3800048828125,42699600,152.4550003051758,150.1109992980957,146.97460021972657,45.77652242637114,1.7246059684796933,1.8023792430916155,-0.07777327461192218,155.96877081992554,144.25322777626585,150.1109992980957,2.0537915006626855,-0.03649347478693177,-0.03717601874476565,13478485.0
2020-03-02 00:00:00-05:00,150.0,150.72999572753906,149.0399932861328,149.1999969482422,16295400,152.475,150.10449905395507,147.1784002685547,48.3611424924345,1.405115932648016,1.7229265810028958,-0.3178106483548797,155.9660101080134,144.24298799989674,150.10449905395507,2.074948596667248,0.005526297603759334,0.005511083646655957,13553840.0
2020-03-03 00:00:00-05:00,150.83999633789062,155.24000549316406,150.74000549316406,153.88999938964844,28687700,152.77299957275392,150.38099899291993,147.47580017089842,60.08130809352403,1.5129217582179706,1.680925616445911,-0.1680038582279404,156.40668157385772,144.35531641198213,150.38099899291993,2.3581671643997213,0.031434333360162325,0.030950390194086085,14532960.0
2020-03-04 00:00:00-05:00,154.39999389648438,154.9600067138672,153.6999969482422,154.16000366210938,12315500,153.01000061035157,150.76749954223632,147.77140014648438,60.63522817793256,1.6016825406333055,1.66507700128339,-0.06339446065008447,156.72110390783422,144.81389517663843,150.76749954223632,2.2797273502015267,0.0017545277375516921,0.001752990351755443,14622455.0
2020-03-05 00:00:00-05:00,156.05999755859375,157.6199951171875,155.72000122070312,157.49000549316406,17973500,153.51800079345702,151.31149978637694,148.13080017089842,66.76119609015069,1.9186128434003251,1.7157841697067773,0.20282867369354785,157.62364028369575,144.99935928905813,151.31149978637694,2.364031929121284,0.021600945458936538,0.021370951204574475,15213095.0
2020-03-06 00:00:00-05:00,158.3300018310547,159.25,154.5399932861328,157.5500030517578,26973400,153.8030014038086,151.81900024414062,148.48280029296876,66.86125983741445,2.1498416568702794,1.8025956671394778,0.34724598973080156,158.4172348362471,145.22076565203415,151.81900024414062,2.5316015566031345,0.00038096105467699815,0.0003808885074389379,16320775.0
2020-03-09 00:00:00-04:00,158.60000610351562,159.3699951171875,156.3300018310547,157.80999755859375,24868700,153.9750015258789,152.32000045776368,148.8136001586914,67.32037716928481,2.3272445151841055,1.9075254367484036,0.4197190784357019,159.13648967341493,145.50351124211244,152.32000045776368,2.56791525156954,0.0016502348575044845,0.0016488747161249012,17245245.0
2020-03-10 00:00:00-04:00,156.17999267578125,156.41000366210938,154.38999938964844,154.47999572753906,18811500,154.09300079345704,152.63550033569337,149.05559997558595,56.5196678415826,2.1740728818679997,1.960834925772323,0.21323795609567675,159.2351197678156,146.03588090357113,152.63550033569337,2.6287783170963808,-0.02110133630677158,-0.02132715182628954,17896140.0
2020-03-11 00:00:00-04:00,156.25,156.5,153.61000061035156,153.92999267578125,18159900,154.08899993896483,152.94899978637696,149.28759979248048,54.951506823297876,1.9854159697921148,1.9657511345762815,0.019664835215833287,159.1575324375329,146.74046713522102,152.94899978637696,2.6474369651358134,-0.0035603512879937016,-0.0035667044227174947,18545165.0
2020-03-12 00:00:00-04:00,151.52999877929688,151.5500030517578,146.85000610351562,147.7899932861328,32893400,153.46799926757814,152.96149978637695,149.39079956054687,41.206506330426905,1.3251815036662435,1.837637208394274,-0.5124557047280305,159.12728051799925,146.79571905475464,152.96149978637695,2.9640476513593716,-0.0398882588306293,-0.04070560424243849,19937805.0
2020-03-13 00:00:00-04:00,149.4199981689453,149.60000610351562,141.5800018310547,143.27999877929688,35177200,152.95799865722657,152.70649948120118,149.39839965820312,34.40010843534412,0.43303036295202446,1.5567158393058242,-1.1236854763537998,159.93872076152908,145.47427820087327,152.70649948120118,3.3251874100094834,-0.03051623730778741,-0.03099155256530076,21342560.0
2020-03-16 00:00:00-04:00,137.55999755859375,142.9600067138672,136.1199951171875,141.63999938964844,24496000,152.20199890136718,152.3384994506836,149.35219970703125,32.31012639987081,-0.40170943208607923,1.1650307850274437,-1.566740217113523,160.91224925647006,143.76474964489714,152.3384994506836,3.599102856588047,-0.011446115323986206,-0.011512126298224866,22300090.0
2020-03-17 00:00:00-04:00,140.17999267578125,146.1999969482422,139.92999267578125,143.55999755859375,24490300,151.16899871826172,151.97099914550782,149.3061996459961,37.126211815186835,-0.8979677146406573,0.7524310850938236,-1.650398799734481,161.3504052506563,142.59159304035933,151.97099914550782,3.7898815291503962,0.0135554799295321,0.01346442633870517,22948360.0
2020-03-18 00:00:00-04:00,141.75,142.8800048828125,138.5,140.6999969482422,21953400,149.822998046875,151.41649932861327,149.17239959716798,33.322889549739486,-1.5046890078993158,0.3010070664951958,-1.8056960743945116,162.00630216811325,140.8266964891133,151.41649932861327,3.880604102682064,-0.019921988429849713,-0.02012310684271081,23582540.0
2020-03-19 00:00:00-04:00,139.0800018310547,140.5,137.85000610351562,138.0399932861328,20828900,147.87799682617188,150.69799880981446,148.97379943847656,30.221869295310384,-2.1750870197329277,-0.1942117507504289,-1.9808752689824989,162.76728730608446,138.62871031354447,150.69799880981446,3.806988869970957,-0.018905499074657994,-0.019086492837834465,24201120.0
2020-03-20 00:00:00-04:00,140.7100067138672,141.1699981689453,139.13999938964844,140.11000061035156,20056000,146.13399658203124,149.96849899291993,148.83879943847657,35.27012180605686,-2.5104115214343494,-0.657451704887213,-1.8529598165471364,162.72612370244835,137.21087428339152,149.96849899291993,3.75863287088821,0.014995707221804766,0.014884383146683595,24386695.0
2020-03-23 00:00:00-04:00,142.67999267578125,146.92999267578125,142.27999877929688,146.3000030517578,28275200,144.98299713134764,149.47899932861327,148.8441995239258,47.5014282920609,-2.250732101271325,-0.9761077841640354,-1.2746243171072895,162.00878684033563,136.9492118168909,149.47899932861327,3.9773013847840297,0.044179590424960224,0.043231496146295734,24441905.0
2020-03-24 00:00:00-04:00,153.5,155.66000366210938,152.0500030517578,153.39999389648438,20743500,144.8749969482422,149.4839988708496,148.97399932861327,57.43624103671356,-1.4552491593845502,-1.0719360592081384,-0.38331310017641185,162.0199591809743,136.9480385607249,149.4839988708496,4.361779900895996,0.048530353360380474,0.047389520259250466,24074505.0
2020-03-25 00:00:00-04:00,152.5800018310547,152.8800048828125,151.00999450683594,151.3000030517578,16457200,144.61199798583985,149.35049896240236,149.08359924316406,54.170942557830955,-0.9829441394299181,-1.0541376752524942,0.07119353582257615,161.7486336130358,136.95236431176892,149.35049896240236,4.220938435806885,-0.01368964099270864,-0.013784208180364264,24001740.0
2020-03-26 00:00:00-04:00,153.30999755859375,154.80999755859375,152.0800018310547,153.24000549316406,12778200,145.15699920654296,149.31249923706054,149.2345993041992,56.62425778442048,-0.44694492175295863,-0.9326991245525872,0.48575420279962855,161.65794564979007,136.967052824331,149.31249923706054,4.170156726594675,0.012822223412266576,0.012740714714697083,23246725.0
2020-03-27 00:00:00-04:00,153.0,153.5500030517578,152.0,152.25,9824600,146.0539993286133,149.50599899291993,149.34879943847656,55.00601882245819,-0.1008839224948872,-0.7663360841410473,0.6654521616461601,161.90810169809933,137.10389628774053,149.50599899291993,3.983002892677756,-0.006460489804721581,-0.006481449089244014,21602975.0
2020-03-30 00:00:00-04:00,152.41000366210938,153.0800018310547,151.57000732421875,152.9199981689453,12080900,147.18199920654297,149.69199905395507,149.48099945068358,55.9240605127343,0.22484331173990313,-0.5681002049648572,0.7929435167047604,162.18143931537224,137.2025587925379,149.69199905395507,3.806359436546198,0.004400644787818209,0.004390990264267052,21392250.0
2020-03-31 00:00:00-04:00,151.36000061035156,151.8000030517578,147.97000122070312,148.0500030517578,13319500,147.63099975585936,149.39999923706054,149.51039947509764,48.222216118062505,0.08899075586057847,-0.43668201279977015,0.5256727686603486,161.7555506728239,137.0444478012972,149.39999923706054,3.8880478302387687,-0.03184668568859872,-0.032364821693651916,20623840.0
2020-04-01 00:00:00-04:00,148.1999969482422,150.0800018310547,147.85000610351562,149.4499969482422,11827400,148.50599975585936,149.16449890136718,149.56459930419922,50.339548346364964,0.09321985332869076,-0.330701639574078,0.42392149290276876,161.32619208851327,137.0028057142211,149.16449890136718,3.76961553718879,0.009456223354449733,0.009411793149400162,20599435.0
2020-04-02 00:00:00-04:00,151.1999969482422,152.5,150.6999969482422,151.89999389648438,9188300,149.89199981689453,148.8849983215332,149.66679931640624,53.89289431938528,0.2909122662665595,-0.2063788584059505,0.49729112467251,160.5137589370682,137.25623770599822,148.8849983215332,3.7182146453722917,0.0163934225377782,0.01626050111056189,20160175.0
2020-04-03 00:00:00-04:00,152.22999572753906,153.08999633789062,151.66000366210938,152.64999389648438,8469100,151.1459991455078,148.63999786376954,149.7773992919922,54.95544471346007,0.5023133047077408,-0.06464042578321223,0.5669537304909531,159.7218095160725,137.55818621146656,148.63999786376954,3.5547702189729313,0.0049374590529023266,0.004925309776577716,19234960.0
2020-04-06 00:00:00-04:00,154.16000366210938,157.22000122070312,153.9600067138672,156.8800048828125,14739300,152.2039993286133,148.59349822998047,149.95539947509766,60.48632227710612,0.9996533046213472,0.14821832029769966,0.8514349843236475,159.52783245239695,137.659164007564,148.59349822998047,3.6272871550619183,0.027710521817620126,0.02733353381543522,18728490.0
2020-04-07 00:00:00-04:00,155.3300018310547,156.13999938964844,154.3800048828125,156.0399932861328,9195400,152.46799926757814,148.67149810791017,150.09639923095702,58.93864516797382,1.3109056181561982,0.38075577986939935,0.9301498382867989,159.79333321414094,137.5496630016794,148.67149810791017,3.546766643986067,-0.005354484768834378,-0.005368871400719198,18247685.0
2020-04-08 00:00:00-04:00,155.91000366210938,155.94000244140625,154.58999633789062,154.64999389648438,7600800,152.8029983520508,148.7074981689453,150.23619903564452,56.368409352368204,1.4289420308037961,0.5903930300562787,0.8385490007475174,159.90161097288572,137.5133853650049,148.7074981689453,3.396997380004361,-0.008907968786563414,-0.008947881947437637,17719730.0
2020-04-09 00:00:00-04:00,158.0800018310547,159.0800018310547,157.2100067138672,158.69000244140625,18123000,153.347998046875,149.25249862670898,150.4407989501953,61.60872785006777,1.8274163459396107,0.8377976932329452,0.9896186527066655,161.24757156268709,137.25742569073088,149.25249862670898,3.4707838481876436,0.026123560972308058,0.025788169295063085,16981210.0
2020-04-13 00:00:00-04:00,159.1699981689453,162.3800048828125,158.6300048828125,161.41000366210938,20549200,154.26399841308594,150.15899887084962,150.69959899902344,64.68410480286113,2.3357662190401243,1.137391398394381,1.1983748206457432,162.92699161914854,137.3910061225507,150.15899887084962,3.4907278590313835,0.017140343933811808,0.01699510551392902,16249810.0
2020-04-14 00:00:00-04:00,162.72999572753906,164.4199981689453,161.77999877929688,162.67999267578125,17095100,155.23999786376953,151.21099853515625,150.96659881591796,66.0515240325488,2.8087372806050723,1.4716605748365195,1.3370767057685529,164.45619435803076,137.96580271228174,151.21099853515625,3.4563897624459945,0.007868093580683189,0.007837301543346824,15879765.0
2020-04-15 00:00:00-04:00,161.8000030517578,162.5399932861328,160.80999755859375,161.85000610351562,12141900,156.6199981689453,152.12549896240233,151.23639892578126,64.29928483271311,3.0810804965153125,1.793544559172278,1.2875359373430344,165.6539911725419,138.59700675226276,152.12549896240233,3.343075859213245,-0.005101958505246418,-0.005115017933585634,15262345.0
2020-04-16 00:00:00-04:00,161.8800048828125,163.14999389648438,160.64999389648438,161.7100067138672,9233200,157.84599914550782,153.1759994506836,151.54199920654298,63.99091730120531,3.248174740045556,2.084470595346934,1.163704144698622,166.24772599650572,140.1042729048615,153.1759994506836,3.282856154983727,-0.0008649946516461338,-0.0008653689753940822,14626335.0
2020-04-17 00:00:00-04:00,159.72000122070312,160.07000732421875,158.1199951171875,158.57000732421875,14652700,158.51300048828125,154.2025001525879,151.7811993408203,57.34786240929885,3.091588515260554,2.285894179329658,0.8056943359308959,165.4565904219076,142.9484098832682,154.2025001525879,3.3047958293905815,-0.019417471147623044,-0.019608466717140425,14317525.0
2020-04-20 00:00:00-04:00,158.6199951171875,160.22000122070312,158.4600067138672,159.6999969482422,10688700,159.21800079345704,155.18199996948243,152.02719940185546,58.99750318964262,3.023816844593142,2.433478712382355,0.5903381322107872,164.62348575080244,145.74051418816242,155.18199996948243,3.194452877779536,0.007126124562213176,0.007100853720992193,13849160.0
2020-04-21 00:00:00-04:00,157.60000610351562,159.2100067138672,157.0399932861328,158.61000061035156,12478100,159.39100036621093,155.7974998474121,152.24359954833983,56.71868335969187,2.8493086557816127,2.516644701062207,0.3326639547194059,164.41135828538324,147.18364140944095,155.7974998474121,3.156277933803096,-0.006825274631933054,-0.006848673348053854,13059305.0
2020-04-22 00:00:00-04:00,160.5,161.74000549316406,160.4199981689453,161.72999572753906,12902100,159.96000061035156,156.21399993896483,152.51479949951172,61.32373442213218,2.9290034612943145,2.5991164531086284,0.32988700818568617,165.12432891162067,147.303670966309,156.21399993896483,3.1544012873037675,0.019670860003665247,0.019479888950845802,12667235.0
2020-04-23 00:00:00-04:00,162.38999938964844,163.60000610351562,161.83999633789062,163.33999633789062,14928500,160.8290008544922,156.81599960327148,152.82839935302735,63.48290529951004,3.086496551780499,2.696592472843003,0.3899040789374961,165.9412853451895,147.69071386135346,156.81599960327148,3.0626590793518242,0.00995486708021609,0.009905643795524405,12590800.0
2020-04-24 00:00:00-04:00,163.1300048828125,163.30999755859375,160.88999938964844,162.63999938964844,11199300,161.2240005493164,157.2859992980957,153.13039947509765,61.86576515579454,3.1188746119679536,2.7810489006679933,0.3378257112999603,166.59263612061923,147.97936247557217,157.2859992980957,3.0188974985582786,-0.004285520778353313,-0.004294729942651925,12511855.0
2020-04-27 00:00:00-04:00,161.8800048828125,162.0,160.41000366210938,161.55999755859375,9033500,161.23899993896484,157.7514991760254,153.3939993286133,59.3535846243792,3.022545315199153,2.8293481835742256,0.19319713162492747,166.93452062002754,148.56847773202324,157.7514991760254,2.962547372056906,-0.006640444141094992,-0.00666258998355511,12472300.0
2020-04-28 00:00:00-04:00,160.88999938964844,160.97999572753906,159.16000366210938,160.83999633789062,10383000,161.05500030517578,158.14749908447266,153.6307992553711,57.672225097922336,2.85519268827062,2.8345170845135046,0.02067560375711519,167.14414855405457,149.15084961489075,158.14749908447266,2.9223649809445824,-0.004456556273727319,-0.004466516323334757,12387405.0
2020-04-29 00:00:00-04:00,160.10000610351562,161.85000610351562,159.75999450683594,161.72999572753906,12232300,161.04299926757812,158.8314987182617,153.84719909667967,59.21039495187831,2.7625352516658666,2.8201207179439773,-0.057585466278110786,166.6573054431822,151.00569199334123,158.8314987182617,2.862911167782804,0.005533445721913166,0.005518192454017435,12333045.0
2020-04-30 00:00:00-04:00,160.22000122070312,160.82000732421875,158.1300048828125,158.8000030517578,13633500,160.7519989013672,159.2989990234375,153.98739929199218,52.452567245454986,2.424726901253223,2.7410419546058264,-0.31631505335260357,165.83862501103627,152.7593730358387,159.2989990234375,2.9155597161359297,-0.018116569301821484,-0.018282683683788697,12423350.0
2020-05-01 00:00:00-04:00,158.0,160.4499969482422,157.8000030517578,159.77999877929688,10914300,160.872998046875,159.69299926757813,154.13479919433593,54.330075195289815,2.2106063212036418,2.63495482792539,-0.4243485067217483,165.28254129420577,154.1034572409505,159.69299926757813,2.8965907290179618,0.00617125761149806,0.0061522933833428935,12509650.0
2020-05-04 00:00:00-04:00,160.3300018310547,160.9499969482422,159.91000366210938,160.33999633789062,7986200,160.93699798583984,160.07749938964844,154.2475991821289,55.41351450087684,2.062328107078798,2.520429483756072,-0.4581013766772739,164.63979648675806,155.51520229253882,160.07749938964844,2.7732626890127725,0.003504803873276119,0.003498676361159418,12485505.0
2020-05-05 00:00:00-04:00,160.16000366210938,161.10000610351562,159.3300018310547,161.02000427246094,10563100,161.1779983520508,160.28449935913085,154.3461993408203,56.75511007397279,1.9768990496865513,2.411723396942168,-0.4348243472556166,164.61763075794713,155.95136796031457,160.28449935913085,2.701601373544784,0.004241037483481591,0.004232069630406605,12276695.0
2020-05-06 00:00:00-04:00,158.99000549316406,159.80999755859375,158.10000610351562,158.9499969482422,13352000,160.8999984741211,160.42999954223632,154.45919921875,51.659340102449264,1.7223098985191996,2.273840697257574,-0.5515307987383746,164.35993077350008,156.50006831097255,160.42999954223632,2.7172011446448217,-0.012855591040204617,-0.012938939248234135,12484525.0
2020-05-07 00:00:00-04:00,159.5,161.9600067138672,159.36000061035156,161.38999938964844,13691700,160.7049987792969,160.76699981689453,154.6075991821289,56.60523872896374,1.6978620700128602,2.1586449718086316,-0.4607829017957714,163.6812252080412,157.85277442574784,160.76699981689453,2.7381160461434058,0.015350754880484763,0.015234124108560072,12789070.0
2020-05-08 00:00:00-04:00,161.0800018310547,162.0,160.0,160.4199981689453,12240900,160.48299865722657,160.85349960327147,154.7359991455078,54.22983401280007,1.5819799181639098,2.0433119610796875,-0.4613320429157777,163.61467311962457,158.09232608691838,160.85349960327147,2.6853934714188767,-0.006010293229887331,-0.006028427741239837,12494965.0
2020-05-11 00:00:00-04:00,160.33999633789062,160.7100067138672,158.88999938964844,159.4199981689453,11209800,160.2689987182617,160.75399932861328,154.95679901123046,51.81573513218779,1.3933887175054451,1.913327312364839,-0.519938594859394,163.57065051179592,157.93734814543063,160.75399932861328,2.623580175190296,-0.006233636774804485,-0.006253147010599243,12027995.0
2020-05-12 00:00:00-04:00,160.3000030517578,160.9499969482422,159.72000122070312,160.0399932861328,10406000,160.18899841308593,160.62199935913085,155.1735989379883,53.206567023175104,1.2792113050557248,1.7865041109030164,-0.5072928058472916,163.30973051589183,157.93426820236988,160.62199935913085,2.545467218340766,0.0038890673962401756,0.0038815245238018456,11693540.0
2020-05-13 00:00:00-04:00,160.94000244140625,161.6199951171875,160.5399932861328,161.5800018310547,10950400,160.1739990234375,160.6084991455078,155.3273989868164,56.56063898198132,1.2980278452663185,1.688808857775677,-0.3907810125093585,163.27404287659604,157.94295541441957,160.6084991455078,2.4765054049631887,0.00962264814750724,0.009576645345897673,11633965.0
2020-05-14 00:00:00-04:00,161.52999877929688,163.33999633789062,161.50999450683594,163.00999450683594,17084400,160.59499816894532,160.67349853515626,155.50439880371093,59.466013680091685,1.4120512985390121,1.6334573459283441,-0.221406047389332,163.50174815447744,157.84524891583507,160.67349853515626,2.4303265782554386,0.008850059782004704,0.008811127536123346,12026525.0
2020-05-15 00:00:00-04:00,164.02000427246094,164.8000030517578,163.0800018310547,163.92999267578125,13918800,161.00999755859374,160.94149780273438,155.6331985473633,61.26117309177778,1.5586843275598596,1.6185027422546472,-0.05981841469478755,163.93277131784242,157.95022428762633,160.94149780273438,2.3845895758744695,0.0056438144895878395,0.005627947839551041,11989830.0
2020-05-18 00:00:00-04:00,164.3300018310547,164.5,162.41000366210938,162.69000244140625,14133800,161.2449981689453,161.09099807739258,155.73599853515626,57.56095213790367,1.5568883706025645,1.6061798679242307,-0.04929149732166627,164.11779584626404,158.06420030852112,161.09099807739258,2.3635472017327666,-0.007564144999551381,-0.007592898231851983,12162085.0
2020-05-19 00:00:00-04:00,163.60000610351562,164.42999267578125,163.0399932861328,164.25999450683594,8535800,161.56899719238282,161.3734977722168,155.86499847412108,60.790196370641915,1.662980496489638,1.6175399936373123,0.045440502852325704,164.47506486177227,158.27193068266135,161.3734977722168,2.319007418350069,0.00965020617044443,0.009603940342589153,11964970.0
2020-05-20 00:00:00-04:00,164.5399932861328,164.9600067138672,163.88999938964844,164.64999389648438,10666100,162.13899688720704,161.51949768066407,156.0683984375,61.572417384797255,1.7582608256723802,1.645684160044326,0.11257666562805424,164.93360396635364,158.1053913949745,161.51949768066407,2.2297931259121175,0.0023742810342795018,0.0023714668825757603,11853170.0
2020-05-21 00:00:00-04:00,163.4600067138672,163.5800018310547,161.3699951171875,162.25,11791000,162.2249969482422,161.46499786376953,156.23479858398437,54.38248576819058,1.6214209912592992,1.6408315262873208,-0.01941053502802159,164.7948814150874,158.13511431245166,161.46499786376953,2.3048078154396,-0.0145763375976391,-0.014683616168536867,11696295.0
2020-05-22 00:00:00-04:00,162.8800048828125,163.47000122070312,162.74000549316406,163.2100067138672,8540900,162.50399780273438,161.49349822998047,156.54319885253906,56.56725058746354,1.5723142948480415,1.627128079999465,-0.05481378515142343,164.87251596329602,158.11448049666492,161.49349822998047,2.2273216301012804,0.005916836449104457,0.005899400714775776,11563375.0
2020-05-26 00:00:00-04:00,162.5800018310547,162.5800018310547,160.69000244140625,160.88999938964844,13972000,162.6509979248047,161.4599983215332,156.89539886474608,50.29789816312167,1.3308504664417171,1.5678725572879155,-0.2370220908461984,164.8489848373683,158.07101180569808,161.4599983215332,2.24822753312697,-0.014214859559966153,-0.014316858429627,11810300.0
2020-05-27 00:00:00-04:00,159.4199981689453,161.33999633789062,159.1999969482422,161.17999267578125,13063500,162.76499786376954,161.47699813842775,157.28619873046875,51.028505852577666,1.1496363847728048,1.4842253227848936,-0.3345889380120888,164.85677235718865,158.09722391966685,161.47699813842775,2.240496951449932,0.0018024320171106112,0.001800809585778032,11944325.0
2020-05-28 00:00:00-04:00,162.1199951171875,162.4600067138672,160.89999389648438,161.72000122070312,9758500,162.77899780273438,161.47649841308595,157.64939880371094,52.430779870919174,1.0376358755413833,1.3949074333361917,-0.35727155779480846,164.85612580593255,158.09687102023935,161.47649841308595,2.191890941873709,0.003350344766475555,0.0033447448656947374,11820635.0
2020-05-29 00:00:00-04:00,162.5800018310547,163.39999389648438,162.32000732421875,162.91000366210938,12581800,162.7689987182617,161.6819984436035,158.09359893798828,55.45765505776189,1.0329902482438627,1.322523996317726,-0.28953374807386334,164.8806266245994,158.48337026260762,161.6819984436035,2.155326780009962,0.0073584122707384125,0.007331471236597383,11768050.0
2020-06-01 00:00:00-04:00,162.9199981689453,163.74000549316406,162.38999938964844,163.66000366210938,8140200,162.74199981689452,161.87599868774413,158.6059991455078,57.301723034280975,1.0774076029452715,1.2735007176432351,-0.19609311469796364,165.06028169112759,158.69171568436067,161.87599868774413,2.0978038745460807,0.004603768848692402,0.004593203918142176,11629345.0
2020-06-02 00:00:00-04:00,163.88999938964844,164.0800018310547,161.86000061035156,162.60000610351562,10388900,162.73300018310547,161.9889991760254,159.05579925537108,53.90499228724918,1.0153711655962354,1.2218748072338355,-0.20650364163760004,165.1069405654836,158.8710577865672,161.9889991760254,2.106532256414441,-0.0064768271714218395,-0.006497892824854574,11749480.0
2020-06-03 00:00:00-04:00,160.33999633789062,160.89999389648438,158.82000732421875,159.60000610351562,17000500,162.26700134277343,161.91799926757812,159.32179931640624,45.656137121834504,0.7158796985496281,1.120675785496994,-0.4047960869473659,165.1822085003896,158.65379003476664,161.91799926757812,2.226065579477472,-0.01845018380928054,-0.01862251139241922,12071350.0
2020-06-04 00:00:00-04:00,161.13999938964844,161.8699951171875,159.83999633789062,161.27999877929688,10094000,161.93000183105468,162.03449935913085,159.4793994140625,50.24758514358517,0.607093723307031,1.0179593730590013,-0.41086564975197026,165.02119890902483,159.04779980923686,162.03449935913085,2.229202967634215,0.010526269495827023,0.010471254055873179,11908450.0
2020-06-05 00:00:00-04:00,158.72000122070312,158.72000122070312,157.0399932861328,158.00999450683594,16021200,161.5060012817383,161.86549911499023,159.61359924316406,42.68751751125304,0.25408905745561583,0.8651853099383243,-0.6110962524827085,165.32416673278115,158.4068314971993,161.86549911499023,2.3728317194577753,-0.02027532426346157,-0.02048368991541374,12024925.0
2020-06-08 00:00:00-04:00,158.89999389648438,159.86000061035156,158.47000122070312,159.72000122070312,9244400,161.15700073242186,161.83049926757812,159.74319915771486,47.16435831364069,0.11103364050214282,0.7143549760510881,-0.6033213355489453,165.36040286101448,158.30059567414176,161.83049926757812,2.3354870326047643,0.010822142733466267,0.010764002439043798,11875100.0
2020-06-09 00:00:00-04:00,161.10000610351562,161.77999877929688,160.8699951171875,161.25999450683594,9045600,161.19400024414062,161.92249908447266,159.92339904785158,50.8851945347535,0.12053631226137895,0.5955912432931463,-0.4750549310317673,165.28840988852318,158.55658828042215,161.92249908447266,2.315809213032549,0.00964183116931494,0.009595645355064148,11766890.0
2020-06-10 00:00:00-04:00,162.10000610351562,163.6300048828125,160.52000427246094,163.57000732421875,13009300,161.43300170898436,162.09899978637696,160.13639923095704,55.90184904988729,0.3108823190177077,0.5386494584380586,-0.22776713942035087,165.42147425784884,158.7765253149051,162.09899978637696,2.3725371699839073,0.014324773012967418,0.014223142854853236,11897055.0
2020-06-11 00:00:00-04:00,163.35000610351562,164.05999755859375,161.97000122070312,162.38999938964844,11673900,161.5000015258789,162.13949966430664,160.42319915771483,52.92784731819482,0.3623393002540354,0.5033874268012539,-0.14104812654721854,165.45542186354896,158.82357746506432,162.13949966430664,2.352355681977244,-0.007214084989501601,-0.007240232329265166,11933230.0
2020-06-12 00:00:00-04:00,163.41000366210938,163.8800048828125,162.55999755859375,162.6199951171875,6895400,161.47100067138672,162.11999969482423,160.68659912109376,53.447694581152774,0.41687261367303563,0.48608446417561024,-0.06921185050257461,165.41976361941985,158.8202357702286,162.11999969482423,2.29075923991916,0.0014163170663434865,0.0014153150353447643,11423780.0
2020-06-15 00:00:00-04:00,160.52000427246094,162.55999755859375,160.16000366210938,162.3300018310547,8532500,161.33800048828124,162.04000015258788,160.89519927978515,52.65805416797002,0.4317140915186428,0.4752103896442168,-0.043496298125573984,165.2363179578526,158.84368234732315,162.04000015258788,2.302847255287657,-0.0017832572551969017,-0.0017848491512042477,11154465.0
2020-06-16 00:00:00-04:00,161.85000610351562,162.69000244140625,161.36000061035156,162.25,7964000,161.3029998779297,162.01800003051758,161.08719940185546,52.42793129949512,0.4320402988461183,0.46657637148459713,-0.034536072638478854,165.20215311773822,158.83384694329695,162.01800003051758,2.2333582964138734,-0.0004928345355281749,-0.0004929560183834836,10845975.0
2020-06-17 00:00:00-04:00,162.0,162.6199951171875,161.77000427246094,162.55999755859375,4758200,161.5989990234375,161.93300018310546,161.2007992553711,53.279934921066975,0.45210148819168694,0.4636813948260151,-0.011579906634328174,164.96010695432057,158.90589341189036,161.93300018310546,2.1345463355790657,0.0019106166939522051,0.0019087937874243815,10657095.0
2020-06-18 00:00:00-04:00,162.1999969482422,162.32000732421875,161.44000244140625,162.24000549316406,5397600,161.69499969482422,161.81250076293946,161.32479949951173,52.2398778390713,0.43714035795017026,0.4583731874508462,-0.021232829500675954,164.5779545137131,159.04704701216582,161.81250076293946,2.0620783914082397,-0.001968455156468263,-0.0019703951105462295,10393670.0
2020-06-19 00:00:00-04:00,162.8699951171875,164.08999633789062,162.77999877929688,164.02999877929688,12187400,162.2970001220703,161.9015007019043,161.51239959716796,57.26528420652995,0.5632285054245472,0.4793442510455864,0.08388425437896074,164.82745847076376,158.97554293304484,161.9015007019043,2.046929280930977,0.011032995719469696,0.010972576221366465,10413490.0
2020-06-22 00:00:00-04:00,165.05999755859375,165.72999572753906,164.41000366210938,165.08999633789062,12385600,162.83399963378906,161.99550018310546,161.64039947509767,59.95259724073856,0.7401551668900197,0.5315064342144731,0.20864873267554662,165.19186507822562,158.7991352879853,161.99550018310546,2.022148400024635,0.006462217682632332,0.006441427074830093,10605725.0
2020-06-23 00:00:00-04:00,165.6300048828125,166.52000427246094,165.52000427246094,166.47999572753906,12137300,163.3559997558594,162.275,161.74179931640626,63.21890098159096,0.9812212470769168,0.6214493967869619,0.35977185028995495,165.97391627492723,158.57608372507278,162.275,1.9798526524921833,0.008419646377624934,0.008384398864595731,10513990.0
2020-06-24 00:00:00-04:00,166.00999450683594,166.99000549316406,165.4499969482422,165.89999389648438,10901400,163.58899841308593,162.51100006103516,161.8061993408203,60.98380504205842,1.1126407222722037,0.7196876618840102,0.39295306038819344,166.49189260361626,158.53010751845406,162.51100006103516,1.9484352162371614,-0.0034839130582626776,-0.0034899960158010397,10405885.0
2020-06-25 00:00:00-04:00,165.88999938964844,165.91000366210938,165.16000366210938,165.8000030517578,7093800,163.92999877929688,162.7150001525879,161.88519927978516,60.586121211458305,1.194948554572136,0.8147398404216354,0.3802087141505005,166.92444353475594,158.50555677041984,162.7150001525879,1.8628327007916499,-0.0006027175913517757,-0.0006028992986150158,10272650.0
2020-06-26 00:00:00-04:00,164.8699951171875,166.55999755859375,164.22000122070312,166.5399932861328,9753500,164.3219985961914,162.89649963378906,161.98179901123046,62.533357378118524,1.3048476606310828,0.912761404463525,0.39208625616755777,167.4248718094788,158.36812745809934,162.89649963378906,1.896915817727291,0.004463149702982783,0.004453219386376934,10131235.0
2020-06-29 00:00:00-04:00,166.55999755859375,166.8000030517578,166.17999267578125,166.6300048828125,6735700,164.7519989013672,163.0449996948242,162.14299896240234,62.774275665972404,1.3832613023140539,1.006861384033631,0.37639991828042296,167.850118850235,158.23988053941343,163.0449996948242,1.8057082861736673,0.0005404803669293301,0.0005403343600226875,10061010.0
2020-06-30 00:00:00-04:00,166.30999755859375,167.99000549316406,166.19000244140625,167.3699951171875,12762300,165.26399841308594,163.28349914550782,162.29639892578126,64.77936784550954,1.487963390109087,1.1030817852487222,0.3848816048603647,168.43744475709715,158.12955353391848,163.28349914550782,1.8053007694296777,0.004440918278166173,0.004431086497931087,10179680.0
2020-07-01 00:00:00-04:00,167.0500030517578,167.05999755859375,165.33999633789062,166.6199951171875,13214800,165.6699981689453,163.6344985961914,162.45659881591797,61.182391410793315,1.4932090327962726,1.1811072347582323,0.3121017980380403,168.69247939740305,158.57651779497976,163.6344985961914,1.8213506272773345,-0.004481089931769877,-0.004491160110102202,9990395.0
2020-07-02 00:00:00-04:00,166.1999969482422,167.24000549316406,166.02000427246094,166.97999572753906,8753500,166.1439971923828,163.91949844360352,162.56159881591796,62.26548580287233,1.5090202370630266,1.2466898352191913,0.26233040184383527,169.05642422338124,158.7825726638258,163.91949844360352,1.7783970982363198,0.0021606086958432247,0.0021582779375089872,9923370.0
2020-07-06 00:00:00-04:00,167.75,168.0,167.19000244140625,167.97999572753906,7265700,166.53899688720702,164.41799850463866,162.65439880371093,65.17246370486467,1.5839832006673191,1.314148508308817,0.2698346923585022,169.0770839842549,159.75891302502242,164.41799850463866,1.7242261821095066,0.005988741319838731,0.005970880083946397,9485595.0
2020-07-07 00:00:00-04:00,167.41000366210938,169.0399932861328,167.3800048828125,169.0399932861328,11633100,166.93399658203126,164.88399810791014,162.78239868164061,67.98766747266583,1.7092219865052982,1.3931632039481132,0.316058782557185,169.43337020100515,160.33462601481514,164.88399810791014,1.7196377693388498,0.006310260659329048,0.0062904343270385864,9605030.0
2020-07-08 00:00:00-04:00,170.32000732421875,170.86000061035156,169.77999877929688,170.08999633789062,11662700,167.2949966430664,165.32549819946288,162.95299865722657,70.52895064679853,1.8716261563305068,1.488855794424592,0.38277036190591485,170.09109367243983,160.55990272648594,165.32549819946288,1.7268070232588426,0.006211565862881185,0.006192353605402356,9735885.0
2020-07-09 00:00:00-04:00,170.47999572753906,170.63999938964844,168.77999877929688,169.6300048828125,13327400,167.66799774169922,165.62849807739258,163.128798828125,67.98283062940514,1.940842342468443,1.5792531040333622,0.36158923843508073,170.67161917674596,160.5853769780392,165.62849807739258,1.7363208509083226,-0.0027044004055614135,-0.002708063902871328,9751790.0
2020-07-10 00:00:00-04:00,169.9499969482422,170.14999389648438,168.57000732421875,169.19000244140625,8218000,168.00699768066406,165.96849822998047,163.27799896240234,65.5453382672757,1.9378537768236583,1.6509732385914215,0.2868805382322368,171.00932732097104,160.9276691389899,165.96849822998047,1.7251541167195583,-0.0025938951172596036,-0.0025972650920347735,9578995.0
2020-07-13 00:00:00-04:00,170.2899932861328,170.4199981689453,169.16000366210938,169.39999389648438,11095900,168.29299774169922,166.3074981689453,163.48999877929688,66.16877581234624,1.930179959395133,1.706814582752164,0.22336537664296907,171.31377542581728,161.30122091207332,166.3074981689453,1.6919284302992996,0.0012411575864292868,0.0012403879870823366,9789020.0
2020-07-14 00:00:00-04:00,168.97000122070312,170.1999969482422,168.80999755859375,170.19000244140625,9812700,168.64899749755858,166.70049819946288,163.69819885253906,68.47952379202272,1.9651919811255993,1.7584900624268511,0.2067019186987482,171.6295638653142,161.77143253361157,166.70049819946288,1.6703620702528095,0.004663568910189042,0.004652728164010819,9853030.0
2020-07-15 00:00:00-04:00,169.6199951171875,170.42999267578125,169.38999938964844,170.33999633789062,7533800,168.9459976196289,167.10499801635743,163.89819885253905,68.91366486520302,1.982193027145371,1.8032306553705553,0.17896237177481567,171.8303562489195,162.37963978379537,167.10499801635743,1.6253357285299526,0.0008813320073604025,0.0008809438623464781,9831520.0
2020-07-16 00:00:00-04:00,169.8000030517578,170.0,168.64999389648438,168.72999572753906,10242400,169.15699768066406,167.4134979248047,164.05239868164062,59.44872635669199,1.8444907435471123,1.8114826730058669,0.03300807054124544,171.6966088657036,163.13038698390577,167.4134979248047,1.6299547794496883,-0.009451688651900159,-0.009496639325154646,10105730.0
2020-07-17 00:00:00-04:00,169.94000244140625,170.27000427246094,169.61000061035156,170.1199951171875,10296000,169.47099761962892,167.80749740600587,164.27579864501953,64.04067698005835,1.8264676436794218,1.8144796671405778,0.01198797653884398,171.5271906177811,164.08780419423064,167.80749740600587,1.6235300484119874,0.008238009985450212,0.008204262794308569,10350650.0
2020-07-20 00:00:00-04:00,170.75999450683594,171.07000732421875,170.27000427246094,170.94000244140625,10095500,169.76699829101562,168.15299758911132,164.46679870605467,66.45403008128511,1.8569462249894002,1.8229729787103426,0.03397324627905762,171.6838975406855,164.62209763753714,168.15299758911132,1.5754216311705063,0.004820170160796611,0.004808590336846309,10246055.0
2020-07-21 00:00:00-04:00,172.52999877929688,173.25,172.30999755859375,173.0,12826100,170.16299896240236,168.5484977722168,164.7183987426758,71.60897562652062,2.0239939645931315,1.8631771758869005,0.16081678870623106,172.3778402784332,164.71915526600037,168.5484977722168,1.6278913402721664,0.012050997596656066,0.011978962477666387,10268080.0
2020-07-22 00:00:00-04:00,174.0500030517578,175.77000427246094,173.75999450683594,175.6300048828125,18712500,170.71699981689454,169.00599822998046,165.04259887695312,76.56113712659503,2.341607324283757,1.958863205566272,0.3827441187174849,173.80187623137033,164.2101202285906,169.00599822998046,1.709470835428507,0.015202340363078104,0.015087942737564555,10596840.0
2020-07-23 00:00:00-04:00,176.1699981689453,178.41000366210938,175.64999389648438,177.17999267578125,23006800,171.4719985961914,169.56999816894532,165.3853988647461,78.89732446030354,2.687410466223639,2.1045726576977457,0.5828378085258934,175.32859578778115,163.81140055010948,169.56999816894532,1.7859371171333904,0.008825301770064575,0.008786586410813348,11202110.0
2020-07-24 00:00:00-04:00,179.13999938964844,179.16000366210938,178.1999969482422,178.6999969482422,15601300,172.422998046875,170.21499786376953,165.72779876708984,80.90708611000645,3.0489669955611873,2.2934515252704344,0.7555154702907529,176.9474677683169,163.48252795922215,170.21499786376953,1.7997995363615857,0.008578870839228259,0.008542281441677423,11627485.0
2020-07-27 00:00:00-04:00,181.85000610351562,182.8300018310547,181.52999877929688,182.22999572753906,21115600,173.70599822998048,170.99949798583984,166.1121987915039,84.57996646478414,3.5790870622446675,2.5505786326652813,1.0285084295793863,179.30824592121905,162.69075005046062,170.99949798583984,1.966242775393794,0.019753770786684832,0.019561196964697856,12195590.0
2020-07-28 00:00:00-04:00,182.02000427246094,184.25999450683594,181.4199981689453,183.75,21164600,175.06199798583984,171.85549774169922,166.50859893798827,85.84285543737242,4.074889881953709,2.855440882522967,1.219448999430742,181.59207394962166,162.11892153377678,171.85549774169922,2.028653744143568,0.00834113103275036,0.008306536040413818,12917035.0
2020-07-29 00:00:00-04:00,184.00999450683594,186.13999938964844,182.38999938964844,185.1300048828125,25640100,176.54099884033204,172.74349822998047,166.9573989868164,86.89245067450614,4.52698775264011,3.1897502565463958,1.3372374960937146,183.82796023735466,161.6590362226063,172.74349822998047,2.151607048133313,0.0075102306547618625,0.007482169283186,13560925.0
2020-07-30 00:00:00-04:00,183.44000244140625,184.3300018310547,182.1300048828125,183.75999450683594,18061200,178.04399871826172,173.6004981994629,167.34739898681642,80.5108651398063,4.720317305064185,3.495863666249954,1.2244536388142313,185.29240489474853,161.90859150417725,173.6004981994629,2.2122065446952193,-0.007400261112960993,-0.007427778888433271,13803245.0
2020-07-31 00:00:00-04:00,184.50999450683594,185.75,184.1699981689453,185.42999267578125,15876700,179.5749984741211,174.522998046875,167.76299896240235,82.22459683975511,4.951212764969682,3.7869334859938997,1.1642792789757825,186.87280920390333,162.17318688984665,174.522998046875,2.1963350410144225,0.00908793109962347,0.00904688435302792,14159405.0
2020-08-03 00:00:00-04:00,185.0500030517578,185.82000732421875,184.1999969482422,185.63999938964844,12897000,181.0449981689453,175.40599822998047,168.23079895019532,82.43378177773629,5.092442361557772,4.0480352611066746,1.0444071004510977,188.27279449873674,162.5392019612242,175.40599822998047,2.155168993511718,0.0011325390830079218,0.0011318982444248418,14440970.0
2020-08-04 00:00:00-04:00,185.61000061035156,189.60000610351562,185.2100067138672,189.58999633789062,20773200,182.70399780273436,176.43349838256836,168.75839874267578,85.81509653406394,5.460158270863417,4.3304598630580236,1.1296984078053933,190.34260966415022,162.5243871009865,176.43349838256836,2.3147997360929122,0.021277725496816835,0.021054515412853636,14897975.0
2020-08-05 00:00:00-04:00,191.64999389648438,193.1300048828125,190.6199951171875,191.35000610351562,27078100,184.2759979248047,177.49649887084962,169.36759887695314,87.01450936477977,5.8264303945474865,4.629653969355917,1.1967764251915698,192.50969084893111,162.48330689276813,177.49649887084962,2.402314651009267,0.009283241730161151,0.009240417270834574,15668745.0
2020-08-06 00:00:00-04:00,193.74000549316406,194.4499969482422,192.52000427246094,193.88999938964844,20640100,185.9469985961914,178.7094985961914,170.02179901123046,88.52278586578008,6.249618213483785,4.9536468181814906,1.2959713953022947,194.86138660828516,162.55761058409763,178.7094985961914,2.452148664846217,0.013274069532868138,0.013186741026147062,16034380.0
2020-08-07 00:00:00-04:00,192.7100067138672,192.9600067138672,189.3300018310547,190.80999755859375,24570200,187.15799865722656,179.79049835205078,170.6035989379883,76.86410847374404,6.264256749335686,5.21576880441233,1.0484879449233562,196.141935539227,163.43906116487454,179.79049835205078,2.6027093001138977,-0.01588530528005727,-0.016012829047696152,16851990.0
2020-08-10 00:00:00-04:00,191.1999969482422,192.61000061035156,189.66000366210938,190.14999389648438,19047200,187.9499984741211,180.82799835205077,171.1483987426758,74.59688181145043,6.151688281594545,5.402952699848774,0.7487355817457715,197.04327467115698,164.61272203294456,180.82799835205077,2.6275155606944898,-0.003458957447482258,-0.003464953471448027,17249555.0
2020-08-11 00:00:00-04:00,183.57000732421875,183.97999572753906,179.42999267578125,179.94000244140625,45355000,187.56899871826172,181.31549835205078,171.47399871826173,50.01802794613687,5.178916650547876,5.358145489988595,-0.17922883944071888,196.79157269451412,165.83942400958745,181.31549835205078,3.2055502506951066,-0.05369440853432972,-0.0551897267189793,19026670.0
2020-08-12 00:00:00-04:00,182.61000061035156,183.10000610351562,179.0399932861328,179.10000610351562,28660500,186.96599884033202,181.75349884033204,171.8039987182617,48.59927288935255,4.290746386727477,5.144665669336371,-0.8539192826088939,196.43787324411954,167.06912443654454,181.75349884033204,3.2665832911728,-0.004668202325739945,-0.004679132411383586,20083005.0
2020-08-13 00:00:00-04:00,181.55999755859375,184.6999969482422,181.36000061035156,183.3300018310547,18596800,186.9229995727539,182.4834991455078,172.2785986328125,55.4519022262966,3.8834246553131777,4.892417466531732,-1.0089928112185547,195.90266437731515,169.06433391370047,182.4834991455078,3.433255259283783,0.023618065792215592,0.023343474417206588,20500725.0
2020-08-14 00:00:00-04:00,183.44000244140625,183.72000122070312,181.49000549316406,182.5399932861328,11792000,186.63399963378907,183.10449905395507,172.70379852294923,54.0038337032194,3.4570217663730034,4.605338326499987,-1.1483165601269834,195.26841388098777,170.94058422692237,183.10449905395507,3.3473081498734456,-0.0043092158240957135,-0.004318527254207777,20575525.0
2020-08-17 00:00:00-04:00,184.69000244140625,187.00999450683594,184.66000366210938,186.5,15709800,186.71999969482422,183.88249893188475,173.2735986328125,59.68672744976598,3.3994471409149867,4.364160089382987,-0.9647129484680006,194.75680711432312,173.00819074944638,183.88249893188475,3.4275005120755653,0.02169391289315903,0.02146194877539166,20856240.0
2020-08-18 00:00:00-04:00,189.17999267578125,189.39999389648438,185.6300048828125,188.17999267578125,16291600,186.5789993286133,184.64149856567383,173.84279846191407,61.84072011687244,3.449615187516855,4.181251109009761,-0.7316359214929058,194.43711955495,174.84587757639767,184.64149856567383,3.4519639764753016,0.009008003623491856,0.008967673573403242,21029515.0
2020-08-19 00:00:00-04:00,187.2100067138672,187.4600067138672,181.7100067138672,182.24000549316406,24646900,185.66799926757812,184.9719985961914,174.26239868164063,51.386172618718696,2.975763651768034,3.940153617561416,-0.9643899657933819,193.94023697399288,176.00376021838994,184.9719985961914,3.6675369754352127,-0.03156545548841261,-0.03207438281593019,21326235.0
2020-08-20 00:00:00-04:00,181.19000244140625,183.7100067138672,180.92999267578125,183.5,16692200,184.62899932861328,185.28799896240236,174.66099853515624,53.193771955802355,2.671112994370361,3.686345492923205,-1.015232498552844,193.5535999324459,177.0223979923588,185.28799896240236,3.604142479910265,0.006913929262821528,0.006890137653281628,21010505.0
2020-08-21 00:00:00-04:00,182.13999938964844,182.80999755859375,180.47000122070312,182.02999877929688,12713700,183.7509994506836,185.4544990539551,175.05379852294922,50.81962529071321,2.2847214931124427,3.406020692961053,-1.1212991998486102,193.30636693395306,177.60263117395712,185.4544990539551,3.563132215580737,-0.008010905834894388,-0.008043165542872153,20866125.0
2020-08-24 00:00:00-04:00,182.91000366210938,182.92999267578125,180.69000244140625,181.0,11605800,182.83600006103515,185.39299926757812,175.42139862060546,49.16386865213024,1.87379125197657,3.0995748047641567,-1.2257835527875867,193.36330216859574,177.4226963665605,185.39299926757812,3.468622074066041,-0.005658401286623649,-0.005674470685927035,20390635.0
2020-08-25 00:00:00-04:00,181.05999755859375,181.25,179.72999572753906,181.22000122070312,10056100,182.96399993896483,185.2664993286133,175.79919860839843,49.54202200328545,1.548033567815338,2.7892665573743933,-1.2412329895590553,193.41540186925826,177.11759678796832,185.2664993286133,3.3294350882371053,0.0012154763574758753,0.0012147382641175607,19835210.0
2020-08-26 00:00:00-04:00,180.25999450683594,183.5800018310547,180.1999969482422,183.36000061035156,12715800,183.38999938964844,185.17799911499023,176.22139862060547,53.1896503936972,1.4458811048369,2.5205894668668947,-1.0747083620299946,193.36924473403283,176.98675349594762,185.17799911499023,3.333047216421062,0.011808847672626355,0.011739667325137685,19188995.0
2020-08-27 00:00:00-04:00,185.0,185.1699981689453,179.3699951171875,181.24000549316406,16299200,183.18099975585938,185.05199966430663,176.59499877929687,49.38120020321822,1.180253426718167,2.2525222588371494,-1.0722688321189824,193.40259321713592,176.70140611147735,185.05199966430663,3.509258347516544,-0.011561927956646234,-0.011629286747359606,19100895.0
2020-08-28 00:00:00-04:00,183.97999572753906,185.39999389648438,183.39999389648438,184.38999938964844,13200800,183.36600036621093,185.0,177.03799865722655,54.58456374320683,1.2099719563821338,2.0440121983461466,-0.8340402419640127,193.35348250453586,176.64651749546414,185.0,3.5557390657882415,0.0173802350530341,0.01723092629924,18967100.0
2020-08-31 00:00:00-04:00,184.7899932861328,185.52999877929688,184.27999877929688,184.8300018310547,10251200,183.1990005493164,184.95950012207032,177.45399871826172,55.27614249017325,1.2545667603463073,1.8861231107461789,-0.6315563503998716,193.30803107217625,176.6109691719644,184.95950012207032,3.3910434182319387,0.002386259791001155,0.00238341719432408,18834810.0
2020-09-01 00:00:00-04:00,186.99000549316406,186.99000549316406,184.3300018310547,185.0500030517578,10662100,182.88600158691406,184.73250045776368,177.85319885253907,55.639877888994626,1.2927586071510007,1.7674502100271434,-0.47469160287614276,192.80747369298908,176.65752722253828,184.73250045776368,3.338826292794613,0.0011902895553947967,0.001189581722410416,18329255.0
2020-09-02 00:00:00-04:00,183.75,183.86000061035156,181.5,182.6199951171875,11536900,182.92400054931642,184.29599990844727,178.17599884033203,50.73198111060936,1.1141019156260086,1.6367805511469167,-0.5226786355209081,191.81778968215633,176.7742101347382,184.29599990844727,3.3539103470062703,-0.013131628719242117,-0.013218610873058246,17552195.0
2020-09-03 00:00:00-04:00,182.3000030517578,182.82000732421875,180.49000549316406,181.13999938964844,12148100,182.68800048828126,183.65849990844725,178.48079895019532,47.95737034701102,0.8433700688938472,1.478098454696303,-0.6347283858024557,189.86614028509194,177.45085953180256,183.65849990844725,3.2807740244383004,-0.00810423703378893,-0.008137254873336977,17127595.0
2020-09-04 00:00:00-04:00,180.9499969482422,182.10000610351562,180.0500030517578,181.63999938964844,11567900,182.6490005493164,183.2,178.79759887695312,48.97272289955708,0.6615332081334486,1.3147854053837322,-0.6532521972502836,188.5178938991328,177.8821061008672,183.2,3.19286181210398,0.0027602959130217375,0.0027564932922231992,16477480.0
2020-09-08 00:00:00-04:00,179.5,182.27000427246094,179.02000427246094,181.2899932861328,13229200,182.6779998779297,182.75699996948242,179.09259887695313,48.26288173884211,0.4836088763952944,1.1485500995860447,-0.6649412231907503,187.06561245048485,178.44838748848,182.75699996948242,3.1969431112394098,-0.0019269219593246456,-0.0019287808618004912,16186580.0
2020-09-09 00:00:00-04:00,182.5,183.22000122070312,182.19000244140625,183.0500030517578,8424100,182.86100006103516,182.9125,179.42099884033203,52.02832375426235,0.47909789834383787,1.0146596593376034,-0.5355617609937655,187.0231563490631,178.8018436509369,182.9125,3.1064477414773313,0.00970825655471863,0.009661434230238847,14340035.0
2020-09-10 00:00:00-04:00,184.22999572753906,184.67999267578125,182.27999877929688,182.4600067138672,9143600,182.77100067138673,183.08050003051758,179.72279907226562,50.69630912901905,0.42303861623994976,0.8963354507180726,-0.4732968344781229,186.81125433383613,179.34974572719904,183.08050003051758,3.0559867525492628,-0.0032231430104036063,-0.0032283485242562797,13364190.0
2020-09-11 00:00:00-04:00,183.13999938964844,183.5500030517578,182.00999450683594,182.4499969482422,7662300,182.89199981689453,183.03649978637696,180.03939910888673,50.67260621849347,0.3734980735589204,0.7917679752862422,-0.4182699017273218,186.77519477038538,179.29780480236855,183.03649978637696,2.947702594861592,-5.486005292487661e-05,-5.4861557792618405e-05,12817465.0
2020-09-14 00:00:00-04:00,183.57000732421875,184.3000030517578,183.38999938964844,183.88999938964844,9709500,182.84199981689454,183.10400009155273,180.3775991821289,54.00431067502095,0.44529985939331596,0.722474352107657,-0.277174492714341,186.8531338037927,179.35486637931277,183.10400009155273,2.8692957026225945,0.007892586821005798,0.00786160327773618,12713340.0
2020-09-15 00:00:00-04:00,184.4600067138672,184.6699981689453,182.9199981689453,183.4499969482422,7993700,182.7039993286133,182.95149993896484,180.68699920654296,52.830125789710365,0.4613802676767875,0.6702555352214831,-0.20887526754469554,186.36915382656525,179.53384605136443,182.95149993896484,2.7893460095781237,-0.0023927480714920346,-0.0023956152677241513,12327535.0
2020-09-16 00:00:00-04:00,184.97999572753906,185.00999450683594,183.3300018310547,183.97000122070312,12702400,182.59599914550782,182.74100036621093,180.98559936523438,54.100274740127034,0.5102028056715255,0.6382449893114917,-0.1280421836399661,185.2396318971303,180.24236883529156,182.74100036621093,2.71010648573549,0.0028345831622316187,0.0028305733071044767,12148075.0
2020-09-17 00:00:00-04:00,181.9199981689453,183.08999633789062,181.47999572753906,182.9600067138672,8836200,182.63000030517577,182.7770004272461,181.24299957275392,51.21564947333921,0.4620704425218207,0.6030100799535575,-0.14093963743173676,185.26645199199388,180.2875488624983,182.7770004272461,2.6943849862661025,-0.005489995652194879,-0.005505121062685115,11357540.0
2020-09-18 00:00:00-04:00,183.07000732421875,184.08999633789062,182.63999938964844,183.1999969482422,9959700,182.83600006103515,182.7620002746582,181.5143994140625,51.87231489366683,0.43823866168494874,0.5700557962998358,-0.1318171346148871,185.23742117014828,180.2865793791681,182.7620002746582,2.605500126407251,0.0013117087099276947,0.001310849171618332,11020915.0
2020-09-21 00:00:00-04:00,179.83999633789062,180.2899932861328,176.75,179.52000427246094,17436100,182.6240005493164,182.6365005493164,181.7209994506836,42.43895561653408,0.12101219644631556,0.48024707632913183,-0.35923487988281627,185.4754528672316,179.79754823140118,182.6365005493164,2.880107042252604,-0.020087296599797022,-0.020291789448272826,11257035.0
2020-09-22 00:00:00-04:00,179.6300048828125,180.02000427246094,178.11000061035156,178.64999389648438,7977900,182.36000061035156,182.5190002441406,181.9059994506836,40.56093289640551,-0.19830865043047652,0.3445359309772102,-0.5428445814076868,185.78201192440824,179.255988563873,182.5190002441406,2.8108139436709445,-0.004846314367596194,-0.004858095828927072,11075640.0
2020-09-23 00:00:00-04:00,176.97999572753906,177.25999450683594,174.10000610351562,174.7899932861328,18134000,181.53399963378905,182.1974998474121,181.99799926757814,33.48163165463258,-0.7541491500864197,0.12479891476448424,-0.8789480648509039,186.87123766889778,177.52376202592643,182.1974998474121,2.9350406471922166,-0.021606497297661065,-0.021843335368817322,11479535.0
2020-09-24 00:00:00-04:00,174.36000061035156,176.24000549316406,173.77000427246094,175.44000244140625,11759200,180.83199920654297,181.80149993896484,182.09999938964845,35.522465572958,-1.1291898465462111,-0.12599883749765484,-1.0031910090485563,187.2859355660548,176.31706431187487,181.80149993896484,2.9018235453001386,0.003718800733685912,0.0037119030895910897,11431705.0
2020-09-25 00:00:00-04:00,174.41000366210938,175.3000030517578,173.88999938964844,174.94000244140625,6779200,180.08099975585938,181.48649978637695,182.2241995239258,34.6420160776666,-1.4500429295668766,-0.39080765591149924,-1.0592352736553774,187.73430805347672,175.23869151927718,181.48649978637695,2.8052649386185435,-0.0028499771605223767,-0.0028540460781505306,10955705.0
2020-09-28 00:00:00-04:00,175.8300018310547,176.80999755859375,175.08999633789062,176.6999969482422,7109700,179.36199951171875,181.10199966430665,182.35579956054687,40.255414763810165,-1.5445004222193006,-0.6215462091730595,-0.9229542130462411,187.5316035915799,174.67239573703338,181.10199966430665,2.7384599513734686,0.01006056066236427,0.010010290107421884,10651150.0
2020-09-29 00:00:00-04:00,177.19000244140625,178.3300018310547,176.9499969482422,178.19000244140625,8718500,178.83600006103515,180.7699996948242,182.50079956054688,44.5939735560593,-1.482043598806058,-0.7936456870996592,-0.6883979117063989,187.0799328384354,174.460066551213,180.7699996948242,2.6592845893333994,0.008432402483858015,0.008397048385655496,10574515.0
2020-09-30 00:00:00-04:00,177.7100067138672,178.61000061035156,176.66000366210938,177.1199951171875,8371800,178.1509994506836,180.3734992980957,182.58319946289063,42.22272665398677,-1.5015775140318794,-0.9352320524861033,-0.5663454615457761,186.55308075274957,174.19391784344185,180.3734992980957,2.6086211863983126,-0.006004867330144381,-0.006022969047958764,10460000.0
2020-10-01 00:00:00-04:00,178.7100067138672,179.5,178.0399932861328,178.6999969482422,10402800,177.7249984741211,180.17749938964843,182.64459930419923,46.72736860419414,-1.3737298369989333,-1.0229316093886693,-0.3507982276102639,186.30810591985494,174.04689285944193,180.17749938964843,2.5922914504278975,0.008920516455577454,0.008880963695329078,10403295.0
2020-10-02 00:00:00-04:00,178.69000244140625,179.2899932861328,178.16000366210938,178.5399932861328,7488500,177.25899810791014,180.04749908447266,182.67179931640624,46.33340647012032,-1.2706730620901112,-1.0724798999289578,-0.19819316216115346,186.20117604289663,173.8938221260487,180.04749908447266,2.487841319970436,-0.0008953758525005462,-0.0008957769408936138,10170315.0
2020-10-05 00:00:00-04:00,179.02000427246094,180.13999938964844,178.89999389648438,179.41000366210938,6969600,177.247998046875,179.9359992980957,182.6859994506836,48.85826919655826,-1.1060474328148189,-1.0791934065061302,-0.026854026308688717,186.05090567002813,173.8210929261633,179.9359992980957,2.4244245187950924,0.004872915921881216,0.004861081696310086,9940400.0
2020-10-06 00:00:00-04:00,180.16000366210938,180.3699951171875,177.0500030517578,177.3000030517578,8632800,177.11299896240234,179.73649978637695,182.58739959716797,43.51161850278603,-1.1327818467973714,-1.0899110945643784,-0.04287075223299297,185.92163640693832,173.5513631658156,179.73649978637695,2.488393629268992,-0.011760774579356315,-0.011830479550692698,9710580.0
2020-10-07 00:00:00-04:00,177.08999633789062,177.4199981689453,176.42999267578125,177.22000122070312,6410900,177.3559997558594,179.44499969482422,182.45679962158204,43.31805888732199,-1.1472003303516374,-1.1013689417218302,-0.04583138862980718,185.52667035589909,173.36332903374935,179.44499969482422,2.381365905261497,-0.0004512229536247636,-0.00045132478533539146,9609920.0
2020-10-08 00:00:00-04:00,178.17999267578125,178.4499969482422,176.6699981689453,177.85000610351562,6530800,177.5970001220703,179.21449966430663,182.31119964599608,45.37869019785423,-1.095166555244134,-1.100128464426291,0.004961909182156887,185.16974478267014,173.25925454594312,179.21449966430663,2.3384111105497385,0.0035549310375408982,0.0035486272055745486,9479280.0
2020-10-09 00:00:00-04:00,180.1300048828125,181.1699981689453,179.92999267578125,181.0800018310547,15979800,178.21100006103515,179.14599990844727,182.25759979248048,54.509670016857186,-0.7842553451397691,-1.0369538405689867,0.2526984954292175,184.9811097347949,173.31089008209963,179.14599990844727,2.408524035898306,0.018161347296547614,0.017998399966815504,9895155.0
2020-10-12 00:00:00-04:00,180.57000732421875,180.8300018310547,180.19000244140625,180.55999755859375,4843000,178.5970001220703,178.97949981689453,182.1601998901367,52.97430999285601,-0.5732083806658466,-0.9442047485883587,0.3709963679225121,184.44176942018103,173.51723021360803,178.97949981689453,2.3000579897376006,-0.002871682500567352,-0.002875813691634357,9651830.0
2020-10-13 00:00:00-04:00,178.55999755859375,178.60000610351562,177.10000610351562,177.72000122070312,8384300,178.55,178.69300003051757,182.00179992675783,45.445547940810485,-0.6278783200046973,-0.8809394628716264,0.25306114286692905,183.77515106439054,173.6108489966446,178.69300003051757,2.3829103801190668,-0.015728823528417535,-0.01585383405158326,9671360.0
2020-10-14 00:00:00-04:00,179.08999633789062,179.58999633789062,178.27000427246094,178.27000427246094,9076600,178.66500091552734,178.40800018310546,181.7754000854492,47.01603625860398,-0.6196806977509937,-0.8286877098475,0.2090070120965063,182.8767579801918,173.93924238601912,178.40800018310546,2.3462735756239548,0.003094772946095059,0.0030899939936110464,9490070.0
2020-10-15 00:00:00-04:00,177.7100067138672,179.14999389648438,177.58999633789062,178.9199981689453,6815400,178.68700103759767,178.20599975585938,181.5267999267578,48.88866048588198,-0.5543448059779621,-0.7738191290735924,0.2194743230956303,182.17019642793198,174.24180308378678,178.20599975585938,2.29011100297894,0.003646120384284801,0.003639489400711449,9389030.0
2020-10-16 00:00:00-04:00,179.22000122070312,179.32000732421875,178.1300048828125,178.3000030517578,7260700,178.66300201416016,177.96100006103515,181.215,47.17592501751882,-0.5462966972023082,-0.7283146426993355,0.18201794549702732,181.19959876810563,174.72240135396467,177.96100006103515,2.2115318200094625,-0.0034652086045857677,-0.0034712263457632483,9254080.0
2020-10-19 00:00:00-04:00,179.41000366210938,179.47999572753906,178.3699951171875,178.38999938964844,6084400,178.56100158691407,177.90449981689454,180.9666000366211,47.46364059724209,-0.526586400441488,-0.687968994247766,0.16138259380627806,181.07095868029833,174.73804095349075,177.90449981689454,2.13785045256459,0.0005047466985432791,0.0005046193567768562,8686495.0
2020-10-20 00:00:00-04:00,178.5399932861328,179.6699981689453,178.0800018310547,179.25,7121400,178.7560012817383,177.93450012207032,180.7486001586914,50.25210310478763,-0.43653883833084706,-0.6376829630643823,0.20114412473353527,181.1397744511087,174.72922579303193,177.93450012207032,2.098718015802164,0.0048209014703402,0.004809318137998378,8643670.0
2020-10-21 00:00:00-04:00,180.47000122070312,181.30999755859375,180.22999572753906,180.60000610351562,7548100,179.09400177001953,178.22500076293946,180.7618002319336,54.34832269147505,-0.2533211578972896,-0.5608106020309638,0.3074894441336742,181.2876174242575,175.16238410162143,178.22500076293946,2.0959522688587056,0.007531414803434444,0.00750319529892231,8114375.0
2020-10-22 00:00:00-04:00,178.8800048828125,179.02999877929688,177.72000122070312,178.8300018310547,8377000,179.19200134277344,178.39450073242188,180.75640014648437,48.687853877924525,-0.24808461339040377,-0.4982654043028518,0.25018079091244805,181.18495983154153,175.60404163330222,178.39450073242188,2.1519560269982625,-0.009800687777642758,-0.009849030639627157,7945265.0
2020-10-23 00:00:00-04:00,179.08999633789062,179.1999969482422,177.75999450683594,178.63999938964844,5919300,178.9480010986328,178.579500579834,180.66260009765625,48.10861373836283,-0.2563116224115447,-0.4498746479245904,0.19356302551304572,180.8762601317469,176.28274102792108,178.579500579834,2.1011021994559758,-0.001062475196895396,-0.0010630400237792174,7902270.0
2020-10-26 00:00:00-04:00,178.75,179.13999938964844,178.22000122070312,178.5500030517578,5105100,178.74700164794922,178.67200088500977,180.58280029296876,47.81842296054375,-0.2670155496255404,-0.4133028282647805,0.14628727863924007,180.8014483377711,176.54255343224844,178.67200088500977,2.016737625848071,-0.0005037860400700644,-0.0005039129828936211,7802040.0
2020-10-27 00:00:00-04:00,178.7100067138672,179.42999267578125,178.50999450683594,179.02000427246094,5826900,178.877001953125,178.7135009765625,180.43320037841798,49.53059644761553,-0.23486593026842684,-0.3776154486655098,0.14274951839708294,180.8360970745718,176.5909048785532,178.7135009765625,1.93839909321216,0.0026323226696718383,0.002628864176270774,7657460.0
2020-10-28 00:00:00-04:00,176.4499969482422,176.85000610351562,175.44000244140625,176.1300048828125,11734100,178.66300201416016,178.66400146484375,180.1922006225586,40.6896632073527,-0.43754220908860475,-0.38960080075012876,-0.04794140833847599,180.97108872308837,176.35691420659913,178.66400146484375,2.0556564316294836,-0.01614344386479838,-0.01627516884164325,7825575.0
2020-10-29 00:00:00-04:00,175.02000427246094,176.13999938964844,174.8300018310547,175.39999389648438,8474500,178.31100158691407,178.49900131225587,180.055400390625,38.80543526100293,-0.6495824240640502,-0.44159712541291307,-0.20798529865113713,181.20902739368674,175.788975230825,178.49900131225587,2.002395083555503,-0.004144728133141373,-0.004153341326592121,7729160.0
2020-10-30 00:00:00-04:00,177.17999267578125,177.36000061035156,175.9499969482422,176.1999969482422,7303000,178.1010009765625,178.38200149536132,179.90940032958986,41.976466008467916,-0.7444902416502828,-0.5021757486603871,-0.2423144929898957,181.27098638251263,175.49301660821,178.38200149536132,1.9993673428634804,0.004561020978312902,0.004550651041840146,7719885.0
2020-11-02 00:00:00-05:00,177.4499969482422,177.92999267578125,177.1300048828125,177.91000366210938,6498400,178.0530014038086,178.30700149536133,179.8270004272461,48.16008521182279,-0.6739532071241285,-0.5365312403531354,-0.13742196677099316,181.16303587508088,175.4509671156418,178.30700149536133,1.9801265131974506,0.009704919089013941,0.00965812884851217,7696325.0
2020-11-03 00:00:00-05:00,178.9499969482422,179.38999938964844,178.3000030517578,178.9199981689453,7577200,178.02000122070314,178.38800125122071,179.785400390625,51.451057425431536,-0.5304394079372798,-0.5353128738699643,0.004873465932684451,181.21696437357204,175.5590381288694,178.38800125122071,1.9444028856504227,0.005676996717700833,0.0056609432999779495,7643545.0
2020-11-04 00:00:00-05:00,178.92999267578125,179.19000244140625,177.66000366210938,178.82000732421875,11117300,177.84200134277344,178.46800155639647,179.7374005126953,51.105157414470625,-0.4199314057840411,-0.5122365802527797,0.09230517446873865,181.25043092431838,175.68557218847457,178.46800155639647,1.9148025923394552,-0.0005588578456844351,-0.0005590140649358909,7878865.0
2020-11-05 00:00:00-05:00,181.0,183.2899932861328,180.97000122070312,182.92999267578125,16102800,178.2520004272461,178.72200088500978,179.7288003540039,62.31878022634248,-0.0007034398038854306,-0.40992995216300093,0.4092265123591155,182.09681048344152,175.34719128657804,178.72200088500978,2.0973156901662127,0.022983923404670703,0.022723771699055755,8357465.0
2020-11-06 00:00:00-05:00,183.39999389648438,183.52999877929688,182.19000244140625,183.19000244140625,10378300,178.70700073242188,178.82750091552734,179.76780029296876,62.89848727107626,0.3485010554703365,-0.2582437506363334,0.6067448061066699,182.59915740693697,175.0558444241177,178.82750091552734,2.0432214507179567,0.0014213621387162423,0.0014203529597109255,8077390.0
2020-11-09 00:00:00-05:00,176.4199981689453,176.4499969482422,173.63999938964844,175.0800018310547,29800700,178.36000061035156,178.5535011291504,179.58160034179687,41.46863179084998,-0.0288288166416919,-0.21236076383740515,0.18353194719571325,182.5701577128568,174.53684454544398,178.5535011291504,2.5794201365065175,-0.04427097823171633,-0.045280856143465276,9325275.0
2020-11-10 00:00:00-05:00,176.75,176.91000366210938,175.66000366210938,175.66000366210938,11728500,178.0240005493164,178.45050125122071,179.39820037841798,42.965252417786076,-0.27786114796563766,-0.22546084066305166,-0.05240030730258599,182.64890753347788,174.25209496896355,178.45050125122071,2.5258902575456723,0.0033127817282887495,0.0033073065556014952,9492485.0
2020-11-11 00:00:00-05:00,174.6999969482422,175.27999877929688,174.44000244140625,174.89999389648438,9008500,177.9009994506836,178.28200073242186,179.1952001953125,41.46894599874436,-0.5304329997027253,-0.2864552724709864,-0.24397772723173888,182.7572381870039,173.80676327783982,178.28200073242186,2.4326124691997757,-0.004326595410341194,-0.00433598220930235,9489080.0
2020-11-12 00:00:00-05:00,176.0399932861328,176.77000427246094,175.83999633789062,175.9600067138672,7167900,177.95700073242188,178.13400115966797,179.0620004272461,44.37847500155668,-0.637712681589278,-0.3567067542946447,-0.28100592729463325,182.7097041525852,173.55829816675075,178.13400115966797,2.3924266053981174,0.006060679556170845,0.006042387508780373,9506705.0
2020-11-13 00:00:00-05:00,177.64999389648438,177.8000030517578,176.83999633789062,177.16000366210938,6469800,178.0530014038086,178.07700119018554,178.9824005126953,47.556668445323645,-0.6187700811381376,-0.4091194196633433,-0.20965066147479428,182.67137653322428,173.4826258471468,178.07700119018554,2.3529673005761538,0.006819714153532219,0.006796565090032186,9467160.0
2020-11-16 00:00:00-05:00,177.22999572753906,177.91000366210938,176.8699951171875,177.14999389648438,8358500,177.97700042724608,178.01500091552734,178.89260040283204,47.53227043305236,-0.5976760013344062,-0.4468307359975559,-0.15084526533685033,182.62425070116853,173.40575112988614,178.01500091552734,2.259184532315134,-5.650127239831271e-05,-5.650286865533134e-05,9580865.0
2020-11-17 00:00:00-05:00,177.25,177.44000244140625,176.08999633789062,176.5,8229100,177.73500061035156,177.87750091552735,178.79680053710936,45.886028915200285,-0.6261895430728828,-0.48270249741262133,-0.14348704566026144,182.49524490946138,173.25975692159332,177.87750091552735,2.1942432159723118,-0.0036691725592956637,-0.0036759204841880807,9636250.0
2020-11-18 00:00:00-05:00,176.25999450683594,176.86000061035156,175.35000610351562,175.49000549316406,7384700,177.4020004272461,177.62200088500975,178.6456005859375,43.37233600044316,-0.7219625117258772,-0.5305545002752725,-0.1914080114506047,182.1739299826312,173.07007178738831,177.62200088500975,2.1453683081768564,-0.005722348480656891,-0.005738783845972931,9628080.0
2020-11-19 00:00:00-05:00,174.3000030517578,175.22000122070312,174.1699981689453,175.16000366210938,6965100,176.6250015258789,177.4385009765625,178.49960052490235,42.55210752472304,-0.8150957527577418,-0.5874627507717665,-0.22763300198597536,182.0759358766077,172.8010660765173,177.4385009765625,2.086413952179849,-0.0018804594035273237,-0.0018822296869570197,9557485.0
2020-11-20 00:00:00-05:00,176.1199951171875,176.3800048828125,175.5800018310547,175.69000244140625,6379400,175.8750015258789,177.2910011291504,178.36440063476562,44.37164680455396,-0.8364954463544052,-0.6372692898882942,-0.19922615646611097,181.9537800613292,172.6282221969716,177.2910011291504,2.0245273285029404,0.0030257979459697992,0.003021229432643738,9580490.0
2020-11-23 00:00:00-05:00,175.10000610351562,175.24000549316406,171.77999877929688,172.22999572753906,15510600,175.59000091552736,176.97500076293946,178.13120056152343,36.29059061688968,-1.1197408080123523,-0.7337635935131058,-0.3859772144992465,182.0884947163329,171.86150680954603,176.97500076293946,2.1592042094748285,-0.0196938167555728,-0.019890324232127853,10100765.0
2020-11-24 00:00:00-05:00,169.3000030517578,169.69000244140625,168.86000061035156,169.58999633789062,19504000,174.98300018310547,176.50350036621094,177.8540005493164,31.56666690969179,-1.5394943525537883,-0.8949097453212423,-0.644584607232546,182.44738967505063,170.55961105737126,176.50350036621094,2.245689274311448,-0.015328336846880064,-0.015447030279527764,10784620.0
2020-11-25 00:00:00-05:00,169.97999572753906,170.52000427246094,169.24000549316406,169.50999450683594,10286600,174.44400024414062,176.1724998474121,177.56480041503906,31.433137369578574,-1.8571989069931476,-1.0873675776556233,-0.7698313293375243,182.8542286512291,169.4907710435951,176.1724998474121,2.176711381810407,-0.0004717367343725076,-0.0004718480371509017,10712245.0
2020-11-27 00:00:00-05:00,166.89999389648438,167.8300018310547,166.77999877929688,167.7899932861328,10569100,173.6269989013672,175.79199981689453,177.26140014648436,28.629182118966426,-2.222156146373578,-1.3143252913992143,-0.9078308549743639,183.40779320143415,168.17620643235492,175.79199981689453,2.216231692219597,-0.010146901518740647,-0.010198732236165305,10816975.0
2020-11-30 00:00:00-05:00,166.67999267578125,167.42999267578125,166.02999877929688,166.6699981689453,13210000,172.57799835205077,175.31549987792968,176.93080017089844,26.943742039345878,-2.572111928497179,-1.5658826188188073,-1.0062293096783719,183.90042798420203,166.73057177165734,175.31549987792968,2.1836433218350497,-0.006674981596057172,-0.006697358920117144,11112325.0
2020-12-01 00:00:00-05:00,169.75999450683594,170.47999572753906,169.3000030517578,170.17999267578125,13533300,171.88099822998046,174.9289993286133,176.74399993896483,39.0533295891176,-2.5369824304304984,-1.7601025811411457,-0.7768798492893527,183.70577873559495,166.15221992163163,174.9289993286133,2.299811481603528,0.0210595460814611,0.02084085881536413,11464070.0
2020-12-02 00:00:00-05:00,170.57000732421875,171.75999450683594,170.14999389648438,171.4600067138672,9199700,171.3769989013672,174.55599975585938,176.6002001953125,42.77832283909343,-2.3784384567653376,-1.883769756265984,-0.4946687004993535,183.25637386489893,165.85562564681982,174.55599975585938,2.250539276514102,0.00752153069206285,0.007493385024315116,11545195.0
2020-12-03 00:00:00-05:00,172.63999938964844,172.85000610351562,171.0800018310547,172.80999755859375,10457300,171.10899810791017,174.25549926757813,176.56060028076172,46.49272652047457,-2.119426803667551,-1.9309011657462976,-0.18852563792125343,182.7589491609675,165.75204937418877,174.25549926757813,2.216215347653162,0.007873502810363364,0.007842668530553789,11512195.0
2020-12-04 00:00:00-05:00,172.77999877929688,173.32000732421875,171.58999633789062,172.32000732421875,10098600,170.8249984741211,173.725,176.49820037841798,45.34226263249735,-1.931431973883889,-1.931007327373816,-0.00042464651007301235,181.26706873692828,166.1829312630717,173.725,2.1814864647013734,-0.002835427586930339,-0.00283945502654119,11211985.0
2020-12-07 00:00:00-05:00,172.55999755859375,175.2899932861328,172.50999450683594,174.88999938964844,10555100,170.7449981689453,173.30999984741212,176.4972003173828,52.044982522068786,-1.5571183444876908,-1.856229530796591,0.2991111863089002,179.51871072797107,167.10128896685316,173.30999984741212,2.2378078573594227,0.014914066598165077,0.014803945459514797,11220825.0
2020-12-08 00:00:00-05:00,175.50999450683594,175.92999267578125,174.72000122070312,175.5,6348400,171.0719985961914,173.33099975585938,176.47320037841797,53.50249486850222,-1.1974467246821234,-1.7244729695736978,0.5270262448915743,179.56629971199615,167.0956997997226,173.33099975585938,2.1643924000536154,0.003487910186290799,0.003481841534737405,10048210.0
2020-12-09 00:00:00-05:00,173.9199981689453,174.0399932861328,171.24000549316406,172.5,10743200,171.36299896240234,173.1729995727539,176.35940032958985,46.08417325274038,-1.1413228433565905,-1.6078429443302764,0.4665201009736859,179.3238019262145,167.0221972192933,173.1729995727539,2.3140782648237814,-0.017094017094017144,-0.017241806434506103,9998945.0
2020-12-10 00:00:00-05:00,172.89999389648438,173.5800018310547,171.6999969482422,172.1699981689453,6564000,171.62899932861328,173.03649978637696,176.260400390625,45.33946225567715,-1.1106695457257842,-1.5084082646093782,0.3977387188835939,179.14899038424147,166.92400918851246,173.03649978637696,2.2830730232515473,-0.001913054093070632,-0.0019148863181888906,9876720.0
2020-12-11 00:00:00-05:00,172.25,173.32000732421875,172.11000061035156,172.49000549316406,6084800,172.0990005493164,172.8629997253418,176.13620056152342,46.246593674264375,-1.048468576752839,-1.4164203270380704,0.3679517502852314,178.82894347933006,166.89705597135355,172.8629997253418,2.206425429724093,0.0018586706605219216,0.001856945469586849,9822565.0
2020-12-14 00:00:00-05:00,171.91000366210938,172.52000427246094,170.91000366210938,171.5399932861328,7644400,172.58600006103515,172.58199920654297,175.99620056152344,43.916476563651365,-1.0635717135685638,-1.3458506043441691,0.2822788907756053,178.23300445787746,166.9309939552085,172.58199920654297,2.1638236569117693,-0.005507636250083436,-0.005522859199322822,9881295.0
2020-12-15 00:00:00-05:00,173.42999267578125,173.97999572753906,173.05999755859375,173.94000244140625,6840500,172.96200103759764,172.42149963378907,175.88680053710937,50.677486790834244,-0.8718304583616998,-1.2510465751476754,0.37921611678597555,177.71549050636403,167.1275087612141,172.42149963378907,2.1835507129470892,0.013990959829817351,0.013893989774039692,9805395.0
2020-12-16 00:00:00-05:00,174.1300048828125,175.02000427246094,173.02000427246094,174.89999389648438,8174700,173.30599975585938,172.34149932861328,175.8388003540039,53.11234655669478,-0.6350899234399776,-1.1278552448061359,0.49276532136615825,177.43094850098944,167.25205015623712,172.34149932861328,2.170439947736583,0.005519095329445722,0.005503920929853094,9802675.0
2020-12-17 00:00:00-05:00,177.14999389648438,177.8699951171875,176.5800018310547,176.74000549316406,9475800,173.6990005493164,172.40399932861328,175.82920043945313,57.44829036660098,-0.2955904034847947,-0.9614022765418676,0.6658118730570729,177.67406773049154,167.13393092673502,172.40399932861328,2.227551467234193,0.010520363984510617,0.01046541004295572,9907230.0
2020-12-18 00:00:00-05:00,176.64999389648438,176.97999572753906,176.10000610351562,176.44000244140625,6789900,174.11100006103516,172.46799926757814,175.80100036621093,56.53038712746189,-0.050164066868291,-0.7791546346071524,0.7289905677388614,177.8990202802212,167.03697825493506,172.46799926757814,2.1312970498619963,-0.0016974258370123785,-0.0016988680965652808,9898470.0
2020-12-21 00:00:00-05:00,176.2899932861328,176.94000244140625,175.75999450683594,175.8800048828125,8168900,174.21000061035156,172.47749938964844,175.69700042724608,54.77117976583682,0.09802102485929254,-0.6037195027138634,0.701740527573156,177.9316467844059,167.023351994891,172.47749938964844,2.0633478273411616,-0.003173869592184575,-0.003178916998982143,9987945.0
2020-12-22 00:00:00-05:00,176.1999969482422,176.33999633789062,174.33999633789062,174.49000549316406,9442400,174.10900115966797,172.5904998779297,175.5756005859375,50.56490687371991,0.10212026478947678,-0.4625515492131954,0.5646718140026722,178.11267625261368,167.0683235032457,172.5904998779297,2.058822982531079,-0.007903112071065643,-0.0079345071833982,9684535.0
2020-12-23 00:00:00-05:00,175.10000610351562,176.2100067138672,175.05999755859375,175.64999389648438,6542800,174.42400054931642,172.89349975585938,175.53420043945312,53.75658418936792,0.1967028437485112,-0.33070067062085406,0.5274035143693653,178.38883347094648,167.39816604077228,172.89349975585938,2.0346214281147965,0.00664787877129025,0.006625879072275585,9036475.0
2020-12-24 00:00:00-05:00,175.5500030517578,176.3699951171875,175.50999450683594,176.35000610351562,3695400,174.84200134277344,173.23550033569336,175.4958004760742,55.61875597059109,0.3244058056733081,-0.19967937536202163,0.5240851810353298,178.69724920633806,167.77375146504866,173.23550033569336,1.9507199411317084,0.003985267471422693,0.003977347328631379,8706915.0
2020-12-28 00:00:00-05:00,177.25999450683594,177.91000366210938,175.6300048828125,175.7100067138672,7778700,175.16400146484375,173.6315010070801,175.43160064697267,53.497646225485354,0.36970696919601664,-0.08580210645041399,0.4555090756464306,178.58098194519823,168.68202006896195,173.6315010070801,1.9742398581435059,-0.003629142996869339,-0.003635744312567208,8567395.0
2020-12-29 00:00:00-05:00,176.25,176.97000122070312,175.57000732421875,176.35000610351562,5983700,175.64500274658204,174.1155014038086,175.39260070800782,55.33216213711834,0.4520402313103489,0.021766361101738588,0.4302738702086103,178.032883904849,170.1981189027682,174.1155014038086,1.933222289453568,0.003642361648136694,0.003635744312567162,8206080.0
2020-12-30 00:00:00-05:00,176.44000244140625,177.72000122070312,176.44000244140625,177.6999969482422,5914000,176.02100219726563,174.49150161743165,175.3788006591797,59.005866507840885,0.6190864700811005,0.14123038289761097,0.47785608718348954,178.26674424391481,170.7162589909485,174.49150161743165,1.892991777148849,0.007655178894261816,0.007626026694655132,7825115.0
2020-12-31 00:00:00-05:00,178.07000732421875,178.39999389648438,177.32000732421875,178.36000061035156,7540800,176.36700286865235,174.83650131225585,175.3610006713867,60.70732393600611,0.7955579011942007,0.27209588655692896,0.5234620146372717,178.70062118004935,170.97238144446234,174.83650131225585,1.834919976800047,0.003714145601823482,0.0037072651943418997,7742170.0
2021-01-04 00:00:00-05:00,181.97000122070312,182.39999389648438,180.9600067138672,182.3300018310547,14331400,176.9260025024414,175.3125015258789,175.3956005859375,69.03312055693097,1.2414480611116119,0.46596632146786554,0.7754817396437463,180.25560622348797,170.36939682826983,175.3125015258789,1.9924252131809588,0.022258360658879317,0.02201425891234798,7935875.0
2021-01-05 00:00:00-05:00,182.8699951171875,183.2100067138672,181.82000732421875,182.8699951171875,12718800,177.56900177001953,175.84000091552736,175.47640045166017,69.96534240799409,1.6197210347428381,0.6967172641228601,0.9230037706199781,181.58050604960275,170.09949578145196,175.84000091552736,1.94939479721435,0.0029616260665272787,0.0029572490918935946,8066885.0
2021-01-06 00:00:00-05:00,181.49000549316406,181.5800018310547,178.24000549316406,179.89999389648438,18453500,177.97100067138672,176.09050064086915,175.5016003417969,59.37772291435676,1.6607072154548916,0.8895152543892665,0.7711919610656252,182.0753654485327,170.1056358332056,176.09050064086915,2.140865856272142,-0.01624105266038789,-0.016374384156319522,8461805.0
2021-01-07 00:00:00-05:00,179.69000244140625,179.9199981689453,178.83999633789062,179.47999572753906,7110200,178.46999969482422,176.28950042724608,175.5202001953125,58.04014435849233,1.6403893297099614,1.0396900694534055,0.600699260256556,182.44483959688048,170.13416125761168,176.28950042724608,2.0650898544708953,-0.00233462025122122,-0.0023373497260989994,8499895.0
2021-01-08 00:00:00-05:00,176.8300018310547,176.99000549316406,171.47999572753906,173.33999633789062,24399900,178.23899993896484,176.3315002441406,175.4066000366211,42.84508549370274,1.115976341650537,1.054947323892832,0.061029017757705084,182.39359530540153,170.2694051828797,176.3315002441406,2.489012007722974,-0.03420993723985433,-0.03480879472366203,9182730.0
2021-01-11 00:00:00-05:00,172.13999938964844,173.67999267578125,172.02999877929688,173.0,8571400,177.90399932861328,176.37300033569335,175.34399993896486,42.18646142704003,0.6652715708702601,0.9770121732883176,-0.31174060241805746,182.33104249502213,170.41495817636456,176.37300033569335,2.4290821426345026,-0.0019614419353504164,-0.001963368081678198,9283100.0
2021-01-12 00:00:00-05:00,173.1300048828125,174.17999267578125,172.32000732421875,174.1199951171875,9798500,177.7449981689453,176.45449981689453,175.3183999633789,45.17619396542921,0.3939181948964574,0.8603933776099456,-0.4664751827134882,182.23994486668073,170.66905476710832,176.45449981689453,2.388432371843645,0.006473960214956609,0.006453094143516468,9468785.0
2021-01-13 00:00:00-05:00,173.67999267578125,174.4600067138672,173.0500030517578,173.3699951171875,14110300,177.4469970703125,176.54599990844727,175.26179992675782,43.55198985229896,0.11700123998934941,0.7117149500858264,-0.594713710096477,182.0696078160926,171.02239200080194,176.54599990844727,2.3185446068626256,-0.004307374345463466,-0.004316677807613859,9792080.0
2021-01-14 00:00:00-05:00,173.44000244140625,174.22000122070312,172.66000366210938,173.27999877929688,13522700,177.00499725341797,176.51299972534179,175.16919982910156,43.35058303485638,-0.10846903072385317,0.5476781539238905,-0.6561471846477437,182.10594138287223,170.92005806781134,176.51299972534179,2.26436267484342,-0.0005190998467168306,-0.0005192346256867747,10126190.0
2021-01-15 00:00:00-05:00,172.83999633789062,173.07000732421875,170.97999572753906,171.1300048828125,16172500,176.28199768066406,176.3245002746582,175.0133999633789,38.741261584247944,-0.45539289803099336,0.34706394353291375,-0.8024568415639071,182.35888817626525,170.29011237305113,176.3245002746582,2.266908416051591,-0.012407628760563338,-0.012485246085867416,10526080.0
2021-01-19 00:00:00-05:00,172.7100067138672,172.85000610351562,171.9199981689453,172.5800018310547,7485700,175.30699768066407,176.11650009155272,174.88859985351561,43.13281649587621,-0.6063404118958431,0.15638307244716237,-0.7627234843430055,182.3623391740046,169.87066100910084,176.11650009155272,2.227843616383843,0.00847307255811236,0.008437377567923208,10426575.0
2021-01-20 00:00:00-05:00,174.3699951171875,175.47000122070312,173.82000732421875,175.38999938964844,9456000,174.55899810791016,176.06399993896486,174.73779998779298,50.53369504370408,-0.4935349219374814,0.026399473570233617,-0.519934395507715,182.31572855429178,169.81227132363793,176.06399993896486,2.275140457331314,0.016282289539807593,0.016151154600027997,10559880.0
2021-01-21 00:00:00-05:00,175.11000061035156,175.50999450683594,174.50999450683594,175.27999877929688,7246800,174.0969985961914,176.03399963378905,174.57959991455078,50.257954768380316,-0.40830520018121774,-0.060541461180056655,-0.3477637390011611,182.29472413930674,169.77327512827137,176.03399963378905,2.184058996093363,-0.0006271772092728556,-0.0006273739671711188,10513775.0
2021-01-22 00:00:00-05:00,172.88999938964844,174.2899932861328,172.35000610351562,173.89999389648438,7269600,173.53899841308595,176.00449905395507,174.55599975585938,46.80728934093844,-0.4469625860360793,-0.13782568615126117,-0.30913689988481813,182.299513169369,169.70948493854115,176.00449905395507,2.2373399732139267,-0.007873145210082533,-0.007904302060517928,10405135.0
2021-01-25 00:00:00-05:00,174.82000732421875,174.9600067138672,173.19000244140625,174.0500030517578,5936800,173.60999908447266,175.92449951171875,174.52379974365235,47.2314157444485,-0.4601895786807688,-0.20229846465716272,-0.2578911140236061,182.2759150350029,169.5730839884346,175.92449951171875,2.2039588517315702,0.0008626173693986328,0.0008622455288576803,10374835.0
2021-01-26 00:00:00-05:00,173.97999572753906,174.25999450683594,173.4199981689453,173.6199951171875,4685600,173.6719985961914,175.78799896240236,174.4981997680664,46.09677820628064,-0.4996109086822571,-0.26176095346218164,-0.23784995522007546,182.2138752822914,169.3621226425133,175.78799896240236,2.1065329578857885,-0.0024705999829396363,-0.002473656951145883,10424345.0
2021-01-27 00:00:00-05:00,172.92999267578125,173.52000427246094,171.66000366210938,172.52000427246094,9036500,173.51199951171876,175.62849884033204,174.4293997192383,43.235476101733084,-0.6125515518960185,-0.33191907314894903,-0.2806324787470695,182.21066160216648,169.0463360784976,175.62849884033204,2.096065707685241,-0.006335623059913753,-0.006355778295441206,10487235.0
2021-01-28 00:00:00-05:00,174.27999877929688,174.72999572753906,172.0399932861328,172.67999267578125,9392400,173.44299926757813,175.44499816894532,174.3397994995117,43.78205420720527,-0.6812945586858632,-0.40179417025633185,-0.27950038842953134,182.1401307152058,168.74986562268484,175.44499816894532,2.138489760093884,0.0009273614616172043,0.000926931727635592,10657670.0
2021-01-29 00:00:00-05:00,174.8699951171875,175.16000366210938,172.61000061035156,172.61000061035156,11252800,173.3759994506836,175.19049835205078,174.24899963378905,43.5843341916379,-0.7329724118610557,-0.46802981857727666,-0.264942593283779,181.91033149858947,168.4706652055121,175.19049835205078,2.1678835666413074,-0.0004053281700162614,-0.0004054103376829626,10924610.0
2021-02-01 00:00:00-05:00,175.02000427246094,175.25999450683594,174.05999755859375,174.22999572753906,9105500,173.68599853515624,174.98399810791017,174.20359954833984,49.292260193463285,-0.6358774166886576,-0.5015993381995528,-0.13427807848910478,181.55369766415046,168.41429855166987,174.98399810791017,2.202320018772955,0.009385291185094458,0.00934152297824149,11002845.0
2021-02-02 00:00:00-05:00,172.49000549316406,172.52999877929688,171.50999450683594,172.11000061035156,7221700,173.63899841308594,174.472998046875,174.13599945068358,43.140869035108416,-0.7216757925920092,-0.5456146290780441,-0.17606116351396506,180.21544405818912,168.7305520355609,174.472998046875,2.239297247482253,-0.012167796413785958,-0.012242430084677479,10647360.0
2021-02-03 00:00:00-05:00,172.36000061035156,172.58999633789062,171.5,171.85000610351562,4658100,173.28499908447264,173.9219985961914,174.06979949951173,42.44135275767961,-0.8014128193568979,-0.596774267133815,-0.20463855222308291,178.28495516272542,169.55904202965738,173.9219985961914,2.157204325368565,-0.0015106298641213156,-0.0015117720158050482,10244325.0
2021-02-04 00:00:00-05:00,168.2899932861328,168.39999389648438,167.33999633789062,168.14999389648438,13736600,172.5719985961914,173.3344985961914,173.91899932861327,33.99377810138867,-1.1499096081881817,-0.7074013353446883,-0.44250827284349337,177.47825137478313,169.19074581759966,173.3344985961914,2.325261856815453,-0.021530474690833024,-0.021765636924135134,10008480.0
2021-02-05 00:00:00-05:00,168.99000549316406,170.17999267578125,168.6699981689453,169.80999755859375,6538500,172.16299896240236,172.85099868774415,173.87059936523437,39.78460925452313,-1.27742207530153,-0.8214054833360567,-0.4560165919654733,176.19264393503454,169.50935344045376,172.85099868774415,2.304171636992698,0.009872160109213546,0.009823748692690917,9979895.0
2021-02-08 00:00:00-05:00,171.97999572753906,172.39999389648438,171.49000549316406,171.52000427246094,6887500,171.90999908447264,172.75999908447267,173.9091995239258,45.1253471587379,-1.2263566968590567,-0.9023957260406568,-0.3239609708183999,176.14229929792057,169.37769887102476,172.75999908447267,2.324587687056836,0.010070118005137685,0.01001975221091292,9104275.0
2021-02-09 00:00:00-05:00,172.57000732421875,173.02999877929688,171.75,172.0800018310547,5131800,171.75599975585936,172.7139991760254,173.96059967041015,46.78976341192427,-1.1277004646660487,-0.9474566737657352,-0.1802437909003135,176.10699931345857,169.32099903859222,172.7139991760254,2.2664024598982,0.0032649110578624185,0.0032595928083516256,8932295.0
2021-02-10 00:00:00-05:00,173.14999389648438,173.22000122070312,172.00999450683594,172.7100067138672,6112800,171.775,172.64349975585938,174.05899993896483,48.675819698568,-0.9872976087387144,-0.9554248607603311,-0.03187274797838335,175.97474689924047,169.3122526124783,172.64349975585938,2.190945620895985,0.0036611162023989507,0.003654430629279855,8748010.0
2021-02-11 00:00:00-05:00,172.6999969482422,172.8699951171875,170.7100067138672,171.2100067138672,5994500,171.62800140380858,172.53550033569337,174.1498001098633,44.62049296528705,-0.9857022360464782,-0.9614803358175605,-0.02422190022891768,175.90536285359258,169.16563781779416,172.53550033569337,2.1887343910691515,-0.008685078696598514,-0.008723013798522866,8342220.0
2021-02-12 00:00:00-05:00,170.2899932861328,171.64999389648438,169.8800048828125,170.69000244140625,6018900,171.43600158691407,172.40600051879883,174.16000030517577,43.27449344247558,-1.0147010485660246,-0.9721244783672534,-0.04257657019877126,175.84972081642715,168.96228022117052,172.40600051879883,2.158824006969346,-0.0030372306060941767,-0.003041852351548402,7967030.0
2021-02-16 00:00:00-05:00,168.13999938964844,170.07000732421875,167.72999572753906,168.24000549316406,14761100,170.83700256347657,172.2615005493164,174.09560028076172,37.53022158646468,-1.2212987232081787,-1.0219593273354384,-0.1993393958727403,176.12429208675243,168.39870901188036,172.2615005493164,2.2160513431763347,-0.014353488272303538,-0.014457496034195686,7896460.0
2021-02-17 00:00:00-05:00,166.9199981689453,167.33999633789062,165.85000610351562,166.3300018310547,11400700,170.25900268554688,171.9490005493164,173.96600036621095,33.76708561029123,-1.5216100285438472,-1.12188946757712,-0.39972056096672715,176.59085150096732,167.30714959766547,171.9490005493164,2.228476203638628,-0.011352850687983307,-0.011417786234196115,8092210.0
2021-02-18 00:00:00-05:00,166.97999572753906,167.3000030517578,165.72999572753906,166.32000732421875,7498200,169.70600280761718,171.49550094604493,173.84600036621094,33.74801656768305,-1.7403536611494133,-1.2455823062915787,-0.4947713548578345,176.4647213113014,166.52628058078847,171.49550094604493,2.1814427122514934,-6.0088418961767864e-05,-6.0090224343136566e-05,7994320.0
2021-02-19 00:00:00-05:00,166.75999450683594,167.94000244140625,166.60000610351562,167.00999450683594,8273500,169.59200286865234,171.08200073242188,173.6884002685547,36.41755909484393,-1.8368591973563753,-1.3638376845045381,-0.47302151285183713,176.09884138816076,166.065160076683,171.08200073242188,2.141339312604065,0.004148551901348441,0.004139970385631239,8045655.0
2021-02-22 00:00:00-05:00,168.5399932861328,169.88999938964844,168.3000030517578,169.50999450683594,10072000,169.56200256347657,170.86250076293945,173.5686001586914,45.05611232393111,-1.6921058801696915,-1.429491323637569,-0.2626145565321225,175.74942135148797,165.97558017439093,170.86250076293945,2.194101139047525,0.014969164015496528,0.014858231751961605,8185775.0
2021-02-23 00:00:00-05:00,169.47999572753906,169.74000549316406,168.27999877929688,169.1199951171875,8616800,169.3220016479492,170.61600036621093,173.50100006103514,44.050652401790906,-1.5905229661046008,-1.4616976521309755,-0.1288253139736253,175.32919186171392,165.90280887070793,170.61600036621093,2.141665822963215,-0.0023007456922117253,-0.0023033964742125187,8319775.0
2021-02-24 00:00:00-05:00,167.64999389648438,169.13999938964844,167.14999389648438,169.0,8890600,169.01400146484374,170.38500061035157,173.43760009765626,43.72732073089675,-1.5023818551328816,-1.4698344927313567,-0.03254736240152489,174.93672831182863,165.8332729088745,170.38500061035157,2.1308329422632757,-0.0007095264939214196,-0.0007097783269727351,8530025.0
2021-02-25 00:00:00-05:00,166.9199981689453,167.66000366210938,165.4499969482422,165.82000732421875,16359400,168.32500152587892,170.05000076293945,173.30420013427735,36.15381062158899,-1.6698788978227128,-1.509843373749628,-0.16003552407308486,174.9003110716077,165.1996904542712,170.05000076293945,2.2322022357985998,-0.018816524708764826,-0.018995808065307287,8896170.0
2021-02-26 00:00:00-05:00,165.0,165.10000610351562,160.9499969482422,161.80999755859375,23730400,167.38500061035157,169.5065010070801,173.10960021972656,29.26945917151717,-2.101965634534679,-1.6282678259066383,-0.47369780862804056,175.38358372056138,163.6294182935988,169.5065010070801,2.4206171029541688,-0.024182906697045592,-0.024480114534154506,9613070.0
2021-03-01 00:00:00-05:00,163.02999877929688,163.35000610351562,161.16000366210938,161.52999877929688,13828300,166.46900024414063,168.95250091552734,172.86140014648439,28.856274120522258,-2.4388771897425556,-1.790389698673822,-0.6484874910687337,175.59411310051712,162.31088873053756,168.95250091552734,2.4041446271293174,-0.0017304170540851649,-0.0017319159550744983,9741845.0
2021-03-02 00:00:00-05:00,161.92999267578125,162.92999267578125,161.22000122070312,162.41000366210938,11424600,165.88600006103516,168.36150131225585,172.61160034179687,32.10049302548195,-2.6048459424617647,-1.9532809474314106,-0.6515649950303541,175.12200085412198,161.60100177038973,168.36150131225585,2.3545622576970895,0.005447934683729505,0.005433148366520264,9857800.0
2021-03-03 00:00:00-05:00,160.61000061035156,161.69000244140625,159.49000549316406,160.6199951171875,13059900,165.31499938964845,167.78700103759766,172.28920013427734,29.185146838251384,-2.8479862914240357,-2.1322220162299357,-0.7157642751941,175.10547670055752,160.4685253746378,167.78700103759766,2.3949505370719626,-0.011021541189334294,-0.011082728374520621,10149710.0
2021-03-04 00:00:00-05:00,160.60000610351562,161.4600067138672,158.42999267578125,159.0399932861328,13870100,164.58699798583984,167.14650039672853,171.94119995117188,26.865801579248398,-3.132065214696013,-2.332190655923151,-0.7998745587728617,175.1414706051298,159.15153018832726,167.14650039672853,2.4403122157158177,-0.009836893780889033,-0.00988559566723337,10610310.0
2021-03-05 00:00:00-05:00,159.66000366210938,159.82000732421875,158.5500030517578,159.13999938964844,12821600,163.79999847412108,166.6960006713867,171.6063998413086,27.25983350425072,-3.310963425928378,-2.5279452099241966,-0.7830182160041814,175.39813606780277,157.99386527497066,166.6960006713867,2.3567187911976117,0.0006288110395962221,0.0006286134207733884,10564560.0
2021-03-08 00:00:00-05:00,158.5800018310547,158.74000549316406,157.1300048828125,157.49000549316406,12134900,162.5979995727539,166.08000106811522,171.26639984130858,24.878222806985036,-3.5450175099362013,-2.7313596699265976,-0.8136578400096037,175.52563564363322,156.63436649259722,166.08000106811522,2.331952770886064,-0.010368190918767173,-0.010422315048141234,10844380.0
2021-03-09 00:00:00-05:00,160.75,161.25,160.4199981689453,160.83999633789062,10382600,161.7699996948242,165.5460006713867,170.9701998901367,36.92686149629477,-3.4207584199363907,-2.8692394199285567,-0.551519000007834,174.90827549010967,156.18372585266374,165.5460006713867,2.4339557520253408,0.02127113294736649,0.02104806019448947,11019135.0
2021-03-10 00:00:00-05:00,161.05999755859375,161.77999877929688,160.66000366210938,161.66000366210938,7962000,161.03600006103517,165.02500076293944,170.67639984130858,39.4853950935614,-3.219007740426946,-2.939193084028235,-0.27981465639871095,174.02766628395048,156.0223352419284,165.02500076293944,2.340101420965495,0.005098279923459348,0.005085327698430273,11160645.0
2021-03-11 00:00:00-05:00,161.47000122070312,161.97999572753906,161.1199951171875,161.52000427246094,6749200,160.6059997558594,164.46550064086915,170.39259979248047,39.19308138296771,-3.035425162316841,-2.958439499685956,-0.07698566263088491,172.8584120381919,156.07258924354642,164.46550064086915,2.2343799344930715,-0.000866011298261804,-0.0008663865026826478,11192465.0
2021-03-12 00:00:00-05:00,159.5399932861328,161.69000244140625,159.35000610351562,161.49000549316406,8608500,160.5740005493164,163.979500579834,170.09539978027342,39.12624038266712,-2.8593939833731383,-2.9386303964233926,0.0792364130502543,171.86424656984966,156.09475458981834,163.979500579834,2.2419239633071824,-0.00018572795011984056,-0.00018574519969141986,11323165.0
2021-03-15 00:00:00-04:00,162.30999755859375,162.5500030517578,161.42999267578125,162.1999969482422,8104500,160.64100036621093,163.55500030517578,169.78539978027345,41.66206271928693,-2.6322546361218713,-2.8773552443630885,0.24510060824121727,170.84029899379973,156.26970161655183,163.55500030517578,2.1617872784978522,0.004396503999798185,0.004386867610048303,11427445.0
2021-03-16 00:00:00-04:00,162.36000061035156,163.1999969482422,161.80999755859375,162.35000610351562,7547400,160.63500061035157,163.26050033569337,169.46519989013672,42.20982488928711,-2.412332711944572,-2.784350737879385,0.37201802593481315,170.23396457789593,156.2870360934908,163.26050033569337,2.1066595721514654,0.0009248406787658592,0.0009244132771239594,11066760.0
2021-03-17 00:00:00-04:00,162.27000427246094,164.14999389648438,161.47999572753906,163.50999450683594,12626700,160.92400054931642,163.11949996948243,169.08879974365234,46.40084258100603,-2.120003551575593,-2.651481300618627,0.531477749043034,169.95161243243803,156.28738750652684,163.11949996948243,2.1468980433510256,0.00714498527693741,0.0071195808075622735,11128060.0
2021-03-18 00:00:00-04:00,161.14999389648438,162.82000732421875,161.11000061035156,162.55999755859375,8711100,161.2760009765625,162.93149948120117,168.68259979248046,43.61139195841783,-1.9425943813277513,-2.509703916760452,0.5671095354327007,169.60610382124347,156.25689514115888,162.93149948120117,2.164976318574836,-0.005810023730399405,-0.0058269675795917875,11188705.0
2021-03-19 00:00:00-04:00,162.55999755859375,163.42999267578125,162.42999267578125,163.24000549316406,6868900,161.68600158691407,162.74300003051758,168.34940002441405,46.108786882109094,-1.7272151177624266,-2.353206156960847,0.6259910391984205,169.1539614078414,156.33203865319376,162.74300003051758,2.0817637243909193,0.004183119739068708,0.004174394816826358,11118475.0
2021-03-22 00:00:00-04:00,162.27000427246094,163.1300048828125,162.16000366210938,163.0,5240000,162.23700103759765,162.4175003051758,168.01980010986327,45.345441003041564,-1.5579330546771928,-2.1941515365041164,0.6362184818269236,168.03278235019422,156.80221826015736,162.4175003051758,2.010209303438331,-0.0014702614866924923,-0.0014713433816878438,10876875.0
2021-03-23 00:00:00-04:00,162.4499969482422,162.49000549316406,161.58999633789062,161.80999755859375,6048300,162.33400115966796,162.0520004272461,167.78920013427734,41.66250321061905,-1.5024794045125702,-2.0558171101058074,0.5533377055932371,166.7515915135485,157.3524093409437,162.0520004272461,1.9673374719148342,-0.007300628474884996,-0.007327408483150656,10748450.0
2021-03-24 00:00:00-04:00,162.2100067138672,162.88999938964844,161.94000244140625,162.3699951171875,6183700,162.40500030517578,161.72050018310546,167.5766000366211,43.96879208046946,-1.397238370170868,-1.9241013621188197,0.5268629919479517,165.18631484101218,158.25468552519874,161.72050018310546,1.903956354710538,0.0034608341081703298,0.003454859203276189,10613105.0
2021-03-25 00:00:00-04:00,163.05999755859375,163.5800018310547,161.32000732421875,161.77999877929688,8398600,162.43099975585938,161.51849975585938,167.32980010986327,42.081226006321536,-1.3459268588782152,-1.8084664614706987,0.4625396025924835,164.43194630747365,158.6050532042451,161.51849975585938,1.9293876512909236,-0.003633653726877295,-0.0036402714825327686,10215065.0
2021-03-26 00:00:00-04:00,161.7100067138672,162.72999572753906,161.64999389648438,162.24000549316406,6153900,162.50599975585936,161.54000015258788,167.10720031738282,44.096330098094505,-1.25369164227061,-1.697511497630681,0.4438198553600712,164.46804415035635,158.6119561548194,161.54000015258788,1.8687172355597639,0.0028434090575977233,0.002839374216722469,9336240.0
2021-03-29 00:00:00-04:00,161.4600067138672,161.52000427246094,159.8300018310547,160.30999755859375,8409300,162.31699981689454,161.47900009155273,166.84780029296874,38.10599594354101,-1.3211012463498264,-1.6222294473745102,0.30112820102468385,164.45576324871453,158.50223693439094,161.47900009155273,1.907380551741879,-0.011896005111092234,-0.011967328788777756,9065290.0
2021-03-30 00:00:00-04:00,157.94000244140625,158.1999969482422,157.5500030517578,157.57000732421875,8353200,161.83899993896483,161.23700027465821,166.57660034179688,31.552700584528267,-1.5774344734121541,-1.613270452582039,0.03583597916988479,164.62957372407158,157.84442682524485,161.23700027465821,1.9682815485343117,-0.017091823816998808,-0.01723957501602924,8911720.0
2021-03-31 00:00:00-04:00,158.05999755859375,160.67999267578125,158.0500030517578,159.9600067138672,10623800,161.48400115966797,161.2040008544922,166.32420043945314,41.07231322137142,-1.5696336661139583,-1.604543095288423,0.03490942917446471,164.63258688968668,157.7754148192977,161.2040008544922,2.049831820179182,0.015167857324082767,0.015053975494509144,8789915.0
2021-04-01 00:00:00-04:00,161.55999755859375,162.11000061035156,161.27999877929688,161.97999572753906,7105200,161.4260009765625,161.3510009765625,166.05600036621092,47.69375281859655,-1.3844956346202935,-1.5605336031547972,0.1760379685345037,164.64533154810374,158.05667040502124,161.3510009765625,2.0569862542009814,0.012628087827510459,0.012549018493591777,8451670.0
2021-04-05 00:00:00-04:00,161.52000427246094,162.39999389648438,161.36000061035156,161.9199981689453,6163800,161.29400024414062,161.49000091552733,165.7888003540039,47.52294582970615,-1.2284528723450592,-1.4941174569928497,0.2656645846477905,164.6304429130784,158.34955891797625,161.49000091552733,1.9843438993389693,-0.0003704010382533651,-0.00037046965366193687,8118780.0
2021-04-06 00:00:00-04:00,162.7899932861328,163.52999877929688,162.75,163.22000122070312,6761200,161.31600036621094,161.7765007019043,165.57520050048828,51.57012958978152,-0.9884937368342719,-1.3929927129611341,0.40449897612686225,164.4094904407757,159.1435109630329,161.7765007019043,1.957605092982726,0.00802867506459215,0.007996616729269289,7850095.0
2021-04-07 00:00:00-04:00,162.82000732421875,163.30999755859375,162.5,162.75999450683594,5436000,161.41100006103517,161.87250061035155,165.34940032958986,50.097794821942024,-0.8259223715222106,-1.2795786446733495,0.4536562731511389,164.50191403608338,159.24308718461972,161.87250061035155,1.8756331262406563,-0.002818323186048577,-0.00282230213657656,7602765.0
2021-04-08 00:00:00-04:00,164.1699981689453,164.77000427246094,164.13999938964844,164.50999450683594,6574500,161.625,162.0150001525879,165.16720031738282,55.32351233663513,-0.5495382833544227,-1.1335705724095642,0.5840322890551415,164.88115337694006,159.14884692823574,162.0150001525879,1.8852314576252522,0.01075202788807239,0.010694635856861524,7533390.0
2021-04-09 00:00:00-04:00,162.75,163.66000366210938,162.47999572753906,163.27000427246094,6657900,161.7740005493164,162.10250015258788,164.98220031738282,51.22983115940118,-0.42565209869042064,-0.9919868776657355,0.5663347789753148,165.0094250207906,159.19557528438517,162.10250015258788,1.8955719806017968,-0.00753747660190629,-0.007566026934120144,7528825.0
2021-04-12 00:00:00-04:00,162.72999572753906,162.8000030517578,161.80999755859375,162.27999877929688,4896700,161.7779998779297,162.14199981689453,164.77420043945312,48.1654424831698,-0.4027143341070314,-0.8741323689539947,0.4714180348469633,165.03600094101077,159.24799869277828,162.14199981689453,1.864460175835039,-0.006063609158189043,-0.006082067490100263,7343235.0
2021-04-13 00:00:00-04:00,163.17999267578125,163.85000610351562,163.02999877929688,163.42999267578125,6995900,162.08999938964843,162.2034996032715,164.59060028076172,51.774086185753745,-0.28841640904028054,-0.756989176971252,0.46857276793097147,165.15158813636342,159.25541107017958,162.2034996032715,1.8434278292910182,0.007086479573175097,0.007061488473290135,7287805.0
2021-04-14 00:00:00-04:00,162.77000427246094,163.0500030517578,162.3000030517578,162.72000122070312,6312300,162.60499877929686,162.22199935913085,164.360400390625,49.48359753252163,-0.25221745095672077,-0.6560348317683459,0.4038173808116251,165.1781656244684,159.2658330937933,162.22199935913085,1.7924679574861908,-0.004344315528953313,-0.0043537794872208335,7226050.0
2021-04-15 00:00:00-04:00,164.07000732421875,165.7899932861328,164.02999877929688,165.35000610351562,8250600,163.1439987182617,162.31399993896486,164.22520050048828,57.06152485951659,-0.011181211653138234,-0.5270641077453044,0.5158828960921662,165.52805679907814,159.09994307885157,162.31399993896486,1.883719679482155,0.016162763416190717,0.0160335365383925,7007245.0
2021-04-16 00:00:00-04:00,166.24000549316406,166.80999755859375,165.94000244140625,166.35000610351562,10057600,163.58099975585938,162.50350036621094,164.11520050048827,59.546393286639045,0.2575643457687704,-0.3701384170424895,0.6277027628112599,166.1685086934349,158.838492038987,162.50350036621094,1.8534533777390099,0.006047777218550321,0.0060295628147861114,7074570.0
2021-04-19 00:00:00-04:00,165.91000366210938,166.44000244140625,165.72000122070312,165.88999938964844,5721700,163.97799987792968,162.63600006103516,164.07000061035157,57.8868612673716,0.4284890834316286,-0.21041291694766587,0.6389020003792945,166.57900000128998,158.69300012078034,162.63600006103516,1.7724925093793036,-0.0027652942409929215,-0.0027691247303623773,7017210.0
2021-04-20 00:00:00-04:00,165.64999389648438,166.80999755859375,165.6199951171875,166.47999572753906,6532000,164.3039993286133,162.80999984741212,164.00340057373046,59.44789887145427,0.6045866446410457,-0.04741300462992355,0.6519996492709693,167.09426246446995,158.52573723035428,162.80999984741212,1.730886075952657,0.0035565515706876827,0.003550241996940974,7081810.0
2021-04-21 00:00:00-04:00,167.17999267578125,168.38999938964844,167.14999389648438,168.1300048828125,8380200,164.84100036621095,163.12600021362306,163.9356005859375,63.520453394077364,0.8672896050447036,0.1355275173050019,0.7317620877397017,167.96500538472438,158.28699504252174,163.12600021362306,1.7436801892495652,0.009911155680072392,0.009862362310853667,7198405.0
2021-04-22 00:00:00-04:00,167.11000061035156,167.52999877929688,166.49000549316406,167.0399932861328,7680100,165.09400024414063,163.3595001220703,163.83480041503907,59.284745942526655,0.9762748785028066,0.30367698954456285,0.6725978889582438,168.4729570574643,158.2460431866763,163.3595001220703,1.7362744178494847,-0.006483147356353358,-0.00650425423162094,7273225.0
2021-04-23 00:00:00-04:00,167.3699951171875,167.52999877929688,165.77999877929688,166.39999389648438,7106400,165.40699920654296,163.5904998779297,163.7086001586914,56.886176816368916,0.9994824790065309,0.4428380874369565,0.5566443915695743,168.81390431003962,158.36709544581976,163.5904998779297,1.7372548165745216,-0.003831414124593202,-0.0038387727937765547,7208615.0
2021-04-26 00:00:00-04:00,166.6300048828125,166.8699951171875,166.0500030517578,166.83999633789062,4786600,165.86299896240234,163.82049942016602,163.6211999511719,58.140090862358655,1.0413748681286563,0.5625454435752966,0.47882942455335975,169.1888728363576,158.45212600397443,163.82049942016602,1.671736048635605,0.002644245538133694,0.002640755671589698,7140250.0
2021-04-27 00:00:00-04:00,166.9199981689453,167.14999389648438,166.27999877929688,166.4199981689453,5363500,166.16199951171876,164.1259994506836,163.53579986572265,56.45233307547576,1.028824893215841,0.6558013335034055,0.3730235597124355,169.3540838174519,158.89791508391528,164.1259994506836,1.6144688392464546,-0.002517371003141977,-0.0025205449092440876,6987960.0
2021-04-28 00:00:00-04:00,165.75,166.9600067138672,165.49000549316406,166.91000366210938,6932200,166.58099975585938,164.59299926757814,163.50919982910156,57.984759060587244,1.0463565488702784,0.7339123765767802,0.3124441722934982,168.9991813073402,160.18681722781608,164.59299926757814,1.6041497236362168,0.002944390689552989,0.002940064461277065,6916910.0
2021-04-29 00:00:00-04:00,165.5800018310547,166.25999450683594,164.47000122070312,166.22000122070312,9067600,166.66799926757812,164.90599899291993,163.50699981689453,55.04721538888742,0.9931249555657757,0.7857548923745793,0.20737006319119644,168.81228468726067,160.9997132985792,164.90599899291993,1.6638534891912191,-0.004133978948338446,-0.004142547462168167,6839100.0
2021-04-30 00:00:00-04:00,165.86000061035156,166.0,165.24000549316406,165.66000366210938,6248700,166.5989990234375,165.08999938964843,163.49379974365235,52.71316741973638,0.8954294580682358,0.8076898055133107,0.08773965255492511,168.76764115146452,161.41235762783234,165.08999938964843,1.6150065062160652,-0.0033690142851713345,-0.003374702192485256,6796275.0
2021-05-03 00:00:00-04:00,167.61000061035156,168.42999267578125,167.41000366210938,167.80999755859375,9014700,166.79099884033204,165.38449935913087,163.5097998046875,59.76655045954733,0.980192561935695,0.8421903567977876,0.1380022051379074,168.94090547487664,161.8280932433851,165.38449935913087,1.697505256748623,0.012978352341882271,0.01289485518814097,6938820.0
2021-05-04 00:00:00-04:00,167.69000244140625,168.5500030517578,165.5,166.5800018310547,10267400,166.8009994506836,165.55249938964843,163.45119995117187,54.73636225010882,0.9373127982454434,0.8612148450873189,0.07609795315812451,168.9998118519764,162.10518692732046,165.55249938964843,1.7941122421064224,-0.007329692780131181,-0.007356686965198023,7114130.0
2021-05-05 00:00:00-04:00,166.6300048828125,167.30999755859375,166.61000061035156,167.27000427246094,5950000,166.71499938964843,165.7779998779297,163.41420013427734,56.92648312639943,0.9480788442612607,0.8785876449221074,0.06949119933915326,169.05075242470915,162.50524733115023,165.7779998779297,1.7181039196373253,0.004142168530566259,0.00413361336698124,7139830.0
2021-05-06 00:00:00-04:00,167.9499969482422,170.2899932861328,167.9199981689453,170.05999755859375,13574100,167.01699981689453,166.05550003051758,163.43540008544923,64.42251021484759,1.1682730302699156,0.9365247219916691,0.23174830827824644,169.76338584279978,162.34761421823538,166.05550003051758,1.8110957120683646,0.01667957921247054,0.016542002735280385,7489810.0
2021-05-07 00:00:00-04:00,171.52999877929688,172.5500030517578,171.0,171.58999633789062,14748600,167.53600006103517,166.47149963378905,163.55079986572267,67.7382562679966,1.4495273745764905,1.0391252525086334,0.4104021220678571,170.67037175245014,162.27262751512797,166.47149963378905,1.8595892678609143,0.00899681760120985,0.00895658735382193,7894345.0
2021-05-10 00:00:00-04:00,172.74000549316406,172.83999633789062,171.77999877929688,172.11000061035156,8276600,168.06300048828126,166.9629997253418,163.75679992675782,68.80246483939013,1.6948463341631452,1.1702694688395359,0.5245768653236094,171.37990367254062,162.54609577814298,166.9629997253418,1.8160471772994204,0.0030305045955998366,0.0030259218728549953,8063340.0
2021-05-11 00:00:00-04:00,170.55999755859375,172.1699981689453,170.27000427246094,172.13999938964844,8348200,168.63500061035157,167.39850006103515,163.96899993896486,68.86626935757843,1.8701263751032968,1.3102408500922882,0.5598855250110086,172.04761133649637,162.74938878557393,167.39850006103515,1.822043371526917,0.000174300035968189,0.0001742848474817966,8130955.0
2021-05-12 00:00:00-04:00,171.42999267578125,171.83999633789062,170.35000610351562,170.42999267578125,12666300,168.98699951171875,167.78399963378905,164.12939971923828,61.18465371364334,1.8497312690344643,1.4181389338807235,0.43159233515374074,172.08285008293248,163.48514918464562,167.78399963378905,1.8197540797130525,-0.009933813872024522,-0.009983483413452903,8448655.0
2021-05-13 00:00:00-04:00,170.35000610351562,171.27000427246094,170.22999572753906,171.1300048828125,8078300,169.47799987792968,168.0729995727539,164.33959991455077,63.00391175861641,1.8685140683273573,1.5082139607700502,0.3603001075573071,172.45481616515357,163.69118298035423,168.0729995727539,1.7640579700851113,0.004107329913244362,0.004098917859921596,8440040.0
2021-05-14 00:00:00-04:00,172.0500030517578,172.6999969482422,171.82000732421875,172.69000244140625,9686800,170.18099975585938,168.38999938964844,164.61260009765624,66.74463475679565,1.986380578791369,1.6038472843743141,0.38253329441705497,173.13003767141421,163.64996110788266,168.38999938964844,1.7501961197525813,0.009115862292308208,0.009074563611959028,8421500.0
2021-05-17 00:00:00-04:00,173.3000030517578,175.0,173.27999877929688,174.6999969482422,11956800,170.86999969482423,168.83049926757812,164.92380004882813,70.83628269425583,2.216430761850745,1.7263639798696004,0.4900667819811446,174.16013491935317,163.50086361580307,168.83049926757812,1.7901819368126648,0.011639321781340195,0.011572105937362132,8733255.0
2021-05-18 00:00:00-04:00,175.17999267578125,175.2100067138672,174.4600067138672,175.0399932861328,7294000,171.71599884033202,169.2584991455078,165.2747998046875,71.47560092955649,2.398533254029843,1.8607978347016492,0.5377354193281938,175.1133151471927,163.40368314382292,169.2584991455078,1.7158832270403315,0.001946172546249958,0.0019442812059788442,8771355.0
2021-05-19 00:00:00-04:00,175.13999938964844,177.0,174.35000610351562,175.16000366210938,20741100,172.50499877929687,169.60999908447266,165.5611999511719,71.71133152794478,2.523445911751992,1.993327450111718,0.5301184616402739,175.97360756055934,163.24639060838598,169.60999908447266,1.782605417714906,0.000685616890880425,0.0006853819629941132,9389400.0
2021-05-20 00:00:00-04:00,175.32000732421875,176.4600067138672,175.11000061035156,175.9600067138672,9802800,173.09499969482422,170.05599975585938,165.84720001220703,73.29563798552752,2.6563726430220527,2.1259364886937853,0.5304361543282674,176.8709377496628,163.24106176205595,170.05599975585938,1.7517054667006717,0.004567270124640199,0.004556871795741219,9495535.0
2021-05-21 00:00:00-04:00,176.5800018310547,176.86000061035156,175.14999389648438,176.0399932861328,7677200,173.53999938964844,170.5379997253418,166.13759979248047,73.45570725774489,2.736626160260329,2.248074423007094,0.48855173725323464,177.60924034650395,163.46675910417963,170.5379997253418,1.748726984355423,0.0004545724551812125,0.00045446916842239933,9524075.0
2021-05-24 00:00:00-04:00,176.14999389648438,176.58999633789062,175.8699951171875,176.35000610351562,5557300,173.96399993896483,171.01350021362305,166.4347998046875,74.10361352172143,2.793046591844927,2.357068856774661,0.43597773507026627,178.30177016486778,163.72523026237832,171.01350021362305,1.675246572665973,0.001761036294059215,0.001759487487714246,9562610.0
2021-05-25 00:00:00-04:00,176.14999389648438,177.9499969482422,176.0399932861328,177.9499969482422,8986900,174.5449996948242,171.5900001525879,166.7497998046875,77.19713394542904,2.933055640194567,2.472266213458642,0.46078942673592493,179.15256686943042,164.02743343574537,171.5900001525879,1.6920149361976446,0.009072814229376336,0.009031903514378268,9743780.0
2021-05-26 00:00:00-04:00,178.3699951171875,178.61000061035156,177.0399932861328,177.63999938964844,8495400,175.26600036621093,172.12649993896486,167.05559967041015,75.31977088066775,2.9845950535699615,2.574731981480906,0.40986307208905526,179.8064160834987,164.446583794431,172.12649993896486,1.6833001067705808,-0.0017420486873281904,-0.0017435678186662285,9821940.0
2021-05-27 00:00:00-04:00,177.38999938964844,177.82000732421875,176.80999755859375,177.7100067138672,7993000,175.92400054931642,172.70100021362305,167.33959991455077,75.46488347477475,2.996547086453347,2.6590950024753943,0.3374520839779529,180.24544677278507,165.15655365446102,172.70100021362305,1.6352079395458965,0.00039409662496781017,0.0003940189892895408,9768210.0
2021-05-28 00:00:00-04:00,177.4600067138672,178.42999267578125,177.24000549316406,178.3800048828125,9967000,176.49300079345704,173.3370002746582,167.65600006103514,76.86675220671019,3.02520967741512,2.7323179374633395,0.2928917399517803,180.5367073445572,166.13729320475923,173.3370002746582,1.6034064569081317,0.003770176937892389,0.0037630876338542248,9954125.0
2021-06-01 00:00:00-04:00,178.75999450683594,178.85000610351562,177.19000244140625,177.89999389648438,9143300,176.81300048828126,173.84150009155275,167.94919982910156,73.62123033518961,2.9748993246733733,2.7808342149053464,0.19406510976802682,180.83237499997836,166.85062518312714,173.84150009155275,1.6074491144225063,-0.0026909461441234628,-0.0026945732480542135,9960555.0
2021-06-02 00:00:00-04:00,178.33999633789062,178.77999877929688,177.97000122070312,178.77000427246094,6613100,177.18600158691407,174.45100021362305,168.2645999145508,75.62969805779002,2.9709829321510313,2.8188639583544837,0.1521189737965476,180.90844008441096,167.99356034283514,174.45100021362305,1.5554888121646486,0.004890446350902078,0.004878526963101577,9777840.0
2021-06-03 00:00:00-04:00,175.8300018310547,175.8300018310547,174.66000366210938,175.27000427246094,10153900,177.1970016479492,174.85100021362305,168.5338000488281,56.870129898090035,2.654854898896815,2.78606214646295,-0.131207247566135,180.4079186648082,169.2940817624379,174.85100021362305,1.7379539406065712,-0.019578228541437537,-0.019772420864664846,9988035.0
2021-06-04 00:00:00-04:00,176.64999389648438,177.57000732421875,176.61000061035156,177.16000366210938,8375300,177.31700134277344,175.20600051879882,168.82960021972656,62.307224516754644,2.5276906657619236,2.734387850322745,-0.20669718456082142,180.38777626687462,170.024224770723,175.20600051879882,1.7781003056888027,0.010783359066451448,0.010725633264657355,9728095.0
2021-06-07 00:00:00-04:00,176.9600067138672,177.89999389648438,176.6300048828125,177.8699951171875,7709100,177.5000015258789,175.52000045776367,169.15140014648438,64.13625330238816,2.45589247193584,2.6786887746453645,-0.22279630270952433,180.54600207469997,170.49399884082737,175.52000045776367,1.741806641973308,0.0040076283608136976,0.003999619209610979,9376120.0
2021-06-08 00:00:00-04:00,177.22999572753906,177.5399932861328,176.3699951171875,177.32000732421875,5905800,177.5970016479492,175.78050079345704,169.45300018310547,61.64098856173471,2.327779277083863,2.6085068751330645,-0.28072759804920144,180.60871326867468,170.9522883182394,175.78050079345704,1.7245347389752148,-0.0030920774052216604,-0.003096867753862795,9257580.0
2021-06-09 00:00:00-04:00,177.3800048828125,177.8000030517578,176.77999877929688,176.97999572753906,6346100,177.5000015258789,176.02250061035156,169.78640014648437,60.084657460706566,2.1737548599908223,2.521556472104616,-0.3478016121137939,180.57381773679862,171.4711834839045,176.02250061035156,1.6742111342241952,-0.0019175027218333307,-0.0019193434836643904,9157475.0
2021-06-10 00:00:00-04:00,176.6999969482422,177.85000610351562,176.47999572753906,177.74000549316406,9896600,177.51000213623047,176.38800125122071,170.18980010986328,62.37161502584815,2.0889358836288636,2.435032354409466,-0.34609647078060224,180.19783855961555,172.57816394282588,176.38800125122071,1.6524825086350785,0.004294325821970535,0.004285131517665339,9018990.0
2021-06-11 00:00:00-04:00,176.3300018310547,176.57000732421875,175.47999572753906,175.74000549316406,7836900,177.31300201416016,176.61850128173828,170.50540008544922,53.65886534256161,1.8391325729905077,2.3158523981256742,-0.47671982513516653,179.59457483570424,173.64242772777231,176.61850128173828,1.6958773127057873,-0.011252390785353672,-0.011316177890912231,9006920.0
2021-06-14 00:00:00-04:00,173.16000366210938,175.05999755859375,172.9499969482422,174.7100067138672,7733600,176.9460021972656,176.71950149536133,170.7600003051758,49.80058245119142,1.540293807925508,2.160740680085641,-0.6204468721601328,179.2607726932913,174.17823029743136,176.71950149536133,1.774029543578365,-0.005860923791407013,-0.005878166410042197,8909260.0
2021-06-15 00:00:00-04:00,174.77999877929688,174.9199981689453,173.33999633789062,174.0500030517578,7550200,176.56100311279297,176.6870018005371,171.00260040283203,47.44634810310384,1.2359578017612876,1.9757841044207702,-0.7398263026594827,179.34470739854586,174.02929620252834,176.6870018005371,1.7601704212552451,-0.0037777095572453234,-0.0037848631237422004,8688930.0
2021-06-16 00:00:00-04:00,173.91000366210938,174.47000122070312,171.02999877929688,171.11000061035156,16919700,175.79500274658204,176.49050216674806,171.160400390625,38.67557167779545,0.7489028124120409,1.7304078460190244,-0.9815050336069835,180.03832004075633,172.94268429273978,176.49050216674806,1.8801584226946026,-0.016891711518855712,-0.01703600368035545,9170215.0
2021-06-17 00:00:00-04:00,167.02000427246094,167.6199951171875,165.44000244140625,165.85000610351562,27232200,174.8530029296875,176.02500228881837,171.2222006225586,28.518229340290887,-0.06082818334888884,1.3721606401454418,-1.4329888234943307,181.8568319469863,170.19317263065045,176.02500228881837,2.1508612617125107,-0.030740427140865334,-0.03122282591641038,9494770.0
2021-06-18 00:00:00-04:00,166.13999938964844,166.72000122070312,164.8699951171875,164.92999267578125,15744300,173.6300018310547,175.47350158691407,171.2306005859375,27.17394954410159,-0.7679309955352664,0.9441423130093003,-1.7120733085445667,183.05061369132488,167.89638948250325,175.47350158691407,2.12937160755559,-0.005547261946798776,-0.005562705142465907,9791845.0
2021-06-21 00:00:00-04:00,166.52000427246094,167.22000122070312,166.0,166.9499969482422,8371000,172.53800201416016,175.01900177001954,171.30420043945313,34.47699080217161,-1.1520376329717976,0.5249063238130807,-1.6769439567848783,183.44824795248547,166.5897555875536,175.01900177001954,2.1408456745103246,0.012247646651096789,0.012173251058176099,9826535.0
2021-06-22 00:00:00-04:00,166.35000610351562,166.9199981689453,166.00999450683594,166.25,7223900,171.43100128173828,174.51400146484374,171.3836004638672,33.23328182541357,-1.495687460077022,0.12078756703506016,-1.6164750271120822,183.73662874090076,165.29137418878673,174.51400146484374,2.0550711578600334,-0.0041928539145718036,-0.00420166857422807,9909865.0
2021-06-23 00:00:00-04:00,166.97000122070312,168.02999877929688,165.97000122070312,166.13999938964844,8474300,170.3470016479492,173.92350158691406,171.43780059814452,33.031629586927224,-1.7566588837336496,-0.2547017231186818,-1.501957160614968,183.68698777825063,164.1600153955775,173.92350158691406,2.0554230436267273,-0.0006616578066259704,-0.0006618767987564016,9884235.0
2021-06-24 00:00:00-04:00,167.0,167.22999572753906,166.00999450683594,166.0399932861328,6903400,169.1770004272461,173.34350128173827,171.50420043945311,32.83655374827748,-1.9490824645572218,-0.5935778714063898,-1.3555045931508318,183.5242444095535,163.16275815392305,173.34350128173827,1.9957500562750414,-0.0006019387497473438,-0.0006021199876096117,9804635.0
2021-06-25 00:00:00-04:00,167.4499969482422,167.52999877929688,166.2899932861328,166.58999633789062,7473700,168.26199951171876,172.78750076293946,171.52900024414063,35.10641103592157,-2.0337550270046165,-0.8816133025260353,-1.1521417244785812,183.1663097598568,162.40869176602212,172.78750076293946,1.9596254446242571,0.0033124733437563947,0.003306999189259349,9778670.0
2021-06-28 00:00:00-04:00,166.67999267578125,166.91000366210938,166.36000061035156,166.5800018310547,6508900,167.4489990234375,172.19750061035157,171.5336001586914,35.083207945549006,-2.0777145163391424,-1.1208335452886566,-0.9568809710504858,182.57915094187348,161.81585027882966,172.19750061035157,1.8589381308480826,-5.999463986816611e-05,-5.999643961855651e-05,9605765.0
2021-06-29 00:00:00-04:00,164.33999633789062,165.27999877929688,164.00999450683594,164.8300018310547,7451400,166.5269989013672,171.54400100708008,171.51240020751953,31.195348127989476,-2.228079192981994,-1.3422826748273242,-0.8857965181546699,182.0522234255958,161.03577858856437,171.54400100708008,1.909728787517416,-0.010505462725200698,-0.010561034647227364,9521170.0
2021-06-30 00:00:00-04:00,164.57000732421875,166.10000610351562,164.2899932861328,165.6300048828125,7955800,165.97899932861327,170.88700103759766,171.495400390625,34.754916734616216,-2.2566771526846594,-1.5251615703987913,-0.7315155822858681,181.14605498768046,160.62794708751485,170.88700103759766,1.9026062182220873,0.004853503869870712,0.004841763592293601,9588305.0
2021-07-01 00:00:00-04:00,166.64999389648438,166.8800048828125,165.5,166.1999969482422,7430500,166.01399841308594,170.43350067138672,171.45680023193358,37.245970126115125,-2.207896390506477,-1.6617085344203284,-0.5461878560861484,180.6793288769277,160.18767246584574,170.43350067138672,1.8652775514071167,0.0034413575356286863,0.003435449615082654,9452135.0
2021-07-02 00:00:00-04:00,167.35000610351562,167.72000122070312,166.39999389648438,167.2899932861328,7873600,166.2499984741211,169.94000015258788,171.46180023193358,41.82049682462399,-2.0575653573954753,-1.740879899015358,-0.3166854583801173,179.785302779152,160.09469752602377,169.94000015258788,1.8406151743395325,0.006558341503640763,0.0065369291506959725,9427050.0
2021-07-06 00:00:00-04:00,169.27000427246094,169.64999389648438,167.5399932861328,168.1199951171875,7932100,166.36699829101562,169.4525001525879,171.49620025634766,45.10219204931484,-1.8501256229093315,-1.762729043794153,-0.08739657911517851,178.62119026877642,160.2838100363994,169.4525001525879,1.8777141340546775,0.004961455343207799,0.004949187883217545,9438200.0
2021-07-07 00:00:00-04:00,168.72000122070312,169.22999572753906,168.19000244140625,168.75999450683594,7108900,166.6179977416992,169.02449951171874,171.53460021972657,47.55853090969304,-1.6154634793609546,-1.7332759309075134,0.11781245154655884,177.45352788081937,160.59547114261812,169.02449951171874,1.8228774537901693,0.003806801143447114,0.0037995736126820853,9498355.0
2021-07-08 00:00:00-04:00,169.82000732421875,169.86000061035156,167.91000366210938,168.64999389648438,7244300,166.8689971923828,168.607999420166,171.57920013427736,47.16788801927175,-1.4219765098355879,-1.6710160466931283,0.24903953685754043,176.20567648787772,161.0103223524543,168.607999420166,1.8319574176795992,-0.0006518168637834609,-0.0006520293887520076,9543265.0
2021-07-09 00:00:00-04:00,168.83999633789062,169.6199951171875,168.66000366210938,169.2100067138672,4997400,167.18599853515624,168.18149948120117,171.6252001953125,49.44459251314496,-1.2095059071417609,-1.578714018782855,0.3692081116410941,174.5368801626682,161.82611879973413,168.18149948120117,1.7703891178955653,0.003320562334123478,0.0033150614410246745,9298305.0
2021-07-12 00:00:00-04:00,168.6999969482422,169.16000366210938,167.63999938964844,169.0,7315400,167.4269989013672,167.84449920654296,171.68080017089844,48.59881857226669,-1.0460094644605817,-1.4721731079184006,0.4261636434578189,173.19654300860265,162.49245540448328,167.84449920654296,1.7560761326329357,-0.001241101031467462,-0.0012418718351821449,9272230.0
2021-07-13 00:00:00-04:00,169.50999450683594,169.89999389648438,168.92999267578125,169.22000122070312,7040300,167.69099884033204,167.56999893188475,171.7520001220703,49.57197807002187,-0.888443670230231,-1.3554272203807667,0.4669835501505357,171.96253051943003,163.17746734433948,167.56999893188475,1.6999279246379493,0.001301782371024407,0.0013009357869861221,9237565.0
2021-07-14 00:00:00-04:00,170.91000366210938,171.0399932861328,170.27999877929688,171.0399932861328,8830300,168.31199798583984,167.41949844360352,171.81660003662108,56.850106860554305,-0.6096854197279811,-1.2062788602502097,0.5965934405222286,171.05457941170863,163.7844174754984,167.41949844360352,1.708503934694502,0.010755182911599048,0.010697757313475486,9301570.0
2021-07-15 00:00:00-04:00,170.88999938964844,171.3000030517578,170.33999633789062,171.07000732421875,6520100,168.85599822998046,167.41749877929686,171.90640014648437,56.96042714526161,-0.3819428167836918,-1.041411651556906,0.6594688347732143,171.04449194430097,163.79050561429275,167.41749877929686,1.655039847492551,0.00017547964957964624,0.00017546425482688882,8781590.0
2021-07-16 00:00:00-04:00,170.64999389648438,170.9499969482422,169.27999877929688,169.41000366210938,9460300,169.1769989013672,167.59549865722656,171.94920013427733,49.43276900267224,-0.3315813223741486,-0.8994455857203546,0.567864263346206,171.24665629237393,163.9443410220792,167.59549865722656,1.6646804687375027,-0.00970365108457183,-0.009751038308664077,7892995.0
2021-07-19 00:00:00-04:00,169.50999450683594,169.91000366210938,168.88999938964844,169.61000061035156,6707400,169.40899963378905,167.8294990539551,171.9402001953125,50.28522338741009,-0.27239143404679567,-0.7740347553856429,0.5016433213388473,171.36539873160754,164.29359937630264,167.8294990539551,1.6186321690034622,0.0011805498135817327,0.001179853512608669,7441150.0
2021-07-20 00:00:00-04:00,170.50999450683594,170.8000030517578,168.9199981689453,169.38999938964844,6540100,169.53600006103517,167.95149917602538,171.89620025634767,49.30066570596053,-0.2404633689569664,-0.6673204780999077,0.4268571091429413,171.5257652377548,164.37723311429596,167.95149917602538,1.6373016485612506,-0.001297100524211059,-0.0012979424872485647,7349605.0
2021-07-21 00:00:00-04:00,168.3300018310547,169.0,168.13999938964844,168.75999450683594,4622600,169.53600006103517,168.07699890136718,171.82920013427736,46.49332638647329,-0.2629649796214437,-0.586449378404215,0.32348439878277124,171.57901120953693,164.57498659319742,168.07699890136718,1.6096372450925898,-0.0037192566567244567,-0.003726190289074976,7219540.0
2021-07-22 00:00:00-04:00,168.49000549316406,169.19000244140625,168.05999755859375,169.08999633789062,4793600,169.5800003051758,168.2244987487793,171.76820007324218,48.15856419824684,-0.251272762369922,-0.5194140551973564,0.2681412928274344,171.63505658089807,164.81394091666053,168.2244987487793,1.5753777906440118,0.001955450591350383,0.0019535411866020086,7035505.0
2021-07-23 00:00:00-04:00,168.5,168.8800048828125,167.9499969482422,168.55999755859375,5831500,169.51499938964844,168.35049896240236,171.73080017089845,45.698677274878435,-0.28152779093588265,-0.47183680234506165,0.190309011409179,171.61186364270185,165.08913428210286,168.35049896240236,1.5442793334300422,-0.0031344183025339145,-0.003139340880551927,6981910.0
2021-07-26 00:00:00-04:00,168.5800018310547,168.86000061035156,168.0800018310547,168.16000366210938,5229800,169.43099975585938,168.4289993286133,171.6714001464844,43.87711970032898,-0.33393192425060647,-0.44425582672617064,0.11032390247556417,171.59115589362207,165.2668427636045,168.4289993286133,1.489687865277673,-0.0023730060647713103,-0.0023758261058627853,6869715.0
2021-07-27 00:00:00-04:00,168.72999572753906,168.91000366210938,167.92999267578125,168.44000244140625,6300200,169.35299987792968,168.52199935913086,171.58640014648438,45.514346679113544,-0.34884771668430403,-0.4251742047177973,0.07632648803349329,171.56845697141196,165.47554174684976,168.52199935913086,1.4532823739241338,0.0016650735799190741,0.0016636888817755746,6859280.0
2021-07-28 00:00:00-04:00,168.25999450683594,169.3800048828125,167.72000122070312,169.2899932861328,7905800,169.1779998779297,168.74499893188477,171.4782000732422,50.258219735464564,-0.28875286882157525,-0.39788993753855295,0.1091370687169777,171.28936182474212,166.20063603902742,168.74499893188477,1.4680481802230798,0.005046252863966982,0.0050335632022407,6882000.0
2021-07-29 00:00:00-04:00,170.6999969482422,171.52000427246094,170.6699981689453,171.1699981689453,8119600,169.18799896240233,169.0219985961914,171.40080017089844,58.80210382197336,-0.08840748034211288,-0.33599344609926496,0.24758596575715208,171.34629503796526,166.69770215441753,169.0219985961914,1.5224740949448687,0.011105233370970247,0.011044023020098688,6890190.0
2021-07-30 00:00:00-04:00,170.72000122070312,170.99000549316406,169.3800048828125,169.82000732421875,7391700,169.22899932861327,169.20299911499023,171.29400024414062,51.907340949453015,-0.03812580484105865,-0.2764199178476237,0.23829411300656506,171.1538794608383,167.25211876914216,169.20299911499023,1.5415826086011504,-0.007886842666167015,-0.007918108309762988,6888250.0
2021-08-02 00:00:00-04:00,169.3000030517578,170.25,169.10000610351562,169.61000061035156,10783200,169.22899932861327,169.31899948120116,171.1670001220703,50.907354674309026,-0.015049519958239443,-0.22414583826974685,0.2090963183115074,171.06637510400483,167.5716238583975,169.31899948120116,1.5136119863070951,-0.0012366429443513294,-0.0012374082182159806,7033730.0
2021-08-03 00:00:00-04:00,169.4199981689453,169.8300018310547,169.2100067138672,169.49000549316406,5402300,169.23899993896484,169.3875,171.03600036621094,50.31094753646475,-0.006370565139576456,-0.18059078364371278,0.17422021850413633,171.04668009905683,167.72831990094315,169.3875,1.4497822099414097,-0.0007074766626713469,-0.0007077270423842932,6907240.0
2021-08-04 00:00:00-04:00,171.27999877929688,171.39999389648438,168.99000549316406,169.52999877929688,9796300,169.31600036621094,169.42600021362304,170.89960021972655,50.519017225770384,0.003692132431410755,-0.1437342004286881,0.14742633286009885,171.06070449481277,167.79129593243331,169.42600021362304,1.5183683666113315,0.0002359625041987723,0.00023593466942563418,7041610.0
2021-08-05 00:00:00-04:00,169.3699951171875,169.44000244140625,168.1999969482422,168.86000061035156,8015000,169.29300079345703,169.4365005493164,170.71780029296875,46.97051840041461,-0.0419132106688096,-0.1233700024767124,0.0814567918079028,171.05373615616972,167.8192649424631,169.4365005493164,1.504913614071571,-0.0039520921003340925,-0.003959922253451811,7080145.0
2021-08-06 00:00:00-04:00,165.83999633789062,165.92999267578125,164.5500030517578,164.63999938964844,13547600,168.9010009765625,169.20800018310547,170.45780029296876,31.813237853370424,-0.4138045231746901,-0.18145690661630792,-0.23234761655838215,171.85330283537053,166.5626975308404,169.20800018310547,1.7052767529660124,-0.024991124040327772,-0.025308704477345147,7507655.0
2021-08-09 00:00:00-04:00,163.00999450683594,163.2899932861328,161.25999450683594,161.72000122070312,11547000,168.2570007324219,168.84400024414063,170.13800018310548,25.64623397370562,-0.9333909664136968,-0.33184371857578576,-0.601547247837911,173.04792878501394,164.64007170326732,168.84400024414063,1.8249001908121902,-0.017735654639032372,-0.017894816057729707,7719235.0
2021-08-10 00:00:00-04:00,161.38999938964844,162.11000061035156,160.67999267578125,161.77000427246094,6870800,167.59000091552736,168.47150039672852,169.80580017089844,25.911095050294165,-1.3258485805899056,-0.5306446909786098,-0.7952038896112958,173.67707424464143,163.2659265488156,168.47150039672852,1.7966936010806276,0.00030919522248562537,0.00030914743149373187,7710760.0
2021-08-11 00:00:00-04:00,163.14999389648438,164.1699981689453,162.67999267578125,164.0,7382400,167.06100158691407,168.11950073242187,169.52780029296875,36.734721543573606,-1.4403288347352543,-0.7125815197299388,-0.7277473150053155,173.5307682407227,162.70823322412105,168.11950073242187,1.8397864793237524,0.01378497662510525,0.01369082807188368,7638365.0
2021-08-12 00:00:00-04:00,163.64999389648438,164.10000610351562,162.92999267578125,164.0399932861328,5211700,166.3480010986328,167.76800003051758,169.2332000732422,36.91272528499302,-1.510416990117875,-0.8721486138075261,-0.6382683763103489,173.2793504497755,162.25664961125966,167.76800003051758,1.7919455470673682,0.0002438615008097944,0.00024383177142714218,7572945.0
2021-08-13 00:00:00-04:00,165.02000427246094,166.4600067138672,164.88999938964844,166.38999938964844,7466900,166.00500030517577,167.61699981689452,169.05559997558595,46.447492618162656,-1.3606517589820157,-0.9698492428424241,-0.3908025161395916,173.10556257537812,162.12843705841092,167.61699981689452,1.836807538543583,0.014325811995228088,0.014224167163591615,7473275.0
2021-08-16 00:00:00-04:00,166.72999572753906,167.38999938964844,166.58999633789062,167.22000122070312,7776500,165.76600036621093,167.49749984741212,168.85679992675782,49.358666902377806,-1.161597351951201,-1.0081988646641795,-0.15339848728702155,172.91084551599081,162.08415417883342,167.49749984741212,1.7770355715047557,0.004988291568599701,0.004975891262677384,7526730.0
2021-08-17 00:00:00-04:00,167.2899932861328,167.72999572753906,166.55999755859375,166.97000122070312,7107000,165.51399993896484,167.37649993896486,168.63880004882813,48.50339118463554,-1.0123484877310034,-1.0090287892775445,-0.003319698453458919,172.72300229778844,162.02999758014127,167.37649993896486,1.733675757036224,-0.0014950364679763295,-0.001496155150116038,7555075.0
2021-08-18 00:00:00-04:00,167.24000549316406,167.50999450683594,166.25999450683594,167.10000610351562,7697900,165.27100067138673,167.29350051879882,168.43440002441406,48.99830736101083,-0.8735081221178689,-0.9819246558456094,0.10841653372774052,172.60292705866706,161.98407397893058,167.29350051879882,1.6991274886764938,0.0007786122169375354,0.0007783092556947036,7708840.0
2021-08-19 00:00:00-04:00,167.24000549316406,167.2899932861328,166.16000366210938,166.61000061035156,6934300,165.0460006713867,167.16950073242188,168.2270001220703,47.15863610599634,-0.7938643066663076,-0.9443125860097491,0.15044827934344152,172.420830218708,161.91817124613576,167.16950073242188,1.6584747840584184,-0.002932408589264246,-0.0029367165231408677,7815875.0
2021-08-20 00:00:00-04:00,166.8000030517578,167.13999938964844,166.36000061035156,166.6999969482422,7154000,165.2520004272461,167.0765007019043,168.00619995117188,47.54815496253069,-0.7152392242253143,-0.8984979136528621,0.18325868942754786,172.29179128122837,161.86121012258025,167.0765007019043,1.5957264980040224,0.0005401616803368814,0.0005400158455303154,7882000.0
2021-08-23 00:00:00-04:00,168.82000732421875,168.91000366210938,167.9600067138672,168.72999572753906,8190500,165.9529998779297,167.1050003051758,167.86599975585938,55.51402480179613,-0.4835502772495772,-0.8155083863722052,0.331958109122628,172.349809200097,161.86019141025457,167.1050003051758,1.6396036562799627,0.012177557387281546,0.012104007439095057,8030035.0
2021-08-24 00:00:00-04:00,169.0399932861328,169.27000427246094,168.52000427246094,168.64999389648438,4519200,166.64099884033203,167.1154998779297,167.7447994995117,55.15849689741115,-0.3028989659738386,-0.7129865022925319,0.4100875363186933,172.37178509458428,161.8592146612751,167.1154998779297,1.5760605379742512,-0.00047414113127741686,-0.0004742535717267673,7940985.0
2021-08-25 00:00:00-04:00,167.8800048828125,167.9199981689453,166.74000549316406,167.47999572753906,5588800,166.98899841308594,167.025,167.61339935302735,50.10468310911534,-0.2512443855343349,-0.6206380789408925,0.3693936934065576,172.18994535262607,161.86005464737394,167.025,1.5999125283561126,-0.006937433805443538,-0.006961609676564189,7825135.0
2021-08-26 00:00:00-04:00,167.2100067138672,168.2100067138672,166.8300018310547,167.6699981689453,4371900,167.35199890136718,166.85,167.5445993041992,50.89158646972619,-0.19275419886091072,-0.5350613029248962,0.34230710406398546,171.66675856350412,162.03324143649587,166.85,1.5842048393887116,0.0011344784228162208,0.001133835388463418,7637750.0
2021-08-27 00:00:00-04:00,167.5800018310547,170.19000244140625,166.8699951171875,170.19000244140625,10036400,167.73199920654298,166.86849975585938,167.63139923095704,59.92007913014378,0.05629405686428868,-0.41679023096705925,0.4730842878313479,171.73334596676474,162.003653544954,166.86849975585938,1.708190731162286,0.015029547921398434,0.014917723322635659,7769985.0
2021-08-30 00:00:00-04:00,169.66000366210938,169.83999633789062,169.08999633789062,169.35000610351562,3768600,167.94499969482422,166.8555000305176,167.7197994995117,56.21039620978636,0.18376755155384217,-0.296678674462879,0.48044622601672116,171.6922822302843,162.0187178307509,166.8555000305176,1.664748972044667,-0.0049356385559711224,-0.004947859047149437,7419255.0
2021-08-31 00:00:00-04:00,169.22999572753906,169.9199981689453,168.75,169.69000244140625,6336000,168.21699981689454,166.8654998779297,167.774599609375,57.36107004926998,0.3086679455548449,-0.1756093504593342,0.4842772960141791,171.7248021979249,162.00619755793448,166.8654998779297,1.6294096289661417,0.0020076547129428413,0.00200564206756742,7465940.0
2021-09-01 00:00:00-04:00,169.94000244140625,170.0,169.16000366210938,169.6999969482422,4764900,168.47699890136718,166.87399978637694,167.84359954833985,57.39651041624522,0.40380407877265156,-0.05972666461293705,0.46353074338558864,171.7524722822081,161.9955272905458,166.87399978637694,1.5730229653178907,5.8898619200498104e-05,5.88968847449306e-05,7214370.0
2021-09-02 00:00:00-04:00,169.5,169.6300048828125,168.82000732421875,169.25,4599800,168.74099884033203,166.89349975585938,167.90579956054688,55.17293982764818,0.4378419869465233,0.03978706569895502,0.3980549212475683,171.8065648323471,161.98043467937165,166.89349975585938,1.5235205837968582,-0.0026517204262498373,-0.002655242464544409,7043610.0
2021-09-03 00:00:00-04:00,170.58999633789062,171.5500030517578,170.14999389648438,171.05999755859375,8353300,169.1769989013672,167.21449966430663,168.0061996459961,61.61443230235055,0.6039074810794318,0.1526111487750504,0.45129633230438143,172.33136713267493,162.09763219593833,167.21449966430663,1.5789836172226406,0.01069422486613747,0.010637446088029513,6783895.0
2021-09-07 00:00:00-04:00,169.55999755859375,169.77999877929688,167.6300048828125,167.7100067138672,10004600,169.075,167.51399993896484,168.02859985351563,47.896213115305336,0.4598979007657249,0.21406849917318532,0.24582940159253958,171.9676202470563,163.0603796308734,167.51399993896484,1.711198549976827,-0.01958371853465668,-0.019778020504279115,6706775.0
2021-09-08 00:00:00-04:00,168.02000427246094,168.0800018310547,166.6999969482422,167.2899932861328,6576000,168.93899993896486,167.78999938964844,168.0427996826172,46.49837368217823,0.3083235356207581,0.23291950646269988,0.07540402915805822,171.38741090548493,164.19258787381196,167.78999938964844,1.6875418594650893,-0.0025044029033459703,-0.002507544166051433,6692035.0
2021-09-09 00:00:00-04:00,168.1699981689453,168.27999877929688,166.8300018310547,168.02999877929688,6641400,168.99400024414064,167.9914993286133,168.10679962158204,49.30557012860075,0.24508680984081366,0.23535296713832263,0.00973384270249103,171.14073123169067,164.8422674255359,167.9914993286133,1.6705743658063106,0.004423489287242344,0.004413734414974538,6654985.0
2021-09-10 00:00:00-04:00,167.80999755859375,168.0800018310547,167.14999389648438,167.17999267578125,7426300,168.94499969482422,168.14849929809571,168.1377993774414,46.30044363027523,0.12494259979158073,0.21327089366897428,-0.08832829387739355,170.7615232601857,165.53547533600573,168.14849929809571,1.6176767635751677,-0.005058656845151166,-0.005071495164425335,6765715.0
2021-09-13 00:00:00-04:00,167.4499969482422,168.22000122070312,167.39999389648438,167.74000549316406,5474300,168.7,168.21599960327148,168.16859954833984,48.526376786225434,0.07406206054375275,0.18542912704393,-0.11136706650017725,170.71091004531,165.72108916123298,168.21599960327148,1.5764147479570754,0.0033497597913456634,0.0033441618437189445,6666085.0
2021-09-14 00:00:00-04:00,168.22000122070312,169.16000366210938,167.47999572753906,168.82000732421875,7922900,168.64700012207032,168.29599990844727,168.19919982910156,52.606483848224755,0.11950837032776462,0.17224497570069694,-0.052736605372932316,170.76045531040867,165.83154450648587,168.29599990844727,1.5838142612865924,0.006438546534438316,0.006417907636002404,6673405.0
2021-09-15 00:00:00-04:00,168.1300048828125,168.36000061035156,167.4499969482422,167.8300018310547,5624900,168.46100006103515,168.33899993896483,168.1933999633789,48.78876093487539,0.07477773756622241,0.15275152807380205,-0.07797379050757963,170.73856672390863,165.93943315402103,168.33899993896483,1.568542555193019,-0.005864266379652205,-0.005881528710091136,6599300.0
2021-09-16 00:00:00-04:00,164.3800048828125,164.44000244140625,163.22999572753906,164.02999877929688,11780400,167.8940002441406,168.1854995727539,168.09880004882814,37.53031665824217,-0.2642539445103864,0.06935043355696435,-0.33360437806735077,171.19716827293425,165.17383087257357,168.1854995727539,1.7850756657874907,-0.02264197706190263,-0.022902242747818987,6803425.0
2021-09-17 00:00:00-04:00,163.86000061035156,164.32000732421875,163.39999389648438,163.77000427246094,8369700,167.34600067138672,168.0434997558594,168.00120025634766,36.90286028742723,-0.5476059188250133,-0.05404083691943118,-0.4935650819055821,171.56377998915468,164.5232195225641,168.0434997558594,1.723285505926554,-0.0015850424237688898,-0.0015862999324902437,6875195.0
2021-09-20 00:00:00-04:00,164.2899932861328,165.27999877929688,164.07000732421875,164.94000244140625,7566600,166.73400115966797,167.95550003051758,167.91580017089845,41.631996629671605,-0.6700316183428754,-0.17723899320412004,-0.4927926251387553,171.68735429772005,164.22364576331512,167.95550003051758,1.7080504345629386,0.0071441542310690664,0.007118755657039399,6895825.0
2021-09-21 00:00:00-04:00,165.80999755859375,166.6300048828125,165.49000549316406,166.0399932861328,7181500,166.56699981689454,167.82099990844728,167.8566000366211,45.74888774555448,-0.6705649438177659,-0.2759041833268492,-0.3946607604909167,171.62471383576957,164.01728598112499,167.82099990844728,1.7067612921946036,0.006669036185550814,0.00664689654260444,6845375.0
2021-09-22 00:00:00-04:00,165.88999938964844,167.14999389648438,165.02999877929688,165.4199981689453,9777800,166.38000030517577,167.6595001220703,167.78059997558594,43.870641993249556,-0.7127993256171123,-0.36328321178490186,-0.3495161138322105,171.58116132379143,163.7378389203492,167.6595001220703,1.7362779939798103,-0.0037340107339023376,-0.0037409995549623856,7108305.0
2021-09-23 00:00:00-04:00,164.10000610351562,164.1999969482422,163.27000427246094,163.50999450683594,8451900,165.9279998779297,167.46100006103515,167.63,38.611454526767304,-0.8901308362479483,-0.4686527366775112,-0.42147809957043714,171.7806126002338,163.1413875218365,167.46100006103515,1.7658291298729936,-0.011546389089901132,-0.011613566243419594,7251460.0
2021-09-24 00:00:00-04:00,163.0,164.0,162.74000549316406,163.3000030517578,6937500,165.54000091552734,167.24250030517578,167.4745999145508,38.071083561411605,-1.0356732944264877,-0.5820568482273065,-0.4536164461991812,171.92460742654552,162.56039318380604,167.24250030517578,1.7296980853703467,-0.00128427290155253,-0.0012850982867509395,7379740.0
2021-09-27 00:00:00-04:00,163.85000610351562,164.36000061035156,163.50999450683594,163.63999938964844,4943000,165.13000030517577,166.91500015258788,167.35919982910156,39.54630095117963,-1.1107775262226482,-0.6878009838263749,-0.42297654239627336,171.6427004917443,162.18729981343145,166.91500015258788,1.6818623334577327,0.00208203509820426,0.002079870666889819,7125070.0
2021-09-28 00:00:00-04:00,162.72999572753906,162.82000732421875,161.72999572753906,162.0500030517578,9282800,164.4529998779297,166.55,167.2079998779297,35.310173992734676,-1.2837987544277496,-0.8070005379466498,-0.47679821648109977,171.58647084904797,161.51352915095205,166.55,1.6981581426471357,-0.009716428402719801,-0.009763940911599527,7400780.0
2021-09-29 00:00:00-04:00,162.35000610351562,162.74000549316406,160.97000122070312,161.32000732421875,8360700,163.8020004272461,166.13150024414062,167.0466000366211,33.534109405155064,-1.462959788928572,-0.9381923881430343,-0.5247674007855376,171.43848734060418,160.82451314767707,166.13150024414062,1.7032900090624072,-0.004504756024632184,-0.0045149330127863515,7502015.0
2021-09-30 00:00:00-04:00,162.66000366210938,164.9499969482422,162.33999633789062,164.22000122070312,10572900,163.8210006713867,165.85750045776368,166.95580017089844,45.30407777554257,-1.3553176699270182,-1.0216174444998312,-0.333700225427187,170.96119916244604,160.75380175308132,165.85750045776368,1.8409114101310524,0.01797665363761114,0.01781698430701417,7792415.0
2021-10-01 00:00:00-04:00,164.27000427246094,164.9600067138672,163.88999938964844,164.58999633789062,6654700,163.9029998779297,165.6245002746582,166.86580017089844,46.60327382209491,-1.2260221807920004,-1.062498391758265,-0.16352378903373532,170.5081553440537,160.7408452052627,165.6245002746582,1.7858468325658878,0.0022530453929923144,0.0022505110921036547,7895160.0
2021-10-04 00:00:00-04:00,163.69000244140625,165.5399932861328,163.47000122070312,165.36000061035156,7651700,163.94499969482422,165.3395004272461,166.80180023193358,49.302198080158476,-1.0493256911504147,-1.0598638516366952,0.010538160486280423,169.5383399162576,161.1406609382346,165.3395004272461,1.8061429206275879,0.0046783175745395145,0.004667408258473528,7860080.0
2021-10-05 00:00:00-04:00,163.94000244140625,164.85000610351562,163.49000549316406,164.58999633789062,5617300,163.8,165.18349990844726,166.73040008544922,46.75707891732118,-0.9603549852041624,-1.0399620783501886,0.07960709314602621,169.2481523747758,161.11884744211872,165.18349990844726,1.8107037918104385,-0.004656532835140448,-0.004667408258473519,7640715.0
2021-10-06 00:00:00-04:00,164.22999572753906,165.05999755859375,164.14999389648438,165.02999877929688,6067200,163.76100006103516,165.07050018310548,166.66220001220702,48.3964162777315,-0.8446044654451441,-1.0008905557691798,0.15628609032403573,169.0186103094324,161.12239005677856,165.07050018310548,1.7463680682603626,0.0026733243283083574,0.002669757352534067,7615275.0
2021-10-07 00:00:00-04:00,164.02000427246094,164.85000610351562,163.9600067138672,164.16000366210938,4791500,163.8260009765625,164.8770004272461,166.55960021972658,45.41867259507749,-0.8136929340654717,-0.9634510314284384,0.14975809736296664,168.5988117258361,161.15518912865608,164.8770004272461,1.6980554966296,-0.005271739220885419,-0.005285683868044846,7522780.0
2021-10-08 00:00:00-04:00,166.32000732421875,166.4199981689453,164.13999938964844,164.22999572753906,8536100,163.91900024414062,164.729500579834,166.42080017089845,45.70809083619027,-0.7746182312230303,-0.9256844713873568,0.15106624016432646,168.30550713453883,161.15349402512916,164.729500579834,1.7396228739629769,0.00042636491147840516,0.00042627404378714777,7578270.0
2021-10-11 00:00:00-04:00,164.0399932861328,164.5800018310547,163.91000366210938,163.9199981689453,3820100,163.9470001220703,164.53850021362305,166.30279998779298,44.580577610137695,-0.7599057395821944,-0.8925287250263244,0.13262298544412998,167.84913900149036,161.22786142575575,164.53850021362305,1.663221109318858,-0.0018875818465466931,-0.0018893655741350408,7495560.0
2021-10-12 00:00:00-04:00,164.57000732421875,165.44000244140625,164.30999755859375,164.66000366210938,5453000,164.20800018310547,164.33050003051758,166.20380004882813,47.88540859456222,-0.6806871869663667,-0.8501604174143329,0.16947323044796625,166.9995756886859,161.66142437234927,164.33050003051758,1.652991335257578,0.004514430828637339,0.004504271350483098,7372065.0
2021-10-13 00:00:00-04:00,165.27999877929688,167.9199981689453,165.27999877929688,167.58999633789062,11113800,164.83499908447266,164.31849975585936,166.16579986572265,58.45042390049023,-0.3771326409860478,-0.7555548621286758,0.378422221142628,166.92597928748035,161.71102022423838,164.31849975585936,1.7677772760846036,0.017794197805277356,0.01763773443447277,7646510.0
2021-10-14 00:00:00-04:00,168.19000244140625,168.22000122070312,167.7100067138672,168.0,5081400,165.21299896240234,164.51699981689453,166.13519989013673,59.68214972123696,-0.1023003525313868,-0.6249039602092181,0.5226036076778313,167.57238566122322,161.46161397256583,164.51699981689453,1.6865078194223104,0.0024464685904206362,0.0024434808580754102,7311560.0
2021-10-15 00:00:00-04:00,165.38999938964844,166.08999633789062,165.10000610351562,165.3300018310547,8699200,165.28699951171876,164.59499969482422,166.06459991455077,49.40982626165786,-0.09880140095108914,-0.5196834483575924,0.42088204740650326,167.64977312672073,161.54022626292772,164.59499969482422,1.773185396355315,-0.015892846243722114,-0.0160204917648545,7328035.0
2021-10-18 00:00:00-04:00,165.4199981689453,165.58999633789062,164.80999755859375,164.9199981689453,4029600,165.2429992675781,164.59399948120117,166.0701998901367,48.04238021499642,-0.12764096006981163,-0.44127495070003625,0.3136339906302246,167.648333474254,161.53966548814833,164.59399948120117,1.702243495136855,-0.0024799108302698825,-0.002482990902389477,7151185.0
2021-10-19 00:00:00-04:00,166.5,166.5,165.1999969482422,165.4499969482422,6588500,165.3289993286133,164.56449966430665,166.1447998046875,49.96990519888739,-0.1065023535087164,-0.37432043126177234,0.26781807775305594,167.5734599332811,161.5555393953322,164.56449966430665,1.6935119477024145,0.003213671993580469,0.003208519186409284,7121535.0
2021-10-20 00:00:00-04:00,166.2100067138672,167.11000061035156,165.92999267578125,166.89999389648438,5022000,165.51599884033203,164.63849945068358,166.24739959716797,54.899477533159555,0.0269422070870462,-0.29406790359200863,0.3210101106790548,167.79705436553795,161.47994453582922,164.63849945068358,1.6911184987314833,0.008763958748792211,0.008725778175468667,6883745.0
2021-10-21 00:00:00-04:00,166.6999969482422,166.94000244140625,166.24000549316406,166.75,4412400,165.7749984741211,164.8004997253418,166.30239959716798,54.303409001955536,0.1192204299757691,-0.21141023687845312,0.3306306668542222,168.04217753574926,161.55882191493436,164.8004997253418,1.6203241022679624,-0.0008987052245035265,-0.0008991093021597419,6681770.0
2021-10-22 00:00:00-04:00,168.6699981689453,169.5399932861328,166.6699981689453,167.77000427246094,10703900,166.12899932861328,165.02399978637695,166.37699981689454,57.669274675976546,0.27152740776321593,-0.11482270795011931,0.3863501157133352,168.43309927376976,161.61490029898414,165.02399978637695,1.709586317619358,0.006116967151190034,0.006098334452755203,6870090.0
2021-10-25 00:00:00-04:00,168.66000366210938,169.2100067138672,168.52999877929688,168.92999267578125,4881300,166.62999877929687,165.2884994506836,166.42779968261718,61.17191312078298,0.480296594525214,0.004201152544947351,0.47609544198026665,169.0315441600151,161.54545474135207,165.2884994506836,1.6903303264612788,0.006914158513320778,0.006890365329616705,6867005.0
2021-10-26 00:00:00-04:00,167.8800048828125,167.91000366210938,166.6300048828125,167.67999267578125,6658900,166.93199768066407,165.56999893188475,166.43699951171874,55.8125575339575,0.538673631509397,0.11109564833783728,0.4275779831715597,169.13926945236295,162.00072841140656,165.56999893188475,1.7338772883546696,-0.00739951491266011,-0.007427027125168416,6735810.0
2021-10-27 00:00:00-04:00,167.72999572753906,168.1999969482422,166.86000061035156,168.1199951171875,5823100,166.98499755859376,165.9099983215332,166.45999938964843,57.23292214676927,0.6133718053099528,0.2115508797322604,0.40182092557769244,169.0667853090372,162.75321133402923,165.9099983215332,1.705742934750095,0.002624060476058121,0.0026206236403640355,6608930.0
2021-10-28 00:00:00-04:00,168.97999572753906,169.25,167.52999877929688,168.0800018310547,7000700,166.9929977416992,166.10299835205078,166.4795993041992,57.05340776195045,0.6617156758574936,0.30158383895730706,0.3601318369001865,169.29468647018817,162.91131023391338,166.10299835205078,1.70676138374674,-0.00023788536339730548,-0.00023791366260843256,6430320.0
2021-10-29 00:00:00-04:00,166.2899932861328,166.72999572753906,165.63999938964844,166.64999389648438,7531900,167.1249969482422,166.20599822998048,166.48039916992187,50.9051622542018,0.5779763012967578,0.35686233142519724,0.22111396987156057,169.32792759340313,163.08406886655783,166.20599822998048,1.7591357450081335,-0.008507900517562339,-0.008544299301700552,6474180.0
2021-11-01 00:00:00-04:00,167.3800048828125,167.83999633789062,166.91000366210938,167.52000427246094,4975600,167.38499755859374,166.31399841308593,166.49679931640625,54.14293619645933,0.5751844418037422,0.4005267535009062,0.17465768830283596,169.46073748289274,163.1672593432791,166.31399841308593,1.7184833661794274,0.005220584505493342,0.005207004497418708,6340375.0
2021-11-02 00:00:00-04:00,167.42999267578125,167.6300048828125,166.9600067138672,167.16000366210938,3760700,167.55599822998047,166.44249877929687,166.46539947509766,52.59719505204097,0.5377242816394983,0.4279662591286247,0.10975802251087358,169.50593243162274,163.379065126971,166.44249877929687,1.6435915663769907,-0.0021490007233168074,-0.0021513131388870075,6247545.0
2021-11-03 00:00:00-04:00,165.33999633789062,165.9499969482422,164.3800048828125,165.77000427246094,9055200,167.44299926757813,166.47949905395507,166.4077996826172,47.01589091310608,0.39136409907004577,0.4206458271169089,-0.02928172804686313,169.49123745282841,163.46776065508172,166.47949905395507,1.7247635101569825,-0.008315382622616663,-0.0083501482773226,6396945.0
2021-11-04 00:00:00-04:00,167.50999450683594,168.13999938964844,167.3699951171875,167.64999389648438,6656100,167.53299865722656,166.65399856567382,166.4111996459961,54.10885165344542,0.42220513288708617,0.4209576882709444,0.0012474446161417907,169.5082528860886,163.79974424525903,166.65399856567382,1.7708514820877337,0.011340951773961994,0.011277125295739413,6490175.0
2021-11-05 00:00:00-04:00,168.4199981689453,169.94000244140625,167.85000610351562,169.83999633789062,9368900,167.73999786376953,166.93449859619142,166.454599609375,60.707635648867715,0.6162579309711589,0.4600177368109873,0.1562401941601716,169.88187116615634,163.9871260262265,166.93449859619142,1.8079341294330296,0.0130629437586407,0.012978359326946427,6531815.0
2021-11-08 00:00:00-05:00,170.42999267578125,170.6999969482422,170.05999755859375,170.4499969482422,4966100,167.89199829101562,167.26099853515626,166.45979949951172,62.33233870593773,0.8099317339315064,0.5300005362350911,0.2799311976964153,170.24678141290977,164.27521565740275,167.26099853515626,1.740224592355782,0.003591619309376348,0.003585184846901929,6589115.0
2021-11-09 00:00:00-05:00,170.72999572753906,171.30999755859375,170.1199951171875,171.2899932861328,5781200,168.25299835205078,167.5924980163574,166.49859924316405,64.50864596243515,1.0194487320491987,0.6278901753979127,0.391558556651286,170.81256892298276,164.37242710973206,167.5924980163574,1.700923010145101,0.0049281100201232775,0.004916006634195484,6605525.0
2021-11-10 00:00:00-05:00,173.6699981689453,174.64999389648438,172.11000061035156,173.14999389648438,11461800,168.75599822998046,167.8704978942871,166.56779907226561,68.8063641031786,1.320358693997946,0.7663838791179194,0.5539748148800265,171.899998081038,163.8409977075362,167.8704978942871,1.819428553016991,0.010858781500706183,0.010800248284572371,6622925.0
2021-11-11 00:00:00-05:00,173.97999572753906,174.27000427246094,173.74000549316406,174.1199951171875,5959600,169.35999755859376,168.17649765014647,166.65619903564453,70.79269125862108,1.6184465542247324,0.9367964141392822,0.6816501400854502,173.04170240446177,163.31129289583117,168.17649765014647,1.7694701117998175,0.005602086369596027,0.005586453042738802,6666835.0
2021-11-12 00:00:00-05:00,173.50999450683594,174.6699981689453,173.39999389648438,174.4499969482422,7894800,170.13999786376954,168.63249740600585,166.76019897460938,71.4585611784009,1.8598722710765685,1.1214115855267395,0.738460685549829,174.025949472267,163.2390453397447,168.63249740600585,1.733793980418469,0.0018952552280546708,0.0018934614978916627,6626615.0
2021-11-15 00:00:00-05:00,174.10000610351562,174.58999633789062,173.69000244140625,174.17999267578125,5630800,170.80599670410157,169.09549713134766,166.82259887695312,70.05136887446676,2.0062895457803904,1.2983871775774698,0.7079023682029206,174.71957579767076,163.47141846502456,169.09549713134766,1.6742368315660339,-0.0015477459282561279,-0.00154894492430588,6706675.0
2021-11-16 00:00:00-05:00,173.97000122070312,174.47999572753906,172.86000061035156,172.9199981689453,8667300,171.38199615478516,169.4689971923828,166.92679870605468,63.74303566599297,1.9976278539542136,1.4382353128528187,0.5593925411013949,175.06718252183822,163.87081186292738,169.4689971923828,1.6703624233961385,-0.007233864736584827,-0.007260156004477963,6810615.0
2021-11-17 00:00:00-05:00,174.24000549316406,174.61000061035156,173.88999938964844,174.5,6523100,172.25499572753907,169.8489974975586,167.07099884033204,67.67419760426777,2.0941166704827765,1.5694115843788103,0.5247050861039662,175.72303531820444,163.97495967691276,169.8489974975586,1.6717652818254323,0.009137183945092442,0.009095692432078762,6885670.0
2021-11-18 00:00:00-05:00,173.9600067138672,174.36000061035156,173.52999877929688,173.94000244140625,6252000,172.88399658203124,170.2084976196289,167.18919891357422,64.98480300484451,2.10117657425144,1.6757645823533363,0.42541199189810364,176.15945268242723,164.25754255683057,170.2084976196289,1.6216392774595534,-0.0032091550635745536,-0.0032143154449525086,6977650.0
2021-11-19 00:00:00-05:00,173.69000244140625,174.10000610351562,172.24000549316406,172.61000061035156,8785600,173.16099700927734,170.45049743652345,167.29779907226563,58.9889263062569,1.976665793538757,1.7359448245904203,0.24072096894833672,176.37871840710056,164.52227646594633,170.45049743652345,1.6386650869518398,-0.007646325240812324,-0.007675708262916443,6881735.0
2021-11-22 00:00:00-05:00,169.89999389648438,170.44000244140625,168.4199981689453,168.74000549316406,13091900,172.98999786376953,170.44099807739258,167.31779907226561,45.75893269943366,1.5478709469535943,1.6983300490630553,-0.150459102109461,176.37953430417997,164.5024618506052,170.44099807739258,1.820903469412869,-0.022420457120115533,-0.02267561664312034,7292265.0
2021-11-23 00:00:00-05:00,167.27999877929688,167.60000610351562,166.52999877929688,167.27999877929688,8047800,172.58899841308593,170.42099838256837,167.28699890136718,41.93754367474204,1.0778132415774735,1.574226687565939,-0.4964134459884655,176.39915576696876,164.44284099816798,170.42099838256837,1.848696558302463,-0.008652404091134991,-0.008690053468478977,7361710.0
2021-11-24 00:00:00-05:00,166.5800018310547,167.44000244140625,166.32000732421875,167.1199951171875,5359500,171.98599853515626,170.37099838256836,167.27279876708985,41.52823719936222,0.684487815697679,1.396278913192287,-0.711791097494608,176.44131690953327,164.30067985560345,170.37099838256836,1.79664645536568,-0.0009565020521100642,-0.0009569597921073518,7338530.0
2021-11-26 00:00:00-05:00,168.60000610351562,168.63999938964844,166.3699951171875,166.85000610351562,9605200,171.25899963378907,170.30949859619142,167.32919891357423,40.80454315532569,0.3469888534112613,1.1864209012360818,-0.8394320478248205,176.49523884372334,164.1237583486595,170.30949859619142,1.8304577280153413,-0.001615539860939763,-0.0016168462526691021,7468755.0
2021-11-29 00:00:00-05:00,166.83999633789062,167.25999450683594,166.3800048828125,166.6199951171875,7394900,170.4759994506836,170.30799865722656,167.38619873046875,40.16241968608604,0.06026384583401523,0.9611894901556686,-0.9009256443216533,176.49730117572972,164.1186961387234,170.30799865722656,1.7625671491587767,-0.0013785494630753625,-0.0013795005365548109,7461905.0
2021-11-30 00:00:00-05:00,167.77000427246094,169.00999450683594,165.3699951171875,165.5,12925300,169.60800018310547,170.2069984436035,167.39739868164062,37.1008371943602,-0.2544093614262124,0.7180697198392925,-0.9724790812655049,176.63626350056168,163.77773338664534,170.2069984436035,1.8966694520508953,-0.006721853018899604,-0.006744546424564762,7859390.0
2021-12-01 00:00:00-05:00,166.83999633789062,167.47000122070312,166.05999755859375,166.16000366210938,7808600,168.93200073242187,170.15699844360353,167.39979888916017,40.00331080755228,-0.44539908225752356,0.48537595941992934,-0.930775041677453,176.69490690772423,163.61908997948282,170.15699844360353,1.9019074355260546,0.003987937535404162,0.003980006790395922,8061785.0
2021-12-02 00:00:00-05:00,165.88999938964844,165.94000244140625,164.6300048828125,165.24000549316406,9604100,168.0060012817383,170.13049850463867,167.39619903564454,37.411776026078776,-0.6633492977277058,0.25563090799040233,-0.9189802057181081,176.74318770507497,163.51780930420236,170.13049850463867,1.8753425315096846,-0.005536820827328315,-0.005552205835401061,8089230.0
2021-12-03 00:00:00-05:00,165.49000549316406,166.92999267578125,165.0,166.6300048828125,9507900,167.2750015258789,170.0794990539551,167.45859924316406,43.37997746848413,-0.7156653352012938,0.061371659352063096,-0.777036994553357,176.7830328371743,163.3759652707359,170.0794990539551,1.879246113243368,0.008412002804647267,0.008376819081740972,8231820.0
2021-12-06 00:00:00-05:00,166.13999938964844,166.8000030517578,165.92999267578125,166.22000122070312,4813600,166.63600158691406,169.89849929809571,167.51699920654298,42.10460153776784,-0.7812047981742296,-0.10714363215319546,-0.6740611660210342,176.8103727005136,162.98662589567783,169.89849929809571,1.8071578462957392,-0.002460563224478851,-0.0024635953850727986,8004055.0
2021-12-07 00:00:00-05:00,166.1999969482422,167.0800018310547,166.17999267578125,166.80999755859375,4900700,166.44300079345703,169.71649932861328,167.58039916992186,44.627441761072774,-0.7765855265614903,-0.24103201103485444,-0.5355535155266358,176.75130114834093,162.68169750888563,169.71649932861328,1.7423615112227178,0.003549490636251651,0.0035432060613326127,8000785.0
2021-12-08 00:00:00-05:00,166.50999450683594,166.9600067138672,166.27999877929688,166.89999389648438,4288900,166.40500030517578,169.49699935913085,167.6773989868164,45.02099436040119,-0.7569372665595324,-0.3442130621397901,-0.41272420441974234,176.59538506430385,162.39861365395785,169.49699935913085,1.666479112890403,0.0005395140531609943,0.0005393685677794685,7926170.0
2021-12-09 00:00:00-05:00,166.5399932861328,166.5800018310547,165.64999389648438,165.8800048828125,4913800,166.28100128173827,169.13349990844728,167.7685989379883,41.427231260963175,-0.8142839099100456,-0.4382272316938412,-0.3760566782162044,176.19085126764517,162.07614854924938,169.13349990844728,1.6367306048268027,-0.006111378376110088,-0.006130129283900702,7598770.0
2021-12-10 00:00:00-05:00,166.72000122070312,166.9199981689453,166.17999267578125,166.5800018310547,6450600,166.25400085449218,168.75650024414062,167.8157989501953,44.69026295374938,-0.7940938151264731,-0.5094005483803676,-0.2846932667461055,175.50696221444423,162.00603827383702,168.75650024414062,1.5941065106343746,0.004219899491422874,0.004211020685246302,7623320.0
2021-12-13 00:00:00-05:00,166.89999389648438,167.25999450683594,166.6699981689453,167.0,6610700,166.29200134277343,168.3840003967285,167.8639990234375,46.612047673989544,-0.7357217351935788,-0.5546647857430098,-0.18105694945056894,174.64080388931458,162.12719690414244,168.3840003967285,1.5288126652877227,0.00252130006200435,0.002518126917516811,7559115.0
2021-12-14 00:00:00-05:00,165.33999633789062,166.13999938964844,165.16000366210938,165.44000244140625,8637900,166.28600158691407,167.94700088500977,167.8655990600586,40.92423922482815,-0.8060485805448536,-0.6049415447033786,-0.20110703584147505,173.72613880898152,162.16786296103803,167.94700088500977,1.5510400704736444,-0.009341302746070368,-0.009385206339641532,7709470.0
2021-12-15 00:00:00-05:00,165.27000427246094,166.39999389648438,163.8000030517578,166.14999389648438,14231200,166.28500061035157,167.6085006713867,167.89679901123046,44.25806360375928,-0.7953247270042141,-0.6430181811635457,-0.15230654584066838,172.96011836998525,162.25688297278816,167.6085006713867,1.6259651257774244,0.004291534360497673,0.004282351988516796,7987665.0
2021-12-16 00:00:00-05:00,167.00999450683594,168.17999267578125,166.94000244140625,168.16000366210938,11186200,166.5770004272461,167.2915008544922,167.9593991088867,52.440785592044605,-0.6175166584310148,-0.6379178766170396,0.020401218186024805,171.62741309608663,162.95558861289777,167.2915008544922,1.6548246724573852,0.012097561477355745,0.012024970840539904,8220820.0
2021-12-17 00:00:00-05:00,168.72999572753906,169.1300048828125,167.77999877929688,167.8000030517578,9856900,166.69400024414062,166.98450088500977,168.03219909667968,50.996846678605785,-0.49988911312755135,-0.6103121239191419,0.11042301079159056,170.08842409096133,163.8805776790582,166.98450088500977,1.6330519175329739,-0.002140821851282393,-0.002143116686188639,8401065.0
2021-12-20 00:00:00-05:00,167.8800048828125,168.0,167.05999755859375,167.08999633789062,6973000,166.78099975585937,166.70850067138673,168.0893991088867,48.17922093642004,-0.45867275009996433,-0.5799842491553064,0.12131149905534211,168.44130511012656,164.9756962326469,166.70850067138673,1.5835483835239221,-0.0042312675861405635,-0.004240244730917083,8310435.0
2021-12-21 00:00:00-05:00,167.69000244140625,167.77999877929688,166.74000549316406,167.02000427246094,4548500,166.8020004272461,166.62250061035155,168.15139923095703,47.89826976542922,-0.4267371005246048,-0.5493348194291661,0.12259771890456128,168.09458474906097,165.15041647164213,166.62250061035155,1.5447230194245571,-0.0004188884251822289,-0.00041897618344674124,7883265.0
2021-12-22 00:00:00-05:00,167.5800018310547,168.63999938964844,167.11000061035156,168.58999633789062,4672900,166.97100067138672,166.68800048828126,168.22999908447267,54.33139687819927,-0.27161165930709785,-0.49379018740475245,0.2221785280976546,168.3725235348877,165.00347744167482,166.68800048828126,1.550099597836196,0.009400024100517657,0.00935611880010715,7714520.0
2021-12-23 00:00:00-05:00,168.69000244140625,169.16000366210938,168.00999450683594,168.97000122070312,4551100,167.28000030517578,166.78050079345704,168.2575991821289,55.75538640866926,-0.11666556332193068,-0.4183652625881881,0.30169969926625745,168.73180145337383,164.82920013354024,166.78050079345704,1.521521709081713,0.0022540179789249937,0.002251481491211197,7674100.0
2021-12-27 00:00:00-05:00,168.9600067138672,169.4199981689453,168.77999877929688,169.3699951171875,4760300,167.55899963378906,166.90650024414063,168.28499908447264,57.26585923070062,0.03796881773439509,-0.3270984465236715,0.36506726425806657,169.16131748551578,164.65168300276548,166.90650024414063,1.4585558291221934,0.002367247994286892,0.002364450476828884,7431855.0
2021-12-28 00:00:00-05:00,169.3300018310547,169.64999389648438,168.6199951171875,168.63999938964844,4541900,167.7229995727539,167.00750045776368,168.35119903564453,53.66508441120431,0.10045514009468093,-0.241587729200001,0.3420428692946819,169.37983758375066,164.6351633317767,167.00750045776368,1.4279446112775278,-0.004310065233419702,-0.004319380340024978,7289205.0
2021-12-29 00:00:00-05:00,167.36000061035156,168.69000244140625,167.27999877929688,168.58999633789062,5889700,168.03799896240236,167.1620002746582,168.42459899902343,53.41731759907492,0.1442780251074396,-0.16441457833851286,0.30869260344595245,169.52395916120693,164.80004138810946,167.1620002746582,1.426663114908374,-0.0002965076609273698,-0.0002965516280151311,6937425.0
2021-12-30 00:00:00-05:00,168.42999267578125,169.80999755859375,168.3699951171875,169.8000030517578,5426300,168.4029998779297,167.34400024414063,168.51159912109375,58.420090705312795,0.2734927523620172,-0.07683311219840686,0.350325864560424,169.92030886584442,164.76769162243684,167.34400024414063,1.4276159239439363,0.0071772153754725565,0.007151581744182501,6818310.0
2021-12-31 00:00:00-05:00,170.52999877929688,171.0399932861328,170.0399932861328,170.9600067138672,7039300,168.68300018310546,167.63000030517577,168.5927993774414,62.57020472520408,0.4641485401814691,0.03136321827756834,0.4327853219039008,170.46547623524643,164.7945243751051,167.63000030517577,1.4142140889747268,0.00683158799329231,0.006808358432551388,6690070.0
2022-01-03 00:00:00-05:00,168.86000061035156,169.00999450683594,168.0,168.3300018310547,9014400,168.73600006103516,167.7150001525879,168.6243994140625,50.309660333581114,0.3984323315514757,0.10477704093234982,0.2936552906191259,170.52729923200081,164.90270107317497,167.7150001525879,1.524627847895617,-0.015383743445999576,-0.015503300973700684,6665395.0
2022-01-04 00:00:00-05:00,168.89999389648438,169.72000122070312,168.72999572753906,169.57000732421875,6965600,168.98400115966797,167.88250045776368,168.66039947509765,54.80614676033049,0.44132255123565756,0.1720861429930114,0.26923640824264616,170.71763831388705,165.04736260164032,167.88250045776368,1.51501152944939,0.007366515057776857,0.007339514803169255,6772995.0
2022-01-05 00:00:00-05:00,170.6199951171875,170.92999267578125,168.89999389648438,169.05999755859375,8715600,169.18800048828126,167.99500045776367,168.6629995727539,52.694103040360055,0.42921214317499334,0.22351134302940778,0.20570080014558556,170.82954258198245,165.16045833354488,167.99500045776367,1.5517963330099247,-0.00300766493835114,-0.003012197052209778,6963740.0
2022-01-06 00:00:00-05:00,167.16000366210938,167.75,166.86000061035156,166.99000549316406,10902700,169.0280014038086,167.99950103759767,168.64919982910158,45.097776329252916,0.24970505308547786,0.2287500850406218,0.020954968044856054,170.82735236590696,165.17164970928837,167.99950103759767,1.5980963769550862,-0.012244126909514819,-0.012319703780209438,7294430.0
2022-01-07 00:00:00-05:00,167.3699951171875,168.00999450683594,166.86000061035156,167.75,8191900,168.90600128173827,168.09300079345704,168.6417999267578,48.0584012315799,0.16684629583320998,0.21636932719913946,-0.049523031365929476,170.75303306415603,165.43296852275805,168.09300079345704,1.566089056921464,0.004551137683908024,0.004540812572282988,7458335.0
2022-01-10 00:00:00-05:00,167.36000061035156,168.3000030517578,167.30999755859375,168.25999450683594,7026500,168.7950012207031,168.1770004272461,168.64539978027344,50.006654362547216,0.1407104062710971,0.20123754301353097,-0.060527136742433874,170.74513051259393,165.60887034189827,168.1770004272461,1.5249402309387925,0.0030402057039400354,0.0030355936239956378,7487130.0
2022-01-11 00:00:00-05:00,168.44000244140625,170.30999755859375,168.3699951171875,170.2899932861328,8369000,168.96000061035156,168.34150009155275,168.7181997680664,56.93142693496937,0.2805672568854618,0.21710348578791716,0.06346377109754464,171.00663298509374,165.67636719801175,168.34150009155275,1.562444718140151,0.0120646549718888,0.01199245713664559,7575045.0
2022-01-12 00:00:00-05:00,170.19000244140625,170.75,170.00999450683594,170.74000549316406,6280700,169.1750015258789,168.60650024414062,168.78259979248048,58.310026488740945,0.42284277451588537,0.2582513435335108,0.16459143098237455,171.11426038544164,166.0987401028396,168.60650024414062,1.5036990592132875,0.002642622730480104,0.0026391371424113854,7457185.0
2022-01-13 00:00:00-05:00,170.08999633789062,170.22000122070312,169.27000427246094,170.16000366210938,7034200,169.21100158691405,168.80700073242187,168.84259979248046,55.82956959749727,0.48322552374887096,0.30324617957658284,0.1799793441722881,171.13161877197308,166.48238269287066,168.80700073242187,1.501292070748276,-0.0033969884760131075,-0.003402771341298051,7097335.0
2022-01-14 00:00:00-05:00,170.22000122070312,170.55999755859375,169.47999572753906,169.6699981689453,7865900,169.08200073242188,168.88250045776368,168.92059967041016,53.749309670447964,0.4859383446476784,0.33978461259080195,0.14615373205687643,171.21622710606476,166.5487738094626,168.88250045776368,1.4711999107701625,-0.0028796749096049457,-0.002883829150556528,6931320.0
2022-01-18 00:00:00-05:00,169.63999938964844,170.00999450683594,169.08999633789062,169.38999938964844,9322800,169.18800048828126,168.9620002746582,168.95539978027344,52.54449453525227,0.46018993025529653,0.3638656761237009,0.09632425413159562,171.2507007993701,166.67329974994632,168.9620002746582,1.4318283577826734,-0.001650255097062403,-0.0016516182679313014,6904615.0
2022-01-19 00:00:00-05:00,170.38999938964844,172.19000244140625,170.1999969482422,172.0800018310547,15784500,169.43899993896486,169.2115005493164,169.0001998901367,61.47826153953969,0.6493594307693797,0.4209644270528367,0.22839500371654303,171.70802924670437,166.71497185192845,169.2115005493164,1.5295551216380405,0.015880526897095182,0.015755750605134237,7345190.0
2022-01-20 00:00:00-05:00,172.30999755859375,172.60000610351562,171.58999633789062,171.64999389648438,9570500,169.6979995727539,169.44300003051757,169.02419982910158,59.548398095171954,0.7558664186620376,0.487944825374677,0.26792159328736065,171.94240121324876,166.94359884778638,169.44300003051757,1.4924447390656805,-0.0024988838330701757,-0.0025020112544038944,7596290.0
2022-01-21 00:00:00-05:00,172.0399932861328,172.1199951171875,170.74000549316406,171.08999633789062,10982500,170.10799865722657,169.56800003051757,169.02019989013672,57.03732974219463,0.7860260322096337,0.5475610667416684,0.23846496546796536,172.1334439647346,167.00255609630054,169.56800003051757,1.4844122308483776,-0.0032624385581478954,-0.003267771913809988,7911770.0
2022-01-24 00:00:00-05:00,171.77999877929688,172.13999938964844,170.85000610351562,172.02999877929688,15727700,170.53599853515624,169.72099990844725,168.99779998779297,60.08033609539571,0.8756837471843539,0.6131856028302055,0.2624981443541484,172.48299805861228,166.95900175828223,169.72099990844725,1.4705251633686944,0.005494198734739664,0.005479160681096094,8470600.0
2022-01-25 00:00:00-05:00,171.9499969482422,173.14999389648438,171.77999877929688,172.5800018310547,17382100,170.96799926757814,169.88150024414062,168.96700012207032,61.78585501281489,0.9798239810262999,0.6865132784694243,0.2933107025568755,172.90403723754224,166.858963250739,169.88150024414062,1.4633444457843232,0.0031971345443269072,0.003192034576976311,9101690.0
2022-01-26 00:00:00-05:00,171.38999938964844,171.72999572753906,169.47999572753906,169.7899932861328,17799400,170.91799926757812,169.93899993896486,168.87380004882812,50.094063898008024,0.8276844628628339,0.7147475153481062,0.11293694751472771,172.9081605690409,166.96983930888882,169.93899993896486,1.5802488499079874,-0.016166464916677392,-0.01629856790431354,9764565.0
2022-01-27 00:00:00-05:00,168.02000427246094,169.08999633789062,167.3300018310547,167.60000610351562,15867300,170.60399932861327,169.8895004272461,168.7422003173828,43.18600899406902,0.5243547008694236,0.6766689524523698,-0.1523142515829462,172.97759536261705,166.80140549187516,169.8895004272461,1.6430876074201402,-0.012898211138547944,-0.01298211532059733,10263445.0
2022-01-28 00:00:00-05:00,166.55999755859375,167.4600067138672,166.3699951171875,167.10000610351562,9782500,170.2979995727539,169.75450057983397,168.62580047607423,41.769744244072825,0.2408415859073898,0.5895034791433739,-0.34866189323598407,173.0738505546091,166.43515060505885,169.75450057983397,1.6135821344849963,-0.0029832934474428585,-0.002987752337666492,10481255.0
2022-01-31 00:00:00-05:00,167.7899932861328,168.13999938964844,167.4600067138672,168.08999633789062,8539300,170.13999938964844,169.61100006103516,168.49760040283203,45.575504092347664,0.09494487252939621,0.49059175782057834,-0.39564688529118214,172.95751773257206,166.26448238949826,169.61100006103516,1.5726115024598404,0.005924537392067553,0.005907056331230696,10556255.0
2022-02-01 00:00:00-05:00,168.57000732421875,168.85000610351562,167.8699951171875,168.22999572753906,9763900,170.0239990234375,169.6059997558594,168.38340026855468,46.11187555793211,-0.009275619661224255,0.39061828232421786,-0.3998939019854421,172.96044811803247,166.2515513936863,169.6059997558594,1.5302828941647177,0.0008328835308379912,0.0008325368758188378,10593730.0
2022-02-02 00:00:00-05:00,168.33999633789062,169.1199951171875,168.16000366210938,168.83999633789062,9085300,169.6999984741211,169.56949920654296,168.30800018310546,48.49375591460876,-0.04216312901715469,0.30406200005594336,-0.34622512907309805,172.94056547855914,166.19843293452678,169.56949920654296,1.4895477913728181,0.0036259919505645666,0.00361943388995412,10699715.0
2022-02-03 00:00:00-05:00,168.30999755859375,168.82000732421875,167.02999877929688,168.60000610351562,10650800,169.3949996948242,169.54649963378907,168.3052001953125,47.60229410761178,-0.08659372479868921,0.22593085508501687,-0.3125245798837061,172.93737516651635,166.1556241010618,169.54649963378907,1.5124370604600277,-0.0014214062993387344,-0.0014224174555621005,10796475.0
2022-02-04 00:00:00-05:00,168.0399932861328,169.10000610351562,167.99000549316406,168.86000061035156,9619600,169.1720001220703,169.63999938964844,168.33680023193358,48.702486207043286,-0.0996768950246576,0.16080930506308197,-0.2604862000877396,172.8415914599615,166.43840731933537,169.63999938964844,1.4836915997379945,0.0015420788696549614,0.0015408910869810946,10732320.0
2022-02-07 00:00:00-05:00,169.4499969482422,170.3000030517578,169.19000244140625,170.11000061035156,7796900,168.9800003051758,169.75799942016602,168.39660034179687,53.732433465839904,-0.00907622332107394,0.1268321993862508,-0.13590842270732473,172.8441388283589,166.67186001197314,169.75799942016602,1.4805709455714413,0.007402581993851909,0.007375317353577323,10712570.0
2022-02-08 00:00:00-05:00,170.10000610351562,170.77999877929688,169.9499969482422,170.6300048828125,5802000,168.78500061035157,169.87649993896486,168.4722003173828,55.67938214028749,0.10349246397430534,0.1221642523038617,-0.018671788329556363,172.90492558875113,166.84807428917858,169.87649993896486,1.434101723105959,0.003056870675416823,0.0030522079460774463,10651345.0
2022-02-09 00:00:00-05:00,170.67999267578125,171.4199981689453,170.5500030517578,171.2100067138672,8002800,168.927001953125,169.92250061035156,168.5640005493164,57.81181713277751,0.23677585548387015,0.1450865729398634,0.09168928254400674,173.0021678623973,166.84283335830582,169.92250061035156,1.3938083941117834,0.0033991784238243117,0.003393414275398407,10633035.0
2022-02-10 00:00:00-05:00,170.52000427246094,171.99000549316406,170.4600067138672,170.55999755859375,10693500,169.2230010986328,169.91350021362305,168.66520050048828,54.63898282707861,0.2866492825367004,0.17339911485923082,0.1132501676774696,172.98459838526736,166.84240204197874,169.91350021362305,1.4035362787678614,-0.0037965605384254753,-0.0038037857675304026,10853675.0
2022-02-11 00:00:00-05:00,170.75,174.1999969482422,170.7100067138672,173.80999755859375,25741500,169.8940002441406,170.09599990844725,168.81820037841797,64.98610851383016,0.5817165056403155,0.25506259301544776,0.32665391262486776,173.60638520742555,166.58561460946896,170.09599990844725,1.5632836438307596,0.019054878321533186,0.018875607865561438,11789040.0
2022-02-14 00:00:00-05:00,173.77999877929688,175.0,173.67999267578125,174.74000549316406,13650700,170.55900115966796,170.3495002746582,169.00820037841797,67.28575865551738,0.8804539486571343,0.3801408641437851,0.5003130845133492,174.39212532311012,166.30687522620627,170.3495002746582,1.5459067638584731,0.005350715998122091,0.005336451777182292,12078280.0
2022-02-15 00:00:00-05:00,173.10000610351562,173.33999633789062,172.38999938964844,173.0800018310547,12603600,171.04400177001952,170.53400039672852,169.13720031738282,59.74322701250955,0.9720518930900255,0.4985230699330332,0.4735288231569923,174.71893235106478,166.34906844239225,170.53400039672852,1.6033424309768411,-0.009499848975192515,-0.009545260370239185,12242320.0
2022-02-16 00:00:00-05:00,173.49000549316406,174.86000061035156,173.47999572753906,174.86000061035156,12772100,171.64600219726563,170.67300033569336,169.31000030517578,64.35706920668724,1.1747333545344247,0.6337651268533115,0.5409682276811132,175.22285780741282,166.1231428639739,170.67300033569336,1.6159607415711292,0.010284254451501385,0.01023173130733765,12091700.0
2022-02-17 00:00:00-05:00,176.6999969482422,177.52999877929688,176.38999938964844,177.25,18612500,172.51100158691406,170.95300064086913,169.5188003540039,69.4242226320424,1.5107973186063361,0.8091715652039165,0.7016257534024196,176.32404187722727,165.581959404511,170.95300064086913,1.6912491292407137,0.013668073780773726,0.013575508168976262,12543800.0
2022-02-18 00:00:00-05:00,177.07000732421875,177.25,176.50999450683594,177.1199951171875,12760700,173.33700103759764,171.25450057983397,169.72320037841797,68.85083749437072,1.7465074728131356,0.9966387467257605,0.7498687260873751,177.26175333961228,165.24724782005566,171.25450057983397,1.6233031552352386,-0.0007334549100845855,-0.000733724019731723,12632710.0
2022-02-22 00:00:00-05:00,177.6699981689453,178.07000732421875,176.82000732421875,177.49000549316406,14960500,174.07500152587892,171.52750091552736,169.955400390625,69.61990326222669,1.9407939487190333,1.185469787124415,0.7553241615946182,178.1187825663194,164.9362192647353,171.52750091552736,1.596638644147007,0.0020890378623359407,0.002086858856896338,12594350.0
2022-02-23 00:00:00-05:00,177.38999938964844,178.38999938964844,177.36000061035156,178.2899932861328,11772200,174.84100036621095,171.81300048828126,170.18960021972657,71.27142872951437,2.134712077728608,1.3753182452452537,0.7593938324833542,179.0271298711631,164.5988711053994,171.81300048828126,1.5561643680862833,0.0045072272703239324,0.004497100140272996,12313855.0
2022-02-24 00:00:00-05:00,182.58999633789062,182.60000610351562,175.27000427246094,177.13999938964844,32726000,175.43399963378906,172.18050079345704,170.39240020751953,65.73899709993289,2.17057762777182,1.534370121750567,0.6362075060212531,179.68785110410502,164.67315048280906,172.18050079345704,1.9685813297268837,-0.006450131470019049,-0.006471023453826176,13060185.0
2022-02-25 00:00:00-05:00,176.4199981689453,176.7899932861328,175.7899932861328,176.5500030517578,11530900,176.03300018310546,172.62800064086915,170.61460021972655,63.03550985693226,2.1268762553782494,1.6528713484761035,0.4740049069021459,180.05643304004957,165.19956824168872,172.62800064086915,1.9243973849975082,-0.003330678220184624,-0.0033362372759372606,12843365.0
2022-02-28 00:00:00-05:00,178.86000061035156,178.99000549316406,176.5,178.3800048828125,16055800,176.49000091552733,173.19200057983397,170.85920043945313,67.49999669658035,2.2143824344089467,1.7651735656626724,0.4492088687462743,180.56862514825605,165.8153760114119,173.19200057983397,1.9647979641522622,0.010365345791119474,0.010311993951243732,13157030.0
2022-03-01 00:00:00-05:00,179.0500030517578,181.75999450683594,179.02999877929688,181.6199951171875,21942100,177.1779998779297,173.86850051879884,171.12840026855469,73.583331663955,2.5161670385637365,1.915372260242885,0.6007947783208514,181.7160549328275,166.0209461047702,173.86850051879884,2.065883082714489,0.018163415997793697,0.01800043176575384,13827170.0
2022-03-02 00:00:00-05:00,180.1300048828125,180.7100067138672,178.7899932861328,179.72999572753906,19727200,177.84299926757814,174.44350051879883,171.36700012207032,65.84122940525009,2.5731645174188316,2.0469307116780744,0.5262338057407572,182.23929991599633,166.64770112160133,174.44350051879883,2.1204629933102175,-0.010406339832951472,-0.010460864384517259,14325335.0
2022-03-03 00:00:00-05:00,179.9600067138672,181.3000030517578,179.5,180.8000030517578,15164400,178.43699951171874,175.0415008544922,171.64120025634764,67.90038448676901,2.673853559280957,2.172315281198651,0.5015382780823061,182.86104327746037,167.22195843152403,175.0415008544922,2.0975729974850457,0.005953415398956663,0.005935763844875877,14629290.0
2022-03-04 00:00:00-05:00,182.11000061035156,183.97999572753906,181.36000061035156,183.67999267578125,22390100,179.0799987792969,175.79550018310547,171.97440002441405,72.67497609953126,2.95201248163886,2.328254721286693,0.6237577603521673,183.88854170149182,167.70245866471913,175.79550018310547,2.1748886887919174,0.015929145881701023,0.015803608419049087,15216255.0
2022-03-07 00:00:00-05:00,184.4499969482422,186.63999938964844,184.22000122070312,186.41000366210938,27951800,180.00899963378907,176.67300033569336,172.33080017089844,76.27712654638,3.354080747562051,2.5334199265417645,0.8206608210202866,185.35232063762834,167.99368003375838,176.67300033569336,2.2309685477258654,0.014862865283030269,0.014753495270293054,16132865.0
2022-03-08 00:00:00-05:00,188.35000610351562,193.3000030517578,188.25999450683594,191.50999450683594,47347700,181.41099853515624,177.74300003051758,172.7816000366211,81.24986285912728,4.037705231297053,2.834276987492822,1.2034282438042312,188.04657657673786,167.4394234842973,177.74300003051758,2.563756465006049,0.027358997610294145,0.026991429368426304,18110405.0
2022-03-09 00:00:00-05:00,186.0399932861328,187.22999572753906,184.75999450683594,185.82000732421875,26839700,182.16399993896485,178.50250015258788,173.11060028076173,64.90344902018083,4.073392613031103,3.082100112600479,0.9912925004306246,188.83618281039995,168.16881749477582,178.50250015258788,2.86277386036276,-0.029711176156992036,-0.030161495266205762,19162290.0
2022-03-10 00:00:00-05:00,186.8800048828125,187.3800048828125,184.99000549316406,186.39999389648438,18455200,183.08999938964843,179.26199951171876,173.46580017089843,65.66179737054684,4.10119911886639,3.285919913853661,0.8152792050127289,189.5729465847332,168.95105243870432,179.26199951171876,2.829004255311737,0.0031212277978962533,0.003116366878477797,19684910.0
2022-03-11 00:00:00-05:00,183.74000549316406,185.77999877929688,183.44000244140625,185.08999633789062,14824700,183.94399871826172,179.9884994506836,173.79580017089845,62.383048661906216,3.9717463011701284,3.4230851913169547,0.5486611098531737,189.77893165258234,170.19806724878487,179.9884994506836,2.8383604838664787,-0.007027884128157469,-0.007052696024243029,19891470.0
2022-03-14 00:00:00-04:00,183.02999877929688,183.2899932861328,181.9499969482422,182.3000030517578,13186400,184.33599853515625,180.4129997253418,174.04580017089845,55.972602970658265,3.602497520307253,3.4589676571150143,0.1435298631922386,189.82392919169527,171.0020702589883,180.4129997253418,2.8599061199937617,-0.015073711931138378,-0.01518847505814139,19263715.0
2022-03-15 00:00:00-04:00,179.10000610351562,180.27000427246094,178.00999450683594,178.88999938964844,16962300,184.06299896240233,180.62049942016603,174.20440002441407,49.30392839423375,3.000122855470778,3.3671986967861676,-0.3670758413153896,189.69908423389728,171.54191460643477,180.62049942016603,2.9620562932029126,-0.01870545038411886,-0.018882610033681094,19429295.0
2022-03-16 00:00:00-04:00,179.1300048828125,180.1199951171875,176.8699951171875,180.00999450683594,17548100,184.09099884033202,180.96699905395508,174.43799987792968,51.35394606746864,2.5833317985743065,3.2104253171437955,-0.627093518569489,189.3719485901991,172.56204951771105,180.96699905395508,2.982623700831276,0.006260803404375848,0.006241285995487705,19676520.0
2022-03-17 00:00:00-04:00,181.16000366210938,182.02999877929688,180.64999389648438,180.88999938964844,10954100,184.0999984741211,181.26849899291992,174.66439971923828,52.96337959252899,2.2975462398219406,3.027849501679425,-0.7303032618574843,189.19451108259346,173.34248690324637,181.26849899291992,2.9138651702333944,0.004888644573449508,0.004876733952655098,19585620.0
2022-03-18 00:00:00-04:00,179.92999267578125,180.92999267578125,179.0399932861328,179.3000030517578,13996500,183.66199951171876,181.37099914550782,174.86919982910158,49.76004768238321,1.9206199974370008,2.80640360083094,-0.8857836033939392,189.1379142952557,173.60408399575994,181.37099914550782,2.8407319001916114,-0.008789852082788041,-0.008828710707897394,19354820.0
2022-03-21 00:00:00-04:00,179.3300018310547,181.2899932861328,179.32000732421875,180.6699981689453,10582200,183.08799896240234,181.5484992980957,175.14279968261718,52.42978739309925,1.7127073667693082,2.5876643540186137,-0.8749569872493055,189.07731189709014,174.01968669910124,181.5484992980957,2.779964638347568,0.007640798069546317,0.00761175501954624,19245895.0
2022-03-22 00:00:00-04:00,179.60000610351562,179.7100067138672,178.32000732421875,179.36000061035156,9621800,181.8729995727539,181.6419990539551,175.37499969482423,49.70961604459203,1.4257935931473185,2.3552902018443547,-0.9294966086970362,189.0116449912924,174.27235311661778,181.6419990539551,2.749252224517496,-0.007250775291250955,-0.007277189924242525,18978960.0
2022-03-23 00:00:00-04:00,180.2899932861328,181.88999938964844,179.75999450683594,181.80999755859375,12557300,181.4719985961914,181.81799926757813,175.64599975585938,54.46755511624049,1.3801965915295114,2.160271479781386,-0.7800748882518747,189.02537279105672,174.61062574409954,181.81799926757813,2.7335912641445943,0.013659661796972422,0.013567209576051467,19018215.0
2022-03-24 00:00:00-04:00,182.35000610351562,183.50999450683594,181.77000427246094,183.1300048828125,10970100,181.1449996948242,182.11749954223632,175.90279998779297,56.83697112631975,1.4340434384443483,2.0150258715139784,-0.58098243306963,189.01351046335282,175.22148862111982,182.11749954223632,2.6626197620181946,0.007260367097212672,0.007234137513108609,17930420.0
2022-03-25 00:00:00-04:00,181.80999755859375,183.1300048828125,181.35000610351562,182.3800048828125,7911100,180.8740005493164,182.40899963378905,176.13559997558593,55.08305832036144,1.4000597038226772,1.8920326379757182,-0.491972934153041,188.81442356879325,176.00357569878486,182.40899963378905,2.599575406109529,-0.004095451209537915,-0.004103860537691328,17749430.0
2022-03-28 00:00:00-04:00,180.3800048828125,181.3300018310547,178.85000610351562,179.05999755859375,9489700,180.55,182.44299926757813,176.31359985351563,48.019023109262136,1.0926352852632135,1.7321531674332173,-0.6395178821700038,188.7692489564528,176.11674957870346,182.44299926757813,2.6660342184800534,-0.018203790082975457,-0.018371517706821095,17421125.0
2022-03-29 00:00:00-04:00,177.02000427246094,179.3300018310547,176.69000244140625,179.13999938964844,10458900,180.575,182.31899948120116,176.50299987792968,48.191440827479724,0.8457059263590452,1.554863719218383,-0.7091577928593378,188.80023592267662,175.8377630397257,182.31899948120116,2.6641745878492236,0.00044678784846130526,0.00044668806848975184,16846965.0
2022-03-30 00:00:00-04:00,179.75999450683594,180.9199981689453,179.67999267578125,180.5800018310547,8361300,180.6320007324219,182.36149978637695,176.72679992675782,51.321297396790314,0.7574770686817942,1.3953863891110654,-0.6379093204292712,188.78516191826844,175.93783765448546,182.36149978637695,2.601019172952627,0.008038419372069505,0.008006283379257595,16278670.0
2022-03-31 00:00:00-04:00,180.91000366210938,181.9600067138672,180.55999755859375,180.64999389648438,9844400,180.60800018310547,182.35399932861327,176.8981997680664,51.47474531795695,0.6853030906079027,1.253369729410433,-0.5680666388025302,188.78528273311446,175.92271592411208,182.35399932861327,2.515232743118399,0.000387595883929448,0.00038752078804877134,16012670.0
2022-04-01 00:00:00-04:00,179.5500030517578,180.4600067138672,178.97999572753906,179.5,13034400,180.62799987792968,182.1449996948242,177.05519989013672,48.75533009229552,0.5292093999118208,1.1085376635107105,-0.5793282635988897,188.66144762322162,175.6285517664268,182.1449996948242,2.4548588449631787,-0.006365867342034592,-0.00638621587890147,15544885.0
2022-04-04 00:00:00-04:00,180.24000549316406,180.80999755859375,179.5800018310547,180.3699951171875,7063100,180.5979995727539,181.84299926757814,177.24079986572266,50.869960134877026,0.470284216835438,0.9808869741756561,-0.5106027573402181,188.09530708575397,175.5906914494023,181.84299926757814,2.3730830387939337,0.004846769455083555,0.004835061682683925,14500450.0
2022-04-05 00:00:00-04:00,180.91000366210938,181.49000549316406,178.92999267578125,179.24000549316406,10828500,180.58600006103515,181.22949981689453,177.385,48.09396557911339,0.32861677613459506,0.8504329345674438,-0.5218161584328488,185.72958678005733,176.72941285373173,181.22949981689453,2.3864351658359966,-0.006264842571455875,-0.006284549046099261,12674490.0
2022-04-06 00:00:00-04:00,179.77999877929688,180.30999755859375,178.6999969482422,179.66000366210938,8942100,180.37100067138672,180.92149963378907,177.5266000366211,49.20351961932253,0.24738297394995357,0.7298229424439457,-0.4824399684939922,184.94013597288134,176.9028632946968,180.92149963378907,2.330975554729965,0.002343216670796844,0.0023404756196963713,11779610.0
2022-04-07 00:00:00-04:00,179.8699951171875,180.8800048828125,179.8000030517578,180.33999633789062,10140600,180.09199981689454,180.61849975585938,177.73760009765624,51.02873229692,0.23516350792516505,0.6308910555401896,-0.3957275476150246,183.75650097656066,177.4804985351581,180.61849975585938,2.2516202451566194,0.003784886240234764,0.0037777415804506904,11363880.0
2022-04-08 00:00:00-04:00,180.52000427246094,181.82000732421875,180.52000427246094,181.47000122070312,10655700,180.0009994506836,180.4375,178.015,53.98753574792553,0.31305276584606645,0.567323397601365,-0.2542706317552985,182.8586903326548,178.0163096673452,180.4375,2.196505298097441,0.006265969312183373,0.006246419748615932,11155430.0
2022-04-11 00:00:00-04:00,183.1699981689453,183.3300018310547,181.11000061035156,182.3699951171875,10071300,180.33199920654297,180.44099960327148,178.32039978027345,56.254536776072406,0.442303945237569,0.5423195071286058,-0.10001556189103677,182.87312574927583,178.00887345726713,180.44099960327148,2.1981835782835613,0.004959463770487282,0.004947206140849894,10999675.0
2022-04-12 00:00:00-04:00,184.0399932861328,184.63999938964844,182.9600067138672,183.77000427246094,12024600,180.7949996948242,180.68499984741212,178.63399993896485,59.589892964187726,0.6502102554921976,0.5638976568013241,0.08631259869087349,183.40757715549364,177.9624225393306,180.68499984741212,2.2033136278676593,0.007676751619003053,0.007647435301758943,10752790.0
2022-04-13 00:00:00-04:00,184.5,184.94000244140625,184.1300048828125,184.64999389648438,8651600,181.20199890136718,180.91699981689453,178.96239990234375,61.57313410892825,0.875888613813288,0.6262958482037169,0.2495927656095711,184.11859947565816,177.7154001581309,180.91699981689453,2.129505380801777,0.004788537865617837,0.004777109287769396,10307965.0
2022-04-14 00:00:00-04:00,184.27999877929688,184.41000366210938,182.8800048828125,184.0399932861328,11567200,181.54099884033204,181.07449951171876,179.26639984130858,59.39699140215466,0.9940594884377845,0.6998485762505304,0.29421091218725404,184.5532187583213,177.59578026511622,181.07449951171876,2.103825640292498,-0.003303550666205468,-0.0033090194372706765,10338620.0
2022-04-18 00:00:00-04:00,185.9499969482422,186.10000610351562,184.38999938964844,184.61000061035156,8886700,182.0519989013672,181.33999938964843,179.58659973144532,60.791468973361056,1.1207858634979857,0.7840360337000215,0.3367498297979642,185.03996059516993,177.64003818412692,181.33999938964843,2.1006961529418064,0.0030971927027434454,0.0030924062818564585,10083130.0
2022-04-19 00:00:00-04:00,183.19000244140625,183.64999389648438,181.3300018310547,181.82000732421875,12585600,182.1970001220703,181.39749984741212,179.84579986572265,51.47307918738323,0.9847368540274317,0.8241761977655035,0.16056065626192817,185.08976052457092,177.70523917025332,181.39749984741212,2.184932054824311,-0.015112904376299419,-0.015228268112133887,10183300.0
2022-04-20 00:00:00-04:00,181.58999633789062,182.72000122070312,181.35000610351562,182.7100067138672,7038600,182.54400024414062,181.56500015258788,180.09779998779297,53.900609451334084,0.9379207796389437,0.8469251141401917,0.09099566549875204,185.17537654928825,177.95462375588752,181.56500015258788,2.126722273564539,0.004894947496407287,0.0048830061930919995,10054140.0
2022-04-21 00:00:00-04:00,181.77000427246094,182.32000732421875,180.77999877929688,182.05999755859375,9639800,182.78399963378905,181.5775001525879,180.3263998413086,51.86014020786294,0.8387003809978069,0.8452801675117148,-0.006579786513907893,185.19291056725064,177.96208973792517,181.5775001525879,2.1126712493506656,-0.0035576001936850066,-0.003563943502360224,9908265.0
2022-04-22 00:00:00-04:00,180.72000122070312,181.61000061035156,179.74000549316406,180.2899932861328,9147000,182.77899932861328,181.4354995727539,180.5079995727539,46.6782257268552,0.6102088403162895,0.7982659020726298,-0.1880570617563403,185.01879643549344,177.85220271001438,181.4354995727539,2.127479879070596,-0.0097220932450649,-0.009769661352400816,9817110.0
2022-04-25 00:00:00-04:00,177.1699981689453,177.50999450683594,176.47999572753906,177.0500030517578,13073700,182.33699951171874,181.16899948120118,180.63779968261719,38.9968330960112,0.1657765451277271,0.6717680306836493,-0.5059914855559222,185.19690527730873,177.14109368509364,181.16899948120118,2.24765971332225,-0.017970993150090764,-0.018134432520229594,10075240.0
2022-04-26 00:00:00-04:00,177.9499969482422,178.3000030517578,176.9199981689453,177.32000732421875,9042400,181.83200073242188,181.0819999694824,180.7079998779297,39.884648415334816,-0.16277578458300468,0.5048592676303185,-0.6676350522133232,185.3560050870682,176.8079948518966,181.0819999694824,2.185684368285839,0.001525017044941901,0.0015238553873300224,10052875.0
2022-04-27 00:00:00-04:00,176.4600067138672,176.63999938964844,175.5,175.97999572753906,8854700,181.0529998779297,180.92399978637695,180.73279968261718,37.00614528266582,-0.5252290958056278,0.29884159494312923,-0.824070690748757,185.67995181728,176.1680477554739,180.92399978637695,2.159564579423904,-0.00755702425744631,-0.007585723242633687,9972665.0
2022-04-28 00:00:00-04:00,175.9199981689453,176.97000122070312,175.69000244140625,176.92999267578125,6381100,180.28099975585937,180.7414993286133,180.8097994995117,40.29589937344496,-0.7274337386894558,0.09358652821661223,-0.821020266906068,185.8063394734905,175.67665918373606,180.7414993286133,2.096738450843402,0.005398323510093839,0.0053838047894630165,9873655.0
2022-04-29 00:00:00-04:00,178.07000732421875,178.6199951171875,176.7100067138672,176.91000366210938,7719700,179.56800079345703,180.55449981689452,180.85079956054688,40.24827093781333,-0.8791609017125381,-0.10096295776921785,-0.7781979439433203,185.88808468856325,175.2209149452258,180.55449981689452,2.08339916173461,-0.00011297696546286318,-0.00011298334784093811,9767420.0
2022-05-02 00:00:00-04:00,173.61000061035156,174.64999389648438,172.97999572753906,173.6300048828125,14318600,178.47000122070312,180.26100006103516,180.7783996582031,33.29417441202949,-1.2496688562561928,-0.33070413746661287,-0.91896471878958,186.38226555129086,174.13973457077947,180.26100006103516,2.2152997883657317,-0.018540493535693647,-0.01871452290294498,9831630.0
2022-05-03 00:00:00-04:00,173.88999938964844,175.2100067138672,173.85000610351562,174.08999633789062,7214300,177.6970001220703,179.9470001220703,180.7177996826172,34.99058323280275,-1.4890171506501986,-0.5623667401033301,-0.9266504105468685,186.6320123704716,173.261987873669,179.9470001220703,2.1699213628435143,0.00264926246698316,0.0026457593569150124,9839190.0
2022-05-04 00:00:00-04:00,174.32000732421875,176.35000610351562,173.6699981689453,175.8000030517578,10491700,177.00599975585936,179.775,180.68399963378906,40.99772963478754,-1.5231610947170395,-0.7545256110260721,-0.7686354836909675,186.69674842452991,172.8532515754701,179.775,2.206356117966857,0.009822544372671826,0.009774616775434711,9822350.0
2022-05-05 00:00:00-04:00,177.55999755859375,177.61000061035156,174.66000366210938,175.1300048828125,12794200,176.31300048828126,179.54850006103516,180.62079986572266,39.45921759233996,-1.5860012342326684,-0.9208207356673914,-0.665180498565277,186.76084665969995,172.33615346237036,179.54850006103516,2.2594733201293806,-0.003811138551277793,-0.0038184194446891804,10014955.0
2022-05-06 00:00:00-04:00,175.38999938964844,176.55999755859375,174.86000061035156,175.4199981689453,7643300,175.8260009765625,179.3025001525879,180.5863998413086,40.49999323264228,-1.5940275060792146,-1.055462089749756,-0.5385654163294586,186.72270850160277,171.88229180357303,179.3025001525879,2.2195107221374384,0.0016558743678838361,0.0016545049194706565,9890090.0
2022-05-09 00:00:00-04:00,174.27000427246094,174.27000427246094,172.7899932861328,172.8800048828125,10742400,175.40900115966798,178.87300033569335,180.5129998779297,34.84895598157429,-1.7847708871196915,-1.2013238492237432,-0.5834470378959482,186.72358556826944,171.02241510311725,178.87300033569335,2.2488317336142285,-0.014479496708730832,-0.014585347642546313,9894425.0
2022-05-10 00:00:00-04:00,173.8000030517578,173.9600067138672,171.1999969482422,171.4199981689453,11010400,174.81900024414062,178.32550048828125,180.37379974365234,32.078247577485996,-2.030342209700706,-1.3671275213191358,-0.6632146883815699,186.63791998692471,170.01308098963779,178.32550048828125,2.2853444501864266,-0.008445202872691127,-0.00848106565352078,9941380.0
2022-05-11 00:00:00-04:00,172.50999450683594,173.32000732421875,172.1999969482422,172.82000732421875,9179600,174.50300140380858,177.77800064086915,180.19779998779296,37.231742239919015,-2.0879219490833805,-1.5112864068719847,-0.5766355422113958,186.02608286005693,169.52991842168137,177.77800064086915,2.2578205005497844,0.008167128516088473,0.008133958004822058,9799130.0
2022-05-12 00:00:00-04:00,172.07000732421875,172.39999389648438,169.89999389648438,170.1699981689453,11626800,173.827001953125,177.0540008544922,180.00660003662108,32.24460627662465,-2.3206370399140326,-1.6731565334803944,-0.6474805064336382,185.30419113067987,168.8038105783045,177.0540008544922,2.305119995348684,-0.015333925720196762,-0.015452706170676836,9947890.0
2022-05-13 00:00:00-04:00,168.30999755859375,169.6199951171875,168.00999450683594,168.7899932861328,13031100,173.01500091552734,176.2915008544922,179.76639984130858,29.991633704783226,-2.586603531473912,-1.855845933079098,-0.7307575983948142,184.6364370891374,167.946564619847,176.2915008544922,2.2947545429744474,-0.00810956630229509,-0.008142627698810948,10021085.0
2022-05-16 00:00:00-04:00,168.42999267578125,170.42999267578125,168.33999633789062,170.39999389648438,7319300,172.69199981689454,175.58100051879882,179.50079986572266,35.64146017975018,-2.6370717763833795,-2.012091101739954,-0.6249806746434254,183.37338148111178,167.78861955648586,175.58100051879882,2.2801289568970313,0.009538483763206873,0.009493279652076629,9942715.0
2022-05-17 00:00:00-04:00,170.44000244140625,170.52999877929688,169.13999938964844,169.3300018310547,6441100,172.21600036621095,174.9565002441406,179.15919982910157,33.695235980006004,-2.731915816487657,-2.1560560446894947,-0.5758597717981622,182.65007902289148,167.26292146538975,174.9565002441406,2.2165482735221316,-0.006279296383541522,-0.006299094085683991,9635490.0
2022-05-18 00:00:00-04:00,169.00999450683594,170.2100067138672,168.80999755859375,169.4199981689453,7472900,171.5779998779297,174.29199981689453,178.71739990234374,34.02157446395442,-2.7679116862933313,-2.2784271730102623,-0.48948451328306897,181.4705867031915,167.11341293059758,174.29199981689453,2.158224050790082,0.0005314848929158789,0.000531343704844183,9657205.0
2022-05-19 00:00:00-04:00,171.5500030517578,172.52000427246094,170.88999938964844,171.91000366210938,10580300,171.25599975585936,173.7845001220703,178.43919982910157,42.45986688083575,-2.5659375086374894,-2.335929240135708,-0.23000826850178147,180.07483471383898,167.49416553030164,173.7845001220703,2.2254941974133353,0.014697234801531733,0.014590277160260899,9704230.0
2022-05-20 00:00:00-04:00,171.7100067138672,172.24000549316406,170.88999938964844,172.02999877929688,6578100,170.91699981689453,173.37150039672852,178.1517999267578,42.83926778303698,-2.3688819184062595,-2.3425197757898184,-0.026362142616441098,178.94262244840698,167.80037834505006,173.37150039672852,2.162959333563499,0.0006980112537449124,0.000697767757192036,9575785.0
2022-05-23 00:00:00-04:00,173.1300048828125,173.3800048828125,172.27999877929688,172.8300018310547,5518500,170.91199951171876,173.16050033569337,177.9066000366211,45.423013683572805,-2.123679922860873,-2.2987518052040294,0.1750718823431563,178.47196760890373,167.84903306248302,173.16050033569337,2.1048912457029365,0.004650369455528214,0.004639589893868967,9198025.0
2022-05-24 00:00:00-04:00,173.47000122070312,174.41000366210938,173.35000610351562,174.1300048828125,6794000,171.18300018310546,173.00100021362306,177.74320007324218,49.423716923703786,-1.8036646695399838,-2.1997343780712204,0.3960697085312366,177.98473491507752,168.0172655121686,173.00100021362306,2.067399144656633,0.007521859850632806,0.007493711725538028,9085605.0
2022-05-25 00:00:00-04:00,172.7899932861328,173.16000366210938,171.72999572753906,173.0800018310547,4595900,171.20899963378906,172.85600051879882,177.6270001220703,46.46128180596004,-1.6161468122972735,-2.083016864916431,0.4668700526191576,177.64973364916915,168.0622673884285,172.85600051879882,2.091157002557833,-0.006029994959596108,-0.006048248796558386,8872665.0
2022-05-26 00:00:00-04:00,172.1300048828125,172.92999267578125,171.75999450683594,172.75999450683594,6467000,171.46799926757814,172.64750061035156,177.4820001220703,45.56489013658327,-1.4763411344829933,-1.9616817188297437,0.4853405843467504,177.06206168590097,168.23293953480214,172.64750061035156,2.03607488267647,-0.0018488983177334939,-0.001850609639927292,8876960.0
2022-05-27 00:00:00-04:00,173.49000549316406,173.52000427246094,172.63999938964844,172.85000610351562,3847900,171.8740005493164,172.4445007324219,177.32120025634765,45.88117485929997,-1.3428019588593827,-1.8379057668356718,0.49510380797628906,176.40656192953907,168.4824395353047,172.4445007324219,1.9534984541147578,0.00052102106703944,0.0005208853826908474,8683370.0
2022-05-31 00:00:00-04:00,172.7100067138672,173.07000732421875,171.0800018310547,171.13999938964844,6244000,171.9480010986328,172.32000045776368,177.15800018310546,41.0065983726964,-1.3592854541766144,-1.7421817043038603,0.38289625012724593,176.2817157918939,168.35828512363346,172.32000045776368,1.9561060997611366,-0.009893009276743081,-0.009942270255165302,8279640.0
2022-06-01 00:00:00-04:00,172.2100067138672,172.52999877929688,171.38999938964844,172.22999572753906,6946500,172.23800048828124,172.22700042724608,176.98920013427735,45.01661126183186,-1.2697581662409902,-1.6476969966912864,0.3779388304502962,176.1045815615535,168.34941929293868,172.22700042724608,1.9156699061816582,0.006369033199590923,0.0063488366174163004,8266250.0
2022-06-02 00:00:00-04:00,173.66000366210938,174.4499969482422,173.49000549316406,174.35000610351562,5623100,172.7310012817383,172.15450057983398,176.88900024414062,51.86931564898574,-1.0160278888205028,-1.52136317511713,0.5053352862966272,175.81001307618504,168.4989880834829,172.15450057983398,1.937407857218906,0.012309182073779512,0.012234040087981134,8022820.0
2022-06-03 00:00:00-04:00,173.52999877929688,173.97000122070312,172.25,172.5800018310547,5519400,172.79800109863282,172.0270004272461,176.70440032958984,46.64254173294987,-0.9468546175469328,-1.4064614636030905,0.45960684605615776,175.42747562152238,168.6265252329698,172.0270004272461,1.9490220176686717,-0.010152017266979896,-0.010203900438868029,7659080.0
2022-06-06 00:00:00-04:00,172.80999755859375,172.88999938964844,171.64999389648438,171.82000732421875,3766000,172.777001953125,171.84700088500978,176.47820037841797,44.56596796853132,-0.9424950110540067,-1.3136681730932738,0.3711731620392671,174.87019699177696,168.8238047782426,171.84700088500978,1.8983779802040568,-0.0044037229040009285,-0.004413447852864014,7465215.0
2022-06-07 00:00:00-04:00,172.11000061035156,173.0500030517578,171.99000549316406,172.94000244140625,3860000,172.78800201416016,171.85000076293946,176.28940032958985,48.22428719914846,-0.8389943412220191,-1.218733406719023,0.37973906549700387,174.87740719939023,168.82259432648868,171.85000076293946,1.850636390727986,0.006518420844169315,0.006497267812168451,7121095.0
2022-06-08 00:00:00-04:00,172.88999938964844,173.4499969482422,172.6699981689453,172.77999877929688,5140800,172.6530014038086,171.91800079345703,176.1638003540039,47.739576981378974,-0.761106708659014,-1.1272080671070213,0.3661013584480073,174.96475193701625,168.8712496498978,171.91800079345703,1.7741622756257638,-0.0009251975242893229,-0.0009256257836888652,6827615.0
2022-06-09 00:00:00-04:00,172.4499969482422,172.58999633789062,171.5800018310547,172.22999572753906,4701100,172.56800079345703,171.88850021362305,176.02560028076172,46.027004622845496,-0.7352849413078957,-1.0488234419471962,0.31353850063930055,174.91107468010168,168.86592574714442,171.88850021362305,1.7331504665269368,-0.0031832564859568535,-0.0031883338247287547,6603690.0
2022-06-10 00:00:00-04:00,170.88999938964844,174.94000244140625,170.4600067138672,174.5399932861328,16856100,172.74600067138672,172.10699996948242,175.9048001098633,53.561880364839304,-0.5224015868137997,-0.943539070920517,0.42113748410671736,175.23116723122868,168.98283270773615,172.10699996948242,1.9293536994563745,0.013412283666592417,0.013323135228160962,6865155.0
2022-06-13 00:00:00-04:00,171.17999267578125,171.33999633789062,169.61000061035156,169.92999267578125,13265200,172.4539993286133,172.16399993896485,175.69040008544923,41.20029779399987,-0.7174086758643057,-0.8983129919092748,0.18090431604496915,175.0785823408145,169.2494175371152,172.16399993896485,2.1436850549081514,-0.026412288230091452,-0.02676735882447253,6876860.0
2022-06-14 00:00:00-04:00,169.61000061035156,169.72999572753906,168.3000030517578,168.57000732421875,7347900,172.1970001220703,172.07250061035157,175.4718002319336,38.38576453502802,-0.9705052702494186,-0.9127514475773036,-0.05775382267211493,175.3008616787597,168.84413954194343,172.07250061035157,2.1069925241306717,-0.008003209616781914,-0.008035407203286724,6878290.0
2022-06-15 00:00:00-04:00,170.39999389648438,171.83999633789062,169.0800018310547,170.77000427246094,9000300,172.0510009765625,172.14450073242188,175.27980041503906,44.93855344498711,-0.9822421016571923,-0.9266495783932814,-0.05559252326391084,175.18368130436153,169.10532016048222,172.14450073242188,2.1900637019550433,0.013050939388113303,0.012966509676610984,7006250.0
2022-06-16 00:00:00-04:00,170.55999755859375,172.77000427246094,170.1699981689453,172.69000244140625,8823600,171.88500061035157,172.30800094604493,175.1488003540039,49.94213367325151,-0.827081735560455,-0.9067360098267162,0.07965427426626126,175.08372082540222,169.53228106668763,172.30800094604493,2.2193453020665133,0.011243181594596585,0.011180446816136464,7073785.0
2022-06-17 00:00:00-04:00,172.14999389648438,172.3000030517578,170.97000122070312,171.27000427246094,7407200,171.75400085449218,172.2760009765625,174.98100036621094,46.571401750735845,-0.8093681204938719,-0.8872624319601474,0.07789431146627557,175.0839062291916,169.4680957239334,172.2760009765625,2.183677867683414,-0.008222816311715064,-0.008256810144045652,6915130.0
2022-06-21 00:00:00-04:00,171.05999755859375,171.91000366210938,170.47000122070312,170.6300048828125,5608500,171.63500061035157,172.20600128173828,174.78680053710937,45.09415239807904,-0.8373204460917805,-0.877274034786474,0.039953588694693565,175.10332578730478,169.30867677617178,172.20600128173828,2.130558194377902,-0.0037367862070599722,-0.0037437854344901486,6866650.0
2022-06-22 00:00:00-04:00,171.61000061035156,172.3000030517578,171.10000610351562,171.30999755859375,6558700,171.4720001220703,172.13000106811523,174.58360046386719,47.01715183715146,-0.795433872966953,-0.8609060024225699,0.06547212945561687,175.0375901652783,169.22241197095218,172.13000106811523,2.0976610497041457,0.003985188163408093,0.003977268335422712,6918660.0
2022-06-23 00:00:00-04:00,171.38999938964844,172.1300048828125,169.89999389648438,170.25999450683594,6535300,171.21999969482422,171.9365005493164,174.34140045166015,44.42951604501007,-0.8373129109955073,-0.8561873841371574,0.01887447314165014,174.800708364913,169.07229273371982,171.9365005493164,2.1071146166058585,-0.006129257292171064,-0.006148118298448717,6905725.0
2022-06-24 00:00:00-04:00,170.24000549316406,170.74000549316406,169.85000610351562,170.08999633789062,6143100,171.00599975585936,171.7870002746582,174.06780029296874,44.00722759096502,-0.8741432031446266,-0.8597785479386514,-0.014364655205975185,174.70841801382667,168.86558253548972,171.7870002746582,2.0201778146803284,-0.0009984622015154487,-0.0009989609969459391,6983085.0
2022-06-27 00:00:00-04:00,170.60000610351562,170.6699981689453,169.75,169.89999389648438,5719700,170.54199981689453,171.6440002441406,173.77280029296875,43.50946643384436,-0.9081939891497655,-0.8694616361808742,-0.038732352968891215,174.639947611986,168.64805287629522,171.6440002441406,1.9415935542706844,-0.0011170700540719114,-0.0011176944418580068,6945720.0
2022-06-28 00:00:00-04:00,170.07000732421875,170.2100067138672,169.50999450683594,169.6199951171875,2982700,170.51100006103516,171.4824996948242,173.48440032958985,42.74221855812606,-0.9468582513011086,-0.8849409592049212,-0.06191729209618735,174.5484090616188,168.41659032802963,171.4824996948242,1.8529091723250104,-0.0016480211262837052,-0.0016493806069405818,6902460.0
2022-06-29 00:00:00-04:00,170.5800018310547,170.6999969482422,169.1699981689453,169.49000549316406,4785600,170.60299987792968,171.4,173.1820004272461,42.368681137440035,-0.9767298996175384,-0.9032987472874446,-0.07343115233009379,174.5848266489301,168.21517335106992,171.4,1.829844144251572,-0.0007663579045243951,-0.0007666517068580592,6829540.0
2022-06-30 00:00:00-04:00,169.50999450683594,169.9600067138672,168.24000549316406,168.4600067138672,9144400,170.37200012207032,171.2115005493164,172.91480041503905,39.428336638412254,-1.0711679324063255,-0.9368725843112209,-0.13429534809510457,174.61619233199772,167.8068087666351,171.2115005493164,1.8219982211409689,-0.006077047294322124,-0.006095587698335223,6939435.0
2022-07-01 00:00:00-04:00,167.13999938964844,168.67999267578125,166.9600067138672,168.32000732421875,11380300,169.93500061035155,170.91000061035157,172.6270004272461,39.03183376196763,-1.1441188446497677,-0.9783218363789303,-0.16579700827083732,174.21611925215552,167.60388196854763,170.91000061035157,1.8147116311961897,-0.0008310541616338707,-0.0008313996785857856,7227295.0
2022-07-05 00:00:00-04:00,167.17999267578125,167.3300018310547,164.41000366210938,164.75,14035400,169.28300018310546,170.51850051879882,172.2808004760742,30.585303704716623,-1.4730226354374452,-1.0772619961906333,-0.3957606392468118,174.68367420970498,166.35332682789266,170.51850051879882,1.9643753476899888,-0.02120964335120412,-0.021437799680384485,7653095.0
2022-07-06 00:00:00-04:00,164.32000732421875,164.57000732421875,161.47000122070312,162.13999938964844,11861100,168.43399963378906,170.0345001220703,171.91780059814454,26.132824380087058,-1.9221293847670609,-1.246235473905919,-0.6758939108611419,175.5220058013938,164.54699444274684,170.0345001220703,2.0583484499476237,-0.015842188833696924,-0.01596901758740465,8057850.0
2022-07-07 00:00:00-04:00,162.42999267578125,163.0399932861328,162.05999755859375,162.22999572753906,4588400,167.5259994506836,169.49899978637694,171.62140045166015,26.529986796286423,-2.244909843643569,-1.445970347853449,-0.7989394957901201,175.78066717376817,163.21733239898572,169.49899978637694,1.9813232554898692,0.000555053276362516,0.0005548992912700342,8094270.0
2022-07-08 00:00:00-04:00,162.35000610351562,163.3800048828125,161.83999633789062,162.3000030517578,4584100,166.7300003051758,168.975,171.32100036621094,26.859428310497833,-2.4666328685391363,-1.6501028519905865,-0.8165300165485498,175.7994532367088,162.15054676329117,168.975,1.949800776163584,0.0004315313201161963,0.00043143823725389326,8066435.0
2022-07-11 00:00:00-04:00,161.92999267578125,162.44000244140625,161.3800048828125,161.42999267578125,4321700,165.86399993896484,168.43499984741212,171.03000030517578,25.33881051610848,-2.681640250019086,-1.8564103315962865,-0.8252299184227996,175.8291319119677,161.04086778285654,168.43499984741212,1.8862434034800246,-0.005360507452973451,-0.0053749265251639535,8047465.0
2022-07-12 00:00:00-04:00,161.22000122070312,161.6199951171875,160.72000122070312,160.8300018310547,5375100,164.95700073242188,167.7495002746582,170.70800048828124,24.316395144103936,-2.8673958413559717,-2.0586074335482234,-0.8087884078077483,175.2931439777702,160.2058565715462,167.7495002746582,1.8157970101231926,-0.0037167247224720867,-0.0037236489059839332,7473415.0
2022-07-13 00:00:00-04:00,160.10000610351562,162.7100067138672,160.05999755859375,161.60000610351562,8456600,164.15500183105468,167.33300094604493,170.40180053710938,28.314076945210857,-2.918829130881079,-2.230651773014795,-0.6881773578662842,175.25922450121118,159.4067773908787,167.33300094604493,1.8753835919196387,0.004787690503602615,0.004776265963686179,7232985.0
2022-07-14 00:00:00-04:00,159.02000427246094,159.8300018310547,158.22000122070312,159.3300018310547,12213600,163.13900146484374,166.87100067138672,170.1158004760742,24.247799810283468,-3.1069458195556763,-2.405910582322971,-0.7010352372327051,175.5008792824863,158.24112206028715,166.87100067138672,1.9828565412691288,-0.014047055610919013,-0.014146649261641277,7476270.0
2022-07-15 00:00:00-04:00,159.00999450683594,159.25,158.35000610351562,159.00999450683594,6783800,162.19400024414062,166.28300018310546,169.81420043945312,23.730410158377623,-3.2444515494286463,-2.573618775744106,-0.6708327736845403,175.36102113004213,157.20497923616878,166.28300018310546,1.9112236260026954,-0.0020084561635671516,-0.0020104758163567997,7365445.0
2022-07-18 00:00:00-04:00,160.0800018310547,160.42999267578125,159.0500030517578,159.16000366210938,5791800,161.2779998779297,165.60650024414062,169.48140045166016,24.543214900408117,-3.3032436097411733,-2.7195437425435194,-0.5836998671976539,174.69040556858084,156.5225949197004,165.60650024414062,1.8761360933557394,0.0009433945063559435,0.000942949789432323,7213855.0
2022-07-19 00:00:00-04:00,159.47000122070312,159.8699951171875,159.3300018310547,159.5399932861328,3796200,160.75699920654296,165.0199996948242,169.16960021972656,26.674914729442392,-3.281349400836149,-2.831904874202045,-0.4494445266341036,174.0801790597458,155.9598203299026,165.0199996948242,1.792840047764481,0.0023874693093759447,0.002384623832616704,7033305.0
2022-07-20 00:00:00-04:00,159.7100067138672,159.82000732421875,158.02999877929688,158.0399932861328,4795800,160.3469985961914,164.39049911499023,168.8220001220703,23.814826804242756,-3.346459642852608,-2.934815827932158,-0.41164381492045,173.55300054504355,155.22799768493692,164.39049911499023,1.7926377975614378,-0.009402031234323593,-0.009446509339211243,6992670.0
2022-07-21 00:00:00-04:00,158.30999755859375,160.30999755859375,158.27000427246094,160.27000427246094,5863300,160.1509994506836,163.8384994506836,168.56980010986328,34.97689070631553,-3.181443034208513,-2.984141269187429,-0.1973017650210842,172.5879235314678,155.0890753698994,163.8384994506836,1.826735402911402,0.014110421925231709,0.01401179660226555,6957900.0
2022-07-22 00:00:00-04:00,160.5500030517578,162.1300048828125,160.35000610351562,160.6699981689453,5733800,159.98799896240234,163.35899963378907,168.35480010986328,36.76647629655244,-2.983992411372242,-2.984111497624392,0.00011908625215006907,171.68927584595852,155.02872342161962,163.35899963378907,1.8291114891571278,0.00249575020790771,0.0024926409954947677,6917825.0
2022-07-25 00:00:00-04:00,160.63999938964844,160.6999969482422,159.80999755859375,160.22999572753906,3713400,159.8679992675781,162.8659996032715,168.10299987792968,35.605590910315556,-2.8303889282779835,-2.95336698375511,0.1229780554771267,170.69659188059094,155.03540732595204,162.8659996032715,1.7620320534779357,-0.0027385476219622396,-0.0027423043036363935,6796340.0
2022-07-26 00:00:00-04:00,160.22999572753906,160.5,159.7899932861328,160.0399932861328,2672800,159.78899841308595,162.3729995727539,167.90039978027343,35.09034593721968,-2.692946064447085,-2.9012827998935053,0.20833673544642028,169.58741753200502,155.1585816135028,162.3729995727539,1.6868873863628822,-0.0011858106875901608,-0.001186514317386386,6643995.0
2022-07-27 00:00:00-04:00,160.02000427246094,162.2100067138672,159.50999450683594,161.6699981689453,5766100,159.7959976196289,161.9754997253418,167.75799987792968,42.74496616381874,-2.424545185444117,-2.805935277003628,0.38139009155951076,168.37947156214256,155.57152788854103,161.9754997253418,1.7592534449820512,0.010184984698782484,0.010133467249785824,6783165.0
2022-07-28 00:00:00-04:00,163.30999755859375,163.75999450683594,162.8800048828125,163.63999938964844,5606400,160.22699737548828,161.68299942016603,167.62279998779297,50.3635969871239,-2.029478357389195,-2.6506438930807414,0.6211655356915466,167.15375640727433,156.21224243305772,161.68299942016603,1.7828779373326635,0.012185323455280006,0.01211168004371747,6824205.0
2022-07-29 00:00:00-04:00,163.88999938964844,164.69000244140625,163.27999877929688,164.10000610351562,7537300,160.73599853515626,161.46499938964843,167.51820007324218,51.97072919713841,-1.6601294139904894,-2.452540997262691,0.7924115832722016,166.1256758049842,156.80432297431264,161.46499938964843,1.756244060531,0.0028110896821249565,0.0028071459585694595,6743850.0
2022-08-01 00:00:00-04:00,164.97999572753906,165.41000366210938,164.41000366210938,165.02999877929688,4666900,161.322998046875,161.30049896240234,167.4304000854492,55.13353956259623,-1.2776471575446635,-2.2175622293190855,0.939915071774422,165.14201955446546,157.45897837033922,161.30049896240234,1.724369310392625,0.0056672312077465925,0.005651232868696488,6408180.0
2022-08-02 00:00:00-04:00,165.66000366210938,166.4600067138672,164.02000427246094,164.0500030517578,5725400,161.7739990234375,161.26549911499023,167.27320007324218,51.29988572432048,-1.0415977877962632,-1.9823693410145211,0.9407715532182579,164.9916933621771,157.53930486780337,161.26549911499023,1.775485962607884,-0.005938288400823777,-0.005955990148902209,5992680.0
2022-08-03 00:00:00-04:00,164.77000427246094,164.91000366210938,163.47999572753906,164.4499969482422,4417800,162.41499938964844,161.38099899291993,167.1216000366211,52.74421388253292,-0.8128804176151903,-1.7484715563346551,0.9355911387194649,165.34413131779672,157.41786666804313,161.38099899291993,1.7508089606052004,0.002438243761313297,0.002435276067987767,5620515.0
2022-08-04 00:00:00-04:00,165.52999877929688,167.30999755859375,165.33999633789062,167.1699981689453,5502000,163.10499877929686,161.62799911499025,167.0083999633789,61.17627136468115,-0.4074421479572834,-1.480265674659181,1.0728235267018975,166.32062362417463,156.93537460580586,161.62799911499025,1.8300369355870834,0.016539989487255546,0.016404693683584038,5666195.0
2022-08-05 00:00:00-04:00,164.99000549316406,165.83999633789062,164.8699951171875,165.2899932861328,6023300,163.56699829101564,161.777498626709,166.83159973144532,54.00367425398664,-0.2351197661082267,-1.2312364929489903,0.9961167268407636,166.72957362330098,156.825423630117,161.777498626709,1.8636059438849926,-0.011246066300201418,-0.011309781450742627,5738155.0
2022-08-08 00:00:00-04:00,166.02999877929688,166.80999755859375,165.92999267578125,166.69000244140625,3456300,164.21299896240234,162.04049911499024,166.70379974365235,57.95684284663271,0.014251716571493489,-0.9821388510448936,0.9963905676163871,167.43018894031636,156.65080928966412,162.04049911499024,1.839062967354703,0.008470017618367853,0.008434348290836127,5694885.0
2022-08-09 00:00:00-04:00,167.47999572753906,167.8000030517578,166.82000732421875,167.1999969482422,3205500,164.9289993286133,162.3589988708496,166.59259979248046,59.32815209836932,0.25014914409865696,-0.7356812520161835,0.9858303961148405,168.16193010244947,156.55606763924973,162.3589988708496,1.7869870847116214,0.0030595386607856767,0.003054867797077557,5586405.0
2022-08-10 00:00:00-04:00,167.38999938964844,167.97999572753906,166.6199951171875,166.77999877929688,4077300,165.43999938964845,162.61799850463868,166.47119964599608,57.66020284655003,0.3986142360163569,-0.5088221544096755,0.9074363904260324,168.7171395647709,156.51885744450647,162.61799850463868,1.7564880508287601,-0.0025119508170524663,-0.0025151110588634198,5367440.0
2022-08-11 00:00:00-04:00,167.16000366210938,167.66000366210938,166.30999755859375,166.33999633789062,4446000,165.70999908447266,162.96849822998047,166.37519958496094,55.88752720046434,0.47529051799332933,-0.31199961992907455,0.7872901379224039,169.07722891569404,156.8597675442669,162.96849822998047,1.7274536260206792,-0.0026382206776995876,-0.002641706914863643,4979060.0
2022-08-12 00:00:00-04:00,167.1699981689453,167.94000244140625,166.8300018310547,167.8699951171875,5151700,166.08699798583984,163.41149826049804,166.2879995727539,60.44171794610818,0.6519992966030657,-0.11919983662264652,0.7711991332257122,169.59232170760075,157.23067481339532,163.41149826049804,1.7183502315560324,0.00919802099904432,0.009155976822720392,4897455.0
2022-08-15 00:00:00-04:00,165.99000549316406,166.25,165.44000244140625,165.7100067138672,5236100,166.15499877929688,163.73899841308594,166.11519958496095,52.24174358219833,0.6107093867406661,0.026782008050016,0.5839273786906501,169.6732329924138,157.80476383375807,163.73899841308594,1.7691818347149764,-0.012867030834262327,-0.012950528089989187,4869670.0
2022-08-16 00:00:00-04:00,165.30999755859375,165.72000122070312,165.17999267578125,165.4199981689453,4291500,166.29199829101563,164.03299865722656,165.97199951171876,51.23666366492936,0.5482655063505604,0.13107870771012486,0.4171867986404355,169.6817346833545,158.3842626310986,164.03299865722656,1.6813837425868976,-0.001750096754401964,-0.0017516299628300418,4894435.0
2022-08-17 00:00:00-04:00,165.2100067138672,165.22999572753906,163.9499969482422,164.35000610351562,5569100,166.28199920654296,164.3484992980957,165.8225994873047,47.5981232157103,0.407738705881286,0.1864107073443571,0.22132799853692892,169.28276035157973,159.41423824461168,164.3484992980957,1.666284991023771,-0.006468335614034371,-0.006489345947105167,4933100.0
2022-08-18 00:00:00-04:00,164.60000610351562,164.91000366210938,163.5399932861328,163.9199981689453,3646100,165.95699920654297,164.53099899291993,165.64219940185546,46.178837105631125,0.25869013858630296,0.2008665935927463,0.05782354499355666,169.1052318136448,159.95676617219507,164.53099899291993,1.6451225185203988,-0.0026164156896926194,-0.0026198444873023344,4822240.0
2022-08-19 00:00:00-04:00,163.64999389648438,163.74000549316406,162.6199951171875,162.72000122070312,8173000,165.7,164.6334991455078,165.4409994506836,42.38097314756346,0.04323990750009443,0.16934125637421593,-0.1261013488741215,168.94117344688237,160.32582484413325,164.6334991455078,1.620471128037357,-0.007320625681104476,-0.007347552958114958,4944200.0
2022-08-22 00:00:00-04:00,161.66000366210938,162.1199951171875,161.36000061035156,161.63999938964844,4458100,165.19499969482422,164.7039993286133,165.2291995239258,39.25209742492254,-0.21220688579973057,0.09303162793942663,-0.3052385137391572,168.7598859728262,160.6481126844004,164.7039993286133,1.6018660910598004,-0.006637179344595956,-0.00665930336783302,4981435.0
2022-08-23 00:00:00-04:00,161.9600067138672,163.42999267578125,161.91000366210938,162.77000427246094,4425100,164.7520004272461,164.8404998779297,164.99379974365235,43.91746172631693,-0.319782110573243,0.0104688802368927,-0.3302509908101357,168.4144561973935,161.26654355846588,164.8404998779297,1.6153037478507297,0.0069908740848763085,0.006966551217581505,5069050.0
2022-08-24 00:00:00-04:00,162.44000244140625,163.61000061035156,162.3699951171875,163.25,3202400,164.3990005493164,164.91949996948242,164.86019989013673,45.82085341660408,-0.36213019604142005,-0.06405093501876985,-0.2980792610226502,168.27266585720378,161.56633408176106,164.91949996948242,1.588496729658825,0.0029489200401788818,0.002944580504679446,4940865.0
2022-08-25 00:00:00-04:00,163.97000122070312,163.99000549316406,163.24000549316406,163.75,2857500,164.14000091552734,164.925,164.76379974365236,47.807964114804435,-0.35129601575530955,-0.1214999511660778,-0.22979606458923174,168.27010420737537,161.57989579262465,164.925,1.5286041061117661,0.003062787136294043,0.0030581063588208724,4803420.0
2022-08-26 00:00:00-04:00,163.1199951171875,163.61000061035156,161.5500030517578,161.75999450683594,6689300,163.52900085449218,164.80799942016603,164.58359954833983,41.3134027746793,-0.4975512014159733,-0.19671020121605692,-0.3008410001999164,168.41386888313593,161.20212995719612,164.80799942016603,1.5765607376925104,-0.012152705301765265,-0.012227153201929956,4761020.0
2022-08-29 00:00:00-04:00,161.8800048828125,162.6199951171875,161.6999969482422,161.86000061035156,4702300,163.1440002441406,164.64949951171874,164.36699951171875,41.7417186350288,-0.5984908035600824,-0.27706632168486206,-0.3214244818752204,168.47442936120754,160.82456966222995,164.64949951171874,1.5296634113534249,0.0006182375550920494,0.0006180465249853886,4762790.0
2022-08-30 00:00:00-04:00,161.27000427246094,161.42999267578125,160.33999633789062,160.50999450683594,4856600,162.6529998779297,164.47249908447264,164.15179931640625,37.737712718855455,-0.7784469239983309,-0.37734244214755586,-0.4011044818507751,168.6986075644478,160.2463906044975,164.47249908447264,1.5289734728611042,-0.008340578885610683,-0.008375556136480044,4719350.0
2022-08-31 00:00:00-04:00,159.5,160.57000732421875,159.25999450683594,159.27000427246094,5438600,162.1449996948242,164.2134994506836,163.9245993041992,34.46732543734578,-1.0094835963260493,-0.5037706729832546,-0.5057129233427947,169.009827090439,159.4171718109282,164.2134994506836,1.5133334260412263,-0.007725314789180926,-0.0077553096129762645,4770390.0
2022-09-01 00:00:00-04:00,158.1699981689453,158.38999938964844,157.32000732421875,157.8699951171875,7390800,161.53999938964844,163.7484992980957,163.6557992553711,31.181681917193956,-1.290672789637938,-0.6611510963141913,-0.6295216933237466,169.0813869560025,158.41561164018893,163.7484992980957,1.5445236776270093,-0.008790162100319021,-0.00882902347465035,4864830.0
2022-09-02 00:00:00-04:00,159.35000610351562,160.05999755859375,159.13999938964844,159.25999450683594,5196900,161.19399871826172,163.44699935913087,163.43579925537108,37.54719245609546,-1.3853860491594787,-0.8059980868832488,-0.5793879622762299,169.07107050273075,157.822928215531,163.44699935913087,1.5906293036112407,0.008804709144487166,0.00876617372318804,4823510.0
2022-09-06 00:00:00-04:00,159.1699981689453,159.4600067138672,158.32000732421875,158.3300018310547,4863800,160.86299896240234,163.02899932861328,163.20059936523438,35.20115114500281,-1.5179911690844392,-0.948396703323487,-0.5695944657609522,168.86548791922667,157.1925107379999,163.02899932861328,1.5584414526138974,-0.0058394619355668365,-0.005856578259356107,4893885.0
2022-09-07 00:00:00-04:00,158.14999389648438,160.14999389648438,158.0800018310547,159.94000244140625,3981400,160.5799987792969,162.66599960327147,163.00139953613282,41.962008275264324,-1.4761519275265584,-1.0539477481641013,-0.42220417936245713,168.31988852959577,157.01211067694717,162.66599960327147,1.5949807821007396,0.010168638866495439,0.010117286090114818,4932680.0
2022-09-08 00:00:00-04:00,159.5399932861328,159.86000061035156,158.7100067138672,158.97999572753906,4607100,160.1529983520508,162.2759994506836,162.78859954833985,39.3271352429482,-1.5031313829389887,-1.1437844751190789,-0.35934690781990986,167.81588993565293,156.73610896571427,162.2759994506836,1.5689104210606197,-0.006002292729855863,-0.006020378897494643,4959170.0
2022-09-09 00:00:00-04:00,159.72000122070312,160.24000549316406,159.41000366210938,159.82000732421875,3927800,159.75999908447267,161.95,162.59519958496094,42.71657632374614,-1.440129958436529,-1.203053571782569,-0.23707638665396003,167.25739572137553,156.64260427862445,161.95,1.5468460885295041,0.005283756568463582,0.005269846503477033,4933260.0
2022-09-12 00:00:00-04:00,161.0399932861328,161.6199951171875,160.5500030517578,160.6300048828125,4537500,159.64700012207032,161.58800048828124,162.43859954833985,45.8574837386998,-1.3097429407369532,-1.224391445573446,-0.08535149516350726,166.16877375725147,157.007227219311,161.58800048828124,1.5649276388465931,0.005068186218703863,0.005055386193321507,4902550.0
2022-09-13 00:00:00-04:00,158.47000122070312,159.27000427246094,158.38999938964844,158.5399932861328,6526400,159.31499938964845,161.22949981689453,162.2429992675781,39.79434872862343,-1.3593865962261305,-1.2513904757039829,-0.10799612052214758,165.58027852102202,156.87872111276704,161.22949981689453,1.6131474855835553,-0.01301133993119441,-0.013096728906648173,4967065.0
2022-09-14 00:00:00-04:00,158.67999267578125,158.97999572753906,157.72999572753906,157.92999267578125,6091100,159.05699920654297,160.85499954223633,162.10659912109375,38.20656527380556,-1.431450630312895,-1.2874025066257653,-0.14404812368712983,164.98217384150652,156.72782524296613,160.85499954223633,1.5872083794704441,-0.003847613448870524,-0.003855034555311845,5057045.0
2022-09-15 00:00:00-04:00,156.75999450683594,157.49000549316406,154.6199951171875,154.97999572753906,13181200,158.62799835205078,160.3864990234375,161.96339904785157,31.633184808916155,-1.7069256200661584,-1.371307129313844,-0.33561849075231454,164.9269523646758,155.8460456821992,160.3864990234375,1.7102647494078231,-0.018679143196684067,-0.018855801737618274,5437650.0
2022-09-16 00:00:00-04:00,154.66000366210938,156.55999755859375,154.33999633789062,155.83999633789062,7141200,158.42499847412108,159.98249893188478,161.8355990600586,35.13675881429184,-1.8346974223796337,-1.463985187927002,-0.3707122344526317,164.63006456775693,155.33493329601262,159.98249893188478,1.7466744973574875,0.005549107201315628,0.005533767627080335,5612405.0
2022-09-19 00:00:00-04:00,154.8699951171875,156.0399932861328,154.82000732421875,155.9600067138672,5582800,158.09499969482422,159.64449920654297,161.70879913330077,35.63247995851293,-1.9043218252837733,-1.5520525153983564,-0.3522693098854168,164.4278239974139,154.86117441567205,159.64449920654297,1.709053887682957,0.0007700871329356929,0.0007697907679810017,5482895.0
2022-09-20 00:00:00-04:00,155.02999877929688,155.22999572753906,154.58999633789062,155.07000732421875,5943700,157.7690002441406,159.31599960327148,161.58159942626952,33.582687721665025,-2.00816628798367,-1.6432752699154194,-0.36489101806825053,164.3990438778866,154.23295532865635,159.31599960327148,1.6848364939896432,-0.005706587274526553,-0.005722932055293624,5557175.0
2022-09-21 00:00:00-04:00,155.97000122070312,157.25,154.00999450683594,155.7899932861328,7816100,157.35399932861327,158.96699905395508,161.4807992553711,36.752448693588505,-2.0092060462655468,-1.716461425185445,-0.2927446210801017,164.01186258260967,153.9221355253005,158.96699905395508,1.7959199939306731,0.004642973675810236,0.004632228320962459,5726725.0
2022-09-22 00:00:00-04:00,156.25999450683594,156.47999572753906,155.30999755859375,155.6999969482422,5975200,157.0259994506836,158.5894989013672,161.36279907226563,36.51784446076143,-1.9943029317453238,-1.772029726497421,-0.22227320524790284,163.4213167469524,153.75768105578197,158.5894989013672,1.7512112921460046,-0.0005776772692025478,-0.0005778441890031698,5865365.0
2022-09-23 00:00:00-04:00,153.89999389648438,154.0,152.63999938964844,153.00999450683594,9598000,156.34499816894532,158.052498626709,161.23639892578126,30.293286969914362,-2.1744866928260365,-1.8525211197631442,-0.3219655730628923,162.85801691851736,153.24698033490063,158.052498626709,1.8446960254637008,-0.01727683040546535,-0.017427816406674814,6202390.0
2022-09-26 00:00:00-04:00,153.22000122070312,153.50999450683594,151.02999877929688,151.22999572753906,8240500,155.40499725341797,157.52599868774413,161.08079895019532,27.0122183498124,-2.4328700356927015,-1.9685909029490556,-0.46427913274364596,162.868694761038,152.18330261445027,157.52599868774413,1.8900745756119408,-0.011633219026207842,-0.01170141432179742,6279950.0
2022-09-27 00:00:00-04:00,152.25,152.72999572753906,151.5,151.5399932861328,7151300,154.70499725341796,157.0099983215332,160.92839874267577,28.465362006583618,-2.5828529630572064,-2.091443314970686,-0.49140964808652043,162.5677958547708,151.4522007882956,157.0099983215332,1.8622121059253736,0.002049841746687875,0.0020477436877313054,6402400.0
2022-09-28 00:00:00-04:00,153.1999969482422,154.8800048828125,152.92999267578125,154.69000244140625,8977200,154.38099822998046,156.71899871826173,160.83139892578126,41.262481059953,-2.419643951163607,-2.15708344220927,-0.262560508954337,162.12056070174205,151.3174367347814,156.71899871826173,1.9677692124078245,0.02078665233491006,0.020573557832177892,6608430.0
2022-09-29 00:00:00-04:00,154.13999938964844,155.02999877929688,153.16000366210938,154.66000366210938,6317000,154.3489990234375,156.48849868774414,160.76379913330078,41.18691417298676,-2.2665924176733654,-2.178985237302089,-0.08760718037127635,161.82804146459745,151.14895591089083,156.48849868774414,1.9607853484635156,-0.00019392836526865853,-0.0001939471718055397,6652350.0
2022-09-30 00:00:00-04:00,154.94000244140625,156.0399932861328,154.57000732421875,154.6699981689453,6832400,154.23199920654298,156.32849884033203,160.65179901123048,41.225533736175244,-2.1200528519414092,-2.167198760229953,0.047145908288543925,161.68461680128289,150.97238087938118,156.32849884033203,1.925728249424269,6.462244018679009e-05,6.462035224685361e-05,6624430.0
2022-10-03 00:00:00-04:00,155.44000244140625,158.47999572753906,155.22999572753906,158.42999267578125,10362200,154.47899780273437,156.2869987487793,160.60699890136718,53.576070057603275,-1.6811399226666026,-2.069986992717283,0.38884707005068053,161.56389485167583,151.01010264588277,156.2869987487793,2.060318914364946,0.024309785681440932,0.024019005945363412,6882695.0
2022-10-04 00:00:00-04:00,159.17999267578125,161.0800018310547,158.9199981689453,160.6999969482422,8024500,155.04199676513673,156.40549850463867,160.61639892578125,59.15623503669838,-1.1370210199026474,-1.883393798154356,0.7463727782517087,161.95974030843735,150.85125670084,156.40549850463867,2.10243964585841,0.014328122056449066,0.014226444596111972,7040730.0
2022-10-05 00:00:00-04:00,159.32000732421875,160.0800018310547,158.3800048828125,159.80999755859375,5296300,155.44399719238282,156.39899826049805,160.61179901123046,56.29895261172529,-0.768756634063493,-1.6604663653361835,0.8917097312726905,161.93695927049447,150.86103725050162,156.39899826049805,2.1179791043992156,-0.005538266375543777,-0.005553659432976476,7106475.0
2022-10-06 00:00:00-04:00,159.41000366210938,159.94000244140625,158.9499969482422,159.6300048828125,5712600,155.83699798583984,156.4314987182617,160.5709991455078,55.712871139693505,-0.48582803657021145,-1.4255386995829893,0.9397106630127778,162.03688525292054,150.82611218360287,156.4314987182617,2.0374095607395617,-0.00112629171222689,-0.0011269264553861384,7161750.0
2022-10-07 00:00:00-04:00,158.4600067138672,158.97999572753906,157.67999267578125,157.8800048828125,5030000,156.3239990234375,156.3344985961914,160.4557992553711,50.237044877138395,-0.3982249697413067,-1.2200759536146528,0.8218509838733461,161.7664372938782,150.9025598985046,156.3344985961914,2.0311668926175392,-0.010962851258976669,-0.011023386142689101,7216860.0
2022-10-10 00:00:00-04:00,155.94000244140625,156.35000610351562,155.1199951171875,155.47999572753906,6110800,156.7489990234375,156.07699813842774,160.28339904785156,43.868932487530834,-0.5165056338175305,-1.0793618896552284,0.5628562558376979,161.14616890407177,151.0078273727837,156.07699813842774,2.0832270978323577,-0.015201476317757034,-0.015318203217156916,7295525.0
2022-10-11 00:00:00-04:00,155.49000549316406,156.80999755859375,154.9199981689453,155.16000366210938,5306700,157.11100006103516,155.90799865722656,160.0859991455078,43.08474278700342,-0.628815998255476,-0.9892527113752779,0.36043671311980197,160.8614979967916,150.95449931766152,155.90799865722656,2.0694251186763633,-0.002058091550185215,-0.002060212330939929,7234540.0
2022-10-12 00:00:00-04:00,155.50999450683594,156.2899932861328,155.25999450683594,155.99000549316406,3998500,157.24100036621093,155.8109992980957,159.92479919433595,45.79153964906357,-0.643431482465985,-0.9200884655934194,0.27665698312743436,160.67753536252573,150.9444632336657,155.8109992980957,2.0023225833440113,0.00534932850905423,0.005335071671709423,7129910.0
2022-10-13 00:00:00-04:00,153.47999572753906,155.72999572753906,152.9199981689453,154.91000366210938,7083800,157.26600036621093,155.80749969482423,159.7339993286133,42.93050521034667,-0.7337038001228393,-0.8828115324993033,0.14910773237646402,160.6765211075789,150.93847828206955,155.80749969482423,2.0785857791207785,-0.006923532232980256,-0.006947611087114204,6825040.0
2022-10-14 00:00:00-04:00,154.02000427246094,154.1999969482422,152.72000122070312,152.97999572753906,5471900,157.0970001220703,155.66449966430665,159.45019927978515,38.32251897223782,-0.9500294249749857,-0.8962551109944399,-0.053774313980545774,160.68688137158378,150.6421179570295,155.66449966430665,2.086544112141169,-0.012458897998479546,-0.012537160793022467,6741575.0
2022-10-17 00:00:00-04:00,154.9199981689453,155.3300018310547,153.32000732421875,153.4199981689453,4348000,156.59600067138672,155.53749923706056,159.2127993774414,39.906156663658926,-1.073588857382589,-0.9317218602720698,-0.1418669971105191,160.65119595164748,150.42380252247364,155.53749923706056,2.105362825810773,0.0028762090057179446,0.0028720806307473926,6679835.0
2022-10-18 00:00:00-04:00,154.0800018310547,154.24000549316406,153.24000549316406,153.75,4528400,155.9010009765625,155.47149887084962,158.9539993286133,41.12708641692919,-1.1318351172487553,-0.971744511667407,-0.16009060558134824,160.64139160302514,150.3016061386741,155.47149887084962,2.026408338252861,0.0021509701146735782,0.002148660090392182,6609070.0
2022-10-19 00:00:00-04:00,152.08999633789062,152.49000549316406,151.5399932861328,151.69000244140625,8257100,155.08900146484376,155.2664993286133,158.64379943847655,36.184860047748295,-1.3289015350117666,-1.043175916336279,-0.2857256186754875,160.6886157902543,149.8443828669723,155.2664993286133,2.0395225079395987,-0.013398358104674823,-0.013488925988338462,6631120.0
2022-10-20 00:00:00-04:00,151.9199981689453,153.22999572753906,151.27000427246094,151.4499969482422,5019800,154.27100067138673,155.0539993286133,158.33719940185546,35.64738107532851,-1.4872998613747086,-1.1320007053439651,-0.35529915603074347,160.7191803469241,149.38881831030247,155.0539993286133,2.0338417184494935,-0.0015822103586343728,-0.0015834633753089122,6583350.0
2022-10-21 00:00:00-04:00,151.97999572753906,154.30999755859375,151.8300018310547,154.14999389648438,6898400,153.89799957275392,155.1109992980957,158.09339935302734,45.461753350987536,-1.379067456114086,-1.1814140554979893,-0.19765340061609682,160.7153845459279,149.5066140502635,155.1109992980957,2.09285306787107,0.017827646105301076,0.01767059741452654,6448370.0
2022-10-24 00:00:00-04:00,153.4499969482422,154.05999755859375,153.05999755859375,153.64999389648438,4673300,153.71499938964843,155.23199920654298,157.80899932861328,44.11984848304271,-1.318440159045366,-1.2088192762074648,-0.10962088283790128,160.59530413060938,149.86869428247658,155.23199920654298,2.021220444301038,-0.003243594030472474,-0.0032488658845126403,6270010.0
2022-10-25 00:00:00-04:00,153.9600067138672,154.7899932861328,153.8300018310547,154.0,3434100,153.5989990234375,155.35499954223633,157.57479919433592,45.33621797701892,-1.2279944660866136,-1.2126543141832946,-0.015340151903318944,160.48158771020024,150.2284113742724,155.35499954223633,1.9582760832544237,0.002277944142005106,0.002275353560635257,6084150.0
2022-10-26 00:00:00-04:00,154.77999877929688,155.72999572753906,154.77999877929688,154.97999572753906,4448200,153.497998046875,155.36949920654297,157.3659991455078,48.70313211357339,-1.0649619196504432,-1.1831158352767244,0.11815391562628119,160.49011895675218,150.24887945633375,155.36949920654297,1.9419703435604692,0.006363608620383543,0.006343446354353355,5857700.0
2022-10-27 00:00:00-04:00,154.7100067138672,155.08999633789062,154.22000122070312,154.74000549316406,3654900,153.48099822998046,155.3734992980957,157.17379913330078,47.924655737336806,-0.9442380695477368,-1.1353402821309269,0.19110221258319005,160.49202040333944,150.25497819285198,155.3734992980957,1.8654006845338285,-0.001548523944967184,-0.0015497241473593686,5724595.0
2022-10-28 00:00:00-04:00,152.9600067138672,153.5399932861328,152.5,153.16000366210938,4645400,153.4989990234375,155.2979995727539,156.95859924316406,43.04630392002682,-0.9649333408101199,-1.1012588938667656,0.13632555305664562,160.49967115880023,150.09632798670756,155.2979995727539,1.8921581708645596,-0.010210687443231947,-0.01026317410117862,5615245.0
2022-10-31 00:00:00-04:00,152.16000366210938,152.8699951171875,151.88999938964844,151.91000366210938,6097800,153.3479995727539,154.9720001220703,156.7423992919922,39.610986436388885,-1.0698662930435034,-1.094980373702113,0.02511408065860965,160.16489062932393,149.7791096148167,154.9720001220703,1.8477186066928724,-0.008161399648159207,-0.008194886192774814,5402025.0
2022-11-01 00:00:00-04:00,153.82000732421875,153.97999572753906,152.8699951171875,153.4600067138672,4603600,153.31900024414062,154.61000061035156,156.57879943847655,45.42688688959947,-1.0162395444474441,-1.0792322078511793,0.06299266340373522,159.11967604429907,150.10032517640406,154.61000061035156,1.8635952823169306,0.010203429757038585,0.010151726172797497,5230980.0
2022-11-02 00:00:00-04:00,154.16000366210938,155.4199981689453,152.25999450683594,152.38999938964844,7210900,153.38899993896484,154.2390007019043,156.3711993408203,42.39174366444524,-1.047999917770568,-1.0729857498350572,0.024985832064489344,158.1587323538057,150.3192690500029,154.2390007019043,1.9561958808735338,-0.006972548399621914,-0.006996970202892216,5326710.0
2022-11-03 00:00:00-04:00,150.6999969482422,151.9600067138672,150.57000732421875,151.80999755859375,5378800,153.425,153.84800033569337,156.14239929199218,40.800421324889726,-1.1072083344723183,-1.0798302667625095,-0.027378067709808773,157.0292260610606,150.66677461032614,153.84800033569337,1.946467036913259,-0.003806036048150885,-0.003813297433937162,5310020.0
2022-11-04 00:00:00-04:00,154.9499969482422,156.60000610351562,154.66000366210938,156.47000122070312,7692000,153.65700073242186,153.7775001525879,155.99679931640625,55.31438912543138,-0.7692407524666862,-1.017712363903345,0.24847161143665875,156.64523124302633,150.90976906214945,153.7775001525879,2.14957714462816,0.030696289684813083,0.0302345832528433,5443120.0
2022-11-07 00:00:00-05:00,156.22000122070312,156.57000732421875,155.80999755859375,155.85000610351562,4425700,153.877001953125,153.7960006713867,155.87859954833985,53.43724218147899,-0.5451433599306199,-0.9231985631088,0.3780552031781801,156.71179738533377,150.88020395743965,153.7960006713867,2.05032233184222,-0.003962389674382338,-0.003970260739379374,5358865.0
2022-11-08 00:00:00-05:00,155.99000549316406,159.8699951171875,155.97999572753906,159.4499969482422,11299600,154.42200164794923,154.01050033569337,155.83039947509766,61.58841635847109,-0.07617726295202942,-0.753794303077446,0.6776170401254166,157.79722240116274,150.223778270224,154.01050033569337,2.1910128091157666,0.023099074133724695,0.022836328940686813,5658510.0
2022-11-09 00:00:00-05:00,159.36000061035156,160.35000610351562,158.4499969482422,158.64999389648438,6040600,154.78900146484375,154.14349975585938,155.7931994628906,59.111954034307544,0.2282965269958197,-0.5573761370627929,0.7856726640586126,158.3612954579398,149.92570405377896,154.14349975585938,2.1702268338413147,-0.0050172660211307285,-0.005029894759161607,5760615.0
2022-11-10 00:00:00-05:00,162.00999450683594,163.50999450683594,161.66000366210938,163.47999572753906,9939900,155.66300048828126,154.57199935913087,155.8773992919922,67.5862294832319,0.8495419896659371,-0.27599251171704686,1.125534501382984,160.4347528677351,148.70924585052663,154.57199935913087,2.362353532163475,0.030444387121793204,0.029990153003992607,5903420.0
2022-11-11 00:00:00-05:00,163.91000366210938,164.5800018310547,163.4199981689453,164.55999755859375,4622400,156.8029998779297,155.1509994506836,156.01119934082033,69.1270303221305,1.4127453672874424,0.06175506408385098,1.3509903032035915,162.39503429132822,147.90696461003898,155.1509994506836,2.2764713985881824,0.006606324071935177,0.00658459794711783,5860945.0
2022-11-14 00:00:00-05:00,164.1999969482422,165.24000549316406,164.14999389648438,164.9199981689453,6187600,158.10399932861327,155.7259994506836,156.1243994140625,69.64500736703332,1.8666199099273513,0.4227280332525511,1.4438918766748001,164.07111388228225,147.38088501908493,155.7259994506836,2.191724269880433,0.002187655661719301,0.0021852662272774694,5952925.0
2022-11-15 00:00:00-05:00,165.27000427246094,166.22999572753906,164.55999755859375,165.5,9903500,159.30799865722656,156.3134994506836,156.2677993774414,70.50364759467111,2.2472155533911575,0.7876255372802724,1.459590016110885,165.61863848555367,147.0083604158135,156.3134994506836,2.1544581198136386,0.0035168677995043307,0.0035106980811025834,6221680.0
2022-11-16 00:00:00-05:00,165.41000366210938,165.7100067138672,164.8300018310547,165.1199951171875,3645800,160.58099822998048,156.98499908447266,156.37139923095702,69.12404270385889,2.48947994946019,1.127996419716256,1.3614835297439338,166.78385073614174,147.18614743280358,156.98499908447266,2.0634257457421286,-0.0022961020109516506,-0.0022987420952167376,5991115.0
2022-11-17 00:00:00-05:00,163.7899932861328,164.11000061035156,163.39999389648438,163.9199981689453,4574400,161.79199829101563,157.6084991455078,156.47019927978516,64.8111512985054,2.5551918428230636,1.4134355043376177,1.1417563384854459,167.50567435450992,147.7113239365057,157.6084991455078,2.038895422525057,-0.007267423593311895,-0.007293959961673216,5968845.0
2022-11-18 00:00:00-05:00,163.3800048828125,163.69000244140625,162.67999267578125,162.7899932861328,4321100,162.4239974975586,158.04049911499024,156.52959899902345,60.95433584348943,2.4874136849448405,1.6282311404590621,0.8591825444857784,168.04974013604254,148.03125809393794,158.04049911499024,1.9818318561421289,-0.006893636502166456,-0.006917507382313755,5839980.0
2022-11-21 00:00:00-05:00,162.44000244140625,162.5,161.27999877929688,161.8800048828125,4766500,163.0269973754883,158.45199966430664,156.55459899902343,57.96296709438107,2.3333728773971245,1.7692594878466745,0.56411338955045,168.3817845916174,148.5222147369959,158.45199966430664,1.9481291883345437,-0.005589952950737276,-0.0056056352070885974,5844640.0
2022-11-22 00:00:00-05:00,162.3000030517578,162.60000610351562,161.72000122070312,162.07000732421875,3203800,163.28899841308595,158.8555000305176,156.62519927978516,58.42178378593111,2.201251381027191,1.855657866482778,0.3455935145444131,168.68419853051023,149.02680153052495,158.8555000305176,1.8718345950829691,0.00117372396636517,0.0011730356909015207,5833125.0
2022-11-23 00:00:00-05:00,161.69000244140625,163.24000549316406,161.55999755859375,163.0800018310547,4167000,163.73199920654298,159.26050033569337,156.72819946289061,60.86688100390396,2.153221264689762,1.915170546124175,0.2380507185655869,169.0845824600984,149.43641821128833,159.26050033569337,1.8581326907606364,0.006231840940288613,0.006212503317279542,5819065.0
2022-11-25 00:00:00-05:00,162.85000610351562,163.42999267578125,162.75999450683594,163.22000122070312,1436500,163.70599975585938,159.68450012207032,156.8929995727539,61.207423035468565,2.1022207400704076,1.9525805849134217,0.14964015515698592,169.42318797203632,149.94581227210432,159.68450012207032,1.773265939202399,0.000858470616118101,0.000858102340972588,5708145.0
2022-11-28 00:00:00-05:00,162.92999267578125,163.05999755859375,161.91000366210938,161.92999267578125,4052900,163.44299926757813,160.1229995727539,157.01479949951172,56.34211302936846,1.935399468023661,1.9491443615354695,-0.01374489351180852,169.42716802117644,150.81883112433138,160.1229995727539,1.7401753405874956,-0.007903495498554403,-0.007934893665371402,5678520.0
2022-11-29 00:00:00-05:00,162.6999969482422,163.6300048828125,162.60000610351562,162.72999572753906,2620600,163.2239990234375,160.66399917602538,157.15019927978517,58.54295329633598,1.8464611140757086,1.9286077120435174,-0.08214659796780888,169.2235233250784,152.10447502697238,160.66399917602538,1.737306545333478,0.004940425418036076,0.004928261563008794,5504660.0
2022-11-30 00:00:00-05:00,163.69000244140625,164.80999755859375,162.39999389648438,164.80999755859375,4874700,163.15499877929688,161.23149871826172,157.34499908447265,63.67083485966012,1.921663847629958,1.9272189391608054,-0.005555091530847545,169.29596334867287,153.16703408785057,161.23149871826172,1.7853563393888991,0.012781920270785507,0.012700921015012892,5518215.0
2022-12-01 00:00:00-05:00,167.47999572753906,167.9499969482422,166.97999572753906,167.83999633789062,8625800,163.4269989013672,162.00399856567384,157.5859991455078,69.57471691088946,2.200393369445351,1.9818538252177147,0.2185395442276361,169.47049652658558,154.5375006047621,162.00399856567384,1.8821165572645806,0.01838479961277617,0.01821784239630758,5588960.0
2022-12-02 00:00:00-05:00,166.17999267578125,167.47000122070312,165.75999450683594,167.25999450683594,5185900,163.76099853515626,162.77649841308593,157.8171990966797,67.31946778526148,2.347427539678762,2.054968568109924,0.2924589715688377,168.949272109207,156.60372471696488,162.77649841308593,1.8962512196781596,-0.0034556830535615868,-0.0034616677176241193,5579315.0
2022-12-05 00:00:00-05:00,166.5500030517578,166.72000122070312,164.32000732421875,164.38999938964844,5436200,163.9209991455078,163.1724983215332,158.04479919433595,57.403834523712334,2.2069284609728186,2.085360546682503,0.12156791429031566,168.65357185746848,157.69142478559792,163.1724983215332,1.9708037884595186,-0.017158885635801036,-0.01730780530272015,5466525.0
2022-12-06 00:00:00-05:00,165.1999969482422,165.5399932861328,164.4499969482422,164.83999633789062,3597800,164.2169982910156,163.62199783325195,158.31699920654296,58.437533737388875,2.1075978457670033,2.0898080064994033,0.017789839267599916,167.98849520901135,159.25550045749256,163.62199783325195,1.9121745104612942,0.0027373742314797944,0.0027336344458788004,5425130.0
2022-12-07 00:00:00-05:00,165.47000122070312,166.63999938964844,165.32000732421875,166.3300018310547,4610700,164.64299774169922,163.96599807739258,158.6127993774414,61.747660786290886,2.1246173421884293,2.096769873637209,0.027847468551220445,168.0376676998149,159.89432845497026,163.96599807739258,1.9041622634110456,0.009039101712364994,0.008998493556537802,5090685.0
2022-12-08 00:00:00-05:00,166.5800018310547,167.0500030517578,166.07000732421875,166.47000122070312,3217900,164.98199768066405,164.35699844360352,158.84839935302733,62.053461486027096,2.1249075845169045,2.102397415813148,0.022510168703756328,167.75832092562476,160.95567596158227,164.35699844360352,1.8381503679916182,0.0008416965556858891,0.0008413425277820795,4949550.0
2022-12-09 00:00:00-05:00,167.25999450683594,168.08999633789062,166.60000610351562,167.05999755859375,5431300,165.36599731445312,164.53599853515624,159.09639923095702,63.3820259919683,2.1479847462354087,2.1115148818976004,0.0364698643378083,168.1064669338303,160.9655301364822,164.53599853515624,1.8225678500770381,0.003544160110315664,0.0035378943750204003,4724120.0
2022-12-12 00:00:00-05:00,166.44000244140625,166.60000610351562,165.42999267578125,165.67999267578125,3504400,165.74099731445312,164.5919982910156,159.31659912109376,58.245289597334924,2.0315008253490987,2.0955120705879002,-0.06401124523880153,168.1971792883355,160.98681729369574,164.5919982910156,1.8088133524152854,-0.008260534556326027,-0.008294841833501867,4668220.0
2022-12-13 00:00:00-05:00,169.2100067138672,169.7899932861328,168.02000427246094,168.50999450683594,6750200,166.31899719238282,164.77149810791016,159.51819915771483,64.584130450591,2.1428426194357257,2.1049781803574654,0.037864439078260315,168.7611185625183,160.78187765330202,164.77149810791016,1.9731838708393052,0.017081132038632596,0.016936889733695327,4696350.0
2022-12-14 00:00:00-05:00,168.42999267578125,168.80999755859375,167.13999938964844,168.10000610351562,5643000,166.647998046875,164.90149841308593,159.6661993408203,63.089845657246826,2.172950732265093,2.118572690738991,0.05437804152610237,169.13931874297847,160.6636780831934,164.90149841308593,1.9515277492754488,-0.0024330212847030186,-0.0024359858905979824,4483325.0
2022-12-15 00:00:00-05:00,165.72999572753906,166.2100067138672,165.10000610351562,165.35000610351562,8363000,166.3989990234375,164.91299896240236,159.77699951171874,54.055561478760744,1.9524035188719608,2.085338856365585,-0.13293533749362396,169.15437559807697,160.67162232672774,164.91299896240236,2.0264186243272024,-0.01635930934057528,-0.016494600382901816,4719185.0
2022-12-16 00:00:00-05:00,166.02000427246094,166.97999572753906,165.83999633789062,166.7899932861328,5372000,166.35199890136718,165.0564987182617,159.92019927978515,57.48839249771266,1.8722312777172192,2.042717340635912,-0.17048606291869284,169.34768951674894,160.76530791977447,165.0564987182617,1.9981022671626476,0.008708721678036602,0.008671019495160068,4759065.0
2022-12-19 00:00:00-05:00,166.7100067138672,167.11000061035156,165.99000549316406,166.32000732421875,3940500,166.5449996948242,165.232999420166,160.08899932861328,56.017258371821356,1.7505905416431062,1.9842919808373511,-0.2337014391942449,169.42604007136677,161.03995876896525,165.232999420166,1.9353803278787083,-0.0028178306902848504,-0.0028218082489996433,4740035.0
2022-12-20 00:00:00-05:00,168.10000610351562,169.52999877929688,168.02999877929688,169.0800018310547,7803100,166.96900024414063,165.59299926757814,160.3609994506836,62.143821230350106,1.8555087228523632,1.9585353292403538,-0.10302660638799055,169.80898804584203,161.37701048931424,165.59299926757814,2.026423979821524,0.016594482836064905,0.016458298941440037,4891865.0
2022-12-21 00:00:00-05:00,169.0399932861328,169.7100067138672,168.67999267578125,168.8000030517578,3990100,167.21600036621095,165.92949905395508,160.63379943847656,61.21227223632652,1.8942280935669658,1.9456738821056763,-0.05144578853871051,170.04001157203277,161.8189865358774,165.92949905395508,1.9552518411261246,-0.0016560135809358112,-0.0016573862871153066,4931180.0
2022-12-22 00:00:00-05:00,167.75999450683594,167.75999450683594,166.05999755859375,166.75999450683594,5672700,167.24499969482423,166.11349868774414,160.84919921875,54.77037233860086,1.7402414135511037,1.9045873883947617,-0.16434597484365798,170.02181128464872,162.20518609083956,166.11349868774414,2.0113056734145487,-0.012085358459954287,-0.012158980168932585,5006465.0
2022-12-23 00:00:00-05:00,166.8800048828125,167.8000030517578,166.66000366210938,167.25999450683594,2912300,167.26499938964844,166.31549835205078,161.09619903564453,55.99279655035753,1.6396508076862517,1.8516000722530597,-0.21194926456680796,170.01686524981804,162.61413145428352,166.31549835205078,1.949069510288398,0.002998321039039853,0.002993835039254722,5080255.0
2022-12-27 00:00:00-05:00,167.88999938964844,170.61000061035156,167.8000030517578,168.6699981689453,6885700,167.56399993896486,166.652498626709,161.40999908447264,59.33089019945074,1.6546339492688276,1.8122068476562134,-0.15757289838738586,169.8941096523629,163.41088760105507,166.652498626709,2.0491364098046283,0.008430011409881644,0.008394677302769623,5221895.0
2022-12-28 00:00:00-05:00,168.0500030517578,168.33999633789062,167.10000610351562,167.91000366210938,3662500,167.50400085449218,166.9114990234375,161.69979919433592,56.828716312485845,1.586890308091398,1.7671435397432504,-0.18025323165185236,169.64623396555365,164.17676408132135,166.9114990234375,2.014911813777847,-0.004505807286929064,-0.004515989032750605,5273990.0
2022-12-29 00:00:00-05:00,168.5399932861328,169.35000610351562,168.52000427246094,168.85000610351562,3345900,167.5790008544922,167.1134994506836,162.00179931640625,59.12486013005224,1.59071653545098,1.7318581388847964,-0.14114160343381643,169.79377159577538,164.43322730559183,167.1134994506836,1.9738468586084472,0.005598251568726287,0.005582639597805041,5197550.0
2022-12-30 00:00:00-05:00,169.25999450683594,169.89999389648438,168.8000030517578,169.63999938964844,2864500,168.00800018310548,167.2034996032715,162.3607992553711,61.00211929179782,1.63860587560427,1.7132076862286911,-0.07460181062442106,170.0883807974951,164.3186184090479,167.2034996032715,1.9114285719025983,0.0046786689817972515,0.004667758029330661,4909485.0
2023-01-03 00:00:00-05:00,171.32000732421875,172.08999633789062,170.02000427246094,171.05999755859375,7992900,168.43500061035155,167.39349975585938,162.75299926757813,64.18606793215204,1.7707286498783503,1.724711878958623,0.04601677091972722,170.7329632208349,164.05403629088386,167.39349975585938,1.9498977416411403,0.008370656531798915,0.008335816871946341,5049835.0
2023-01-04 00:00:00-05:00,172.86000061035156,173.08999633789062,171.85000610351562,172.6699981689453,7574600,169.06999969482422,167.80749969482423,163.12339935302734,67.43267734652423,1.9824974972165421,1.776269002610207,0.20622849460633508,171.57983539658096,164.0351639930675,167.80749969482423,1.9556192443308356,0.0094119059589024,0.009367889939565922,5156755.0
2023-01-05 00:00:00-05:00,170.82000732421875,171.0,169.7899932861328,170.52000427246094,4692600,169.21399993896483,168.09150009155275,163.4607995605469,59.655462050131064,1.9543112121099,1.8118774445101458,0.14243376759975424,171.78178635787924,164.40121382522625,168.09150009155275,2.0216467899366686,-0.012451461859522062,-0.01252963086748756,5211495.0
2023-01-06 00:00:00-05:00,171.75999450683594,173.9600067138672,171.22999572753906,173.7100067138672,7889000,169.7050003051758,168.46050033569335,163.85499969482422,65.93344836709889,2.164429716687181,1.882387898945553,0.28204181774162795,172.79253405155768,164.12846661982903,168.46050033569335,2.1229579078987815,0.01870749684189077,0.01853466381119925,5375410.0
2023-01-09 00:00:00-05:00,174.50999450683594,175.0399932861328,173.8800048828125,174.10000610351562,5134500,170.43900146484376,168.84200057983398,164.23739990234375,66.61738145354715,2.3354976733884882,1.97300985383414,0.36248781955434817,173.71567825546788,163.96832290420008,168.84200057983398,2.066317098210699,0.0022451175785793698,0.0022426010679794787,5471240.0
2023-01-10 00:00:00-05:00,174.61000061035156,174.97999572753906,174.05999755859375,174.74000549316406,4398400,171.18700256347657,169.2260009765625,164.63739990234376,67.76121904870747,2.493963999056433,2.0772006828785985,0.4167633161778346,174.6560188683574,163.79598308476758,169.2260009765625,1.9844371746917429,0.0036760446135073455,0.003669304474491391,5419595.0
2023-01-11 00:00:00-05:00,174.75999450683594,174.7899932861328,173.72000122070312,174.6199951171875,3374200,171.7820022583008,169.67300109863282,165.0665997314453,67.29557463989488,2.580123808273271,2.177785307957533,0.40233850031573803,175.32897647452214,164.0170257227435,169.67300109863282,1.9191196668873103,-0.000686793935011365,-0.0006870298860052756,5413085.0
2023-01-12 00:00:00-05:00,176.00999450683594,176.7100067138672,174.8800048828125,176.63999938964844,6936900,172.65500183105468,170.07950134277343,165.56119964599608,70.91812002190858,2.779364753944094,2.2981011971548453,0.4812635567892487,176.4643571617885,163.69464552375834,170.07950134277343,1.9313262333010515,0.011568000967502767,0.011501603213231942,5422420.0
2023-01-13 00:00:00-05:00,176.9600067138672,178.8300018310547,176.88999938964844,178.75999450683594,7468800,173.64600067138673,170.61250076293945,166.06719940185548,74.15383779063166,3.0729079571490843,2.4530625491536933,0.619845407995391,177.95528922072847,163.26971230515042,170.61250076293945,1.9498031053085658,0.012001783992939385,0.011930333702592914,5513710.0
2023-01-17 00:00:00-05:00,178.2100067138672,178.24000549316406,177.08999633789062,177.58999633789062,6610800,174.44100036621094,171.2245002746582,166.5711993408203,69.55436999783572,3.174539866899238,2.597358012702802,0.5771818541964358,178.74890640524836,163.70009414406803,171.2245002746582,1.9298170384254762,-0.00654507834469964,-0.006566591290624395,5426100.0
2023-01-18 00:00:00-05:00,178.9199981689453,179.17999267578125,176.89999389648438,177.0800018310547,5384700,175.04300079345703,171.7390007019043,167.07659942626952,67.58648898600177,3.177305592033946,2.713347528569031,0.46395806346491497,179.3863697990941,164.0916316047145,171.7390007019043,1.9548300199162905,-0.0028717524486322477,-0.0028758838411488395,5426735.0
2023-01-19 00:00:00-05:00,178.3699951171875,180.02999877929688,178.08999633789062,179.88999938964844,6678700,175.76500091552734,172.4175003051758,167.54499938964844,72.24586020802896,3.3674232093687806,2.844162664728981,0.5232605446397995,180.42096613805944,164.41403447229214,172.4175003051758,2.025913371939569,0.015868520044824974,0.015743931377470842,5563645.0
2023-01-20 00:00:00-05:00,179.05999755859375,179.66000366210938,178.64999389648438,179.2899932861328,5754800,176.64199981689453,172.9279998779297,168.01379913330078,69.93419350886376,3.4301368305402207,2.961357497891229,0.4687793326489915,181.3084222315296,164.5475775243298,172.9279998779297,1.9697770948841757,-0.003335405556458948,-0.0033409804213138158,5461230.0
2023-01-23 00:00:00-05:00,178.35000610351562,179.69000244140625,177.77999877929688,179.6300048828125,5265500,177.23399963378907,173.46949996948243,168.41739929199218,70.51004319123955,3.4673049878252016,3.062546995878024,0.40475799194717776,182.1085908988469,164.83040904011796,173.46949996948243,1.96550756397169,0.0018964337632443318,0.0018946378029897782,5525000.0
2023-01-24 00:00:00-05:00,179.55999755859375,180.32000732421875,178.35000610351562,180.27999877929688,4604600,177.85199890136718,174.14550018310547,168.84999938964845,71.62874676677008,3.5087632567813785,3.1517902480586946,0.3569730087226839,182.69413007494157,165.59687029126937,174.14550018310547,1.9658285394525066,0.003618515163479552,0.0036119840879409123,5471595.0
2023-01-25 00:00:00-05:00,179.35000610351562,181.22000122070312,179.2899932861328,181.11000061035156,6925300,178.48899841308594,174.83800048828124,169.2025994873047,73.03540701364086,3.5674698727510474,3.2349261729971652,0.3325436997538822,183.2866490129598,166.38935196360268,174.83800048828124,1.963269924818064,0.004603959599926544,0.004593393795208086,5672245.0
2023-01-26 00:00:00-05:00,180.14999389648438,180.27000427246094,178.4600067138672,179.47000122070312,5860100,178.9739990234375,175.37800064086915,169.50079956054688,66.06538741250739,3.441983995231084,3.2763377374439493,0.1656462577871345,183.55696737690238,167.19903390483591,175.37800064086915,2.0123216370799435,-0.009055266877154966,-0.009096515003608065,5620965.0
2023-01-27 00:00:00-05:00,179.27000427246094,179.72000122070312,178.25999450683594,179.22000122070312,6052700,179.23199920654298,175.94350051879883,169.78679962158202,65.04631683835719,3.2845009402484493,3.2779703780048495,0.0065305622435998245,183.52072523088964,168.36627580670802,175.94350051879883,1.9728705711361751,-0.0013929904624704337,-0.0013939615756237058,5740475.0
2023-01-30 00:00:00-05:00,179.2899932861328,179.42999267578125,178.64999389648438,178.75999450683594,4210700,179.23199920654298,176.43899993896486,170.05199951171875,63.11707796070312,3.0869908779422133,3.2397744779923223,-0.15278360005010905,183.36397291428966,169.51402696364005,176.43899993896486,1.8876654431476538,-0.002566715270248765,-0.002570014931290955,5783715.0
2023-01-31 00:00:00-05:00,178.82000732421875,179.6999969482422,178.5399932861328,179.41000366210938,5976900,179.41399993896485,176.9275001525879,170.33779968261717,64.70986109860122,2.948919726095113,3.181603527612881,-0.2326838015177679,183.21405817783557,170.64094212734022,176.9275001525879,1.8356896016449196,0.0036362115419990015,0.0036296165072691286,5939335.0
2023-02-01 00:00:00-05:00,179.75,181.72999572753906,178.6300048828125,181.6699981689453,7996000,179.8729995727539,177.45800018310547,170.6927996826172,69.62192659746196,2.9874228615055927,3.1427673943914236,-0.15534453288583094,183.4586527163067,171.45734764990425,177.45800018310547,1.9259968332936084,0.012596814339808304,0.012518134528387544,5939490.0
2023-02-02 00:00:00-05:00,181.0800018310547,181.11000061035156,177.74000549316406,177.89999389648438,8842400,179.6739990234375,177.71949996948243,170.99499969482423,55.695234845797245,2.6828033491492818,3.050774585342995,-0.3679712361937133,183.3041558498502,172.13484408911467,177.71949996948243,2.069139393471297,-0.02075193653580043,-0.0209702840085377,6002880.0
2023-02-03 00:00:00-05:00,174.9199981689453,175.42999267578125,173.1199951171875,173.4600067138672,13674400,179.09100036621095,177.86650009155272,171.2265997314453,44.42456625472321,2.059381068785001,2.8524958820313966,-0.7931148132463957,182.80249584309178,172.93050434001367,177.86650009155272,2.2627722067445526,-0.024957770292002968,-0.025274496401227434,6451970.0
2023-02-06 00:00:00-05:00,174.11000061035156,174.4600067138672,173.27999877929688,173.82000732421875,8957000,178.51000061035157,177.87200012207032,171.46159973144532,45.389536029900505,1.5761940765187035,2.5972355209288582,-1.0210414444101548,182.78966891544562,172.95433132869502,177.87200012207032,2.18543190158925,0.0020754098721176284,0.002073259184240806,6505370.0
2023-02-07 00:00:00-05:00,173.72000122070312,175.27000427246094,173.47000122070312,173.97999572753906,6794200,177.88000030517577,177.8659996032715,171.679599609375,45.839608650256956,1.1924290512015432,2.316274226983395,-1.123845175781852,182.80232153388354,172.92967767265944,177.8659996032715,2.1579012694584327,0.000920425708082595,0.0009200023760844002,6588355.0
2023-02-08 00:00:00-05:00,174.94000244140625,174.99000549316406,173.8300018310547,174.41000366210938,4075600,177.21000061035156,177.84949951171876,171.9033996582031,47.10150218558723,0.9124721395232882,2.035513809491374,-1.1230416699680856,182.82951948600973,172.8694795374278,177.84949951171876,2.0866228689335,0.002471594120761589,0.002468544755507998,6572215.0
2023-02-09 00:00:00-05:00,175.49000549316406,175.52000427246094,172.8699951171875,173.02999877929688,5361300,176.56600036621094,177.7699996948242,172.12539978027343,43.59131909369135,0.5726482763085698,1.742940702854813,-1.170292426546243,182.9982781682699,172.5417212213785,177.7699996948242,2.12686474652921,-0.007912418174625069,-0.007943887464013586,6671570.0
2023-02-10 00:00:00-05:00,173.6300048828125,173.67999267578125,172.6300048828125,173.36000061035156,2971100,175.9800003051758,177.6059997558594,172.3379998779297,44.65351702287994,0.32620353494175447,1.4595932692722013,-1.1333897343304469,183.16131703960156,172.05068247211722,177.6059997558594,2.049944964132034,0.0019071943211166342,0.0019053779351280687,6473280.0
2023-02-13 00:00:00-05:00,172.6999969482422,172.89999389648438,172.07000732421875,172.47999572753906,3970800,175.35200042724608,177.29199981689453,172.4913998413086,42.36266921124682,0.059202809202759,1.1795151772583128,-1.1203123680555538,183.24649467027882,171.33750496351024,177.29199981689453,1.9956627014178039,-0.005076170279846859,-0.005089097798950408,6298380.0
2023-02-14 00:00:00-05:00,171.97000122070312,173.50999450683594,171.41000366210938,172.61000061035156,5403100,174.6720001220703,177.0430000305176,172.5867999267578,42.82929994957875,-0.14028970959006415,0.9155541998886375,-1.0558439094787015,183.3338241667676,170.75217589426757,177.0430000305176,2.0031147116541437,0.0007537389032514774,0.000753454984742333,6237995.0
2023-02-15 00:00:00-05:00,170.60000610351562,170.99000549316406,170.16000366210938,170.88999938964844,5423800,173.59400024414063,176.73349990844727,172.65940002441405,38.399822686356636,-0.43219659850561243,0.6460040402097875,-1.0782006387154,183.5718415613364,169.89515825555813,176.73349990844727,2.0350348714104323,-0.00996466725346834,-0.010014646847400324,6239950.0
2023-02-16 00:00:00-05:00,170.33999633789062,171.60000610351562,169.9600067138672,170.75,4540400,172.87900085449218,176.27649993896483,172.78660003662108,38.05483514121392,-0.6671413021178978,0.3833749717442505,-1.0505162738621483,183.42459598680333,169.12840389112634,176.27649993896483,2.0068180512845752,-0.0008192368783922488,-0.0008195726363130796,6133035.0
2023-02-17 00:00:00-05:00,169.8699951171875,171.47000122070312,169.52000427246094,171.25999450683594,4809800,172.65899963378905,175.875,172.915,40.16376668936536,-0.8029287154896849,0.14611423429746345,-0.9490429497871484,183.20079724157037,168.54920275842963,175.875,2.002759401067262,0.002986790669610162,0.002982339072148569,6085785.0
2023-02-21 00:00:00-05:00,171.1999969482422,171.5,170.33999633789062,170.6199951171875,4035900,172.33899841308593,175.42449951171875,173.00079986572266,38.397109256698315,-0.9512187631405311,-0.07335236519013545,-0.8778663979503957,182.8782573153049,167.9707417081326,175.42449951171875,1.9425625625702698,-0.003737004613899475,-0.0037440046605545256,6024305.0
2023-02-22 00:00:00-05:00,170.80999755859375,170.9600067138672,169.55999755859375,169.66000366210938,4105700,171.90699920654296,174.89349975585938,173.06459991455077,35.849824842394,-1.1331408394755442,-0.28531006004721726,-0.847830779428327,182.40092077004084,167.38607874167792,174.89349975585938,1.9038087477633532,-0.005626488586046308,-0.0056423768979153,5999360.0
2023-02-23 00:00:00-05:00,169.83999633789062,170.1300048828125,169.0800018310547,169.57000732421875,5073500,171.4229995727539,174.31650009155274,173.11480010986327,35.611313490012975,-1.2699382898891542,-0.48223570601560467,-0.7877025838735496,181.59445266029763,167.03854752280785,174.31650009155274,1.8428226266201002,-0.0005304511136865475,-0.0005305918526508474,5906770.0
2023-02-24 00:00:00-05:00,168.4199981689453,168.83999633789062,168.19000244140625,168.35000610351562,6496500,170.9550003051758,173.76050033569337,173.16820037841796,32.458683325090135,-1.4599655830055838,-0.6777816814136005,-0.7821839015919833,181.07761356449225,166.44338710689448,173.76050033569337,1.8097642163481287,-0.00719467575637045,-0.0072206822499255125,5938590.0
2023-02-27 00:00:00-05:00,168.8800048828125,169.22999572753906,168.5500030517578,169.00999450683594,4509200,170.5199996948242,173.25,173.17820037841796,35.771326875211386,-1.539560933381722,-0.8501375318072248,-0.6894234015744971,180.39492370675916,166.10507629324084,173.25,1.7433517454677936,0.003920334893926292,0.003912670406128105,5861415.0
2023-02-28 00:00:00-05:00,168.77999877929688,170.25,168.58999633789062,169.77999877929688,6761600,170.25,172.80100021362304,173.21180023193358,39.49957755087567,-1.5229522666894297,-0.984700478783666,-0.5382517879057638,179.62593283922507,165.976067588021,172.80100021362304,1.7373983109421922,0.00455596886271592,0.004545621851780495,5988960.0
2023-03-01 00:00:00-05:00,170.9499969482422,171.49000549316406,170.47000122070312,170.75999450683594,6590500,170.06499938964845,172.36849975585938,173.32,43.95823103382097,-1.4144078997998975,-1.0706419629869124,-0.34376593681298506,178.52713875345867,166.20986075826008,172.36849975585938,1.7354417682939776,0.005772150633673867,0.005755555600934512,6019640.0
2023-03-02 00:00:00-05:00,170.52000427246094,170.97999572753906,170.36000061035156,170.66000366210938,3950700,170.04199981689453,171.81800003051757,173.39740020751952,43.605126250550335,-1.3212238860064929,-1.1207583475908285,-0.2004655384156644,176.28978398628837,167.34621607474676,171.81800003051757,1.6557670075006576,-0.0005855636445488699,-0.000585735153896139,5817375.0
2023-03-03 00:00:00-05:00,171.4499969482422,172.60000610351562,170.97999572753906,172.49000549316406,6894500,170.21600036621095,171.54750061035156,173.52080017089844,51.31327252938511,-1.087176733280728,-1.1140420247288083,0.026865291448080253,175.068347155301,168.0266540654021,171.54750061035156,1.6760695384939142,0.010723085619275707,0.010666001055863707,5719980.0
2023-03-06 00:00:00-05:00,172.32000732421875,172.3699951171875,171.5399932861328,171.6199951171875,4264100,170.2520004272461,171.45550003051758,173.5716000366211,47.95726939766756,-0.9608195156016279,-1.0833975229033723,0.1225780073017444,174.86607463574626,168.0449254252889,171.45550003051758,1.6242083005322954,-0.005043830646819902,-0.0050565936951402655,5249465.0
2023-03-07 00:00:00-05:00,170.4199981689453,170.47000122070312,168.52000427246094,168.6199951171875,8713300,170.0520004272461,171.19549942016602,173.56799987792968,38.58590472560727,-1.0901884246495968,-1.0847557032526174,-0.0054327213969793675,174.63809386950342,167.7529049708286,171.19549942016602,1.7296213394033144,-0.017480480627863337,-0.017635068390636166,5237280.0
2023-03-08 00:00:00-05:00,168.61000061035156,169.58999633789062,168.52000427246094,168.5399932861328,5718600,169.93999938964845,170.9234992980957,173.60359985351562,38.3705720086396,-1.1855039447610807,-1.1049053515543101,-0.08059859320677054,174.30213495548855,167.54486364070283,170.9234992980957,1.6825049626909123,-0.00047445044105887124,-0.0004745630282821619,5183500.0
2023-03-09 00:00:00-05:00,169.75,170.64999389648438,169.7100067138672,170.1999969482422,5583000,170.00299835205078,170.71299896240234,173.66239990234374,45.203795325060234,-1.114249385537562,-1.1067741583509605,-0.00747522718660143,173.69821016667078,167.7277877581339,170.71299896240234,1.7130403660952445,0.009849316056938173,0.00980112770009771,5258870.0
2023-03-10 00:00:00-05:00,171.92999267578125,173.8800048828125,171.9199981689453,173.8699951171875,13803400,170.55499725341798,170.75499877929687,173.76639984130858,56.6480517792439,-0.7529617785316418,-1.0360116823870968,0.28304990385545503,173.8893340053984,167.62066355319533,170.75499877929687,1.8535380495577491,0.021562856843419187,0.021333667247723984,5680975.0
2023-03-13 00:00:00-04:00,176.66000366210938,178.02000427246094,176.3000030517578,177.86000061035156,20554400,171.43999786376952,170.97999877929686,173.96539978027343,65.16596506602185,-0.14302989007194356,-0.8574153239240662,0.7143854338521226,175.26492125298054,166.69507630561318,170.97999877929686,2.0175716999660125,0.022948211912439564,0.022688861946558777,6560140.0
2023-03-14 00:00:00-04:00,177.35000610351562,177.58999633789062,176.2100067138672,176.8300018310547,10019000,172.1449981689453,171.19749908447267,174.12499969482423,61.79079045115528,0.2543017995758703,-0.6350718992240789,0.8893736987999492,176.15389334306843,166.2411048258769,171.19749908447267,1.991316142574467,-0.005791064746217711,-0.005807897981361377,6862550.0
2023-03-15 00:00:00-04:00,178.86000061035156,180.1300048828125,177.49000549316406,178.2100067138672,14546100,172.88999938964844,171.47749938964844,174.29639984130858,64.44767121660917,0.6727893898140564,-0.37349964141645187,1.0462890312305082,177.28165857952152,165.67334019977537,171.47749938964844,2.084793778944706,0.007804133170404848,0.007773838437142398,7319700.0
2023-03-16 00:00:00-04:00,179.50999450683594,179.64999389648438,177.8699951171875,178.57000732421875,10762200,173.68099975585938,171.86149978637695,174.4466000366211,65.12887533246287,1.021715164304311,-0.09445668027229931,1.1161718445766102,178.42580791389702,165.2971916588569,171.86149978637695,2.0630227075412892,0.002020092008242713,0.0020180543660701534,7586620.0
2023-03-17 00:00:00-04:00,181.02000427246094,184.80999755859375,180.77000427246094,183.77000427246094,24156300,174.80899963378906,172.5125,174.66860015869142,73.13582719011032,1.6982611525618552,0.2640868862945316,1.4341742662673236,180.84978646170143,164.17521353829855,172.5125,2.361377530886554,0.02912021467748982,0.028704276731304653,8567415.0
2023-03-20 00:00:00-04:00,184.19000244140625,184.5399932861328,182.74000549316406,183.83999633789062,11845700,176.03099975585937,173.14150009155273,174.935,73.22494449555681,2.214548559948213,0.6541792210252678,1.560369338922945,182.7994740891715,163.48352609393396,173.14150009155273,2.3212782638924248,0.0003808677357699519,0.0003807952240648717,8919210.0
2023-03-21 00:00:00-04:00,182.64999389648438,182.72999572753906,179.89999389648438,180.3699951171875,10734500,177.20599975585938,173.62900009155274,175.0681997680664,62.20715619131261,2.3170010061355697,0.9867435780473282,1.3302574280882415,183.70394263921304,163.55405754389244,173.62900009155274,2.4369014194291267,-0.018875115806276432,-0.01905552456933767,9254140.0
2023-03-22 00:00:00-04:00,180.39999389648438,183.94000244140625,180.27999877929688,183.44000244140625,11969600,178.6960006713867,174.31800003051757,175.25499969482422,66.94582314376748,2.615766315979215,1.3125481256337057,1.3032181903455093,185.07467937711243,163.5613206839227,174.31800003051757,2.5242658653348586,0.01702060989813825,0.016877382247649345,9647335.0
2023-03-23 00:00:00-04:00,183.91000366210938,186.24000549316406,183.60000610351562,185.74000549316406,11347100,180.2500015258789,175.12649993896486,175.47499969482422,69.98247610860014,3.003508425358973,1.6507401855787593,1.3527682397802137,186.73146512493398,163.52153475299573,175.12649993896486,2.543961378650784,0.012538176085624908,0.012460224063675791,9961015.0
2023-03-24 00:00:00-04:00,185.61000061035156,185.99000549316406,183.6199951171875,183.64999389648438,9245900,181.2280014038086,175.8914993286133,175.65559967041017,64.20982549597346,3.1063423902334932,1.9418606265097065,1.1644817637237868,187.62521727354888,164.1577813836777,175.8914993286133,2.5315363070311965,-0.011252350246951037,-0.011316136891165252,10098485.0
2023-03-27 00:00:00-04:00,181.14999389648438,182.14999389648438,180.69000244140625,181.9499969482422,6925000,181.63700103759766,176.5384994506836,175.76179962158204,59.88296035531746,3.0158981059850305,2.1566681224047715,0.859229983580259,188.10896863470754,164.96803026665964,176.5384994506836,2.562140246177406,-0.009256722051406152,-0.009299831745516636,10219275.0
2023-03-28 00:00:00-04:00,182.30999755859375,183.6199951171875,182.1199951171875,183.44000244140625,6202600,182.29800109863282,177.22149963378905,175.85539978027344,62.2820390160373,3.0295288273990764,2.3312402634036324,0.6982885639954439,188.72804049449618,165.71495877308192,177.22149963378905,2.498415812089399,0.008189093257242153,0.008155744573006158,10191325.0
2023-03-29 00:00:00-04:00,182.49000549316406,183.27000427246094,182.24000549316406,182.52999877929688,4996500,182.7300003051758,177.80999984741212,175.95419982910155,59.92501652566576,2.9330907377699873,2.4516103582769033,0.481480379493084,189.13700190037514,166.4829977944491,177.80999984741212,2.405671607528884,-0.00496077000653139,-0.0049731154716589265,10111625.0
2023-03-30 00:00:00-04:00,182.75,184.44000244140625,182.5500030517578,184.17999267578125,6360300,183.29099884033204,178.4859992980957,176.09619964599608,62.682644317143144,2.955731739201582,2.552434634461839,0.4032971047397429,189.63785775824738,167.334140837944,178.4859992980957,2.3702667542846334,0.009039576549164652,0.008998964139577773,10232105.0
2023-03-31 00:00:00-04:00,184.11000061035156,184.4199981689453,182.8000030517578,183.22000122070312,8003300,183.23599853515626,179.02249908447266,176.1627996826172,60.09176623257692,2.863206348018366,2.6145889771731445,0.2486173708452215,189.99994803816952,168.0450501307758,179.02249908447266,2.3166759230634097,-0.005212246135594234,-0.0052258772770236855,10287545.0
2023-04-03 00:00:00-04:00,183.85000610351562,185.0399932861328,183.32000732421875,184.5399932861328,9206600,183.30599822998047,179.66849899291992,176.26779968261718,62.39348068097146,2.8633843248404958,2.664348046706615,0.1990362781338808,190.3439033159468,168.99309466989305,179.66849899291992,2.2811985046610013,0.007204410308019105,0.00717858251921089,10534670.0
2023-04-04 00:00:00-04:00,184.72000122070312,188.22999572753906,184.66000366210938,187.97999572753906,13765400,184.06699829101564,180.6364990234375,176.4347994995117,67.63270980411313,3.1053087541456534,2.7525401881944225,0.35276856595123096,190.61740425489194,170.65559379198305,180.6364990234375,2.381827357285662,0.018640958960437715,0.018469345695108493,10787275.0
2023-04-05 00:00:00-04:00,188.33999633789062,188.86000061035156,186.77999877929688,187.8300018310547,11440800,184.50599822998046,181.6009994506836,176.5857995605469,67.19313913766905,3.2474972269113778,2.851531595937814,0.39596563097356396,190.37491711959026,172.8270817817769,181.6009994506836,2.3602683911263065,-0.0007979247786651378,-0.0007982432900847153,11073385.0
2023-04-06 00:00:00-04:00,186.88999938964844,187.25999450683594,185.9499969482422,186.49000549316406,6648400,184.58099822998048,182.41549987792968,176.69339965820313,63.23883145276605,3.2149956418458316,2.9242244051194177,0.2907712367264139,189.70329048149145,175.1277092743679,182.41549987792968,2.3259638548181774,-0.007134091065472581,-0.007159660374899705,11126655.0
2023-04-10 00:00:00-04:00,185.17999267578125,185.36000061035156,184.19000244140625,185.11000061035156,6408100,184.72699890136718,182.97750015258788,176.8061996459961,59.364187917165275,3.042807450452244,2.947941014185983,0.09486643626626101,189.19806694048836,176.7569333646874,182.97750015258788,2.3241095117424373,-0.007399886547073353,-0.007427401530065852,10756890.0
2023-04-11 00:00:00-04:00,185.91000366210938,186.50999450683594,185.63999938964844,186.27999877929688,6031500,185.15999908447264,183.39850006103515,176.94739959716796,61.51699980509573,2.966559491179936,2.951664709584774,0.014894781595161888,189.30866305320424,177.48833706886606,183.39850006103515,2.2581012535097185,0.006320556237305208,0.00630066529229045,10030745.0
2023-04-12 00:00:00-04:00,187.5399932861328,187.66000366210938,185.97000122070312,187.19000244140625,10000900,185.53499908447264,183.91650009155273,177.11599975585938,63.15212939067515,2.9456070005088577,2.950453167769591,-0.004846167260733392,189.21770700396058,178.61529317914489,183.91650009155273,2.2175227669308994,0.004885138866613126,0.0048732452945133,10029840.0
2023-04-13 00:00:00-04:00,189.75999450683594,190.41000366210938,188.99000549316406,189.72000122070312,14060100,186.25399932861328,184.49199981689452,177.32219970703125,67.31075648692206,3.0974463249639257,2.979851799208458,0.11759452575546758,189.68827797823104,179.295721655558,184.49199981689452,2.2891283707717727,0.013515672558895409,0.013425150587981827,10005540.0
2023-04-14 00:00:00-04:00,188.0800018310547,188.49000549316406,185.1699981689453,186.36000061035156,13272500,186.4720001220703,184.88149948120116,177.4159997558594,57.9558659407007,2.9130759883127553,2.9664966370293175,-0.05342064871656227,189.36238702188018,180.40061194052214,184.88149948120116,2.450619419413633,-0.017710313033589165,-0.017869017219899228,10131055.0
2023-04-17 00:00:00-04:00,185.88999938964844,185.92999267578125,184.10000610351562,185.52999877929688,7468100,186.7029998779297,184.96949920654296,177.56859985351562,55.88949263079821,2.669217874917166,2.9070408846068876,-0.2378230096897216,189.4286923279145,180.51030608517144,184.96949920654296,2.4370033542295113,-0.0044537552497120325,-0.00446370276447651,9296645.0
2023-04-18 00:00:00-04:00,185.24000549316406,186.99000549316406,185.0399932861328,186.25,8056900,186.8740005493164,185.08999938964843,177.82439971923827,57.311371031180315,2.5051785059605436,2.826668408877619,-0.32148990291707547,189.55084047934477,180.62915829995208,185.08999938964843,2.402218272286778,0.003880780603893852,0.0038732698004284223,9107205.0
2023-04-19 00:00:00-04:00,184.35000610351562,185.5800018310547,184.27999877929688,185.36000061035156,7373500,186.61200103759765,185.33949966430663,178.05519958496095,54.95330803038423,2.2771114877353114,2.7167570246491577,-0.43964553691384634,189.23937065508716,181.4396286735261,185.33949966430663,2.371345625745089,-0.004778520212877502,-0.004789973842758077,8939155.0
2023-04-20 00:00:00-04:00,186.13999938964844,187.02999877929688,185.77999877929688,186.08999633789062,5789900,186.43800048828126,185.47199935913085,178.29739959716798,56.533060214397196,2.130709790892581,2.5995475778978427,-0.4688377870052616,189.28379685895536,181.66020185930634,185.47199935913085,2.3212493788308186,0.00393825919904689,0.003930524556986942,8630170.0
2023-04-21 00:00:00-04:00,184.97999572753906,185.67999267578125,183.22000122070312,184.25,10698700,186.21399993896483,185.39749908447266,178.49419952392577,51.619242812104154,1.844945679051392,2.448627198128553,-0.6036815190771607,189.24352171117926,181.55147645776606,185.39749908447266,2.360445502999153,-0.00988766926809792,-0.009936876904451757,8597750.0
2023-04-24 00:00:00-04:00,184.07000732421875,185.02999877929688,183.4600067138672,184.80999755859375,8303400,186.18399963378906,185.45549926757812,178.72979949951173,52.959362465553376,1.6447035655701825,2.287842471616879,-0.6431389060466963,189.22865586283768,181.68234267231855,185.45549926757812,2.3039845431727626,0.003039335460481629,0.0030347260178608367,8550625.0
2023-04-25 00:00:00-04:00,184.83999633789062,186.22000122070312,184.3000030517578,185.75,8451900,186.13099975585936,185.645499420166,178.9775994873047,55.20248191037449,1.5440616079911251,2.139086298891728,-0.595024690900603,189.0589942999809,182.2320045403511,185.645499420166,2.276556945013659,0.005086318131183543,0.005073426510561734,8626970.0
2023-04-26 00:00:00-04:00,186.6300048828125,186.64999389648438,184.3000030517578,184.74000549316406,8203600,185.88600006103516,185.71049957275392,179.2227996826172,52.31587650474907,1.3670455653768556,1.9846781521887535,-0.6176325868118979,189.0008168341864,182.42018231132144,185.71049957275392,2.2818022235645805,-0.0054373863086726315,-0.005452222698837164,8727020.0
2023-04-27 00:00:00-04:00,183.89999389648438,184.99000549316406,183.3800048828125,184.75,9107400,185.38899993896484,185.82149963378907,179.46559967041014,52.34243403685142,1.2135761984565931,1.8304577614423214,-0.6168815629857283,188.8111983565866,182.83180091099155,185.82149963378907,2.233816394049365,5.410039265330013e-05,5.4098929279836664e-05,8932565.0
2023-04-28 00:00:00-04:00,184.7899932861328,185.3800048828125,184.1699981689453,184.8000030517578,6700400,185.23300018310547,185.85250015258788,179.74379974365235,52.48501591265073,1.0834955852153314,1.6810653261969235,-0.5975697409815921,188.78579801663386,182.9192022885419,185.85250015258788,2.1606871311792095,0.0002706525128974846,0.0002706158931134578,8949570.0
2023-05-01 00:00:00-04:00,186.0500030517578,186.22000122070312,183.91000366210938,183.97000122070312,7997700,185.0770004272461,185.8900001525879,180.00819976806642,49.82056142303962,0.9030220745266035,1.5254566758628596,-0.622434601336256,188.7044915239819,183.07550878119392,185.8900001525879,2.17135216170882,-0.004491351825477108,-0.004501468248394752,8949290.0
2023-05-02 00:00:00-04:00,184.64999389648438,187.63999938964844,184.52000427246094,187.52000427246094,14680600,185.2040008544922,186.03900070190429,180.3333999633789,59.33047256145106,1.0345257261269012,1.427270485915668,-0.3927447597887668,188.8673281233904,183.21067328041818,186.03900070190429,2.278398305082855,0.019296640909943763,0.01911282169964576,9222990.0
2023-05-03 00:00:00-04:00,187.61000061035156,189.2100067138672,186.92999267578125,189.11000061035156,11133800,185.5790008544922,186.09550094604492,180.7032000732422,62.73677482240615,1.252603500333521,1.3923370887992386,-0.1397335884657176,189.11533250465996,183.07566938742988,186.09550094604492,2.278513714583075,0.008479075840785555,0.00844333039400089,9091410.0
2023-05-04 00:00:00-04:00,188.86000061035156,191.36000061035156,188.80999755859375,190.44000244140625,14146800,186.01400146484374,186.2260009765625,181.11880004882812,65.35101436721501,1.5152844837380997,1.4169265677870109,0.09835791595108878,189.72235644978977,182.7296455033352,186.2260009765625,2.2979058100955565,0.00703295344911492,0.007008337579460111,9226710.0
2023-05-05 00:00:00-04:00,186.55999755859375,187.5800018310547,185.77000427246094,187.4600067138672,12508100,186.33500213623046,186.27450103759764,181.4766000366211,55.88982426304561,1.4661000168726162,1.4267612576041322,0.03933875926848396,189.81084193271332,182.73816014248197,186.27450103759764,2.467340978584825,-0.015647950479605433,-0.015771672012865216,9519695.0
2023-05-08 00:00:00-04:00,187.82000732421875,188.6699981689453,187.49000549316406,187.69000244140625,6075400,186.6230026245117,186.40350112915038,181.8633999633789,56.41430103785854,1.4292047231848528,1.4272499507202763,0.0019547724645765374,189.94873164743979,182.85827061086098,186.40350112915038,2.3775302983343463,0.0012269055761324754,0.0012261535425393925,9503060.0
2023-05-09 00:00:00-04:00,188.1199951171875,189.3300018310547,188.07000732421875,189.02000427246094,7098800,186.95000305175782,186.5405014038086,182.26360015869142,59.41917009381727,1.4901079329075628,1.4398215471577336,0.05028638574982924,190.26336996185518,182.81763284576203,186.5405014038086,2.3248495191424956,0.007086162362163639,0.007061173494320752,9556425.0
2023-05-10 00:00:00-04:00,188.97999572753906,189.63999938964844,187.82000732421875,188.75,9392100,187.35100250244142,186.61850128173828,182.64300018310547,58.53687442585879,1.4993040335149885,1.4517180444291846,0.047585989085803915,190.45613347703915,182.7808690864374,186.61850128173828,2.288788272448724,-0.001428442843921074,-0.0014294640409972018,9525985.0
2023-05-11 00:00:00-04:00,188.44000244140625,188.80999755859375,186.86000061035156,187.1300048828125,8245500,187.58900299072266,186.48900146484374,182.970400390625,53.412313001782145,1.360192490072592,1.4334129335578663,-0.07322044348527434,190.06514559904886,182.91285733063862,186.48900146484374,2.264588892148257,-0.008582755587748347,-0.008619799546280105,9235255.0
2023-05-12 00:00:00-04:00,187.42999267578125,187.9199981689453,186.5800018310547,186.80999755859375,7087500,187.79000244140624,186.51150131225586,183.29340026855468,52.43578247764714,1.210173545670699,1.388765055980433,-0.17859151030973397,190.08977762221627,182.93322500229544,186.51150131225586,2.1985465668441404,-0.0017100802429794726,-0.001711544099310757,8926005.0
2023-05-15 00:00:00-04:00,187.3000030517578,187.8800048828125,187.02999877929688,187.2100067138672,5518100,188.11400299072267,186.5955017089844,183.58780029296875,53.57829308086103,1.1107557463956255,1.3331631940634714,-0.22240744766784593,190.15650572451102,183.03449769345775,186.5955017089844,2.1179366209423267,0.0021412620336231925,0.0021389727993926496,8828505.0
2023-05-16 00:00:00-04:00,186.5800018310547,186.82000732421875,184.4600067138672,184.8699951171875,9519500,187.8490020751953,186.52650146484376,183.85280029296874,46.536174642814174,0.8335385313150994,1.233238261513797,-0.39969973019869753,190.1642625588844,182.88874037080313,186.52650146484376,2.163084005160732,-0.0124993937971285,-0.01257816833072297,8901635.0
2023-05-17 00:00:00-04:00,184.30999755859375,184.4499969482422,183.47999572753906,184.22999572753906,7474300,187.36100158691406,186.47000122070312,184.1650003051758,44.80174912409522,0.5557924595699149,1.0977491011250207,-0.5419566415551058,190.2120834670671,182.72791897433916,186.47000122070312,2.1078636754812825,-0.0034618889303412725,-0.003467895133703326,8906675.0
2023-05-18 00:00:00-04:00,182.10000610351562,182.27999877929688,181.33999633789062,181.83999633789062,8812600,186.5010009765625,186.25750122070312,184.43100036621092,38.96182529815506,0.14119609923272947,0.9064385007465624,-0.7652424015138329,190.5096845233529,182.00531791805335,186.25750122070312,2.163730512207508,-0.012972911279784505,-0.013057794413406836,9057810.0
2023-05-19 00:00:00-04:00,182.25,184.33999633789062,181.80999755859375,183.63999938964844,8435000,186.11900024414064,186.22700119018555,184.69980041503905,44.79798634359189,-0.04164919432980696,0.7168209617312886,-0.7584701560610956,190.54459227420188,181.90941010616922,186.22700119018555,2.18989253128532,0.0098988291245512,0.009850156652287684,8944625.0
2023-05-22 00:00:00-04:00,183.22000122070312,183.83999633789062,182.91000366210938,183.2100067138672,4834300,185.6710006713867,186.14700164794922,184.88660064697265,43.72250407019235,-0.21873082929917587,0.5297106035251957,-0.7484414328243716,190.62303385710317,181.67096943879528,186.14700164794922,2.0998996844636006,-0.002341497915543389,-0.002344243508491738,8771170.0
2023-05-23 00:00:00-04:00,182.77999877929688,183.75999450683594,182.47999572753906,183.42999267578125,6345000,185.11199951171875,186.03100128173827,184.99800048828126,44.4571724387186,-0.3374286052701052,0.35628276176613555,-0.6937113670362407,190.65981813778396,181.40218442569258,186.03100128173827,2.0413353340945486,0.001200731149241463,0.0012000108481294142,8665825.0
2023-05-24 00:00:00-04:00,183.5399932861328,183.5399932861328,181.77000427246094,181.9499969482422,6732900,184.43199920654297,185.8915008544922,185.100400390625,40.615675963468455,-0.5446424353042971,0.176097722352049,-0.7207401576563461,190.82563596196388,180.9573657470205,185.8915008544922,2.0219534540643576,-0.008068450017086337,-0.008101176111367243,8592290.0
2023-05-25 00:00:00-04:00,181.17999267578125,181.30999755859375,180.10000610351562,180.1999969482422,6919200,183.73899841308594,185.66400070190429,185.1402001953125,36.5896286530643,-0.8403838413390474,-0.027198590386170257,-0.8131852509528772,191.1736923887308,180.15430901507776,185.66400070190429,2.0096704105402297,-0.009618027091793824,-0.00966457904681634,8482880.0
2023-05-26 00:00:00-04:00,181.00999450683594,181.3000030517578,180.08999633789062,180.9199981689453,5823700,183.1499984741211,185.47000045776366,185.18720001220703,39.257457840615174,-1.0050770524914867,-0.22277428280723355,-0.7823027696842532,191.3486033295038,179.59139758602353,185.47000045776366,1.9525515750635838,0.003995567330169925,0.003987606250000357,8439045.0
2023-05-30 00:00:00-04:00,181.72000122070312,182.39999389648438,181.1699981689453,182.0399932861328,4906100,182.63299713134765,185.37350006103514,185.15259979248046,43.25671884192962,-1.0333119857556312,-0.3848818233969131,-0.6484301623587181,191.4087061647741,179.3382939572962,185.37350006103514,1.9187975859546893,0.006190554546333882,0.006171471778321201,8284465.0
2023-05-31 00:00:00-04:00,182.38999938964844,183.4499969482422,182.10000610351562,182.32000732421875,8497900,182.37799835205078,185.11350021362304,185.12220001220703,44.24508597155122,-1.0213204348673344,-0.5121695456909974,-0.509150889176337,191.2041964418727,179.02280398537337,185.11350021362304,1.8824551628228812,0.0015382006614657051,0.001537018842589403,7975330.0
2023-06-01 00:00:00-04:00,182.80999755859375,184.2100067138672,182.72000122070312,183.75999450683594,7300500,182.33099822998048,184.84599990844725,185.19,49.150277204566095,-0.8854155934228061,-0.5868187552373592,-0.2985968381854469,190.67543790427405,179.01656191262046,184.84599990844725,1.8829940361675637,0.00789813034647624,0.007867103377943253,7783665.0
2023-06-02 00:00:00-04:00,183.52999877929688,183.55999755859375,180.9600067138672,181.0500030517578,8726100,182.2519989013672,184.37649993896486,185.14220001220704,41.71264787435082,-0.9850288896372206,-0.6664607821173314,-0.3185681075198892,189.8284694932876,178.9245303846421,184.37649993896486,1.9484935902247913,-0.014747450675273721,-0.014857275420164701,7512630.0
2023-06-05 00:00:00-04:00,180.7899932861328,182.44000244140625,180.60000610351562,182.13999938964844,5748800,182.10199890136718,184.1104995727539,185.0701998901367,45.29816851563003,-0.9648968196642045,-0.726147989626706,-0.23874883003749847,189.45275858717932,178.76824055832847,184.1104995727539,1.9407437864866366,0.006020416015011243,0.0060023657211361265,7174665.0
2023-06-06 00:00:00-04:00,182.36000061035156,182.64999389648438,181.52000427246094,182.33999633789062,4967200,182.01499786376954,183.84299926757814,185.04399993896484,45.955093356723786,-0.9221736827068696,-0.7653531282427388,-0.1568205544641308,188.9730941894804,178.71290434567587,183.84299926757814,1.8828327748821223,0.0010980396887689814,0.0010974372841257363,7119255.0
2023-06-07 00:00:00-04:00,181.94000244140625,183.0,180.14999389648438,180.14999389648438,9066500,181.68699798583984,183.3994987487793,185.00799987792968,40.25433781815509,-1.0528930871663817,-0.8228611200274675,-0.23003196713891427,188.18473485968306,178.61426263787556,183.3994987487793,1.9519165840702295,-0.012010543410059138,-0.012083252758880945,7217640.0
2023-06-08 00:00:00-04:00,182.0,183.0399932861328,181.9600067138672,182.52999877929688,6394100,181.7449981689453,183.08849868774413,184.9897998046875,47.82873485001038,-0.9534518540009742,-0.848979266822169,-0.10447258717880525,187.20398575451583,178.97301162097244,183.08849868774413,2.0189224987543875,0.013211240429905624,0.013124733073092816,7067740.0
2023-06-09 00:00:00-04:00,182.36000061035156,182.7899932861328,181.72000122070312,182.0399932861328,4379200,181.9289978027344,182.83399810791016,184.97999969482422,46.52106204523876,-0.9037652650326038,-0.859936466464256,-0.04382879856834776,186.52605307319823,179.1419431426221,182.83399810791016,1.9511417535169089,-0.0026845203333208945,-0.002688130119841765,6874425.0
2023-06-12 00:00:00-04:00,181.8000030517578,181.94000244140625,181.0399932861328,181.8800048828125,4873600,182.0249984741211,182.5874984741211,184.93399993896483,46.07808940761609,-0.8673003142250479,-0.8614092360164145,-0.005891078208633438,185.81372349373999,179.36127345450222,182.5874984741211,1.8832030568371299,-0.0008788640365902101,-0.0008792504640156504,6763730.0
2023-06-13 00:00:00-04:00,182.10000610351562,182.42999267578125,180.1699981689453,180.5399932861328,5126700,181.8749984741211,182.25399780273438,184.88039978027345,42.433559800301424,-0.9357426560428337,-0.8762759200216984,-0.05946673602113528,184.80910564774152,179.69888995772723,182.25399780273438,1.9101167318370447,-0.007367558613950331,-0.00739483312084137,6744160.0
2023-06-14 00:00:00-04:00,181.69000244140625,181.9600067138672,180.13999938964844,180.63999938964844,6807000,181.70699768066407,182.04249801635743,184.80239990234375,42.797195883497785,-0.9707241445821069,-0.8951655649337802,-0.07555857964832668,184.38812314555233,179.69687288716253,182.04249801635743,1.903680345578595,0.0005539277015322863,0.0005537743402144653,6608535.0
2023-06-15 00:00:00-04:00,180.27999877929688,182.0500030517578,180.17999267578125,181.91000366210938,6739000,181.5219985961914,181.92649841308594,184.68100006103515,47.345952658229535,-0.8857580281748767,-0.8932840575819996,0.007526029407122881,184.0465491951123,179.80644763105957,181.92649841308594,1.9012753477498783,0.007030581691497284,0.007005982383036308,6571770.0
2023-06-16 00:00:00-04:00,181.92999267578125,182.6199951171875,181.41000366210938,181.6300048828125,8779100,181.5799987792969,181.91599884033204,184.55700012207032,46.46860708209363,-0.8314311099288147,-0.8809134680513626,0.049482358122547865,184.0397359980695,179.79226168259459,181.91599884033204,1.851897926844753,-0.0015392159510752013,-0.0015404017609150433,6570095.0
2023-06-20 00:00:00-04:00,180.05999755859375,180.08999633789062,179.22000122070312,179.75,7584200,181.34099884033202,181.72149887084962,184.42220001220704,40.977935939975666,-0.9293641861719948,-0.8906036116754891,-0.03876057449650572,183.89009592403755,179.55290181766168,181.72149887084962,1.8917626222207975,-0.010350739592973501,-0.010404681043488588,6527555.0
2023-06-21 00:00:00-04:00,179.14999389648438,179.9499969482422,178.19000244140625,179.49000549316406,6702300,181.05599975585938,181.53549880981444,184.3098001098633,40.2692894771881,-1.0162416374928114,-0.9157312168389535,-0.10051042065385785,183.79762402904106,179.27337359058782,181.53549880981444,1.8823506139790216,-0.0014464228474878604,-0.0014474699268161662,6620955.0
2023-06-22 00:00:00-04:00,178.36000061035156,178.99000549316406,177.6300048828125,177.7100067138672,7945000,180.81200103759767,181.24949951171874,184.13840026855468,35.7154670298187,-1.214721120067054,-0.9755291974845737,-0.23919192258248034,183.89507783545253,178.60392118798495,181.24949951171874,1.8807541851484888,-0.009916979914319946,-0.009966480697039254,6700955.0
2023-06-23 00:00:00-04:00,179.60000610351562,179.9499969482422,178.08999633789062,178.1999969482422,5419800,180.37900085449218,181.06199951171874,183.9586001586914,37.800632379282796,-1.317294472389392,-1.0438822524655373,-0.27341221992385467,183.99801952395043,178.12597949948704,181.06199951171874,1.9064139029503824,0.0027572461643308177,0.0027534519339434175,6635300.0
2023-06-26 00:00:00-04:00,179.0500030517578,179.0800018310547,178.4199981689453,178.50999450683594,3222100,180.0260009765625,180.97749938964844,183.73440002441407,39.145508178986525,-1.3579171571713573,-1.1066892334067013,-0.25122792376465597,184.09929192836827,177.8557068509286,180.97749938964844,1.8330989729405336,0.0017396047357047806,0.0017380933759117798,6450445.0
2023-06-27 00:00:00-04:00,179.07000732421875,179.2899932861328,177.42999267578125,177.69000244140625,5036900,179.60700073242188,180.81599960327148,183.56100006103514,36.8743043816866,-1.4396816800157524,-1.1732877227285115,-0.2663939572872409,184.2514218320043,177.38057737453866,180.81599960327148,1.835020518469893,-0.004593535884055422,-0.00460411859047838,6411105.0
2023-06-28 00:00:00-04:00,177.22999572753906,177.69000244140625,176.6999969482422,177.27999877929688,5866700,179.28100128173827,180.5779998779297,183.39600006103515,35.75718331845903,-1.5200424196203244,-1.2426386621068741,-0.27740375751345026,184.28968125850554,176.86631849735386,180.5779998779297,1.7746623023766193,-0.002307409851291853,-0.002310076023493695,6459135.0
2023-06-29 00:00:00-04:00,175.8300018310547,177.6300048828125,175.7899932861328,177.08999633789062,6862500,178.9260009765625,180.31649932861328,183.21279998779298,35.22461081937762,-1.5808375822190612,-1.3102784461293115,-0.2705591360897497,184.23177253392373,176.40122612330282,180.31649932861328,1.7793301091125528,-0.001071764681377263,-0.0010723394318449203,6377365.0
2023-06-30 00:00:00-04:00,177.69000244140625,178.52999877929688,177.32000732421875,178.27000427246094,6420900,178.56200103759767,180.04199981689453,183.07100006103516,41.09267883030756,-1.5163221896772257,-1.3514871948388945,-0.1648349948383312,183.71542613832383,176.36857349546523,180.04199981689453,1.7550924185621029,0.006663323502016594,0.006641221688667137,6333385.0
2023-07-03 00:00:00-04:00,178.61000061035156,179.33999633789062,178.4600067138672,178.47000122070312,4085700,178.24600067138672,179.9129997253418,182.91860015869142,42.05087648580425,-1.432541744496291,-1.3676981047703738,-0.06484363972591711,183.616851592989,176.20914785769457,179.9129997253418,1.7061566790526448,0.0011218766110339118,0.001121247777740352,6101365.0
2023-07-05 00:00:00-04:00,179.41000366210938,179.4199981689453,177.8300018310547,177.83999633789062,5650600,178.05500030517578,179.6979995727539,182.79040008544922,39.8518063931673,-1.400833332291171,-1.3743251502745333,-0.026508182016637738,183.35876199374425,176.03723715176355,179.6979995727539,1.6978595118267863,-0.00353003237800964,-0.003536277643963551,6096455.0
2023-07-06 00:00:00-04:00,177.50999450683594,177.8000030517578,176.66000366210938,177.30999755859375,5133000,177.83699951171874,179.44649963378907,182.64040008544922,38.049103778187764,-1.4023057514784512,-1.3799212705153168,-0.02238448096313439,183.03713383518942,175.85586543238873,179.44649963378907,1.6608690235378194,-0.002980200124891419,-0.002984649764026069,6104745.0
2023-07-07 00:00:00-04:00,178.3800048828125,179.64999389648438,178.35000610351562,178.63999938964844,5201100,177.92999877929688,179.37099990844726,182.49820007324217,44.79744880661155,-1.2813816517663952,-1.3602133467655326,0.07883169499913745,182.9627906634036,175.7792091534909,179.37099990844726,1.7093781174201628,0.007500997402107412,0.007473004815488796,5911475.0
2023-07-10 00:00:00-04:00,178.3699951171875,178.9199981689453,178.25999450683594,178.77999877929688,3320500,177.98799896240234,179.18349990844726,182.37899993896485,45.47079351291009,-1.1608698656181673,-1.3203446505360596,0.15947478491789235,182.47505539500915,175.89194442188537,179.18349990844726,1.634422799183678,0.0007836956455820054,0.0007833887164984092,5757795.0
2023-07-11 00:00:00-04:00,179.42999267578125,179.7100067138672,179.1300048828125,179.4499969482422,2818800,178.08199920654297,179.05400009155272,182.2729998779297,48.696029067012134,-0.999775365949489,-1.2562307936187456,0.25645542766925655,182.07882239408627,176.02917778901917,179.05400009155272,1.5841074517112947,0.0037476125602418087,0.003740607755698653,5679775.0
2023-07-12 00:00:00-04:00,181.17999267578125,181.9499969482422,181.10000610351562,181.8800048828125,7062000,178.5009994506836,179.05400009155272,182.21459991455077,58.32404104191557,-0.66832148834078,-1.1386489325631524,0.4703274442223724,182.07882239408627,176.02917778901917,179.05400009155272,1.6495283480176308,0.013541420874312982,0.013450555215707776,5789195.0
2023-07-13 00:00:00-04:00,181.9600067138672,182.14999389648438,181.49000549316406,182.00999450683594,4527900,178.9739990234375,179.12750015258788,182.17539978027344,58.76978647692551,-0.39064965994072054,-0.989049078038666,0.5983994180979455,182.35765283749075,175.89734746768502,179.12750015258788,1.578846923396394,0.0007146999149643118,0.0007144446386035077,5759255.0
2023-07-14 00:00:00-04:00,181.58999633789062,182.1699981689453,181.11000061035156,181.42999267578125,5390000,179.40799865722656,179.16699981689453,182.05359954833983,55.89705149568997,-0.21491661099415182,-0.8342225846297633,0.6193059736356115,182.48820577999203,175.84579385379703,179.16699981689453,1.5417862544819194,-0.0031866482531699436,-0.0031917364290746223,5688405.0
2023-07-17 00:00:00-04:00,180.99000549316406,181.6300048828125,180.63999938964844,181.55999755859375,4152400,179.73699798583985,179.14949951171874,181.90259948730468,56.41136707663653,-0.06441407075760708,-0.6802608818553321,0.615846811097725,182.41594369859416,175.88305532484333,179.14949951171874,1.5023733429592154,0.0007165567329587841,0.0007163001287566721,5559075.0
2023-07-18 00:00:00-04:00,182.7899932861328,184.22999572753906,182.32000732421875,183.63999938964844,8238000,180.25399780273438,179.24999923706054,181.76659942626952,63.70435243678814,0.22016116034669153,-0.5001764734149274,0.720337633761619,182.9149130557375,175.58508541838358,179.24999923706054,1.5857751162439366,0.011456278139590825,0.011391151915954547,5532020.0
2023-07-19 00:00:00-04:00,183.4499969482422,183.83999633789062,182.8699951171875,183.6699981689453,3911600,180.83699798583984,179.4459991455078,181.6907992553711,63.7984295653025,0.4430030684168287,-0.31154056504857625,0.754543633465405,183.5854686043719,175.30652968664373,179.4459991455078,1.54179126656245,0.00016335645500209495,0.00016334311378929522,5348390.0
2023-07-20 00:00:00-04:00,183.72999572753906,183.77000427246094,182.47000122070312,182.74000549316406,4972900,181.37999877929687,179.6084991455078,181.59179931640625,58.71734371141924,0.5383583889972954,-0.14156077423940194,0.6799191632366973,183.99019866199927,175.22679962901634,179.6084991455078,1.5245206797906903,-0.005063389149303599,-0.005076251540707524,5261920.0
2023-07-21 00:00:00-04:00,182.05999755859375,182.4600067138672,181.67999267578125,182.17999267578125,3845400,181.73399810791017,179.8319984436035,181.45499908447266,55.833671742465015,0.5622584480198611,-0.0007969297875493331,0.5630553778074104,184.2593163676375,175.40468051956952,179.8319984436035,1.491341546761556,-0.0030645332195952113,-0.003069238517008006,5056940.0
2023-07-24 00:00:00-04:00,182.22000122070312,182.5399932861328,181.33999633789062,181.39999389648438,4370000,181.9959976196289,179.99199829101562,181.30799896240234,52.00288864071449,0.51235393696237,0.10183324356243453,0.41052069339993547,184.40309570182666,175.58090088020458,179.99199829101562,1.470531218295887,-0.00428147332668416,-0.0042906650791519445,5004450.0
2023-07-25 00:00:00-04:00,181.72000122070312,182.47000122070312,181.10000610351562,182.41000366210938,4090100,182.29199829101563,180.1869987487793,181.21359893798828,56.19410662602879,0.5479867493522192,0.19106394472039148,0.3569228046318278,184.66313129878435,175.71086619877426,180.1869987487793,1.4633500682167164,0.005567859975791123,0.0055524167407640206,5047850.0
2023-07-26 00:00:00-04:00,182.66000366210938,183.63999938964844,182.30999755859375,183.3000030517578,6158400,182.43399810791016,180.46749877929688,181.14339904785157,59.54632248015415,0.6406564340244358,0.28098244258120036,0.3596739914432355,184.9854853422471,175.94951221634665,180.46749877929688,1.4538251941337144,0.0048791150253855164,0.0048672507195615744,5103925.0
2023-07-27 00:00:00-04:00,181.63999938964844,181.63999938964844,180.32000732421875,180.4199981689453,7592800,182.2749984741211,180.6244987487793,181.00759887695312,47.009823874550975,0.4762159805486874,0.3200291501746978,0.15618683037398962,184.90024741222126,176.34875008533734,180.6244987487793,1.5628373750912392,-0.01571197400361901,-0.015836715414990758,5190230.0
2023-07-28 00:00:00-04:00,181.47999572753906,182.27000427246094,181.25,181.86000061035156,3828800,182.31799926757813,180.86299896240234,180.9473989868164,52.40535376106771,0.4568258943132264,0.34738849900240354,0.10943739531082286,184.8456172891827,176.88038063562198,180.86299896240234,1.5833494271215525,0.007981390400291666,0.007949707574281263,5038545.0
2023-07-31 00:00:00-04:00,182.42999267578125,183.08999633789062,182.30999755859375,182.35000610351562,5494800,182.39700012207032,181.06699905395507,180.90979919433593,54.11737595559635,0.47551699550010085,0.37301419830194305,0.1025027971981578,184.9130747607664,177.22092334714375,181.06699905395507,1.5581098771513748,0.0026944104889450315,0.002690787072192315,4992240.0
2023-08-01 00:00:00-04:00,180.85000610351562,181.3800048828125,180.19000244140625,180.4600067138672,6239700,182.0790008544922,181.16649932861327,180.88219940185547,47.0825034236145,0.3339728414665615,0.36520592693486675,-0.031233085468305277,184.83767155487806,177.49532710234848,181.16649932861327,1.6011022903626606,-0.010364679607279714,-0.010418766955581948,5099940.0
2023-08-02 00:00:00-04:00,180.57000732421875,180.7899932861328,179.41000366210938,179.60000610351562,6339700,181.67200164794923,181.25449981689454,180.8013995361328,44.26294201385676,0.15066642888839965,0.32229802732557333,-0.17163159843717368,184.67855953403514,177.83044009975393,181.25449981689454,1.5853085284812873,-0.004765602229612864,-0.004776993918500052,5134395.0
2023-08-03 00:00:00-04:00,179.44000244140625,179.9499969482422,179.27999877929688,179.5399932861328,4636300,181.35200042724608,181.3659996032715,180.72799926757813,44.06463315754316,0.0005459500813742579,0.25794761187673354,-0.2574016617953593,184.39098605824177,178.34101314830122,181.3659996032715,1.5199292170858605,-0.0003341470787491252,-0.00033420291832367705,5109560.0
2023-08-04 00:00:00-04:00,180.25,180.77000427246094,179.85000610351562,180.19000244140625,5326200,181.1530014038086,181.44349975585936,180.66319946289062,46.842591778710684,-0.06522344913400957,0.19331339967458494,-0.2585368488085945,184.2571977478545,178.62980176386424,181.44349975585936,1.4992207720317363,0.003620414278603157,0.003613876354074006,5115815.0
2023-08-07 00:00:00-04:00,180.14999389648438,180.14999389648438,179.27000427246094,179.77999877929688,4510400,180.99100189208986,181.49349975585938,180.6197994995117,45.31388726747311,-0.14871573838402696,0.12490757206286257,-0.27362331044688953,184.14708148618772,178.83991802553103,181.49349975585938,1.4578477289541347,-0.0022753962847783527,-0.002277988932518744,5175310.0
2023-08-08 00:00:00-04:00,178.63999938964844,179.3300018310547,178.4600067138672,178.63999938964844,6162900,180.61400146484374,181.4529998779297,180.58859954833986,41.279998910808864,-0.30337528112013956,0.039251001426262144,-0.3426262825464017,184.25090036975004,178.65509938610936,181.4529998779297,1.4480008958452457,-0.006341080194621318,-0.006361270240024672,5342515.0
2023-08-09 00:00:00-04:00,178.67999267578125,178.9199981689453,177.77999877929688,177.7899932861328,4644000,180.06300048828126,181.2484992980957,180.5259994506836,38.52608984148294,-0.4888967740728276,-0.0663785536735558,-0.4225182203992718,184.45911014604806,178.03788845014336,181.2484992980957,1.4260007882597594,-0.00475820704444585,-0.00476956334967285,5221615.0
2023-08-10 00:00:00-04:00,178.22000122070312,178.6999969482422,177.5399932861328,177.60000610351562,5934600,179.78100128173827,181.0279998779297,180.43719970703125,37.91720773872444,-0.6438325705941281,-0.1818693570576703,-0.46196321353645786,184.5860706427414,177.46992911311798,181.0279998779297,1.4070009935347318,-0.0010686044760203073,-0.0010691758408616784,5291950.0
2023-08-11 00:00:00-04:00,177.6999969482422,178.36000061035156,177.49000549316406,177.60000610351562,5289700,179.3550018310547,180.8365005493164,180.3427996826172,37.91720773872444,-0.7578838918504971,-0.29707226401623565,-0.46081162783426144,184.68761574073173,176.9853853579011,180.8365005493164,1.368643430938501,0.0,0.0,5286935.0
2023-08-14 00:00:00-04:00,176.86000061035156,177.5800018310547,176.5800018310547,177.05999755859375,9554500,178.8260009765625,180.61150054931642,180.20879974365235,36.039603831790686,-0.8816810913830011,-0.41399402948958874,-0.46768706189341236,184.77998871660807,176.44301238202476,180.61150054931642,1.3437406339043891,-0.003040588549344525,-0.003045220530389694,5557040.0
2023-08-15 00:00:00-04:00,176.75,177.42999267578125,176.3300018310547,176.58999633789062,7582700,178.43899993896486,180.2590003967285,180.119599609375,34.441050749292785,-1.0061185263846824,-0.5324189288686075,-0.4736995975160748,184.5344426369976,175.98355815645942,180.2590003967285,1.3263299346774016,-0.002654474343068869,-0.0026580037072091345,5524275.0
2023-08-16 00:00:00-04:00,176.6199951171875,176.9499969482422,175.55999755859375,175.57000732421875,6559400,178.03600006103517,179.8540008544922,179.9881997680664,31.206099539875396,-1.1735131500392129,-0.6606377731027286,-0.5128753769364842,184.29175455196415,175.41624715702025,179.8540008544922,1.3308777528896185,-0.005776029417432049,-0.005792775189194925,5656665.0
2023-08-17 00:00:00-04:00,176.52999877929688,176.55999755859375,174.92999267578125,175.3000030517578,7937700,177.61200103759765,179.48200073242188,179.84739990234374,30.39230493583419,-1.312828217086917,-0.7910758618995664,-0.5217523551873506,184.13195730842554,174.83204415641822,179.48200073242188,1.3522439764555385,-0.0015378724223797935,-0.0015390561619561794,5804905.0
2023-08-18 00:00:00-04:00,175.8300018310547,176.05999755859375,175.10000610351562,175.3300018310547,6253000,177.1260009765625,179.13950119018554,179.75100006103514,30.60882452320392,-1.4046241280540528,-0.9137855151304637,-0.4908386129235891,183.9504116324091,174.32859074796198,179.13950119018554,1.3242259392142945,0.00017112823031739666,0.0001711135895520659,5925285.0
2023-08-21 00:00:00-04:00,175.89999389648438,175.94000244140625,174.9600067138672,175.80999755859375,4206400,176.7290008544922,178.86000137329103,179.6166000366211,34.1389262200332,-1.4222466312809559,-1.0154777383605622,-0.40676889292039364,183.76179003907723,173.95821270750483,178.86000137329103,1.299638066951778,0.002737670236275802,0.00273392964256731,5917105.0
2023-08-22 00:00:00-04:00,175.8300018310547,176.25,175.30999755859375,176.10000610351562,5892200,176.4750015258789,178.54450149536132,179.49780029296875,36.24914315833324,-1.3967109122053785,-1.0917243731295256,-0.3049865390758528,183.30185190917877,173.78715108154387,178.54450149536132,1.2739498079842402,0.0016495566176504273,0.0016481975934526548,6007210.0
2023-08-23 00:00:00-04:00,177.32000732421875,178.22000122070312,177.07000732421875,177.88999938964844,7949100,176.48500213623046,178.27400131225585,179.41800018310548,47.44245619795852,-1.2179958740107395,-1.1169786733057685,-0.101017200704971,182.5051261218434,174.0428765026683,178.27400131225585,1.334381615784473,0.01016464068195777,0.010113328144583607,6096745.0
2023-08-24 00:00:00-04:00,177.66000366210938,178.49000549316406,177.41000366210938,177.85000610351562,5526400,176.51000213623047,178.14550170898437,179.36420043945313,47.24287056605343,-1.0672870221934545,-1.1070403430833058,0.039753320889851285,182.26269279609295,174.0283106218758,178.14550170898437,1.3162116311609169,-0.00022482031744353037,-0.0002248455933195227,5993425.0
2023-08-25 00:00:00-04:00,177.5800018310547,178.3800048828125,176.6300048828125,177.6199951171875,6132800,176.51200103759766,177.93350143432616,179.3038003540039,46.04316829268004,-0.9553959261212981,-1.0767114596909044,0.12131553356960634,181.6841303149139,174.18287255373843,177.93350143432616,1.3471965146494227,-0.0012932863561120334,-0.0012941233726573686,6108625.0
2023-08-28 00:00:00-04:00,177.64999389648438,178.72999572753906,177.50999450683594,178.1300048828125,4740700,176.61900177001954,177.722501373291,179.22820037841797,49.12799420340229,-0.8161597193924024,-1.024601111631204,0.20844139223880154,180.88410743972787,174.56089530685415,177.722501373291,1.3381111365104013,0.0028713533365909427,0.002867238875764686,6070920.0
2023-08-29 00:00:00-04:00,178.02999877929688,179.8800048828125,177.89999389648438,179.8699951171875,7576600,176.9470016479492,177.69300079345703,179.19300018310548,57.959001508213106,-0.5589679179949485,-0.9314744729039529,0.3725065549090044,180.7615233305368,174.62447825637727,177.69300079345703,1.3839611257830957,0.009768091768254772,0.00972069237763269,6137765.0
2023-08-30 00:00:00-04:00,180.5800018310547,180.8800048828125,180.2899932861328,180.32000732421875,6593700,177.42200164794923,177.7290008544922,179.20440032958984,59.89792381625725,-0.3151959554503492,-0.8082187694132322,0.49302281396288306,180.90131000635665,174.55669170262775,177.7290008544922,1.3572503143432317,0.0025018747942815445,0.002498750315822613,6150465.0
2023-08-31 00:00:00-04:00,180.3699951171875,180.49000549316406,179.94000244140625,180.02000427246094,4795600,177.89400177001954,177.75300140380858,179.21500030517578,57.978202473880465,-0.14454641678267421,-0.6754842988871207,0.5309378821044465,180.98642712033123,174.51957568728594,177.75300140380858,1.2995897955871303,-0.0016637258183913595,-0.001665111347163996,6158430.0
2023-09-01 00:00:00-04:00,180.8000030517578,181.1199951171875,179.50999450683594,180.11000061035156,4970700,178.37200164794922,177.74900131225587,179.26300018310548,58.4088394442682,-0.002020188116944155,-0.5407914767330854,0.5387712886161412,180.97053388260474,174.527468741907,177.74900131225587,1.3217619966417327,0.0004999240959600026,0.0004997991755412262,6140655.0
2023-09-05 00:00:00-04:00,179.3300018310547,179.44000244140625,178.63999938964844,178.63999938964844,7056800,178.65500183105468,177.69200134277344,179.27180023193358,49.487853696935886,-0.007596372003376928,-0.43415245578714373,0.4265560837837668,180.806332970634,174.57766971491287,177.69200134277344,1.3323505126461177,-0.008161685723844458,-0.008195174622491511,6267975.0
2023-09-06 00:00:00-04:00,178.3300018310547,179.00999450683594,177.6999969482422,177.8300018310547,6427200,178.8280014038086,177.65150146484376,179.25820037841797,45.37536169642592,-0.0764937985600227,-0.36262072434171955,0.28612692578169685,180.7363951899858,174.5666077397017,177.65150146484376,1.3307538730709485,-0.004534245193468567,-0.004544556063018457,6281190.0
2023-09-07 00:00:00-04:00,178.30999755859375,178.3699951171875,177.89999389648438,178.02000427246094,3257200,178.84100189208985,177.66300201416016,179.26480041503908,46.49849828254899,-0.11444464969810042,-0.31298550941299574,0.19854085971489532,180.75158795465364,174.57441607366667,177.66300201416016,1.2742709740039386,0.0010684498647577367,0.0010678794784509471,6211850.0
2023-09-08 00:00:00-04:00,178.36000061035156,179.0500030517578,177.89999389648438,178.0800018310547,3292700,178.86400146484374,177.6870018005371,179.2808004760742,46.869984769974515,-0.13808787996461547,-0.2780059835233197,0.1399181035587042,180.78071206902314,174.59329153205107,177.6870018005371,1.2653951298089028,0.0003370270596214642,0.0003369702787594387,6079755.0
2023-09-11 00:00:00-04:00,178.97000122070312,179.07000732421875,178.25999450683594,178.41000366210938,3689100,178.94300231933593,177.7275016784668,179.30720062255858,48.968828209750995,-0.12871319487604183,-0.24814742579386412,0.11943423091782229,180.83676444526444,174.61823891166918,177.7275016784668,1.2457244414771285,0.001853109993606994,0.0018513951035425602,5999725.0
2023-09-12 00:00:00-04:00,177.11000061035156,177.6999969482422,177.0500030517578,177.49000549316406,4445400,178.8790023803711,177.7490020751953,179.29160064697265,43.77677467693722,-0.19329170641907467,-0.23717628191890625,0.043884575499831574,180.84542491814705,174.65257923224357,177.7490020751953,1.2538870249681595,-0.005156651253074851,-0.005169992663578624,5744270.0
2023-09-13 00:00:00-04:00,177.52999877929688,177.75,177.0399932861328,177.0800018310547,3874800,178.60000305175782,177.77350234985352,179.26380065917968,41.65698515294391,-0.27439149669746143,-0.2446193248746173,-0.02977217182284414,180.84046938163442,174.7065353180726,177.77350234985352,1.2150384313180902,-0.0023100098564432514,-0.002312682045193072,5558875.0
2023-09-14 00:00:00-04:00,176.5,177.38999938964844,176.36000061035156,177.1699981689453,6184400,178.28500213623047,177.85350189208984,179.25040069580078,42.3172478157757,-0.32762505475682246,-0.2612204708510583,-0.06640458390576415,180.76596690658772,174.94103687759196,177.85350189208984,1.2018213133165747,0.0005082241752882855,0.0005080950731221542,5540125.0
2023-09-15 00:00:00-04:00,178.5500030517578,179.11000061035156,178.33999633789062,178.33999633789062,5620900,178.11700134277345,178.0055015563965,179.27100067138673,50.20665234201037,-0.2722654522406742,-0.2634294671289815,-0.008835985111692701,180.6763255813971,175.3346775313959,178.0055015563965,1.2545485367515516,0.006603816566220333,0.00658210689497754,5424285.0
2023-09-18 00:00:00-04:00,178.82000732421875,179.41000366210938,178.3800048828125,179.38999938964844,5049300,178.0450012207031,178.20850143432617,179.28600067138672,56.02020386724189,-0.14202887688418286,-0.2391493490800218,0.09712047219583894,180.64164184637755,175.77536102227478,178.20850143432617,1.2413670215706372,0.005887647601878543,0.00587038313631886,5364100.0
2023-09-19 00:00:00-04:00,179.5399932861328,179.64999389648438,179.02999877929688,179.22000122070312,4224700,178.1030014038086,178.37900161743164,179.29480072021485,54.902565745061644,-0.05193421876424509,-0.20170632301686647,0.14977210425262139,180.5830781156932,176.17492511917007,178.37900161743164,1.1969833141146988,-0.0009476457412548323,-0.0009480950413542692,5365015.0
2023-09-20 00:00:00-04:00,179.33999633789062,180.66000366210938,179.32000732421875,179.35000610351562,9328000,178.2550018310547,178.54150161743163,179.2928009033203,55.631571030536925,0.02961536692464506,-0.15544198502856418,0.18505735195320924,180.51688361646325,176.56611961840002,178.54150161743163,1.2143418232069525,0.0007253927124595272,0.0007251297423292754,5536805.0
2023-09-21 00:00:00-04:00,177.86000061035156,178.49000549316406,177.69000244140625,178.0500030517578,7571900,178.25800170898438,178.54950180053712,179.2162008666992,47.38312828932414,-0.01053395174338334,-0.12646037837152801,0.11592642662814467,180.51553871978095,176.58346488129328,178.54950180053712,1.2461748116999825,-0.007248413758109917,-0.0072748111459232075,5517945.0
2023-09-22 00:00:00-04:00,178.64999389648438,178.9499969482422,178.50999450683594,178.6199951171875,3634800,178.31200103759767,178.5880012512207,179.14840087890624,50.82581076814244,0.0035995269041677602,-0.10044839731638887,0.10404792422055663,180.5277196206048,176.6482828818366,178.5880012512207,1.2214476034702961,0.0032013033173832195,0.0031961900557462815,5423365.0
2023-09-25 00:00:00-04:00,178.41000366210938,178.7100067138672,177.63999938964844,177.6999969482422,5582100,178.24100036621093,178.59200134277344,179.07380096435546,45.635669189666615,-0.05875842241206897,-0.0921104023355249,0.03335197992345593,180.52403304616573,176.65996963938116,178.59200134277344,1.2106304406666142,-0.005150588926742139,-0.005163898932470834,5395830.0
2023-09-26 00:00:00-04:00,176.8300018310547,177.13999938964844,176.16000366210938,176.27999877929688,7181100,178.11999969482423,178.49950103759767,178.96820098876952,39.013564710353904,-0.2202209611664614,-0.1177325141017122,-0.10248844706474919,180.67318553677956,176.32581653841578,178.49950103759767,1.2341563581999142,-0.007990985893820302,-0.008023084937964609,5517850.0
2023-09-27 00:00:00-04:00,175.27000427246094,175.32000732421875,173.6999969482422,174.10000610351562,10919600,177.8220001220703,178.21100158691405,178.77740112304687,31.46490338105741,-0.518115859270921,-0.19780918313555396,-0.320306676135367,181.0194596870767,175.4025434867514,178.21100158691405,1.3302881776895408,-0.012366647894697436,-0.012443751217319037,5685000.0
2023-09-28 00:00:00-04:00,173.91000366210938,174.13999938964844,172.32000732421875,173.22999572753906,10061900,177.4279998779297,177.85650100708008,178.56860107421875,29.049205352758364,-0.8150073808349703,-0.32124882267543725,-0.493758558159533,181.2413580336305,174.47164398052968,177.85650100708008,1.365267026813837,-0.004997187509914736,-0.005009715204337903,5858410.0
2023-09-29 00:00:00-04:00,173.9199981689453,174.02999877929688,171.27000427246094,171.4499969482422,10427400,176.73899993896484,177.42800064086913,178.34280090332032,24.846231192374702,-1.1803210695161397,-0.49306327204357775,-0.687257797472562,181.6700893257194,173.18591195601886,177.42800064086913,1.464890418243987,-0.01027534966921384,-0.010328505518099336,6140000.0
2023-10-02 00:00:00-04:00,170.22999572753906,170.4600067138672,169.5,169.64999389648438,12706000,175.76499938964844,176.90500030517578,178.09220092773438,21.46421492643765,-1.5966745326457215,-0.7137855241640065,-0.8828890084817149,182.15495764038067,171.65504296997088,176.90500030517578,1.4995408846724299,-0.010498705650611395,-0.0105542058560987,6526765.0
2023-10-03 00:00:00-04:00,169.13999938964844,170.0800018310547,168.75,169.16000366210938,11459800,174.75899963378907,176.43100051879884,177.84740112304686,20.640577850542456,-1.9437692072683888,-0.959782260784883,-0.9839869464835057,182.60014138824963,170.26185964934805,176.43100051879884,1.4874309522711626,-0.0028882419805683623,-0.002892421000056923,6746915.0
2023-10-04 00:00:00-04:00,169.2100067138672,169.41000366210938,168.5,169.13999938964844,10034600,173.73799896240234,175.99650039672852,177.58200103759765,20.605813776181392,-2.1951540457899057,-1.2068566177858877,-0.988297428004018,182.89167524596385,169.1013255474932,175.99650039672852,1.446186145831035,-0.00011825651470720455,-0.00011826350756014561,6927285.0
2023-10-05 00:00:00-04:00,168.74000549316406,169.0,168.3000030517578,168.8300018310547,6970200,172.81599884033204,175.5370002746582,177.2926010131836,20.042461475875555,-2.391821128555989,-1.4438495199399082,-0.947971608616081,183.03044417610545,168.04355637321095,175.5370002746582,1.4028868738352913,-0.0018327868021307259,-0.0018344684108627424,7112935.0
2023-10-06 00:00:00-04:00,169.1699981689453,170.22999572753906,168.5,169.6999969482422,9948400,171.9239990234375,175.11800003051758,177.07820098876954,26.145037628750885,-2.4492464845821758,-1.6449289128683617,-0.804317571713814,182.92634216371903,167.30965789731613,175.11800003051758,1.4262517919569893,0.005153083621109555,0.005139851922273756,7445720.0
2023-10-09 00:00:00-04:00,171.17999267578125,172.86000061035156,171.0800018310547,172.82000732421875,10201500,171.43600006103514,174.83850021362304,176.89740112304688,42.95884324539841,-2.2174365029341345,-1.7594304308815165,-0.458006072052618,182.55513307984847,167.1218673473976,174.83850021362304,1.5500912112535883,0.01838544744893622,0.018218478536943455,7771340.0
2023-10-10 00:00:00-04:00,172.0800018310547,172.8000030517578,171.89999389648438,172.52999877929688,5844000,171.06100006103514,174.5904998779297,176.7010009765625,42.001666147115095,-2.033683649067626,-1.8142810745187385,-0.21940257454888767,182.2690509034204,166.91194885243897,174.5904998779297,1.5050856552879301,-0.0016780958953311886,-0.0016795054754092334,7841270.0
2023-10-11 00:00:00-04:00,173.60000610351562,174.1300048828125,173.25999450683594,173.7899932861328,7128000,171.02999877929688,174.4259994506836,176.5676007080078,47.47724182521703,-1.7660294735663058,-1.8046307543282523,0.038601280761946466,182.02471924118697,166.82727966018024,174.4259994506836,1.511865687304194,0.007303045938392039,0.007276507826110017,8003930.0
2023-10-12 00:00:00-04:00,174.05999755859375,174.22999572753906,173.24000549316406,173.25999450683594,5912700,171.03299865722656,174.23049926757812,176.44080047607423,45.53007339545779,-1.5784823216096129,-1.7594010677845247,0.18091874617491177,181.73740734486677,166.72359119028948,174.23049926757812,1.474588869237823,-0.0030496507265770356,-0.0030543103873241243,7990345.0
2023-10-13 00:00:00-04:00,176.88999938964844,179.10000610351562,176.72000122070312,178.8300018310547,18796500,171.7709991455078,174.25499954223633,176.42660064697264,62.7982637771404,-0.9692241986675185,-1.6013656939611236,0.6321414952936051,181.8183823409007,166.69161674357196,174.25499954223633,1.7864047783408135,0.03214825984540237,0.03164231938177581,8649125.0
2023-10-16 00:00:00-04:00,177.83999633789062,178.3300018310547,177.5399932861328,177.9600067138672,8385400,172.60200042724608,174.18349990844726,176.3820007324219,59.61904242463364,-0.5502412433327777,-1.3911408038354545,0.8408995605026768,181.5764750545158,166.7905247623787,174.18349990844726,1.750947904525175,-0.004864928190345896,-0.004876800474351656,8815930.0
2023-10-17 00:00:00-04:00,178.3699951171875,179.1300048828125,177.97999572753906,178.2899932861328,8231900,173.51499938964844,174.13699951171876,176.3522006225586,60.43717661675061,-0.18938397349285196,-1.1507894377669339,0.9614054642740819,181.4134561247501,166.8605428986874,174.13699951171876,1.709451494840899,0.001854273768354009,0.0018525567250013085,9016290.0
2023-10-18 00:00:00-04:00,180.88999938964844,182.02000427246094,179.75,180.8699951171875,13920800,174.68799896240233,174.21299896240234,176.39680053710939,66.20269578619377,0.3013092925170895,-0.8603696917101292,1.1616789842272186,181.73332313059746,166.69267479420722,174.21299896240234,1.8537771728042725,0.014470816805260078,0.014367113783494704,9245930.0
2023-10-19 00:00:00-04:00,181.0399932861328,183.42999267578125,180.82000732421875,183.08999633789062,13406600,176.11399841308594,174.464998626709,176.50280059814452,70.22374265212395,0.8594159738912879,-0.5164125585898458,1.3758285324811337,182.77865947353428,166.1513377798837,174.464998626709,1.9077920427155743,0.012274016037125302,0.012199301049654077,9537665.0
2023-10-20 00:00:00-04:00,183.42999267578125,185.22999572753906,183.08999633789062,183.58999633789062,12785700,177.50299835205078,174.71349868774413,176.62260040283203,71.05890986109742,1.3267711689976522,-0.14777581307234622,1.4745469820699983,183.77276273254017,165.6542346429481,174.71349868774413,1.9243782817822075,0.0027308974274993236,0.0027271753020748097,9995210.0
2023-10-23 00:00:00-04:00,183.50999450683594,183.55999755859375,182.7100067138672,182.97000122070312,9479800,178.51799774169922,174.97699890136718,176.7300003051758,68.49350641895897,1.6283544473367613,0.2074502390094753,1.420904208327286,184.6539130802972,165.30008472243716,174.97699890136718,1.8497790919422954,-0.0033770637265356784,-0.0033827788768209456,10190095.0
2023-10-24 00:00:00-04:00,182.07000732421875,183.39999389648438,181.67999267578125,182.9499969482422,6594000,179.55999755859375,175.31049880981445,176.84780029296874,68.40769180667736,1.8444851143595713,0.5348572140794945,1.3096279002800768,185.58532032190686,165.03567729772203,175.31049880981445,1.8405092439966404,-0.0001093308866343401,-0.00010933686369138149,10160740.0
2023-10-25 00:00:00-04:00,183.4199981689453,184.3000030517578,182.0399932861328,183.72000122070312,10087000,180.5529983520508,175.79149856567383,176.990400390625,69.96745626568757,2.0542233269029566,0.838730436644187,1.2154928902587696,186.67714974905087,164.9058473822968,175.79149856567383,1.8704735669700947,0.004208823642007475,0.004199991317574014,10119110.0
2023-10-26 00:00:00-04:00,183.39999389648438,184.49000549316406,182.8699951171875,184.00999450683594,7671400,181.62799835205078,176.33049850463868,177.15920013427734,70.5570308566804,2.2182715524116077,1.1146386597976712,1.1036328926139365,187.7117020305566,164.94929497872076,176.33049850463868,1.8525833390419852,0.0015784524505007003,0.00157720800379265,9999585.0
2023-10-27 00:00:00-04:00,183.75999450683594,186.36000061035156,183.47000122070312,186.14999389648438,14102800,182.35999755859376,177.06549835205078,177.37619995117188,74.53056018426346,2.492232118552323,1.3901573515486016,1.1020747670037214,188.9773216154006,165.15367508870096,177.06549835205078,1.9266844855138747,0.011629799758343662,0.011562693424814757,10183355.0
2023-10-30 00:00:00-04:00,185.5399932861328,185.6999969482422,184.72999572753906,185.10000610351562,8756400,183.0739974975586,177.83799896240234,177.5716000366211,69.56955875934904,2.594712372145949,1.6310683556680714,0.9636440164778777,189.7298964720882,165.94610145271648,177.83799896240234,1.8904926057589775,-0.00564054701797434,-0.0056565149769635704,9985875.0
2023-10-31 00:00:00-04:00,185.0800018310547,186.2100067138672,183.5,184.08999633789062,10104600,183.65399780273438,178.5844985961914,177.73720001220704,65.08188675710446,2.564863217764639,1.8178273280873851,0.747035889677254,190.0711932172791,167.0978039751037,178.5844985961914,1.9490293277667068,-0.005456562573315948,-0.005471503988171267,9918115.0
2023-11-01 00:00:00-04:00,183.91000366210938,185.0,182.6699981689453,183.50999450683594,9048600,183.91799774169922,179.3029983520508,177.88539978027345,62.585211496950976,2.4659799653559844,1.947457855541105,0.5185221098148793,190.1146390537261,168.49135765037548,179.3029983520508,1.976241649430134,-0.003150642851826202,-0.0031556165767174377,9868815.0
2023-11-02 00:00:00-04:00,184.1300048828125,184.27999877929688,183.5,184.1199951171875,7343700,184.0209976196289,180.06749801635743,178.00999969482422,64.14318209333044,2.409066013264919,2.039779487085868,0.3692865261790512,189.92942967585145,170.20556635686341,180.06749801635743,1.8907957301349012,0.0033240729584831374,0.0033185604405963163,9887490.0
2023-11-03 00:00:00-04:00,184.47999572753906,185.47000122070312,184.35000610351562,184.7899932861328,8530400,184.14099731445313,180.82199783325194,178.14879943847657,65.82637924473376,2.3904687136989935,2.109917332408493,0.2805513812905005,189.6505873466958,171.99340831980808,180.82199783325194,1.8521678996620958,0.003638921283475316,0.0036323164276059108,9816590.0
2023-11-06 00:00:00-05:00,184.13999938964844,184.22999572753906,183.33999633789062,183.35000610351562,8274700,184.1789978027344,181.3484977722168,178.26339965820313,59.37521457172089,2.2337855987454134,2.134690985675877,0.09909461306953649,189.42977111220128,173.26722443223233,181.3484977722168,1.8234414031321025,-0.007792560392528847,-0.007823081050705708,9720250.0
2023-11-07 00:00:00-05:00,182.25,182.64999389648438,181.75,182.58999633789062,6795800,184.14299774169922,181.85149765014648,178.3525994873047,56.24231428199907,2.024944366709178,2.112741661882537,-0.08779729517335877,188.85506974778656,174.8479255525064,181.85149765014648,1.8074817388737827,-0.0041451308444239165,-0.004153745714032089,9767840.0
2023-11-08 00:00:00-05:00,182.00999450683594,182.07000732421875,180.57000732421875,180.77000427246094,6738300,183.847998046875,182.20049819946288,178.37059967041014,49.505837763148946,1.6930614775102129,2.028805625008072,-0.3357441474978593,188.18373909851945,176.21725730040632,182.20049819946288,1.8226608299307894,-0.00996764391222027,-0.010017653470627112,9748355.0
2023-11-09 00:00:00-05:00,180.97999572753906,182.27999877929688,180.88999938964844,181.49000549316406,6486300,183.59599914550782,182.61199874877929,178.39399963378906,51.95740869391947,1.471181117794913,1.9172807235654403,-0.4460996057705273,186.99791707557907,178.2260804219795,182.61199874877929,1.8003275211382999,0.003982968433291267,0.003975057413790778,9777035.0
2023-11-10 00:00:00-05:00,180.50999450683594,180.58999633789062,179.25,179.50999450683594,7606600,182.93199920654297,182.64599838256837,178.38379943847656,45.42573729655246,1.1226280379941613,1.7583501864511846,-0.6357221484570232,186.92331548505658,178.36868128008015,182.64599838256837,1.8317330905687115,-0.010909752197912126,-0.010969699953245399,9217540.0
2023-11-13 00:00:00-05:00,179.39999389648438,180.72999572753906,179.11000061035156,180.50999450683594,5385900,182.472998046875,182.77349777221679,178.39179931640626,48.918413348491,0.916523738571982,1.589984896875344,-0.6734611583033621,186.61422897153244,178.93276657290113,182.77349777221679,1.8166089496129108,0.005570720464602941,0.005555261386915847,9067565.0
2023-11-14 00:00:00-05:00,181.6999969482422,182.75,181.6199951171875,182.1199951171875,6831600,182.2759979248047,182.96499786376953,178.46139923095703,54.02047427625586,0.8730343932570577,1.446594796151687,-0.5735604028946293,186.23142980915227,179.69856591838678,182.96499786376953,1.8468515598665645,0.008919177105678688,0.008879636186604733,8997550.0
2023-11-15 00:00:00-05:00,182.02999877929688,182.17999267578125,181.30999755859375,181.63999938964844,4909400,182.08899841308593,183.00349807739258,178.5375991821289,52.341951692722425,0.7907221770014132,1.3154202723216324,-0.5246980953202192,186.18735823099044,179.81963792379472,183.00349807739258,1.7770760996752026,-0.002635601473798599,-0.0026390807860946154,8546980.0
2023-11-16 00:00:00-05:00,182.85000610351562,184.32000732421875,182.8000030517578,183.69000244140625,8253300,182.0459991455078,183.03349838256835,178.65099914550783,58.30123230266807,0.8807544769185256,1.2284871132410111,-0.3477326363224855,186.23132993894743,179.83566682618928,183.03349838256835,1.8415712307391392,0.011286077178189302,0.011222864579353571,8289315.0
2023-11-17 00:00:00-05:00,183.9600067138672,184.1300048828125,183.4499969482422,183.6699981689453,4871100,181.93399963378906,183.0374984741211,178.76279907226564,58.22472234778627,0.9396597331596297,1.1707216372247349,-0.23106190406510518,186.23830322617957,179.83669372206262,183.0374984741211,1.7586024238699374,-0.00010890234740634774,-0.00010890827769753537,7893585.0
2023-11-20 00:00:00-05:00,182.32000732421875,183.47999572753906,182.22999572753906,183.3699951171875,5389300,181.93599853515624,183.0574981689453,178.8619989013672,57.01627795950627,0.9511703345398246,1.1268113766877528,-0.1756410421479282,186.26136313759085,179.85363320029975,183.0574981689453,1.7358452822653885,-0.0016333808174913145,-0.0016347162383040547,7689060.0
2023-11-21 00:00:00-05:00,185.57000732421875,186.1199951171875,185.07000732421875,185.35000610351562,7322400,182.21199951171874,183.177498626709,179.01919891357423,62.542015570678295,1.107298658353443,1.122908833020891,-0.015610174667447962,186.53248857026819,179.8225086831498,183.177498626709,1.808284904960718,0.01079790063288577,0.010740019593542038,7725480.0
2023-11-22 00:00:00-05:00,185.47000122070312,185.72000122070312,184.27000427246094,184.55999755859375,4337700,182.59099884033202,183.21949844360353,179.168798828125,59.26818114477833,1.1539820063805735,1.1291234676928275,0.024858538687746012,186.62130684934024,179.8176900378668,183.21949844360353,1.7826929080522513,-0.004262252597287075,-0.004271361889171939,7438015.0
2023-11-24 00:00:00-05:00,185.47000122070312,185.75,185.16000366210938,185.52000427246094,2445100,182.9939987182617,183.29499893188478,179.3357989501953,61.8795601369634,1.253988219116252,1.1540964179775124,0.09989180113873952,186.82812612219965,179.7618717415699,183.29499893188478,1.740357874720394,0.005201596914642392,0.005188115339681599,7176700.0
2023-11-27 00:00:00-05:00,186.55999755859375,186.8000030517578,185.92999267578125,186.77000427246094,6320400,183.71999969482422,183.32599945068358,179.50439910888673,65.02388956238056,1.4177653006713626,1.2068301945162825,0.21093510615508015,186.967987477587,179.68401142378016,183.32599945068358,1.7074750821901428,0.006737817869841178,0.006715220224108336,6787580.0
2023-11-28 00:00:00-05:00,187.89999389648438,189.39999389648438,187.52000427246094,189.25999450683594,10901900,184.59499969482422,183.53399887084962,179.70179901123046,70.2823325478268,1.7285555080430868,1.3111752572216435,0.41738025082144325,187.95033913144772,179.1176586102515,183.53399887084962,1.773368978035378,0.013331852960406732,0.013243765854618068,6894855.0
2023-11-29 00:00:00-05:00,189.16000366210938,189.99000549316406,189.02000427246094,189.5399932861328,8407300,185.33699951171874,183.8064987182617,179.90819885253907,70.81371553567156,1.9746895559500786,1.4438781169673307,0.5308114389827479,188.94065919263653,178.67233824388688,183.8064987182617,1.7159855667973598,0.0014794398574642376,0.0014783465644929395,6809990.0
2023-11-30 00:00:00-05:00,188.88999938964844,189.24000549316406,188.27999877929688,188.75,7558100,186.0479995727539,184.06849899291993,180.09619873046876,67.16461838995505,2.082006629850099,1.5715038195438844,0.5105028103062146,189.63222842882706,178.5047695570128,184.06849899291993,1.6834147768001153,-0.004167950375202456,-0.004176660491012712,6735465.0
2023-12-01 00:00:00-05:00,188.80999755859375,192.39999389648438,188.69000244140625,192.00999450683594,16727600,186.87999877929687,184.46299896240234,180.3753985595703,73.28296932501952,2.402416928979733,1.7376864414310542,0.6647304875486786,191.01628090061007,177.9097170241946,184.46299896240234,1.8281702538199731,0.017271494075951965,0.0171240372669512,7204660.0
2023-12-04 00:00:00-05:00,189.60000610351562,190.3800048828125,187.25999450683594,187.86000061035156,18460500,187.2989990234375,184.6164993286133,180.5601986694336,58.371828100242425,2.2950190242594033,1.8491529579967243,0.445866066262679,191.334965946348,177.89803271087857,184.6164993286133,2.036872378547118,-0.02161342646325959,-0.021850417580745678,7701165.0
2023-12-05 00:00:00-05:00,187.5500030517578,187.8800048828125,186.3000030517578,187.14999389648438,7027700,187.6769989013672,184.8064987182617,180.74919860839844,56.26258241956304,2.1280825915432047,1.9049388847060205,0.2231437068371842,191.58560725468382,178.0273901818396,184.8064987182617,2.0042387680119442,-0.0037794459254785195,-0.003786606077863042,7638815.0
2023-12-06 00:00:00-05:00,188.32000732421875,188.4600067138672,187.5,187.83999633789062,5778600,187.92599792480468,185.06899871826172,180.98039855957032,57.85636374475721,2.028083215464079,1.9295677508576323,0.09851546460644678,191.89091432531902,178.24708311120443,185.06899871826172,1.9546512001098633,0.0036868953454944897,0.003680115406357525,7587955.0
2023-12-07 00:00:00-05:00,188.4499969482422,188.58999633789062,187.25999450683594,188.14999389648438,5802000,188.28499755859374,185.4379981994629,181.2613983154297,58.586509826470234,1.9513532164812375,1.9339248439823535,0.01742837249888396,192.08601487287353,178.78998152605226,185.4379981994629,1.9100333880344935,0.0016503277504122948,0.001648967455985853,7541140.0
2023-12-08 00:00:00-05:00,185.92999267578125,186.77999877929688,184.89999389648438,185.63999938964844,7883200,188.2969970703125,185.6454978942871,181.50959838867186,50.89745431767226,1.6687719948925803,1.880894274164399,-0.2121222792718187,192.0419604175031,179.2490353710711,185.6454978942871,2.0057452888891727,-0.01334039111485108,-0.013430173514668298,7610985.0
2023-12-11 00:00:00-05:00,184.5,184.52999877929688,183.14999389648438,183.58999633789062,8519500,187.97899627685547,185.84949798583983,181.75239837646484,45.63009263682152,1.2648260992638996,1.7576806391842992,-0.4928545399203996,191.68597000476336,180.0130259669163,185.84949798583983,2.0403353034802363,-0.011042895165362276,-0.011104320560253362,7656630.0
2023-12-12 00:00:00-05:00,183.83999633789062,183.97999572753906,183.25999450683594,183.49000549316406,5056900,187.4019973754883,185.99849853515624,182.02919860839845,45.38338399204621,0.9259538219212118,1.5913352757316817,-0.6653814538104699,191.41947468867608,180.5775223816364,185.99849853515624,1.9460257261390141,-0.0005446421195114404,-0.0005447904909059331,7640180.0
2023-12-13 00:00:00-05:00,183.82000732421875,187.66000366210938,183.3800048828125,187.6300048828125,10635500,187.21099853515625,186.2739990234375,182.3985986328125,55.99260313269642,0.9801597801925084,1.4691001766238472,-0.4889403964313388,191.43221433696476,181.11578370991026,186.2739990234375,2.1127380870788612,0.022562533466176538,0.02231176448891427,7830375.0
2023-12-14 00:00:00-05:00,188.86000061035156,189.82000732421875,188.0800018310547,188.72999572753906,9107200,187.20899810791016,186.62849884033204,182.79039855957032,58.30981594555693,1.0992074812072872,1.3951216375405353,-0.29591415633324814,191.4260084214495,181.8309892592146,186.62849884033204,2.1182569695308175,0.005862552982469849,0.005845435089187853,8040265.0
2023-12-15 00:00:00-05:00,188.52000427246094,188.9600067138672,186.82000732421875,187.0,8324800,186.70799865722657,186.79399871826172,183.15379852294922,53.535382994439075,1.0419465338658256,1.3244866168055935,-0.28254008293976796,191.39912496490922,182.18887247161422,186.79399871826172,2.119809999539219,-0.009166511771857233,-0.009208782757507668,8043840.0
2023-12-18 00:00:00-05:00,187.5,188.49000549316406,187.24000549316406,187.85000610351562,5358000,186.70699920654297,187.00299911499025,183.5167987060547,55.4648814612309,1.0530166884073253,1.27019263112594,-0.21717594271861462,191.39658734300468,182.6094108869758,187.00299911499025,2.074823963369565,0.004545487184575592,0.004535187656823467,8068185.0
2023-12-19 00:00:00-05:00,188.22999572753906,189.72000122070312,188.1300048828125,189.1300048828125,6025600,186.90500030517578,187.29099960327147,183.84299865722656,58.27479374498436,1.151797860958851,1.2465136770925223,-0.0947158161336712,191.4427374911933,183.13926171534965,187.29099960327147,2.060193331499417,0.00681394057869511,0.006790830606181505,8100000.0
2023-12-20 00:00:00-05:00,188.69000244140625,188.9600067138672,188.08999633789062,188.10000610351562,6002400,186.93100128173828,187.4284996032715,184.15439880371093,55.253705594397836,1.1338994711797454,1.223990835909967,-0.0900913647302215,191.49528084158197,183.361718364961,187.4284996032715,1.9873229896010212,-0.005445982936102989,-0.005460866362358439,8034000.0
2023-12-21 00:00:00-05:00,189.2100067138672,189.6199951171875,188.75,189.42999267578125,4620000,187.05900115966796,187.67199935913087,184.4671987915039,58.26257626226951,1.2130503798676955,1.2218027447015127,-0.00875236483381725,191.60354806462294,183.7404506536388,187.67199935913087,1.953941991320368,0.007070635455129759,0.007045755720440373,8048115.0
2023-12-22 00:00:00-05:00,191.60000610351562,191.8800048828125,190.07000732421875,190.27000427246094,7176300,187.52200164794922,187.90949935913085,184.8073989868164,60.08803597690195,1.3282487362116626,1.2430919430035428,0.08515679320811986,191.86615951120146,183.95283920706024,187.90949935913085,1.9893755781568596,0.004434417088942322,0.004424614031362936,8284675.0
2023-12-26 00:00:00-05:00,190.97000122070312,191.74000549316406,190.39999389648438,191.72000122070312,4502700,188.33500213623046,188.15699920654296,185.0651989746094,63.08905193440787,1.519036393193204,1.298280833041475,0.22075556015172904,192.40604968141466,183.90794873167127,188.15699920654296,1.952277409767307,0.007620733251079592,0.007591842151508473,8193790.0
2023-12-27 00:00:00-05:00,191.77000427246094,193.17999267578125,191.5399932861328,192.58999633789062,5813300,189.24500122070313,188.3234992980957,185.35779876708983,64.79926923376263,1.7206042660661751,1.3827455196464151,0.33785874641976,192.97436091750262,183.67263767868877,188.3234992980957,1.9299718369016734,0.004537842226414179,0.0045275772625212145,7939360.0
2023-12-28 00:00:00-05:00,192.33999633789062,192.88999938964844,191.44000244140625,191.47000122070312,6171500,189.62900085449218,188.4199996948242,185.62139892578125,60.888050017129686,1.7695754475321337,1.460111505223559,0.30946394230857477,193.24466422635444,183.59533516329398,188.4199996948242,1.8956879162831386,-0.005815437657636813,-0.005832413160524644,7827570.0
2023-12-29 00:00:00-05:00,190.99000549316406,191.63999938964844,190.74000549316406,191.1699981689453,4612300,189.8730010986328,188.54099960327147,185.8273989868164,59.846040469205164,1.7638452129560278,1.5208582467700527,0.24298696618597515,193.51186896503097,183.57013024151198,188.54099960327147,1.8245669148689412,-0.001566841018672216,-0.001568069797763166,7680280.0
2024-01-02 00:00:00-05:00,191.44000244140625,191.88999938964844,190.5,190.72000122070312,6025600,190.24500122070313,188.47649993896485,185.97999908447267,58.23613362783513,1.7033577203320363,1.5573581414824493,0.14599957884958692,193.29684493351235,183.65615494441735,188.47649993896485,1.7935263773531909,-0.002353909884146743,-0.0023566846852945507,7145180.0
2024-01-03 00:00:00-05:00,188.77000427246094,189.86000061035156,188.16000366210938,189.1300048828125,8661600,190.3730010986328,188.54000015258788,186.09079925537108,52.82852730700866,1.5097184359620428,1.5478302003783682,-0.038111764416325355,193.35964705000984,183.72035325516592,188.54000015258788,1.8482743188703736,-0.008336809604204354,-0.008371755159892112,6655235.0
2024-01-04 00:00:00-05:00,189.0800018310547,189.75,188.69000244140625,189.32000732421875,4416700,190.39200134277343,188.64850082397462,186.2177993774414,53.38556007579829,1.3559588673402914,1.509455933770753,-0.15349706643046157,193.4356884526582,183.86131319529102,188.64850082397462,1.791968835993472,0.0010046128932528209,0.0010041086074332737,6524685.0
2024-01-05 00:00:00-05:00,189.67999267578125,191.25999450683594,189.0800018310547,189.35000610351562,7481900,190.51700134277343,188.72400131225587,186.34579956054688,53.478967144311746,1.2224325111579049,1.4520512492481834,-0.22961873809027855,193.50542893671485,183.94257368779688,188.72400131225587,1.8196848245497417,0.00015845540955172766,0.00015844285681933427,6609850.0
2024-01-08 00:00:00-05:00,187.2100067138672,188.74000549316406,187.11000061035156,187.8699951171875,6215000,190.36100158691406,188.71000137329102,186.42879943847657,48.33319216767606,0.9858234353403077,1.3588056864666083,-0.37298225112630057,193.4997022562634,183.92030049031865,188.71000137329102,1.8497077294507647,-0.007816271130823282,-0.00784697829301582,6630500.0
2024-01-09 00:00:00-05:00,188.67999267578125,188.77999877929688,187.72999572753906,187.92999267578125,4437300,190.1270004272461,188.82450103759766,186.50719940185547,48.549320755099494,0.7939976292133224,1.2458440750159512,-0.4518464458026288,193.42074886964122,184.2282532055541,188.82450103759766,1.792585966758411,0.0003193567900841021,0.0003193058065587502,6458205.0
2024-01-10 00:00:00-05:00,188.13999938964844,188.44000244140625,187.2100067138672,187.5,4504700,189.7050003051758,189.02000122070314,186.5341995239258,47.03088677005544,0.6003569394023316,1.1167466478932273,-0.5163897084908957,193.00038632225505,185.03961611915122,189.02000122070314,1.7524009496713144,-0.00228804710551489,-0.0022906686849215973,6257465.0
2024-01-11 00:00:00-05:00,188.02000427246094,188.5500030517578,186.55999755859375,187.8699951171875,6831100,189.23300018310547,189.2390007019043,186.58959930419923,48.52281244037058,0.4713177537203421,0.9876608690586504,-0.5163431153383082,192.3694886389351,186.1085127648735,189.2390007019043,1.7693727027779393,0.0019733072916665595,0.001971362878362661,6346175.0
2024-01-12 00:00:00-05:00,190.6699981689453,191.0800018310547,189.16000366210938,189.7100067138672,6833700,189.05700073242187,189.34300079345704,186.70199951171875,55.27013297597835,0.5116290859984076,0.8924545124466019,-0.3808254264481943,192.38984940656755,186.29615218034652,189.34300079345704,1.872275132141457,0.009794068475553752,0.009746417465784744,6156085.0
2024-01-16 00:00:00-05:00,189.14999389648438,189.25999450683594,187.5399932861328,187.91000366210938,6548100,188.7310012817383,189.30200119018554,186.78999969482422,48.56405176135047,0.3937915207085325,0.7927219140989881,-0.39893039339045555,192.4023404804668,186.20166189990428,189.30200119018554,1.8935421532552368,-0.009488181898979597,-0.009533481464917172,6028130.0
2024-01-17 00:00:00-05:00,187.30999755859375,187.4199981689453,185.4499969482422,185.83999633789062,8643200,188.24300079345704,189.24400100708007,186.82439971923827,42.21983319677866,0.13185219986615948,0.6605479712524224,-0.5286957713862629,192.55094842931712,185.93705358484303,189.24400100708007,1.9340039075846618,-0.01101595063528893,-0.011077075533253638,6044050.0
2024-01-18 00:00:00-05:00,186.36000061035156,187.39999389648438,186.3000030517578,187.3699951171875,4685200,188.06699981689454,189.22000045776366,186.87599975585937,47.66214055518865,0.04717768074706896,0.5378739131513518,-0.49069623240428284,192.57370473882483,185.8662961767025,189.22000045776366,1.9072891683710254,0.008232882099906247,0.0081991767942437,6010410.0
2024-01-19 00:00:00-05:00,188.25999450683594,188.3000030517578,187.44000244140625,187.92999267578125,5719700,187.9279983520508,189.1599998474121,186.96759948730468,49.53570325719636,0.024971778068703543,0.4352934861348222,-0.4103217080661187,192.5606080704585,185.75939162436572,189.1599998474121,1.837483365956689,0.00298872590696031,0.0029842685447011067,5995115.0
2024-01-22 00:00:00-05:00,187.22999572753906,187.75999450683594,186.85000610351562,187.22000122070312,4397500,187.71499786376953,189.1159996032715,187.06019958496094,47.227374055284734,-0.04934808258946077,0.33836517238996566,-0.38771325497942644,192.59226107036795,185.63973813617503,189.1159996032715,1.783376452121613,-0.003777957126316789,-0.003785111631635069,5914870.0
2024-01-23 00:00:00-05:00,187.4499969482422,188.14999389648438,187.27999877929688,187.9499969482422,5040800,187.722998046875,189.04199981689453,187.20379943847655,49.81672146633364,-0.04878024492435884,0.2609360889271008,-0.30971633385145964,192.55122822531632,185.53277140847274,189.04199981689453,1.7224204680973014,0.0038991332271092194,0.0038915513093621982,5935910.0
2024-01-24 00:00:00-05:00,188.3300018310547,188.3699951171875,186.32000732421875,186.39999389648438,6085400,187.56999816894532,188.8484992980957,187.30199920654297,44.79130298140596,-0.17142642472953185,0.17446358619577426,-0.34589001092530614,192.48983892623963,185.20715966995178,188.8484992980957,1.7458181341595478,-0.008246890539639895,-0.008281084265806402,5881365.0
2024-01-25 00:00:00-05:00,187.33999633789062,187.63999938964844,186.4600067138672,187.13999938964844,4651000,187.53399810791015,188.61949920654297,187.4545993041992,47.513572841175645,-0.2065313818204686,0.09826459259252568,-0.3047959744129943,192.08133106971775,185.1576673433682,188.61949920654297,1.7096886598027274,0.003969986681303217,0.003962127078988696,5888780.0
2024-01-26 00:00:00-05:00,187.27000427246094,187.3800048828125,186.75999450683594,187.00999450683594,5064800,187.447998046875,188.34049911499022,187.58459930419923,47.074417633399285,-0.24205239148275837,0.030201195777468867,-0.27225358726022725,191.34683363167568,185.33416459830477,188.34049911499022,1.6318544966722872,-0.0006946931881827156,-0.0006949345993064864,5851355.0
2024-01-29 00:00:00-05:00,188.30999755859375,188.5399932861328,187.19000244140625,188.3300018310547,5629700,187.30999755859375,188.18349914550782,187.70879943847658,51.932381844398826,-0.16182408097870393,-0.008203859573765696,-0.15362022140493825,190.82560372655797,185.54139456445768,188.18349914550782,1.624579088288329,0.0070584854445867595,0.007033690942252052,5824265.0
2024-01-30 00:00:00-05:00,189.6999969482422,189.8300018310547,187.97999572753906,188.58999633789062,4976500,187.37799682617188,188.05449905395508,187.84779937744142,52.85037495857343,-0.07638269093899908,-0.02183962584681237,-0.054543065092186704,190.32680300211172,185.78219510579845,188.05449905395508,1.6406810179474216,0.0013805262268788976,0.0013795741766668092,5842475.0
2024-01-31 00:00:00-05:00,189.3699951171875,190.4600067138672,188.1300048828125,188.4499969482422,7886100,187.63899688720704,187.94099884033204,187.94299926757813,52.27148197255777,-0.019739015399068194,-0.021419503757263536,0.0016804883581953423,189.87028352526784,186.01171415539625,187.94099884033204,1.6899182188836548,-0.0007423479101065222,-0.0007426235867567754,5935500.0
2024-02-01 00:00:00-05:00,189.7100067138672,191.36000061035156,188.99000549316406,190.41000366210938,10278100,187.94299774169923,188.00499877929687,188.0777993774414,59.03642530804504,0.18121869065038254,0.01910813512426568,0.16211055552611686,190.159576537225,185.85042102136873,188.00499877929687,1.7770671791140633,0.01040067256889099,0.010346957700093572,6016325.0
2024-02-02 00:00:00-05:00,188.07000732421875,188.8699951171875,187.85000610351562,188.61000061035156,7337600,188.01099853515626,187.96949844360353,188.18259948730469,51.77815481475823,0.19300902954435628,0.053888314008283804,0.13912071553607247,190.05864184894787,185.88035503825918,187.96949844360353,1.8329907776483267,-0.009453300862028224,-0.009498266920115546,6162370.0
2024-02-05 00:00:00-05:00,186.8800048828125,187.82000732421875,186.6999969482422,187.57000732421875,5436100,188.0459991455078,187.88049850463867,188.22699951171876,48.09866113429462,0.1170845140626966,0.06652755401916637,0.05055696004353023,189.87639293136294,185.8846040779144,187.88049850463867,1.838491697966973,-0.005513988032274764,-0.005529246178959096,6060080.0
2024-02-06 00:00:00-05:00,187.94000244140625,188.85000610351562,187.74000549316406,188.5500030517578,4866100,188.1059997558594,187.91449890136718,188.30679962158203,51.589721832362244,0.1344414957076765,0.0801103423568684,0.0543311533508081,189.93157491833117,185.8974228844032,187.91449890136718,1.7985993466333947,0.005224693124019186,0.0052110917695982265,5992635.0
2024-02-07 00:00:00-05:00,188.4499969482422,189.38999938964844,188.27999877929688,188.5,6276900,188.31600036621094,187.94299926757813,188.3663995361328,51.39974666798983,0.1425193262498965,0.09259213913547402,0.04992718711442247,189.97618909408368,185.90980944107258,187.94299926757813,1.7494137226132638,-0.0002651978305409086,-0.0002652330017039186,6084615.0
2024-02-08 00:00:00-05:00,187.91000366210938,188.52999877929688,187.82000732421875,188.3300018310547,3873300,188.43500061035155,187.98449935913087,188.3975994873047,50.71597540985829,0.13366285150243584,0.1008062816088664,0.03285656989356944,190.01370520547138,185.95529351279035,187.98449935913087,1.6751692749321825,-0.0009018470501077624,-0.0009022539588233346,6053045.0
2024-02-09 00:00:00-05:00,187.55999755859375,187.77000427246094,187.13999938964844,187.60000610351562,4412600,188.49400177001954,187.97099990844725,188.3643997192383,47.77678614102485,0.06696751722137151,0.09403852873136742,-0.027071011509995913,190.00665513332834,185.93534468356617,187.97099990844725,1.6405145011089015,-0.003876152075832917,-0.003883683822386861,5932120.0
2024-02-12 00:00:00-05:00,186.60000610351562,187.27000427246094,186.36000061035156,187.11000061035156,4706300,188.37200164794922,187.84099960327148,188.31579986572265,45.85572304090998,-0.025138581937511617,0.07020310659759162,-0.09534168853510323,189.7435575922977,185.93844161424528,187.84099960327148,1.6119067148271273,-0.0026119694947860372,-0.0026153866387210066,5825750.0
2024-02-13 00:00:00-05:00,185.35000610351562,185.3800048828125,184.3300018310547,184.52999877929688,9525800,187.96600189208985,187.67199935913087,188.2313998413086,37.341896180440436,-0.3028271124516948,-0.004402937212265666,-0.29842417523942916,190.05885409932225,185.28514461893948,187.67199935913087,1.6953418622892522,-0.013788690196348319,-0.01388463719494907,5974635.0
2024-02-14 00:00:00-05:00,184.27000427246094,184.8800048828125,183.77999877929688,184.4199981689453,7031600,187.56300201416016,187.6009994506836,188.07959991455078,37.02624983918071,-0.5257133076979414,-0.10866501130940082,-0.41704829638854063,190.26947597053586,184.9325229308313,187.6009994506836,1.6528178795197075,-0.0005961123453055439,-0.0005962900909107332,5894055.0
2024-02-15 00:00:00-05:00,185.60000610351562,186.02000427246094,185.10000610351562,185.66000366210938,6228900,187.08800201416017,187.5154998779297,188.03559997558594,42.886992106403554,-0.5954303921803614,-0.20601808748359296,-0.38941230469676846,190.31449015284534,184.71650960301406,187.5154998779297,1.6490456098051303,0.0067238125229136525,0.00670130851432818,5971240.0
2024-02-16 00:00:00-05:00,185.0800018310547,186.6699981689453,184.83999633789062,186.33999633789062,6518500,186.86100158691406,187.43600006103514,188.01940002441407,45.86247055213591,-0.5890220780551942,-0.28261888559791326,-0.306403192457281,190.27344019858202,184.59855992348827,187.43600006103514,1.6619710541800985,0.0036625695484677756,0.0036558786728406838,6011180.0
2024-02-20 00:00:00-05:00,187.9600067138672,188.02999877929688,187.39999389648438,187.47000122070312,5531200,186.8510009765625,187.44850006103516,188.0120001220703,50.47954784900686,-0.48714597715664354,-0.32352430390965936,-0.16362167324698418,190.28422600867694,184.61277411339339,187.44850006103516,1.6639732961248235,0.006064210073093879,0.006045896751115412,6067865.0
2024-02-21 00:00:00-05:00,187.8800048828125,188.0399932861328,187.10000610351562,187.47999572753906,5789200,186.74400024414064,187.425,187.9986001586914,50.519742327442316,-0.4009797154839134,-0.33901538622451016,-0.06196432925940326,190.25148743292453,184.5985125670755,187.425,1.6122600023028493,5.331256612173263e-05,5.331114505738622e-05,6105285.0
2024-02-22 00:00:00-05:00,187.55999755859375,187.63999938964844,187.0500030517578,187.55999755859375,4550800,186.65,187.48300018310547,188.0370001220703,50.86354469309939,-0.32251905425465566,-0.3357161198305393,0.013197065575883626,190.27030936746868,184.69569099874226,187.48300018310547,1.5392411691305476,0.00042672195902415666,0.0004266309391015458,6028555.0
2024-02-23 00:00:00-05:00,187.55999755859375,189.17999267578125,187.4600067138672,188.6199951171875,6827300,186.6789993286133,187.55699996948243,188.13760009765625,55.295707968131744,-0.17281338560596282,-0.303135572985624,0.13032218737966117,190.38228052242994,184.73171941653493,187.55699996948243,1.5521515114722273,0.005651511902278639,0.005635602023986148,6137370.0
2024-02-26 00:00:00-05:00,187.7899932861328,188.36000061035156,187.52999877929688,188.1999969482422,4491900,186.73899841308594,187.61650009155272,188.23179992675782,53.24629928568186,-0.0870573636961467,-0.25991993112772854,0.17286256743158185,190.44331723676459,184.78968294634086,187.61650009155272,1.51914042764497,-0.0022266895335479875,-0.002229172292928307,6108725.0
2024-02-27 00:00:00-05:00,188.5800018310547,188.72000122070312,187.8800048828125,188.0,5165400,186.82799835205077,187.6,188.23919982910155,52.25315954687964,-0.03483166304312135,-0.21490227751080712,0.18007061446768577,190.41378813166165,184.78621186833834,187.6,1.4706301355196596,-0.0010626830578386315,-0.0010632481058260926,6085510.0
2024-02-28 00:00:00-05:00,188.33999633789062,188.52000427246094,188.02999877929688,188.33999633789062,2824100,187.20899810791016,187.5875,188.2313998413086,53.82974936275028,0.033605065710958115,-0.16520080886645408,0.1988058745774122,190.38576357159062,184.7892364284094,187.5875,1.4027282881583223,0.00180849115899262,0.001806857807827473,5977890.0
2024-02-29 00:00:00-05:00,189.63999938964844,189.9199981689453,189.22999572753906,189.30999755859375,6848600,187.697998046875,187.63050003051757,188.27759979248046,58.08234227109168,0.1642196364352344,-0.0993167198061164,0.2635363562413508,190.50582651220964,184.7551735488255,187.63050003051757,1.4153906840794914,0.005150266749304189,0.0051370494877010335,5926015.0
2024-03-01 00:00:00-05:00,190.27000427246094,193.39999389648438,189.44000244140625,192.88999938964844,13411000,188.4209976196289,187.75449981689454,188.37839965820314,69.3155837579803,0.5502657323695814,0.030599770629023165,0.5196659617405582,191.24639574924515,184.26260388454392,187.75449981689454,1.606433945066001,0.018910791174389097,0.018734204946424127,6082660.0
2024-03-04 00:00:00-05:00,194.14999389648438,196.3300018310547,193.8800048828125,196.00999450683594,12216300,189.38799743652345,188.12449951171874,188.51599945068358,75.48217745161622,1.0953411646593736,0.24354804943509326,0.8517931152242804,193.13748268536847,183.111516338069,188.12449951171874,1.7374031233760188,0.016174996770490724,0.016045575240364,6326595.0
2024-03-05 00:00:00-05:00,197.44000244140625,198.13999938964844,196.64999389648438,197.19000244140625,9672200,190.35999755859376,188.60549926757812,188.6977993774414,77.33722976470304,1.6040437327193047,0.5156471860919356,1.088396546627369,194.97572168089957,182.23527685425668,188.60549926757812,1.76544610619291,0.006020141664404566,0.006002093012312608,6538400.0
2024-03-06 00:00:00-05:00,198.0800018310547,199.3000030517578,197.44000244140625,198.80999755859375,10459300,191.4929977416992,189.1184989929199,188.88539947509764,79.61730572506067,2.1135505548470803,0.8352278598429645,1.2783226950041158,196.8872054380531,181.34979254778673,189.1184989929199,1.7900571422042424,0.008215401882095241,0.008181839163568716,6818060.0
2024-03-07 00:00:00-05:00,199.5399932861328,200.11000061035156,198.91000366210938,199.94000244140625,8403700,192.73099822998046,189.69049911499025,189.07879943847655,81.04951949284865,2.5787936049453606,1.1839410088634439,1.3948525960819167,198.7673125673165,180.61368566266398,189.69049911499025,1.7550532786009259,0.005683843351386164,0.005667751261581818,6924400.0
2024-03-08 00:00:00-05:00,200.88999938964844,203.3000030517578,200.4499969482422,201.6300048828125,13540100,194.03199920654296,190.35549926757812,189.27699951171874,82.97613924101222,3.0487273163887494,1.556898270368505,1.4918290460202444,200.78429644944987,179.92670208570638,190.35549926757812,1.8696923737259714,0.008452547868211147,0.008417025116951235,7407740.0
2024-03-11 00:00:00-04:00,201.7100067138672,202.41000366210938,201.4600067138672,202.0,7329600,195.41199951171876,191.07549896240235,189.46519958496094,83.37464988460884,3.4116809479062056,1.9278548058760454,1.4838261420301602,202.5770876945934,179.5739102302113,191.07549896240235,1.8039998433342725,0.00183502012710135,0.0018333385345244608,7553590.0
2024-03-12 00:00:00-04:00,200.4199981689453,200.6300048828125,199.16000366210938,199.7899932861328,9436600,196.59099884033202,191.7094985961914,189.63159942626953,72.46321753842642,3.4808699418873914,2.2384578330783147,1.2424121088090767,203.6561369538855,179.7628602384973,191.7094985961914,1.8779995929454407,-0.01094062729637224,-0.011000916093968595,7790105.0
2024-03-13 00:00:00-04:00,200.44000244140625,201.86000061035156,200.35000610351562,201.19000244140625,5930000,197.8759994506836,192.54249877929686,189.83199951171875,74.72027231208459,3.6070914516450046,2.5121845567916528,1.0949068948533518,204.69213078759165,180.39286677100208,192.54249877929686,1.8917144308935343,0.00700740378557585,0.006982966028737541,7610315.0
2024-03-14 00:00:00-04:00,200.3699951171875,200.47000122070312,199.33999633789062,200.35000610351562,6865000,198.9800003051758,193.3389991760254,190.024599609375,70.9620188373352,3.5978682377299833,2.729321292979319,0.8685469447506642,205.34201285174618,181.33598550030462,193.3389991760254,1.888735264652255,-0.004175139558116325,-0.004183879789555109,7601985.0
2024-03-15 00:00:00-04:00,199.94000244140625,200.6300048828125,199.57000732421875,199.7100067138672,4556700,199.66200103759766,194.04149932861327,190.2361996459961,68.14948938882678,3.498586643178129,2.8831743630190814,0.6154122801590476,205.80682399182996,182.27617466539658,194.04149932861327,1.8295397142195047,-0.00319440663913817,-0.003199519647615261,7518375.0
2024-03-18 00:00:00-04:00,199.66000366210938,200.14999389648438,199.50999450683594,200.02999877929688,7206800,200.06400146484376,194.7259994506836,190.45039947509767,68.81500932200223,3.4064584174161894,2.987831173898503,0.4186272435176863,206.20896501857519,183.243033882792,194.7259994506836,1.7445725481787142,0.0016022835845583838,0.0016010012977577042,7552790.0
2024-03-19 00:00:00-04:00,199.6199951171875,199.80999755859375,198.94000244140625,199.8000030517578,4657500,200.32500152587892,195.34249954223634,190.6593994140625,67.71972940405234,3.2771109070877174,3.045687120536346,0.23142378655137152,206.52093455022796,184.16406453424472,195.34249954223634,1.6978171045867079,-0.0011498061737871268,-0.0011504677080451668,7509105.0
2024-03-20 00:00:00-04:00,199.16000366210938,202.66000366210938,199.1199951171875,202.17999267578125,9593800,200.66200103759766,196.07749938964844,190.9455993652344,72.58274727622873,3.3282809939936158,3.1022058952278,0.22607509876581577,207.02204046491232,185.13295831438455,196.07749938964844,1.8294022074677911,0.011911859798154678,0.011841472011166752,7699335.0
2024-03-21 00:00:00-04:00,203.8800048828125,203.9199981689453,200.60000610351562,201.97000122070312,7396500,200.86500091552733,196.7979995727539,191.22639953613282,71.5584154726137,3.3136909346800962,3.1445029031182594,0.16918803156183682,207.2928195030867,186.3031796424211,196.7979995727539,1.9358729116079265,-0.0010386361790747367,-0.0010391759354036452,7841620.0
2024-03-22 00:00:00-04:00,201.32000732421875,201.86000061035156,199.72000122070312,200.35000610351562,6918500,200.73700103759765,197.3845001220703,191.48339965820313,64.04884150378842,3.135266737155348,3.1426556699256776,-0.007388932770329593,207.27958539186858,187.48941485227203,197.3845001220703,1.958310560778789,-0.00802096899240623,-0.008053310017860683,7846180.0
2024-03-25 00:00:00-04:00,201.19000244140625,201.9499969482422,200.97000122070312,200.99000549316406,4034800,200.63600158691406,198.0240005493164,191.74579986572266,65.58539576472029,3.0108002461075785,3.116284585162058,-0.10548433905447974,207.0797050165002,188.9682960821326,198.0240005493164,1.9327162953464871,0.0031944066391380588,0.0031893153617754324,7823325.0
2024-03-26 00:00:00-04:00,202.64999389648438,202.75999450683594,201.07000732421875,201.63999938964844,5752700,200.8210021972656,198.70600051879882,191.98439971923827,67.12231364039539,2.9308240155633882,3.0791924712423246,-0.14836845567893642,206.62207654695786,190.78992449063978,198.70600051879882,1.921092918084015,0.003233961285236564,0.0032287432792988957,7852690.0
2024-03-27 00:00:00-04:00,202.32000732421875,203.22000122070312,202.32000732421875,203.10000610351562,6041000,201.01200256347656,199.4440010070801,192.28819976806642,70.3277597288049,2.9512326438436958,3.053600505762599,-0.10236786191890301,205.9904755759426,192.89752643821757,199.4440010070801,1.8967292690104915,0.007240660177973313,0.007214572450621008,8013535.0
2024-03-28 00:00:00-04:00,204.5399932861328,206.0500030517578,203.8699951171875,205.72000122070312,9194500,201.54900207519532,200.26450119018554,192.68579986572266,75.03210756713173,3.142592488524457,3.0713989023149706,0.07119358620948635,205.50868631624203,195.02031606412905,200.26450119018554,1.9719626746698984,0.012900024807739996,0.01281752820240996,8130830.0
2024-04-01 00:00:00-04:00,208.67999267578125,208.72999572753906,206.2899932861328,207.82000732421875,13677100,202.36000213623046,201.01100158691406,193.0948001098633,78.03770960756044,3.4242271273608083,3.141964547324138,0.28226258003667004,206.0916418511078,195.93036132272033,201.01100158691406,2.046107805538901,0.010208079384865787,0.01015632882706488,8144135.0
2024-04-02 00:00:00-04:00,209.07000732421875,211.02999877929688,208.36000061035156,210.88999938964844,13421100,203.4460021972656,201.7550018310547,193.55400024414064,81.53681885696481,3.850758167254213,3.2837232713101536,0.5670348959440594,207.92879039200406,195.58121327010534,201.7550018310547,2.12924235193456,0.014772360490971526,0.014664311961913869,8204375.0
2024-04-03 00:00:00-04:00,210.57000732421875,212.8300018310547,210.3000030517578,212.74000549316406,11416200,204.74000244140626,202.5325019836426,194.06440032958983,83.26693754144917,4.288630458422574,3.4847047087326377,0.8039257496899364,209.99332341643571,195.07168055084946,202.5325019836426,2.157867811031868,0.008772374739768773,0.008734121015036823,8291575.0
2024-04-04 00:00:00-04:00,212.0,213.4499969482422,211.02000427246094,211.52000427246094,12307300,205.67400360107422,203.16800231933593,194.53580047607423,78.0713704641947,4.485497478530618,3.6848632626922337,0.8006342158383846,211.37970405434564,194.95630058432621,203.16800231933593,2.1773053013711094,-0.005734705223284009,-0.005751211782367559,8383975.0
2024-04-05 00:00:00-04:00,212.49000549316406,215.74000549316406,212.22000122070312,215.13999938964844,13382700,206.99100341796876,203.92800216674806,195.1106005859375,81.71677388850189,4.877395780231012,3.92336976619999,0.9540260140310224,213.50419099322943,194.3518133402667,203.92800216674806,2.323212152751968,0.017114197447370305,0.01696939930469014,8632925.0
2024-04-08 00:00:00-04:00,215.97999572753906,216.80999755859375,214.61000061035156,216.47999572753906,10331400,208.6040023803711,204.67050170898438,195.6974005126953,82.8530927497562,5.23575004606468,4.185845822172928,1.049904223891752,215.62278550398233,193.71821791398642,204.67050170898438,2.314411066715555,0.00622848536623688,0.006209168519561672,8472490.0
2024-04-09 00:00:00-04:00,217.80999755859375,218.86000061035156,216.4499969482422,217.6699981689453,13069900,210.27200164794922,205.45400161743163,196.3106005859375,83.81511669472398,5.551774237743814,4.459031505287106,1.092742732456708,217.6960642568318,193.21193897803147,205.45400161743163,2.321239109243685,0.005497054993034878,0.005482001328254476,8759505.0
2024-04-10 00:00:00-04:00,215.3699951171875,217.77999877929688,214.67999267578125,215.61000061035156,13317500,211.66900177001952,206.24500198364257,196.85620056152345,75.87871589091436,5.571773166861107,4.681579837601906,0.8901933292592004,218.95633694040643,193.5336670268787,206.24500198364257,2.3768653231202523,-0.009463856185613961,-0.009508923035404604,8953550.0
2024-04-11 00:00:00-04:00,216.85000610351562,219.83999633789062,215.88999938964844,219.8000030517578,11415200,213.33900146484376,207.17550201416014,197.48040069580077,80.0223222871235,5.858191062015493,4.916902082484624,0.941288979530869,220.95054182799709,193.4004622003232,207.17550201416014,2.5092317805787383,0.019433247203493043,0.01924683287449554,9227810.0
2024-04-12 00:00:00-04:00,221.8699951171875,225.08999633789062,216.02000427246094,216.88999938964844,30898800,214.45600128173828,208.00250167846679,198.0492007446289,70.9114793587168,5.783695490449475,5.090260764077595,0.6934347263718799,222.02294464793707,193.9820587089965,208.00250167846679,2.977857515210949,-0.013239324939518515,-0.013327746093360097,10429500.0
2024-04-15 00:00:00-04:00,217.94000244140625,221.02999877929688,215.16000366210938,220.9499969482422,13239000,215.7690002441406,209.06450119018555,198.66000061035157,75.160653207009,5.9832934035496805,5.268867291972013,0.7144261115776676,223.61908402217335,194.50991835819775,209.06450119018555,3.1844387724949885,0.01871915519396472,0.01854610800435578,10863615.0
2024-04-16 00:00:00-04:00,220.17999267578125,221.99000549316406,218.77999877929688,221.22000122070312,10746100,216.8020004272461,210.12400131225587,199.3122006225586,75.41783050036065,6.0930266574449945,5.43369916506661,0.6593274923783845,224.9756850152721,195.27231760923965,210.12400131225587,3.1862650540215744,0.0012220152803359419,0.0012212692273934644,11040580.0
2024-04-17 00:00:00-04:00,221.0500030517578,221.75999450683594,218.52000427246094,219.58999633789062,11521100,217.48699951171875,211.1135009765625,199.95260040283202,70.66143606620506,5.979534923748929,5.542866316803074,0.4366686069458554,225.71692847904632,196.5100734740787,211.1135009765625,3.190102566903962,-0.007368252752093185,-0.007395532411290297,11383760.0
2024-04-18 00:00:00-04:00,221.30999755859375,221.4600067138672,219.30999755859375,220.33999633789062,6496900,218.3689987182617,212.02150115966796,200.5884002685547,71.5505049900675,5.882303110468541,5.610753675536167,0.27154943493237393,226.54824775719345,197.49475456214248,212.02150115966796,3.1158101803589244,0.0034154561341945833,0.0034096367107846366,11228915.0
2024-04-19 00:00:00-04:00,220.49000549316406,222.36000061035156,220.0800018310547,221.02999877929688,8689000,218.95799865722657,212.97450103759766,201.2390002441406,72.37977848151418,5.794132475897044,5.647429435608343,0.14670304028870085,227.23695550053466,198.71204657466066,212.97450103759766,3.0561093659973495,0.003131535140574959,0.0031266420969041134,11293540.0
2024-04-22 00:00:00-04:00,216.35000610351562,216.9600067138672,215.13999938964844,215.57000732421875,13404300,218.86699981689452,213.73550109863282,201.78380035400392,57.97809713064324,5.223468045261882,5.562637157539051,-0.33916911227716895,226.79585634052478,200.67514585674087,213.73550109863282,3.2585300819724274,-0.02470249054532203,-0.025012716627157542,11617830.0
2024-04-23 00:00:00-04:00,213.9600067138672,215.86000061035156,213.8699951171875,215.0399932861328,10730300,218.60399932861327,214.43800048828126,202.33260009765624,56.796691386569975,4.674559259871245,5.38502157800549,-0.7104623181342449,226.11916763040512,202.7568333461574,214.43800048828126,3.16792118277183,-0.002458663172418052,-0.0024616906480957905,11952605.0
2024-04-24 00:00:00-04:00,214.75999450683594,216.35000610351562,214.36000061035156,214.63999938964844,5741100,218.50699920654296,215.08800048828124,202.8832000732422,55.87140664317355,4.159322843565036,5.1398818311174,-0.9805589875523637,225.18800346300074,204.98799751356174,215.08800048828124,3.0837843477998463,-0.0018600907225296837,-0.0018618228395408355,11952025.0
2024-04-25 00:00:00-04:00,214.47000122070312,217.0500030517578,214.33999633789062,215.9199981689453,6606500,218.1189987182617,215.72900009155273,203.51100006103516,58.217205249991245,3.8103560628295554,4.873976677459831,-1.0636206146302758,224.2002798223878,207.25772036071766,215.72900009155273,3.057085945376085,0.005963468053189924,0.005945756955740473,11980300.0
2024-04-26 00:00:00-04:00,216.77000427246094,217.07000732421875,215.52999877929688,216.6199951171875,6268500,218.0919982910156,216.27399978637695,204.155,59.485591193491345,3.54936639216632,4.609054620401129,-1.0596882282348092,223.39419952770655,209.15380004504735,216.27399978637695,2.94872327391507,0.003241927353549112,0.0032366836371748075,11834000.0
2024-04-29 00:00:00-04:00,216.02000427246094,217.22000122070312,215.25,216.17999267578125,6409900,217.61499786376953,216.69199905395507,204.76539978027344,58.28781592855647,3.269338775754818,4.341111451471868,-1.0717726757170496,222.667458916005,210.71653919190516,216.69199905395507,2.8788145558285025,-0.002031218037689575,-0.002033283758808563,11470640.0
2024-04-30 00:00:00-04:00,213.3800048828125,214.1300048828125,211.8000030517578,211.8699951171875,11248600,216.67999725341798,216.74099884033203,205.27599975585937,48.07608672909267,2.6688690285844245,4.006662966894379,-1.3377939383099546,222.53877608847006,210.943221592194,216.74099884033203,2.986041346413855,-0.019937078844561418,-0.020138504117937363,11362015.0
2024-05-01 00:00:00-04:00,212.9600067138672,215.5,212.41000366210938,213.7899932861328,10373900,216.0999969482422,216.79349822998046,205.80239959716798,52.101854166096764,2.321163308197754,3.669563035155054,-1.3483997269573003,222.46300380619604,211.12399265376487,216.79349822998046,3.032038741870901,0.00906215232545482,0.009021337418355644,11309900.0
2024-05-02 00:00:00-04:00,211.89999389648438,213.7100067138672,211.49000549316406,213.1300048828125,6287000,215.37899780273438,216.87399826049804,206.31539978027342,50.648185818462295,1.9696436454282207,3.329579157209688,-1.359935511781467,222.28136929049367,211.4666272305024,216.87399826049804,2.9797493883778903,-0.0030870874411647042,-0.0030918623251211677,11008885.0
2024-05-03 00:00:00-04:00,212.88999938964844,213.22999572753906,210.7100067138672,212.9600067138672,8679900,214.5719985961914,216.76499862670897,206.8233999633789,50.25921192673999,1.658229313309164,2.995309188429583,-1.337079875120419,222.39124545065562,211.13875180276233,216.76499862670897,2.946909361613175,-0.0007976266365629092,-0.0007979449099420573,10773745.0
2024-05-06 00:00:00-04:00,215.13999938964844,215.91000366210938,214.47000122070312,215.1999969482422,6840500,214.53499755859374,216.70099868774415,207.355,55.14722582979611,1.574035204980163,2.711054391739699,-1.1370191867595363,222.36773232145532,211.03426505403297,216.70099868774415,2.9471299035152474,0.010518361024399514,0.010463427933373832,10599200.0
2024-05-07 00:00:00-04:00,214.52000427246094,214.92999267578125,213.8800048828125,214.2100067138672,5660700,214.45199890136718,216.52799911499022,207.8752001953125,52.68311257228918,1.4111598569092507,2.4510754847736096,-1.0399156278643589,222.27650943250828,210.77948879747217,216.52799911499022,2.8309057722234217,-0.004600326433150892,-0.00461094049941965,10228740.0
2024-05-08 00:00:00-04:00,213.6199951171875,214.8000030517578,213.5,213.5800018310547,4462700,214.34599914550782,216.4264991760254,208.3868002319336,51.11777984087829,1.2172125723910199,2.2043029022970915,-0.9870903299060716,222.30644435149148,210.54655400055933,216.4264991760254,2.7215555779044496,-0.002941061869504713,-0.0029453952906236033,9786000.0
2024-05-09 00:00:00-04:00,214.47999572753906,216.9499969482422,214.44000244140625,216.9499969482422,7732500,214.4489990234375,216.28399887084962,208.9590002441406,58.261748380294485,1.3202197226735848,2.0274862663723905,-0.7072665436988057,221.9647764780239,210.60322126367532,216.28399887084962,2.767872687853239,0.015778607960932778,0.01565541986116323,9601865.0
2024-05-10 00:00:00-04:00,219.22000122070312,219.60000610351562,218.0800018310547,218.7100067138672,8700900,214.65800018310546,216.37499923706054,209.5470004272461,61.43194931144109,1.5262777308630575,1.927244559270524,-0.40096682840746656,222.1492321246994,210.60076634942166,216.37499923706054,2.7594538640975386,0.008112513438038427,0.008079783894319735,8491970.0
2024-05-13 00:00:00-04:00,217.05999755859375,217.30999755859375,215.8000030517578,216.25999450683594,4896300,214.66600036621094,216.14049911499023,210.01440032958985,55.15205818387426,1.4748831426345532,1.83677227594333,-0.3618891333087768,221.51993483054795,210.76106339943252,216.14049911499023,2.770207421098384,-0.011202103844459854,-0.011265319955387511,8074835.0
2024-05-14 00:00:00-04:00,217.30999755859375,218.3800048828125,216.97999572753906,218.08999633789062,4662700,215.28800048828126,215.9839988708496,210.45600036621093,58.559661788523705,1.563791994304495,1.7821762196155633,-0.21838422531106838,220.927701821896,211.0402959198032,215.9839988708496,2.7237647750182536,0.008462045119477013,0.008426442720749588,7770665.0
2024-05-15 00:00:00-04:00,219.05999755859375,221.19000244140625,217.64999389648438,220.88999938964844,9297700,215.9980010986328,216.0489990234375,210.93000030517578,63.17063356239779,1.8389910019432705,1.7935391760811048,0.04545182586216567,221.21004770180397,210.887950345071,216.0489990234375,2.782067901439941,0.012838750510223873,0.012757032448187955,7659495.0
2024-05-16 00:00:00-04:00,220.13999938964844,220.58999633789062,219.41000366210938,220.02999877929688,4301700,216.68800048828126,216.03349914550782,211.35440032958985,60.928235489271444,1.9650415603565534,1.8278396529361944,0.13720190742035898,221.14452670328,210.92247158773563,216.03349914550782,2.6890627461613072,-0.0038933433506626036,-0.003900942141432421,7549735.0
2024-05-17 00:00:00-04:00,222.17999267578125,223.85000610351562,221.6699981689453,223.66000366210938,10481900,217.75800018310548,216.16499938964844,211.8288003540039,66.3568312802954,2.3309785234362153,1.9284674270361988,0.4025110964000165,221.88279144163218,210.4472073376647,216.16499938964844,2.7698445017368387,0.0164977725898805,0.016363162829441925,7639380.0
2024-05-20 00:00:00-04:00,223.7899932861328,225.66000366210938,223.02000427246094,224.55999755859375,5990900,218.69400024414062,216.6144989013672,212.28740020751954,67.5602560250577,2.6629117993756495,2.075356301504089,0.5875554978715605,223.39014222472187,209.83885557801253,216.6144989013672,2.7605698508733814,0.004023937591649318,0.004015863208074463,7268710.0
2024-05-21 00:00:00-04:00,224.77000427246094,225.2100067138672,223.6999969482422,224.22999572753906,4002600,219.6959991455078,217.0739990234375,212.7320001220703,66.61926955495423,2.866301977199896,2.2335454366432503,0.6327565405566458,224.56853875526863,209.57945929160636,217.0739990234375,2.671244130498497,-0.001469548604570936,-0.0014706294501547247,6932325.0
2024-05-22 00:00:00-04:00,223.08999633789062,223.24000549316406,219.74000549316406,220.11000061035156,8903100,220.3489990234375,217.34749908447264,213.13840026855468,56.111531255327584,2.664328266976554,2.3197020027099113,0.34462626426664267,224.86597678558624,209.82902138335905,217.34749908447264,2.8011545664896755,-0.01837396956557802,-0.018544867564565665,7090425.0
2024-05-23 00:00:00-04:00,218.77999877929688,219.22999572753906,215.66000366210938,215.72000122070312,9537900,220.2259994506836,217.33749923706054,213.42900024414064,47.51216169059802,2.1255246593142374,2.2808665340307765,-0.15534187471653915,224.86407249724328,209.8109259768778,217.33749923706054,2.9189290223291406,-0.019944570339717638,-0.02014614803918644,7236995.0
2024-05-24 00:00:00-04:00,216.9600067138672,217.2100067138672,215.74000549316406,215.9199981689453,4212400,219.9469985961914,217.30249938964843,213.7404000854492,47.903870683442555,1.695116749930719,2.163716577210765,-0.468599827280046,224.84857814002183,209.75642063927504,217.30249938964843,2.8168630559602064,0.0009271136061119734,0.0009266841017383871,7134190.0
2024-05-28 00:00:00-04:00,218.42999267578125,218.58999633789062,217.2100067138672,218.19000244140625,3809700,220.13999938964844,217.4029998779297,214.11,52.258846544007795,1.51966796801824,2.03490685537226,-0.5152388873540201,224.94013668066177,209.8658630751976,217.4029998779297,2.806372706887714,0.010513172896031486,0.01045829379441463,7004180.0
2024-05-29 00:00:00-04:00,216.9199981689453,217.16000366210938,216.1199951171875,216.16000366210938,4185000,219.9470001220703,217.61750030517578,214.43260009765626,48.36511251098247,1.20295271810852,1.868516027919512,-0.6655633098109921,224.74565357456981,210.48934703578175,217.61750030517578,2.7537751795542165,-0.009303812074716977,-0.009347362870368763,6651000.0
2024-05-30 00:00:00-04:00,216.69000244140625,217.50999450683594,216.41000366210938,216.57000732421875,3068800,219.51500091552734,217.7565010070801,214.76800018310547,49.18857623133877,0.9738119715029825,1.6895752166362064,-0.7157632451332239,224.68634736643895,210.82665464772123,217.7565010070801,2.65350486992367,0.0018967600627461945,0.0018949634848045166,6285745.0
2024-05-31 00:00:00-04:00,217.77000427246094,217.9600067138672,214.64999389648438,215.3000030517578,5617200,219.04200134277343,217.86500091552733,215.030400390625,46.70397221004333,0.681877291071487,1.4880356315232626,-0.8061583404517756,224.56587136697726,211.1641304640774,217.86500091552733,2.70039829474218,-0.00586417430627717,-0.005881436093592545,6252255.0
2024-06-03 00:00:00-04:00,215.9199981689453,217.82000732421875,215.5399932861328,217.22000122070312,6172600,218.39800109863282,218.07800064086913,215.335400390625,50.75388113357146,0.5985451043123078,1.3101375260810717,-0.7115924217687639,224.40189189331272,211.75410938842555,218.07800064086913,2.687513007436377,0.008917780500373507,0.008878251926791354,6126890.0
2024-06-04 00:00:00-04:00,216.24000549316406,216.24000549316406,214.1999969482422,215.27000427246094,5509400,217.46900177001953,218.08150100708008,215.6338003540039,46.85927303852987,0.3708800150621414,1.1222860238772858,-0.7514060088151444,224.3990906766077,211.76391133755246,218.08150100708008,2.7112623835095597,-0.008977059834655465,-0.00901759641821021,6060335.0
2024-06-05 00:00:00-04:00,216.69000244140625,218.0800018310547,215.92999267578125,217.82000732421875,5479200,216.8280029296875,218.26200103759766,215.970400390625,52.041878188857,0.3917024248774794,0.9761693040773245,-0.5844668791998451,224.32810360557437,212.19589846962094,218.26200103759766,2.7183148960155736,0.011845603201319,0.011775993219294973,6051260.0
2024-06-06 00:00:00-04:00,218.36000061035156,219.97000122070312,218.10000610351562,219.42999267578125,5283900,216.76000213623047,218.55450057983398,216.32620025634765,55.0242703977056,0.531984313320379,0.8873323059259354,-0.3553479926055564,224.24167861606068,212.8673225436073,218.55450057983398,2.6777205389062027,0.007391356612921562,0.0073641743967564136,6092320.0
2024-06-07 00:00:00-04:00,215.07000732421875,215.19000244140625,211.5399932861328,211.60000610351562,12195100,216.3480026245117,218.28700103759766,216.49620025634766,41.50562154200596,0.011214963021473068,0.7121088373450429,-0.7008938743235699,224.70696071806475,211.86704135713057,218.28700103759766,3.0500261711020764,-0.03568330143379639,-0.036335512840658196,6315450.0
2024-06-10 00:00:00-04:00,213.1300048828125,214.02000427246094,212.75999450683594,213.5399932861328,4215300,216.11000213623046,218.02850036621095,216.65260009765626,45.10427515149807,-0.2421662052720137,0.5212538288216316,-0.7634200340936453,224.76790847586392,211.28909225655798,218.02850036621095,3.005024170948022,0.009168181127878317,0.009126408480625946,6091170.0
2024-06-11 00:00:00-04:00,213.9499969482422,214.3800048828125,213.24000549316406,214.14999389648438,4004100,215.70600128173828,217.92300033569336,216.77919982910157,46.22455372647943,-0.3892634684337395,0.3391503693705574,-0.7284138378042969,224.833726819567,211.0122738518197,217.92300033569336,2.871808115140909,0.0028566106093961263,0.0028525382508942246,6046560.0
2024-06-12 00:00:00-04:00,216.47000122070312,216.5500030517578,214.1999969482422,214.72000122070312,5911900,215.56200103759767,217.75450057983397,216.85579986572264,47.30667994454885,-0.4546038912759798,0.18039951724124997,-0.6350034085172298,224.80367322612304,210.7053279335449,217.75450057983397,2.8381081894360896,0.0026617200115086614,0.002658183908153708,6109020.0
2024-06-13 00:00:00-04:00,214.44000244140625,214.9600067138672,212.25999450683594,212.97000122070312,5861100,215.2020004272461,217.3585006713867,216.86039978027344,44.35557658063208,-0.6402169987304376,0.016276214046912457,-0.6564932127773501,224.5470740732144,210.16992726955903,217.3585006713867,2.8282441906928866,-0.008150148984962247,-0.008183543017197694,5937190.0
2024-06-14 00:00:00-04:00,215.33999633789062,216.0399932861328,214.97999572753906,215.72999572753906,7076500,215.24499969482423,217.14350051879882,216.944599609375,49.68648767649816,-0.5581739513334014,-0.09861381902915031,-0.4595601323042511,224.25642625532433,210.0305747822733,217.14350051879882,2.8455118960312293,0.012959545903254766,0.012876289526632455,6075930.0
2024-06-17 00:00:00-04:00,214.89999389648438,215.24000549316406,213.60000610351562,214.61000061035156,3877700,214.98399963378907,216.69100036621094,216.93399963378906,47.68985404831105,-0.576878593617522,-0.19426677394682468,-0.38261181967069735,223.21522052610933,210.16678020631255,216.69100036621094,2.7944031623163874,-0.005191652247571676,-0.005205175700450875,5745720.0
2024-06-18 00:00:00-04:00,214.3800048828125,215.8300018310547,214.0399932861328,215.47000122070312,4921400,215.00399932861328,216.23650054931642,216.91379974365233,49.37220429523599,-0.5163550755657411,-0.258684434270608,-0.2576706412951331,221.68196772675094,210.7910333718819,216.23650054931642,2.722660689645351,0.004007271832187298,0.0039992641040523845,5692245.0
2024-06-20 00:00:00-04:00,216.32000732421875,218.74000549316406,216.14999389648438,218.16000366210938,7290500,215.03799896240236,215.93300094604493,216.9235998535156,54.320857552347405,-0.24846488717292914,-0.25664052485107225,0.00817563767814311,220.08576443026894,211.78023746182092,215.93300094604493,2.7617566598464642,0.012484347826456466,0.012407060942233438,5856640.0
2024-06-21 00:00:00-04:00,217.8300018310547,217.89999389648438,214.25999450683594,214.77999877929688,8865600,214.5729995727539,215.6665008544922,216.90699981689454,47.975361239117994,-0.30537792239238115,-0.266388004359334,-0.03898991803304713,219.37295103234374,211.96005067664066,215.6665008544922,2.8430604095198193,-0.015493238109986152,-0.015614512577113812,5854765.0
2024-06-24 00:00:00-04:00,215.5500030517578,215.94000244140625,215.1999969482422,215.6300048828125,4626900,214.9759994506836,215.66200103759766,216.82359985351562,49.57076552398595,-0.2786810622708913,-0.2688466159416455,-0.009834446329245794,219.3683990006934,211.95560307450194,215.66200103759766,2.7228420704190732,0.003957566385821121,0.0039497558204108826,5609215.0
2024-06-25 00:00:00-04:00,214.9600067138672,215.30999755859375,214.1199951171875,214.55999755859375,3820900,215.0779998779297,215.59400100708007,216.77699981689454,47.59221568467187,-0.3399455759336547,-0.28306640794004734,-0.05687916799360737,219.32876467749205,211.8592373366681,215.59400100708007,2.636211191505211,-0.004962237629221655,-0.004974590412272679,5589640.0
2024-06-26 00:00:00-04:00,212.38999938964844,213.11000061035156,212.1199951171875,212.5800018310547,4690300,214.9210006713867,215.3135009765625,216.60959991455078,44.08565878994106,-0.5420191922431172,-0.3348569648006613,-0.20716222744245594,219.0688614283114,211.55814052481358,215.3135009765625,2.622196280783857,-0.009228168111804491,-0.009271011435783051,5633670.0
2024-06-27 00:00:00-04:00,214.7100067138672,215.5,214.4499969482422,214.99000549316406,4977800,214.9480010986328,215.25500106811523,216.485,49.01020652338021,-0.5019111158244698,-0.368267795005423,-0.13364332081904678,218.99220051042957,211.5178016258009,215.25500106811523,2.6434678442239607,0.011336925587312363,0.011273144249924162,5673310.0
2024-06-28 00:00:00-04:00,215.63999938964844,215.80999755859375,214.82000732421875,215.00999450683594,3955100,215.1520004272461,215.1770004272461,216.3933999633789,49.05028795441028,-0.4631730592397503,-0.38724884785228847,-0.0759242113874618,218.86596784700282,211.48803300748938,215.1770004272461,2.525362300663321,9.297647872519299e-05,9.297215668029186e-05,5717625.0
2024-07-01 00:00:00-04:00,215.25,216.0,214.49000549316406,215.57000732421875,3797900,215.13600158691406,215.19050064086915,216.29800018310547,50.23064464689575,-0.3828710174036587,-0.3863732817625625,0.0035022643589038283,218.88314421370978,211.4978570680285,215.19050064086915,2.452836029675651,0.002604589701363791,0.0026012036358740546,5626660.0
2024-07-02 00:00:00-04:00,215.3300018310547,216.0800018310547,214.6199951171875,215.55999755859375,4921700,215.2310012817383,215.10750045776368,216.1886001586914,50.208254482562275,-0.3163916096058301,-0.37237694733121607,0.05598533772538594,218.6868288176926,211.52817209783476,215.10750045776368,2.381919649975046,-4.643394389247657e-05,-4.643502198142268e-05,5564115.0
2024-07-03 00:00:00-04:00,217.33999633789062,218.74000549316406,217.3300018310547,217.99000549316406,5055300,215.48300170898438,215.24350051879884,216.2370001220703,55.405125538258616,-0.06685421430441352,-0.31127240072585555,0.24441818642144203,219.03745531553122,211.44954572206646,215.24350051879884,2.4389259560175653,0.011273000380832565,0.01120993363706169,5541410.0
2024-07-05 00:00:00-04:00,219.5800018310547,221.27999877929688,219.5800018310547,220.92999267578125,5950600,215.76000061035157,215.39899978637695,216.35480010986328,60.74360345620635,0.36394305543458927,-0.17622930949376658,0.5401723649283559,219.80773362472425,210.99026594802964,215.39899978637695,2.4997164795972258,0.013486798057397165,0.013396660734694752,5564980.0
2024-07-08 00:00:00-04:00,219.63999938964844,220.0399932861328,217.41000366210938,218.19000244140625,5790800,216.1010009765625,215.3370002746582,216.42580017089844,54.228137835988626,0.47874006510406275,-0.04523543457420072,0.5239754996782635,219.54766729174298,211.12633325757344,215.3370002746582,2.5725930891739863,-0.012402074526820739,-0.012479622087256387,5590325.0
2024-07-09 00:00:00-04:00,218.57000732421875,219.2899932861328,217.27000427246094,218.55999755859375,3901500,216.3940002441406,215.68499984741212,216.4786001586914,54.931134386347175,0.5927402949614304,0.08235971133292552,0.5103805836285049,219.75068787401207,211.61931182081216,215.68499984741212,2.5331213694952637,0.0016957473442755777,0.00169431118809057,5175645.0
2024-07-10 00:00:00-04:00,220.13999938964844,220.7100067138672,219.16000366210938,219.36000061035156,5556200,216.8740005493164,215.97600021362305,216.5334002685547,56.48728327252442,0.7391197464718573,0.21371171836071187,0.5254080281111454,220.2153409370178,211.7366594902283,215.97600021362305,2.5057562113365615,0.0036603361122538036,0.003653653384415314,5242690.0
2024-07-11 00:00:00-04:00,222.64999389648438,224.14999389648438,221.47999572753906,223.25,9322000,217.94100036621094,216.43100051879884,216.67480041503907,63.15004203207292,1.1556948264992855,0.40210833998842666,0.7535864865108588,221.63285244120001,211.22914859639766,216.43100051879884,2.668916002393437,0.017733403441032136,0.017578001160184497,5508585.0
2024-07-12 00:00:00-04:00,222.02999877929688,223.6199951171875,221.86000061035156,223.11000061035156,5179300,218.75299987792968,216.85050048828126,216.89960052490235,62.77747619085775,1.4577329598080837,0.6132332639523581,0.8444996958557256,222.74046205436815,210.96053892219436,216.85050048828126,2.603993038425044,-0.0006270969301161999,-0.0006272936376368344,5471955.0
2024-07-15 00:00:00-04:00,223.38999938964844,225.58999633789062,223.02000427246094,223.8300018310547,5719300,219.63500061035157,217.39350051879882,217.10040069580077,63.95525338535716,1.7351961763333748,0.8376258464285615,0.8975703299048132,223.73725997223275,211.04974106536488,217.39350051879882,2.6015643974968046,0.0032271131671974818,0.0032219172131206842,5464865.0
2024-07-16 00:00:00-04:00,225.4499969482422,228.2899932861328,225.3000030517578,228.2899932861328,11070700,220.90699920654296,218.02150039672853,217.40360046386718,70.23746690351345,2.2885903660236977,1.127818750347589,1.1607716156761088,225.88655029510275,210.1564504983543,218.02150039672853,2.7343091873240417,0.019925798233449088,0.01972987782004887,5664575.0
2024-07-17 00:00:00-04:00,228.7899932861328,229.64999389648438,226.6699981689453,227.22999572753906,8620500,222.0739990234375,218.6525001525879,217.68900024414063,67.23802016254473,2.6115223006679287,1.424559460411657,1.1869628402562717,227.3068619562889,209.99813834888687,218.6525001525879,2.751858225910829,-0.004643206403117217,-0.0046540195707980275,5901715.0
2024-07-18 00:00:00-04:00,227.7100067138672,228.32000732421875,225.57000732421875,225.77999877929688,5485500,222.85299835205078,219.1680000305176,217.90060028076172,63.258436195019556,2.7191014410488776,1.6834678565391012,1.0356335845097764,228.221706739774,210.1142933212612,219.1680000305176,2.751725495488627,-0.006381186355259194,-0.006401633154546632,5929920.0
2024-07-19 00:00:00-04:00,221.52000427246094,222.67999267578125,221.41000366210938,221.72999572753906,8666000,222.93299865722656,219.34649963378905,218.05100006103515,53.69844652401932,2.4493230148133875,1.8366388881939586,0.612684126619429,228.4542825582075,210.2387167093706,219.34649963378905,2.8673161827528326,-0.017937829186174925,-0.018100662230646155,5998695.0
2024-07-22 00:00:00-04:00,221.5800018310547,221.9199981689453,220.39999389648438,221.8000030517578,5334100,223.29399871826172,219.6974998474121,218.21540008544923,53.82833998005994,2.2156302678165503,1.9124371641184772,0.30319310369807306,228.61334276841825,210.78165692640596,219.6974998474121,2.7710796177319827,0.00031573231212611574,0.0003156824791686295,5822120.0
2024-07-23 00:00:00-04:00,222.33999633789062,222.75,221.86000061035156,222.5800018310547,4435700,223.6959991455078,220.0449996948242,218.32800018310547,55.331911883643244,2.0695104368334114,1.9438518186614642,0.12565861817194723,228.8405719272592,211.24942746238924,220.0449996948242,2.6410022841969973,0.003516676143213937,0.003510507096461622,5812560.0
2024-07-24 00:00:00-04:00,223.47000122070312,224.8800048828125,221.74000549316406,221.8000030517578,6838800,223.93999938964845,220.40699996948243,218.38980010986327,53.457178851700064,1.8692227984060423,1.92892601461038,-0.059703216204337606,228.85903355733865,211.9549663816262,220.40699996948243,2.6766449345863856,-0.0035043524704835294,-0.0035105070964615765,5963455.0
2024-07-25 00:00:00-04:00,219.02000427246094,219.25999450683594,217.52000427246094,218.3300018310547,9777100,223.4479995727539,220.69449996948242,218.43120025634767,45.99161220967286,1.4141913854691666,1.8259790887821374,-0.4117877033129709,228.4221549211392,212.96684501782565,220.69449996948242,2.7911702092085635,-0.01564473026582147,-0.015768400613655725,6217795.0
2024-07-26 00:00:00-04:00,219.9600067138672,221.0399932861328,219.6999969482422,220.6300048828125,6328800,223.2,220.97649993896485,218.4820004272461,50.887508152927595,1.2250451784882728,1.7057923067233647,-0.4807471282350919,228.24912914702188,213.70387073090782,220.97649993896485,2.785371726770675,0.010534525866662925,0.010479424389843233,6285345.0
2024-07-29 00:00:00-04:00,221.25999450683594,221.5500030517578,219.0500030517578,220.32000732421875,4665100,222.8490005493164,221.24200057983398,218.4706005859375,50.22663277181012,1.0381639269944571,1.5722666307775834,-0.5341027037831263,227.99296586881263,214.49103529085534,221.24200057983398,2.764988032001341,-0.0014050562105476505,-0.0014060442276131696,6320845.0
2024-07-30 00:00:00-04:00,221.41000366210938,222.9199981689453,220.36000061035156,222.52000427246094,4939500,222.27200164794922,221.5895004272461,218.5204006958008,54.72086018943632,1.0554143961739442,1.4688961838568555,-0.41348178768291133,227.83328653396956,215.34571432052263,221.5895004272461,2.753202518624571,0.009985461488319247,0.009935936183544776,6377925.0
2024-07-31 00:00:00-04:00,223.72999572753906,226.60000610351562,223.63999938964844,226.5500030517578,7316600,222.2040023803711,222.1390007019043,218.57820068359376,61.56678677495572,1.3783835906468198,1.4507936652148485,-0.07241007456802873,228.09109268943732,216.1869087143713,222.1390007019043,2.847973898083865,0.018110725786084414,0.017948680176279857,6497670.0
2024-08-01 00:00:00-04:00,226.74000549316406,227.57000732421875,225.0500030517578,225.77000427246094,7217200,222.2030029296875,222.52800064086915,218.6024008178711,59.68582922847698,1.5534919333737207,1.471333318846623,0.0821586145270976,228.36033468098077,216.69566660075753,222.52800064086915,2.8245474962536563,-0.003442943141866439,-0.003448883709883457,6605765.0
2024-08-02 00:00:00-04:00,227.9499969482422,228.75999450683594,222.8699951171875,225.33999633789062,11109400,222.56400299072266,222.7485008239746,218.62460083007812,58.6225088525211,1.6386788403493142,1.5048024231471615,0.1338764172021527,228.6554778089613,216.8415238389879,222.7485008239746,3.0435083457818553,-0.0019046282784819235,-0.0019064443892985788,6863705.0
2024-08-05 00:00:00-04:00,220.55999755859375,223.10000610351562,220.24000549316406,222.47999572753906,8939000,222.6320022583008,222.96300048828124,218.67200073242188,51.98852053097634,1.4585981194577187,1.495561562409273,-0.036963442951554404,228.4917231412815,217.43427783528097,222.96300048828124,3.1903999528493343,-0.012691935106198704,-0.01277316576262444,7021115.0
2024-08-06 00:00:00-04:00,221.5,222.13999938964844,220.11000061035156,220.6999969482422,14362300,222.44400177001953,223.07000045776368,218.77160064697264,48.323260480960634,1.1588928301604824,1.428227815959515,-0.2693349857990326,228.3300316596293,217.80996925589807,223.07000045776368,3.1317996074449175,-0.008000713832612472,-0.008032891286850252,7544155.0
2024-08-07 00:00:00-04:00,221.94000244140625,222.30999755859375,220.35000610351562,220.5500030517578,5287800,222.31900177001953,223.12950057983397,218.8642007446289,48.016059627354124,0.8989089128415628,1.3223640353359245,-0.4234551224943617,228.24526296663322,218.01373819303473,223.12950057983397,3.0480990251330033,-0.0006796279952806517,-0.0006798590470787476,7530735.0
2024-08-08 00:00:00-04:00,222.72999572753906,224.25,222.52000427246094,224.00999450683594,6327100,222.88700103759766,223.1675003051758,218.9806005859375,55.10597223397087,0.9609845476795158,1.2500881378046427,-0.2891035901251269,228.29754891807713,218.03745169227446,223.1675003051758,3.094663162497945,0.015688013635013043,0.01556622880577821,7380990.0
2024-08-09 00:00:00-04:00,224.82000732421875,225.27999877929688,223.82000732421875,224.55999755859375,4441000,223.28000030517578,223.2400001525879,219.14860046386718,56.130235840913805,1.042542800781888,1.2085790704000918,-0.16603626961820384,228.40560973291878,218.07439057225702,223.2400001525879,2.9779008976822436,0.0024552612171107047,0.002452251987911254,7344075.0
2024-08-12 00:00:00-04:00,226.13999938964844,228.5399932861328,225.97000122070312,228.41000366210938,5561300,224.08899993896483,223.46900024414063,219.385400390625,62.56815358709585,1.4016838814042387,1.2472000326009214,0.15448384880331734,229.1037074264399,217.83429306184135,223.46900024414063,3.0494790998148735,0.017144665770273848,0.01699935451192235,7336175.0
2024-08-13 00:00:00-04:00,228.07000732421875,228.8699951171875,227.58999633789062,228.05999755859375,6740200,224.64299926757812,223.45750045776367,219.64060028076173,61.681942761097865,1.6391679006267736,1.3255936062060918,0.31357429442068185,229.0536109405887,217.86138997493865,223.45750045776367,2.923087648349302,-0.001532358906807807,-0.0015335341694870399,7119650.0
2024-08-14 00:00:00-04:00,226.5500030517578,227.47999572753906,225.35000610351562,226.1999969482422,5462500,224.60799865722657,223.40600051879883,219.8202001953125,57.05691690367283,1.658174785509516,1.3921098420667768,0.2660649434427391,228.8799165620984,217.93208447549927,223.40600051879883,2.907866491687075,-0.008155751250824572,-0.008189191333501105,6961750.0
2024-08-15 00:00:00-04:00,226.50999450683594,227.5,225.1199951171875,226.91000366210938,5273300,224.7219985961914,223.46250076293944,220.05300018310547,58.34101688011515,1.7108083529995213,1.4558495442533257,0.2549588087461956,229.05530165303352,217.86969987284536,223.46250076293944,2.8701620910531767,0.0031388449312386157,0.0031339290416113642,6951140.0
2024-08-16 00:00:00-04:00,229.99000549316406,232.02000427246094,229.00999450683594,231.99000549316406,11924500,225.38699951171876,223.9755012512207,220.33640014648438,66.1420536635687,2.1377913983479004,1.5922379150722406,0.5455534832756599,230.62155996579673,217.32944253664465,223.9755012512207,3.0301505567173472,0.02238773852658915,0.0221408117352879,7114065.0
2024-08-19 00:00:00-04:00,230.14999389648438,231.77999877929688,229.74000549316406,231.61000061035156,5164800,226.3,224.46600112915038,220.5800003051758,65.15910962357086,2.4176461993697274,1.757319571931738,0.6603266274379893,231.80890883157562,217.12309342672515,224.46600112915038,2.9744255169518223,-0.0016380226467286318,-0.0016393656726291592,7105600.0
2024-08-20 00:00:00-04:00,233.7100067138672,234.00999450683594,231.1300048828125,232.4600067138672,9073600,227.4760009765625,224.96000137329102,220.9972003173828,66.36326492919147,2.6771608899166495,1.9412878355287204,0.735873054387929,233.02297693747974,216.8970258091023,224.96000137329102,2.9676800960283662,0.0036699887797402297,0.003663270802502215,7337495.0
2024-08-21 00:00:00-04:00,231.69000244140625,232.8699951171875,230.47999572753906,232.14999389648438,5337400,228.63600006103516,225.47750091552734,221.36940032958984,65.47445794370121,2.825245042207314,2.118079276864439,0.7071657653428747,233.9794084933678,216.9755933376869,225.47750091552734,2.9264171884297996,-0.0013336178629832496,-0.0013345079227065216,7262425.0
2024-08-22 00:00:00-04:00,230.35000610351562,230.3800048828125,228.25999450683594,229.3699951171875,5765400,229.1720001220703,226.02950057983398,221.6738003540039,57.97591374305102,2.6873025803577093,2.2319239375630935,0.4553786427946158,234.02178257773957,218.03721858192839,226.02950057983398,2.995244488516845,-0.011975011209935604,-0.012047289256477975,7061840.0
2024-08-23 00:00:00-04:00,231.0399932861328,232.72999572753906,230.52000427246094,232.02000427246094,5418200,229.91800079345703,226.5990005493164,222.01980041503907,62.3968725046667,2.7600002128864674,2.3375391926277684,0.4224610202586989,234.59434712185018,218.60365397678262,226.5990005493164,3.0212984972193246,0.011553425520716143,0.011487194343258993,7016310.0
2024-08-26 00:00:00-04:00,233.4499969482422,233.5,232.05999755859375,232.75999450683594,3151400,230.35299987792968,227.22099990844725,222.4156002807617,63.55000434215063,2.8445346136168155,2.438938276825578,0.40559633679123763,235.10036867305294,219.34163114384157,227.22099990844725,2.911205442242163,0.0031893380775307456,0.0031842629268953445,6940625.0
2024-08-27 00:00:00-04:00,231.69000244140625,233.47000122070312,231.57000732421875,233.38999938964844,4435600,230.88600006103516,227.76449966430664,222.7688003540039,64.54681542482948,2.9286057203550513,2.5368717655314725,0.39173395482357876,235.77039268857732,219.75860664003596,227.76449966430664,2.8389760461166067,0.002706671669018279,0.00270301522962425,6915430.0
2024-08-28 00:00:00-04:00,232.0,232.02000427246094,230.72999572753906,231.75,4961500,231.44100036621094,228.02449951171874,223.11160034179687,59.95066891071163,2.830272810273698,2.5955519744799176,0.23472083579378022,236.19185928181776,219.85713974161973,228.02449951171874,2.8261923044018045,-0.007026862307456638,-0.007051666972008083,6797675.0
2024-08-29 00:00:00-04:00,231.9499969482422,233.61000061035156,231.9199981689453,232.9499969482422,5524200,232.0449996948242,228.3834991455078,223.46120025634767,62.07844683816165,2.816703787587983,2.639782337101531,0.1769214504864518,236.75164098875243,220.0153573022632,228.3834991455078,2.757178611969644,0.005177980359189593,0.005164620716356872,6713025.0
2024-08-30 00:00:00-04:00,232.52999877929688,232.86000061035156,230.5500030517578,231.2899932861328,5743000,231.9749984741211,228.6809989929199,223.72380004882814,57.52537911588133,2.6415516538900192,2.640136200459229,0.0014154534307904143,237.01818874976982,220.34380923607,228.6809989929199,2.7316654180064104,-0.0071260085162319076,-0.0071515197828322195,6444705.0
2024-09-03 00:00:00-04:00,230.3800048828125,230.5399932861328,228.52000427246094,230.2899932861328,6417900,231.8429977416992,229.0714988708496,224.03399993896485,54.912552817351376,2.3944489661905948,2.590998753605502,-0.19654978741490714,236.92809206705974,221.21490567463948,229.0714988708496,2.7344028176968007,-0.0043235765879541255,-0.00433295027353233,6318650.0
2024-09-04 00:00:00-04:00,229.7899932861328,231.05999755859375,229.3800048828125,230.42999267578125,4696000,231.63999633789064,229.55799865722656,224.3299996948242,55.21921033967795,2.1847308691195337,2.509745176708308,-0.32501430758877436,236.42327510306026,222.69272221139286,229.55799865722656,2.6590878075599753,0.000607926500195255,0.0006077417877377091,5835335.0
2024-09-05 00:00:00-04:00,232.72000122070312,232.88999938964844,231.3300018310547,232.35000610351562,4838100,231.65999755859374,230.14799880981445,224.68579986572266,59.306931150962754,2.1486880651467004,2.4375337543959867,-0.28884568924928633,235.7220354178662,224.5739622017627,230.14799880981445,2.644867729439062,0.008332306942507639,0.008297784905920138,5812850.0
2024-09-06 00:00:00-04:00,231.8300018310547,232.75999450683594,229.6199951171875,230.6300048828125,6315800,231.78599853515624,230.47899932861327,225.0467999267578,54.506838259333975,1.9587548528025422,2.341777974077298,-0.3830231212747557,235.2897254006657,225.66827325656084,230.47899932861327,2.6802342765968747,-0.007402630408956501,-0.007430165851405754,5812285.0
2024-09-09 00:00:00-04:00,231.25999450683594,231.6199951171875,230.38999938964844,231.60000610351562,3548800,231.7439987182617,230.83099975585938,225.37899993896485,56.63830541661201,1.8650038025855338,2.2464231397789454,-0.3814193371934116,234.81746222079937,226.8445372909194,230.83099975585938,2.5766458088070308,0.004205876079289794,0.004197056104325384,5767675.0
2024-09-10 00:00:00-04:00,232.38999938964844,232.74000549316406,231.1199951171875,232.6199951171875,4378300,231.72999877929686,231.04149932861327,225.73119995117187,58.823020976897254,1.8516651654424834,2.167471544911653,-0.3158063794691697,234.93797198567594,227.1450266715506,231.04149932861327,2.5083147064619973,0.004404097525005923,0.004394427867847918,5708525.0
2024-09-11 00:00:00-04:00,231.72000122070312,232.8699951171875,231.08999633789062,232.25,4637300,231.61599884033203,231.2509994506836,226.0647998046875,57.68760154994253,1.790597788925794,2.0920967937144814,-0.3014990047886874,234.9281127445963,227.5738861567709,231.2509994506836,2.456292140235917,-0.001590555949419148,-0.0015918222264343484,5603380.0
2024-09-12 00:00:00-04:00,234.6300048828125,236.4499969482422,234.4199981689453,236.3300018310547,9930200,232.0739990234375,231.75749969482422,226.48019989013673,65.5779292021715,2.0478175369934206,2.0832409423702694,-0.03542340537684874,235.30034035833708,228.21465903131136,231.75749969482422,2.5808424836649366,0.017567284525531468,0.01741476344611925,5826765.0
2024-09-13 00:00:00-04:00,238.1300048828125,238.97999572753906,237.75999450683594,238.67999267578125,7455100,232.6469985961914,232.34599914550782,226.89399963378906,69.14670630082593,2.4134696857768176,2.149286691051579,0.26418299472523854,236.3523605633111,228.33963772770454,232.34599914550782,2.585781870294897,0.009943683944142245,0.009894570827460453,5935855.0
2024-09-16 00:00:00-04:00,238.72999572753906,239.27999877929688,238.0500030517578,238.66000366210938,4713500,233.38399963378907,232.67949905395508,227.24859985351563,69.08109909428016,2.6708507962882493,2.2535995120989134,0.4172512841893359,237.53274820945455,227.82624989845561,232.67949905395508,2.4889400029551942,-8.374817448153493e-05,-8.375168155570817e-05,5575305.0
2024-09-17 00:00:00-04:00,238.0800018310547,238.60000610351562,236.61000061035156,237.33999633789062,5257100,234.08899993896483,232.96599884033202,227.6315997314453,64.71442476503444,2.7367658878192174,2.3502327872429745,0.3865331005762429,238.19485918055148,227.73713850011256,232.96599884033202,2.457587363583953,-0.0055309113549146804,-0.005546263478781612,5579920.0
2024-09-18 00:00:00-04:00,238.19000244140625,240.2899932861328,235.3000030517578,235.50999450683594,11081100,234.5970001220703,233.11849822998047,227.97059967041017,59.13374836941634,2.611237498503556,2.402433729495091,0.20880376900846498,238.45620685690798,227.78078960305297,233.11849822998047,2.638473282926171,-0.007710465405288858,-0.007740344731775493,5680295.0
2024-09-19 00:00:00-04:00,238.24000549316406,239.52000427246094,237.38999938964844,239.1699981689453,6108200,235.27899932861328,233.46949844360353,228.36679962158203,65.535171634769,2.7750974571452787,2.4769664750251286,0.2981309821201501,239.3969649310314,227.54203195617566,233.46949844360353,2.7364401745475155,0.01554075728197235,0.015421236419487627,5718835.0
2024-09-20 00:00:00-04:00,241.11000061035156,242.6300048828125,240.47000122070312,242.2100067138672,7737400,236.43699951171874,234.1114990234375,228.74599975585937,69.77078727804073,3.1143605285290903,2.604445285725921,0.5099152428031695,240.84977116408317,227.3732268827918,234.1114990234375,2.788123498784635,0.012710660066880486,0.012630557682531525,5817435.0
2024-09-23 00:00:00-04:00,242.97000122070312,243.4600067138672,242.58999633789062,242.67999267578125,5426200,237.5449981689453,234.6444984436035,229.13739959716796,70.3769168135505,3.382165398757053,2.7599893083321474,0.6221760904249054,242.26531890790986,227.02367797929716,234.6444984436035,2.6782575345857325,0.0019404068737312041,0.00193852671610104,5817835.0
2024-09-24 00:00:00-04:00,243.38999938964844,246.19000244140625,243.14999389648438,246.07000732421875,8386300,238.88999938964844,235.30999908447265,229.58219970703124,74.3690473254476,3.8238693528138015,2.9727653172284785,0.851104035585323,244.3489990156523,226.270999153293,235.30999908447265,2.7376684082313942,0.01396907347432852,0.013872405171650835,6079580.0
2024-09-25 00:00:00-04:00,246.19000244140625,246.47000122070312,244.7899932861328,245.72999572753906,7393400,240.23799896240234,235.9269989013672,229.93099975585938,73.30204006974205,4.099233413347463,3.1980589364522753,0.9011744768951875,245.98476957395422,225.86922822878017,235.9269989013672,2.6621212315413167,-0.001381767735031958,-0.0013827232563758825,6227470.0
2024-09-26 00:00:00-04:00,246.44000244140625,247.3699951171875,245.19000244140625,246.97999572753906,7041100,241.3029983520508,236.68849868774413,230.32599975585939,74.73706650040371,4.367974675436841,3.4320420842491886,0.9359325911876524,247.6330638690207,225.74393350646756,236.68849868774413,2.627683477558455,0.005086884066794806,0.005073989582052931,6331450.0
2024-09-27 00:00:00-04:00,246.30999755859375,246.75,244.19000244140625,245.02000427246094,8329600,241.93699951171874,237.29199905395507,230.71079986572266,68.51812933320757,4.372396862418725,3.6201130398830963,0.7522838225356288,248.6680341387078,225.91596396920232,237.29199905395507,2.6392770353137665,-0.007935830791900744,-0.00796748708764577,6471720.0
2024-09-30 00:00:00-04:00,243.97000122070312,244.0800018310547,242.5,243.05999755859375,6916700,242.3769989013672,237.88049926757813,231.13739990234376,62.883029168310934,4.169679842424557,3.730026400391389,0.43965344203316814,249.17111443887399,226.58988409628228,237.88049926757813,2.63075755225285,-0.007999374253898295,-0.008031540905021974,6530405.0
2024-10-01 00:00:00-04:00,245.1999969482422,246.97999572753906,245.05999755859375,245.61000061035156,10605500,243.2039993286133,238.64649963378906,231.61359985351564,66.7180896196254,4.166757294222663,3.817372579157644,0.3493847150650189,249.85171478981664,227.44128447776149,238.64649963378906,2.722846167730883,0.010491249392624136,0.01043659814331518,6739785.0
2024-10-02 00:00:00-04:00,245.61000061035156,246.07000732421875,243.99000549316406,245.66000366210938,6798800,244.21900024414063,239.40800018310546,232.07519989013673,66.79055020909432,4.120971982304724,3.87809245978706,0.24287952251766365,250.3429425596929,228.47305780651803,239.40800018310546,2.676928715111155,0.00020358719772617384,0.000203566476664949,6844925.0
2024-10-03 00:00:00-04:00,244.72000122070312,245.91000366210938,243.69000244140625,245.49000549316406,5674500,244.8510009765625,240.06500015258788,232.54899993896484,66.26235688072245,4.024576548010941,3.9073892774318364,0.11718727057910483,250.80192106002212,229.32807924515365,240.06500015258788,2.6442910369391526,-0.0006920058878576718,-0.0006922454344502302,6886745.0
2024-10-04 00:00:00-04:00,245.0,246.69000244140625,244.0500030517578,245.0,5947800,245.13000030517577,240.78349990844725,233.08239990234375,64.67471052022188,3.8641001821094676,3.8987314583673625,-0.03463127625789486,250.79766590100365,230.76933391589085,240.78349990844725,2.6439844907041015,-0.001996030315693287,-0.00199802503899798,6868345.0
2024-10-07 00:00:00-04:00,244.5800018310547,244.82000732421875,243.80999755859375,244.1699981689453,3849000,245.27900085449218,241.41199951171876,233.5531997680664,61.96635526205329,3.6281245336169263,3.8446100734172752,-0.2164855398003489,250.5842312969415,232.239767726496,241.41199951171876,2.5401286300399692,-0.0033877625757333663,-0.00339351403676491,6883355.0
2024-10-08 00:00:00-04:00,243.7899932861328,244.0399932861328,240.6300048828125,242.3699951171875,7669800,244.90899963378905,241.89949951171874,233.99419952392577,56.445812939964426,3.2583071919669635,3.7273494971272134,-0.4690423051602499,250.13982073016518,233.6591782932723,241.89949951171874,2.611547534046601,-0.007371925565205384,-0.007399232494344503,7047930.0
2024-10-09 00:00:00-04:00,241.16000366210938,241.83999633789062,240.63999938964844,241.0500030517578,4120500,244.44100036621094,242.33949966430663,234.36479949951172,52.73549137379544,2.8261340422414776,3.5471064061500663,-0.7209723639085888,249.31447306410064,235.36452626451262,242.33949966430663,2.548579547867491,-0.005446185963701722,-0.0054610705017173605,7022090.0
2024-10-10 00:00:00-04:00,241.77000427246094,243.02000427246094,241.50999450683594,242.82000732421875,4792700,244.0250015258789,242.66399993896485,234.69019958496094,56.83299557672385,2.596527111430788,3.356990547206211,-0.760463435775423,249.07121594090324,236.25678393702646,242.66399993896485,2.507252524498608,0.007342892553628744,0.007316064767089658,6765215.0
2024-10-11 00:00:00-04:00,244.5,245.9199981689453,244.47000122070312,245.47000122070312,5789500,244.07000122070312,243.00350036621094,235.08419952392578,62.126838625218596,2.5984411133763388,3.205280660440237,-0.6068395470638981,249.2478290410244,236.75917169139748,243.00350036621094,2.549590975943462,0.010913408354139564,0.01085428686886074,6681935.0
2024-10-14 00:00:00-04:00,245.16000366210938,245.86000061035156,244.25999450683594,245.07000732421875,3922900,244.27100219726563,243.3240005493164,235.47879974365233,60.912557737003475,2.5384204779916217,3.071908623950514,-0.5334881459588923,249.2957387056161,237.3522623930167,243.3240005493164,2.481763485055759,-0.001629502157067031,-0.0016308312397319176,6642405.0
2024-10-15 00:00:00-04:00,244.99000549316406,246.5500030517578,244.52999877929688,245.9199981689453,5640800,244.302001953125,243.75300064086915,235.94759979248047,62.58603275472001,2.5302734324348535,2.963581585647382,-0.4333081532125287,249.14852394643904,238.35747733529925,243.75300064086915,2.4487806841561293,0.003468359323146597,0.0034623584364339233,6661590.0
2024-10-16 00:00:00-04:00,247.6199951171875,248.08999633789062,246.36000061035156,247.14999389648438,5431900,244.4510009765625,244.33500061035156,236.4765997314453,64.92615930550323,2.59317471195979,2.8895002109098638,-0.29632549895007365,248.39397320124627,240.27602801945685,244.33500061035156,2.4288676473553568,0.005001609209081437,0.0049891427128232555,6379130.0
2024-10-17 00:00:00-04:00,247.75,249.05999755859375,247.6199951171875,248.6300048828125,5176200,244.76500091552734,244.80800094604493,237.03819976806642,67.55575664883948,2.730968047112782,2.8577937781504477,-0.1268257310376657,248.54086894793238,241.07513294415747,244.80800094604493,2.3918059341235005,0.00598831083503093,0.005970452161761758,6332530.0
2024-10-18 00:00:00-04:00,250.0,251.3699951171875,249.89999389648438,251.27000427246094,7833600,245.39200134277343,245.2610008239746,237.5833999633789,71.6401982290437,3.0184018872517697,2.889915399970712,0.12848648728105783,249.7459813762105,240.7760202717387,245.2610008239746,2.416676241284322,0.010618185005034864,0.010562207979593495,6337340.0
2024-10-21 00:00:00-04:00,252.74000549316406,253.13999938964844,250.72999572753906,251.22000122070312,9258600,246.0970016479492,245.6880012512207,238.1166000366211,71.45670695999917,3.2052127506135832,2.9529748700992866,0.25223788051429663,250.70351215519594,240.67249034724546,245.6880012512207,2.416199628486112,-0.00019900127714245208,-0.0001990210805239133,6528960.0
2024-10-22 00:00:00-04:00,253.05999755859375,253.94000244140625,252.52000427246094,253.92999267578125,5756300,247.25300140380858,246.08100051879882,238.62699981689454,75.1687522221612,3.531229551651279,3.0686258064096856,0.4626037452415934,252.25307105721384,239.9089299803838,246.08100051879882,2.4378997422158983,0.01078732362833379,0.010729555523637746,6397460.0
2024-10-23 00:00:00-04:00,253.0800018310547,253.17999267578125,250.1999969482422,250.8699951171875,8081000,248.23500061035156,246.33800048828124,239.0831997680664,64.90461179006785,3.5023115187114513,3.155362948870039,0.3469485698414121,252.84895370374028,239.8270472728222,246.33800048828124,2.530192312596124,-0.012050555849465017,-0.012123752431615111,6431840.0
2024-10-24 00:00:00-04:00,253.27000427246094,253.32000732421875,251.39999389648438,252.8000030517578,5962200,249.23300018310547,246.62900085449218,239.61519989013672,67.88338668447317,3.593703305135051,3.243031020123042,0.350672285012009,253.72286092993673,239.53514077904762,246.62900085449218,2.5244651621986334,0.007693259346016168,0.007663817134299539,6377895.0
2024-10-25 00:00:00-04:00,252.0,253.5500030517578,251.77000427246094,253.32000732421875,4424500,250.01800079345702,247.04400100708008,240.1433999633789,68.65532726944483,3.6658344950919286,3.3275917151168195,0.3382427799751091,254.6643743429988,239.42362767116137,247.04400100708008,2.471288991991365,0.0020569789010425055,0.0020548662166116312,6182640.0
2024-10-28 00:00:00-04:00,253.00999450683594,253.6300048828125,252.9499969482422,253.3300018310547,4029100,250.84400024414063,247.55750122070313,240.5701998901367,68.67091349671269,3.6813689265710536,3.3983471574076667,0.28302176916338695,255.41521491347078,239.69978752793548,247.55750122070313,2.3433403450327184,3.945407605776552e-05,3.945329776617785e-05,6038260.0
2024-10-29 00:00:00-04:00,254.49000549316406,256.2900085449219,254.22999572753906,256.0899963378906,8875500,251.86100006103516,248.08150100708008,241.0597998046875,72.70699681044825,3.871757357174687,3.493029197361071,0.37872815981361585,256.7097977238439,239.45320429031625,248.08150100708008,2.3873879428066087,0.010894858433216914,0.010835937036952448,5951760.0
2024-10-30 00:00:00-04:00,256.760009765625,257.7099914550781,255.91000366210938,257.5,6386200,252.89600067138673,248.67350082397462,241.56059967041017,74.51342450279006,4.0892784156543485,3.6122790410197267,0.4769993746346217,258.1399966844972,239.20700496345205,248.67350082397462,2.3454307892467616,0.005505891218995584,0.005490789207931537,5931130.0
2024-10-31 00:00:00-04:00,255.52000427246094,255.60000610351562,252.1999969482422,253.50999450683594,9930800,253.38399963378907,249.0745002746582,241.98779968261718,62.006646604035986,3.8948083974512144,3.6687849123060245,0.22602348514518988,258.6464774666551,239.50252308266127,249.0745002746582,2.556471665140408,-0.015495166963743978,-0.01561647178727062,6143945.0
2024-11-01 00:00:00-04:00,254.3300018310547,254.86000061035156,252.44000244140625,252.47000122070312,6473000,253.50399932861328,249.44800033569337,242.4497998046875,59.21669417335637,3.615098139310504,3.6580475577069205,-0.042949418396416306,258.93748467463485,239.95851599675186,249.44800033569337,2.54672355826933,-0.0041023758773532926,-0.004110813705942248,6170205.0
2024-11-04 00:00:00-05:00,253.32000732421875,253.5800018310547,252.27000427246094,252.8300018310547,4581400,253.66499938964844,249.88100051879883,242.86599975585938,59.889476034208826,3.3834722234812205,3.6031324908617806,-0.2196602673805601,259.1555076126138,240.60649342498385,249.88100051879883,2.4583859868639313,0.0014259144001700363,0.0014248987496042703,6206825.0
2024-11-05 00:00:00-05:00,253.77999877929688,253.99000549316406,252.41000366210938,253.39999389648438,6029900,253.61199951171875,250.43250045776367,243.27879974365234,60.98684623710816,3.2089102920995742,3.5242880511093393,-0.31537775900976506,259.1499252812045,241.71507563432283,250.43250045776367,2.3956442614489855,0.002254447895034817,0.0022519104403696992,6124830.0
2024-11-06 00:00:00-05:00,245.63999938964844,247.35000610351562,244.9499969482422,245.6999969482422,14600200,253.09499969482422,250.66500015258788,243.52499969482423,43.623833560785506,2.4213316970878225,3.303696780305036,-0.8823650832172136,258.58019677040824,242.74980353476755,250.66500015258788,2.8280980247913567,-0.030386729020158154,-0.03085797669408552,6648815.0
2024-11-07 00:00:00-05:00,248.2899932861328,250.24000549316406,248.1199951171875,249.64999389648438,8821400,252.77999877929688,251.00649948120116,243.8829995727539,51.28572570676722,2.091788888353335,3.061315201914696,-0.969526313561361,258.08330069202617,243.92969827037618,251.00649948120116,2.9503773476578226,0.016076503855530166,0.01594864539186116,6850250.0
2024-11-08 00:00:00-05:00,249.07000732421875,249.35000610351562,247.77999877929688,247.9600067138672,6267900,252.2439987182617,251.13099975585936,244.1831997680664,48.26347547123319,1.6749482357359966,2.784041808678956,-1.1090935729429594,257.89448814148983,244.3675113702289,251.13099975585936,2.873207188338514,-0.006769426092267161,-0.006792442588197375,6874170.0
2024-11-11 00:00:00-05:00,242.72999572753906,242.72999572753906,241.05999755859375,242.13999938964844,11653800,251.1249984741211,250.98449935913087,244.40019989013672,39.607170699835926,0.8650018611182304,2.400233819166811,-1.5352319580485805,258.3655167241932,243.60348199406852,250.98449935913087,3.160835900262437,-0.02347155656813127,-0.02375140115119195,7260715.0
2024-11-12 00:00:00-05:00,241.2899932861328,241.66000366210938,239.38999938964844,240.0500030517578,10145500,249.5209991455078,250.69099960327148,244.59540008544923,37.038137242841,0.05384756503474364,1.9309565683403975,-1.877109003305654,259.23018319157234,242.15181601497062,250.69099960327148,3.1314904788151203,-0.008631355179477884,-0.008668821068980244,7485950.0
2024-11-13 00:00:00-05:00,241.30999755859375,241.47000122070312,237.58999633789062,237.6300048828125,8431700,247.53399963378905,250.2150001525879,244.73940032958984,34.26659745017659,-0.775334117055138,1.3896984312612903,-2.1650325483164283,260.3944660904932,240.03553421468257,250.2150001525879,3.184955793386362,-0.010081225320474285,-0.010132384997697268,7635940.0
2024-11-14 00:00:00-05:00,236.57000732421875,237.99000549316406,236.1300048828125,237.00999450683594,8262400,245.88399963378907,249.63399963378907,244.83260009765624,33.57343291289112,-1.4656016858125156,0.8186384078465292,-2.2842400936590446,261.3234509977079,237.94454826987027,249.63399963378907,3.0903161374553045,-0.0026091417886487944,-0.002612551531378293,7790250.0
2024-11-15 00:00:00-05:00,237.57000732421875,237.8800048828125,236.3300018310547,236.58999633789062,7299500,244.2959991455078,248.89999923706054,244.95179992675781,33.08519425305897,-2.023211723976374,0.2502683814819486,-2.2734801054583222,261.8607919991166,235.9392064750045,248.89999923706054,2.9802937741911983,-0.0017720694429753658,-0.0017736414154014316,7763545.0
2024-11-18 00:00:00-05:00,240.4600067138672,241.5,240.4499969482422,241.08999633789062,6323400,243.12199859619142,248.39349899291992,245.14159973144533,42.70000610554164,-2.0780547826634006,-0.2153962513471213,-1.8626585313162793,261.7381131217696,235.04888486407026,248.39349899291992,3.1181301947567825,0.019020246289590537,0.01884162282592499,7616785.0
2024-11-19 00:00:00-05:00,242.75,243.30999755859375,242.02999877929688,243.25,6579100,242.10699920654298,247.85949935913087,245.35419982910156,46.66172954387513,-1.9250334706098613,-0.5573236951996694,-1.367709775410192,261.1297166795182,234.58928203874353,247.85949935913087,3.0539781251815215,0.008959325127211537,0.00891942849470824,7657925.0
2024-11-20 00:00:00-05:00,243.74000549316406,245.2100067138672,243.50999450683594,244.6199951171875,6630700,241.9989990234375,247.54699935913087,245.6015997314453,49.06707475393974,-1.673919915115846,-0.7806429391829047,-0.8932769759329412,260.81328381768094,234.28071490058082,247.54699935913087,2.9758373100876407,0.005632045702723465,0.005616245032295766,7585410.0
2024-11-21 00:00:00-05:00,246.22999572753906,246.80999755859375,245.69000244140625,246.66000366210938,7646400,241.7,247.23999938964843,245.8081997680664,52.50195699068243,-1.295366790673853,-0.8835877094810944,-0.41177908119275863,260.28821191567954,234.19178686361735,247.23999938964843,2.91970624803897,0.008339500390982302,0.008304918886222272,7669620.0
2024-11-22 00:00:00-05:00,248.1999969482422,250.38999938964844,247.86000061035156,249.83999633789062,7503000,241.88799896240235,247.06599884033204,246.0313998413086,57.3324329836322,-0.7303429407988631,-0.8529387557446483,0.1225958149457852,259.8758951275434,234.25610255312068,247.06599884033204,2.9775840680032624,0.012892210445830665,0.012809813332372074,7823545.0
2024-11-25 00:00:00-05:00,244.27000427246094,244.39999389648438,241.47999572753906,242.47999572753906,10733100,241.9219985961914,246.52349853515625,246.10779968261718,45.7384625649821,-0.8664599966707556,-0.8556430039298697,-0.010816992740885878,259.14391670497935,233.90308036533312,246.52349853515625,3.362042392456712,-0.029458856541118794,-0.029901483187305778,8158745.0
2024-11-26 00:00:00-05:00,242.7100067138672,243.08999633789062,241.5800018310547,242.9499969482422,4945900,242.21199798583984,245.86649856567382,246.21999969482422,46.48273434218557,-0.9257372507972548,-0.8696618533033468,-0.056075397493908,257.7744272528131,233.95856987853458,245.86649856567382,3.229753257769514,0.0019383092584315254,0.001936433160954421,7962265.0
2024-11-27 00:00:00-05:00,244.85000610351562,245.17999267578125,243.1999969482422,243.49000549316406,6930600,242.797998046875,245.16599884033204,246.3795999145508,47.375856422868424,-0.9185522269334001,-0.8794399280293574,-0.039112298904042664,255.83829188809935,234.49370579256473,245.16599884033204,3.1583420056101956,0.002222714763140843,0.0022202481870022992,7989485.0
2024-11-29 00:00:00-05:00,245.25,245.80999755859375,244.72999572753906,245.58999633789062,2708500,243.65599822998047,244.76999893188477,246.50799987792968,50.813525431807314,-0.7349344659002384,-0.8505388356035336,0.11560436970329524,254.7390549166068,234.80094294716275,244.76999893188477,3.0984598670258734,0.008624546377060671,0.008587567442534243,7628370.0
2024-12-02 00:00:00-05:00,244.4600067138672,244.5800018310547,243.13999938964844,243.44000244140625,4765000,244.34099884033202,244.31849899291993,246.53259979248048,47.39956940200077,-0.754208559785809,-0.8312727804399888,0.07706422065417973,253.64922455583073,234.98777343000913,244.31849899291993,3.052141087112753,-0.008754403389975018,-0.008792948302693988,7542970.0
2024-12-03 00:00:00-05:00,244.9600067138672,245.17999267578125,243.3000030517578,243.92999267578125,3557800,244.6249984741211,243.87349853515624,246.55759979248046,48.252865544461855,-0.7216268361871983,-0.8093435915894307,0.08771675540223245,252.34765862449217,235.39933844582032,243.87349853515624,2.968415982606373,0.002012776164397767,0.0020107532444556663,7491790.0
2024-12-04 00:00:00-05:00,244.92999267578125,245.33999633789062,244.3699951171875,244.6699981689453,4608600,244.76699829101562,243.4369987487793,246.529599609375,49.583072041578646,-0.628844399882496,-0.7732437532480438,0.14439935336554788,250.71884745121127,236.15515004634733,243.4369987487793,2.8571008168565872,0.003033679807253664,0.0030290874860776605,7420725.0
2024-12-05 00:00:00-05:00,244.16000366210938,244.3800048828125,242.14999389648438,242.86000061035156,4806200,244.59099884033202,243.29499893188478,246.47219970703125,46.438655137444826,-0.6933725595899034,-0.7572695145164159,0.06389695492651248,250.50520128225702,236.08479658151253,243.29499893188478,2.833022492256898,-0.007397709454119217,-0.0074252082091734815,6931025.0
2024-12-06 00:00:00-05:00,242.7899932861328,243.86000061035156,242.44000244140625,242.9499969482422,3540700,244.21999816894532,242.95999908447266,246.39159973144533,46.61992158792978,-0.7288479334367253,-0.7515851983004779,0.022737264863752604,249.55429445365164,236.36570371529368,242.95999908447266,2.732092183448928,0.0003705687954560499,0.0003705001517975754,6666990.0
2024-12-09 00:00:00-05:00,246.27999877929688,247.11000061035156,245.25999450683594,245.36000061035156,4711500,243.7719985961914,242.8299987792969,246.39839965820312,51.366483784973056,-0.5560850660152425,-0.7124851718434309,0.1564001058281883,249.12039759850032,236.53959996009345,242.8299987792969,2.834085860496103,0.009919751769426055,0.009870874002918592,6589170.0
2024-12-10 00:00:00-05:00,247.86000061035156,248.86000061035156,247.8300018310547,248.58999633789062,4642000,244.38299865722655,243.152498626709,246.50899963378907,56.89824981275313,-0.1567289145165205,-0.6013339203780489,0.4446050058615284,249.91218702498372,236.39281022843426,243.152498626709,2.8816511561749527,0.01316431251835759,0.013078415980993926,6238580.0
2024-12-11 00:00:00-05:00,249.35000610351562,251.25999450683594,248.97000122070312,250.9600067138672,11033800,245.18399963378906,243.69799880981446,246.61599975585938,60.45274146386747,0.3470037004338167,-0.4116663962156758,0.7586700966494925,251.09863703839898,236.29736058122995,243.69799880981446,2.8665330856585496,0.009533812345188464,0.009488652360594872,6282995.0
2024-12-12 00:00:00-05:00,247.80999755859375,248.24000549316406,246.8699951171875,247.27999877929688,10149600,245.56299896240233,244.18049850463868,246.64839965820312,53.12656284193785,0.4441496609512967,-0.24050318478228128,0.684652845733578,251.1833734189158,237.17762359036155,244.18049850463868,2.953924407874345,-0.014663722649505995,-0.014772297747821581,6368890.0
2024-12-13 00:00:00-05:00,245.6699981689453,245.94000244140625,244.27000427246094,244.2899932861328,6602600,245.43299865722656,244.54449844360352,246.6243994140625,48.03313296254942,0.27668067716183486,-0.13706641239345804,0.41374708955529294,250.72749492974836,238.36150195745867,244.54449844360352,2.9579294149430306,-0.012091578404740733,-0.01216527622337442,6285900.0
2024-12-16 00:00:00-05:00,245.41000366210938,245.5399932861328,244.2899932861328,244.8800048828125,3310000,245.57699890136718,244.9589988708496,246.62199951171874,49.07075478624398,0.18938617988629858,-0.07177589393750672,0.2611620738238053,249.94998026684,239.9680174748592,244.9589988708496,2.835934456732814,0.002415209844427002,0.00241229791280552,6086425.0
2024-12-17 00:00:00-05:00,243.8000030517578,244.5500030517578,243.22999572753906,243.94000244140625,4421300,245.5779998779297,245.10149917602538,246.61739959716797,47.445357960831004,0.043848858434159865,-0.048650943463173404,0.09249980189733327,249.79644375204074,240.40655460001003,245.10149917602538,2.7512255066285727,-0.0038386247250202787,-0.003846011153453628,5991320.0
2024-12-18 00:00:00-05:00,243.57000732421875,243.7100067138672,238.82000732421875,239.25999450683594,8015800,245.03699951171876,244.9019989013672,246.55519958496095,40.289931967861996,-0.4440097768964506,-0.12772271014982886,-0.31628706674662177,250.1956109624999,239.6083868402345,244.9019989013672,2.9204233359542107,-0.01918507783771317,-0.01937149963953244,6063155.0
2024-12-19 00:00:00-05:00,239.6699981689453,240.0500030517578,238.72999572753906,239.60000610351562,8111400,244.71100006103515,244.6509994506836,246.5261996459961,40.98628036360275,-0.794051830746298,-0.2609885342691227,-0.5330632964771753,250.42825191666012,238.87374698470708,244.6509994506836,2.806107906544535,0.0014210967336203417,0.0014200879312812307,6137190.0
2024-12-20 00:00:00-05:00,241.41000366210938,242.9600067138672,241.1699981689453,242.10000610351562,9527800,244.6260009765625,244.4229995727539,246.51179962158204,45.9751646167994,-0.8598220799933642,-0.38075524341397105,-0.4790668365793932,250.22498234637897,238.62101679912882,244.4229995727539,2.84567167110218,0.010434056495473909,0.01037999743966833,6231260.0
2024-12-23 00:00:00-05:00,241.60000610351562,241.6699981689453,240.64999389648438,240.9600067138672,5835500,244.18600158691407,243.97900009155273,246.42159973144533,44.14260670501248,-0.9924930575806457,-0.503102806247306,-0.4893902513333397,249.40155991747028,238.5564402656352,243.97900009155273,2.745981709382828,-0.004708795377563968,-0.004719916680210798,6147885.0
2024-12-24 00:00:00-05:00,241.49000549316406,241.66000366210938,240.82000732421875,241.44000244140625,2421000,243.47100219726562,243.9270004272461,246.34899963378905,45.13424482318693,-1.0468368360281488,-0.6118496122034746,-0.43498722382467425,249.4254764162931,238.4285244381991,243.9270004272461,2.609839897133385,0.001992014086009908,0.001990032656870636,5732280.0
2024-12-26 00:00:00-05:00,242.38999938964844,243.55999755859375,242.1999969482422,243.07000732421875,4645100,242.68200225830077,243.93300094604493,246.29199981689453,48.479207670040275,-0.9474552263706073,-0.6789707350369012,-0.2684844913337061,249.42745946835203,238.43854242373783,243.93300094604493,2.5748509842801073,0.006751179863859091,0.0067284927019149185,5717240.0
2024-12-27 00:00:00-05:00,241.1999969482422,241.9499969482422,241.0500030517578,241.39999389648438,4728100,242.09400177001953,243.82850036621093,246.17699981689452,45.42366831235131,-0.9920153757018397,-0.7415796631698889,-0.25043571253195085,249.4311219772945,238.22587875512735,243.82850036621093,2.535219076293024,-0.0068705038771271765,-0.006894214453703814,5607115.0
2024-12-30 00:00:00-05:00,241.0800018310547,241.0800018310547,239.5800018310547,240.6300048828125,3522500,241.7280029296875,243.58050079345702,246.01699981689453,44.04525103691186,-1.0770457801066584,-0.8086728865572428,-0.2683728935494156,249.28741369137757,237.87358789553647,243.58050079345702,2.4841314326599284,-0.0031896811646235923,-0.0031947790408758405,5647815.0
