date,open,high,low,close,volume,sma_10,sma_20,sma_50,rsi,macd,macd_signal,macd_diff,bb_high,bb_low,bb_mid,atr,returns,log_returns,volume_sma
2018-03-14 00:00:00-04:00,244.5188714747904,244.70369878146147,241.7551646864321,242.3096466064453,105895100,241.0017105102539,240.47934494018554,241.46539154052735,52.997283326202954,0.8463410628839938,0.23340998381857408,0.6129310790654197,245.88980297663022,235.06888690374086,240.47934494018554,3.5625759080998223,-0.005131589787315649,-0.005144801612012812,105911165.0
2018-03-15 00:00:00-04:00,242.82015876545825,243.4626626446098,241.54390753995625,242.0456085205078,83433000,241.64423370361328,240.717431640625,241.57506011962892,52.44976026576198,0.8141359109116877,0.3495551692371968,0.46458074167449087,245.9609748248843,235.4738884563657,240.717431640625,3.445160136425088,-0.0010896722009847704,-0.0010902663253773408,104046030.0
2018-03-16 00:00:00-04:00,242.5731714551364,243.3596693637448,242.25505565037898,242.30807495117188,100343700,242.19154052734376,240.81725006103517,241.66005340576172,52.96989591443214,0.8005635451640103,0.4397568444225595,0.36080670074145077,246.1019446514806,235.53255547058973,240.81725006103517,3.2929387583402248,0.0010843676622285248,0.0010837801602887947,103503200.0
2018-03-19 00:00:00-04:00,241.5569109929973,242.4847756433966,237.3770433606268,239.029541015625,109208400,242.13726654052735,240.74962005615234,241.6594073486328,46.17529177828344,0.5192712233503869,0.455659720208125,0.06361150314226188,246.08919105118244,235.41004906112224,240.74962005615234,3.422566867228052,-0.013530436145008928,-0.013622806651283072,100942615.0
2018-03-20 00:00:00-04:00,239.42723539305518,240.07233951458812,238.75562162094462,239.4360809326172,59757300,242.0629119873047,240.77757034301757,241.63502990722657,47.08175187772413,0.32539841504166134,0.4296074591748323,-0.10420904413317095,246.0833865565198,235.47175412951535,240.77757034301757,3.272149083400584,0.0017007936143156321,0.0016993489027285823,99611995.0
2018-03-21 00:00:00-04:00,239.39185251338063,241.4861955710921,238.76443954354212,238.9765167236328,78709600,241.9513961791992,240.84196014404296,241.59265991210938,46.13587745860768,0.13313512787178183,0.3703129929142222,-0.23717786504244037,246.0261343226336,235.65778596545232,240.84196014404296,3.2328352936969695,-0.0019193607212176778,-0.0019212050543449834,98603290.0
2018-03-22 00:00:00-04:00,236.74961765474657,237.59795331535972,232.72880812684755,233.00277709960938,148785900,241.12633056640624,240.59225616455078,241.4199005126953,36.008979138148895,-0.49555334493695113,0.19713972534398755,-0.6926930702809386,246.69945593464442,234.48505639445713,240.59225616455078,3.4481833867747045,-0.024997182593182732,-0.02531491834044719,100517020.0
2018-03-23 00:00:00-04:00,233.44464923481146,233.771610570164,227.84202490130033,228.03643798828125,183534800,239.38479614257812,239.90456008911133,241.15520812988282,30.094692833638007,-1.3786434069307916,-0.11801690111096824,-1.2606265058198234,248.06843228061223,231.74068789761043,239.90456008911133,3.6254264069239164,-0.021314506089363028,-0.02154494045377308,105055440.0
2018-03-26 00:00:00-04:00,231.6418870783982,234.55805609934146,229.23824688504877,234.2752685546875,141956100,238.29794464111328,239.388419342041,240.98008544921876,42.80368443644611,-1.5571275595268617,-0.40583903279414696,-1.1512885267327146,247.60518003695873,231.17165864712328,239.388419342041,3.8322972429336515,0.027358919571997875,0.026991353408319454,107828675.0
2018-03-27 00:00:00-04:00,235.21205195547876,235.74224499591256,228.73458164104392,230.28988647460938,129941400,236.97098388671876,238.8257179260254,240.6935693359375,38.04535953305534,-1.9971427446208168,-0.7240997751594809,-1.2730429694613359,247.87425663245028,229.7771792196005,238.8257179260254,4.059109108071865,-0.017011535637820874,-0.017157894038945614,109370785.0
2018-03-28 00:00:00-04:00,230.42242836273297,232.0926172982425,228.50480702582675,229.6094207763672,146452300,235.70096130371093,238.35133590698243,240.4101675415039,37.28326674025317,-2.3734066889887515,-1.0539611579253352,-1.3194455310634163,248.2482647600176,228.45440705394725,238.35133590698243,4.025444905524998,-0.00295482232702049,-0.002959196433108534,110598010.0
2018-03-29 00:00:00-04:00,230.7494126132141,234.40790666269632,229.6182890991537,232.54330444335938,111601600,234.7507308959961,238.19748229980468,240.13897064208984,42.62014103459294,-2.407111005995745,-1.324591127539417,-1.0825198784563277,248.35176883934977,228.04319576025958,238.19748229980468,4.080662118439579,0.012777714682054464,0.012696768494733087,107335335.0
2018-04-02 00:00:00-04:00,232.0130331334397,232.52558895343842,225.0495580668502,227.52389526367188,186286300,233.2723129272461,237.73192672729493,239.7756576538086,36.84369043472927,-2.806494767204242,-1.6209718554723822,-1.18552291173186,248.89688939010455,226.56696406448532,237.73192672729493,4.324453851158835,-0.021584836388656714,-0.021821196353002312,109695490.0
2018-04-03 00:00:00-04:00,228.76108647586676,230.91729468859214,226.96719481188146,230.44009399414062,119956900,232.41336822509766,237.2753173828125,239.44831390380858,41.78068314092306,-2.854788188316462,-1.8677351220411982,-0.9870530662752639,248.84161355425184,225.70902121137314,237.2753173828125,4.297714281555395,0.01281710972418626,0.01273566575262701,110827965.0
2018-04-04 00:00:00-04:00,226.88763069202741,233.6125052626878,226.75508245525387,232.9055633544922,123715300,231.76031646728515,236.91161422729493,239.13014526367186,45.64898682731181,-2.663416097042216,-2.026871317041402,-0.6365447800008139,248.54699281971423,225.27623563487563,236.91161422729493,4.480550604832432,0.010698960053428186,0.010642131161003985,113053070.0
2018-04-05 00:00:00-04:00,234.6640811810207,235.62732788506736,233.5771587564757,234.74363708496094,82652600,231.33702850341797,236.6442123413086,238.83817565917968,48.401554928433846,-2.3365014134476496,-2.0887973363226515,-0.2477040771249981,248.22063181527255,225.06779286734462,236.6442123413086,4.354923028099771,0.007891927114128672,0.00786094873666538,112832525.0
2018-04-06 00:00:00-04:00,232.7819206539907,234.27533379736204,227.9923030419464,229.5122528076172,179521200,230.98797607421875,236.0571533203125,238.44351287841798,41.897853698559366,-2.471063282744865,-2.165250525607094,-0.3058127571377707,247.8282586457724,224.2860479948526,236.0571533203125,4.5260952434508255,-0.022285521099983385,-0.022537595436239625,118463525.0
2018-04-09 00:00:00-04:00,230.97034824673102,234.03675757195995,229.70667639270897,230.6433868408203,105442900,231.24867095947266,235.31673355102538,238.0693618774414,43.66062284266866,-2.458096069058456,-2.2238196342973664,-0.23427643476108972,246.47809538037805,224.1553717216727,235.31673355102538,4.52598163780025,0.0049284254734376365,0.004916320540495549,118054405.0
2018-04-10 00:00:00-04:00,233.5330469478276,235.09719751911547,232.3931047987183,234.31069946289062,103529000,231.25221405029296,234.77507934570312,237.71081726074217,49.05704531104863,-2.1273749253035703,-2.2045306924986074,0.07715576719503714,244.98736015255426,224.56279853885198,234.77507934570312,4.520826569264171,0.01590035887133978,0.01577527236989159,119634615.0
2018-04-11 00:00:00-04:00,232.8260584961061,234.743679746807,232.75537508521705,233.08233642578125,91140200,231.53145904541014,234.25122146606446,237.36115325927733,47.4186941984619,-1.9420084033812373,-2.1520262346751333,0.21001783129389606,243.6497776560018,224.85266527612714,234.25122146606446,4.339932147287441,-0.005242453886762921,-0.005256243764453097,119593180.0
2018-04-12 00:00:00-04:00,234.4079115432017,235.9455254387368,234.23116253465432,234.99996948242188,68890500,232.0705139160156,233.88573760986327,237.10124145507814,50.214042376477714,-1.6216734953239325,-2.045955686804893,0.4242821914809607,242.54154642409952,225.22992879562702,233.88573760986327,4.234450494835164,0.008227277476477779,0.008193617920787296,117742950.0
2018-04-13 00:00:00-04:00,236.3078500612923,236.42273422394206,233.30330559064134,234.31069946289062,85079200,232.24725341796875,233.4989921569824,236.82508087158203,49.20154970333834,-1.4072027456082878,-1.9182050985655723,0.5110023529572845,241.31206824178685,225.68591607217797,233.4989921569824,4.154806076154132,-0.0029330642937925866,-0.002937374156334039,117825260.0
2018-04-16 00:00:00-04:00,235.94548491535662,237.00592484828672,235.12365879979507,236.23709106445312,63405300,233.1185729980469,233.1954429626465,236.59308074951173,52.1080419485316,-1.0694613439046634,-1.7484563476333905,0.6789950037287271,240.02589233613992,226.36499358915307,233.1954429626465,4.050550312528558,0.008221526400537194,0.00818791375817276,115978340.0
2018-04-17 00:00:00-04:00,238.00443144378508,239.36532282768732,237.49190264543654,238.76441955566406,64682000,233.9510055541992,233.18218688964845,236.51953643798828,55.69001343085887,-0.5910512909188697,-1.5169753362904863,0.9259240453716167,239.96817950608514,226.39619427321176,233.18218688964845,3.9846704161503896,0.010698271299494522,0.010641449697783415,113752020.0
2018-04-18 00:00:00-04:00,239.20631965807513,239.74535822498413,238.48168656357623,238.94122314453125,57303900,234.55457153320313,233.15744400024414,236.65231872558593,55.938289550498666,-0.1953889825910835,-1.2526580655506059,1.0572690829595224,239.85507854722442,226.45980945326386,233.15744400024414,3.790313362240212,0.0007404938692130436,0.0007402198388980403,113629350.0
2018-04-19 00:00:00-04:00,238.28726367597648,238.4905223067502,236.58174658331473,237.6156768798828,77655900,234.8417755126953,233.08940200805665,236.66705169677735,53.517176757184906,0.011087927125032593,-0.9999088670154782,1.0109967941405107,239.57343133278226,226.60537268333104,233.08940200805665,3.688110733595663,-0.005547582987999733,-0.005563027974552836,113576665.0
2018-04-20 00:00:00-04:00,237.54493017642025,237.76585288421933,234.7171087293506,235.60079956054688,99953100,235.45063018798828,233.21930313110352,236.66718841552733,49.976318804633586,0.01200027334161291,-0.79752703894406,0.8095273122856729,239.79464052436361,226.64396573784342,233.21930313110352,3.642441692258025,-0.008479563915113508,-0.00851571995392285,111135025.0
2018-04-23 00:00:00-04:00,236.17531609521794,236.73204585987767,234.48746268595818,235.56556701660156,65558000,235.9428482055664,233.59575958251952,236.84335723876953,49.914129044037715,0.00976774595054053,-0.6360680819651399,0.6458358279156804,239.79227123201196,227.39924793302708,233.59575958251952,3.5425946552338443,-0.00014954339718298293,-0.00014955457991168617,105236185.0
2018-04-24 00:00:00-04:00,236.59058307701824,236.81150581015282,230.89076577490286,232.39305114746094,112885500,235.75108337402344,233.50164871215821,236.8879507446289,44.539544740719684,-0.24517088753177063,-0.557888643078466,0.31271775554669534,239.71118043571963,227.2921169885968,233.50164871215821,3.7124621823778527,-0.013467655350992147,-0.013559166779707303,103782655.0
2018-04-25 00:00:00-04:00,232.33117921342284,233.40928319691392,230.5107781054454,232.96743774414062,103840900,235.73959350585938,233.63552627563476,236.87643493652342,45.67996931189524,-0.39629514949896816,-0.5255699443625664,0.12927479486359827,239.67544219851538,227.59561035275414,233.63552627563476,3.654322390170042,0.00247161691730291,0.002468567495844179,102477630.0
2018-04-26 00:00:00-04:00,233.9925689185512,236.16644142701392,233.5507233779955,235.3357696533203,67731900,235.7731735229492,233.9218437194824,236.90066772460938,50.22481336044033,-0.32125440302019115,-0.4847068360940914,0.16345243307390023,239.70880613955111,228.1348812994137,233.9218437194824,3.6217996253631317,0.010165935343207755,0.0101146097776642,98541610.0
2018-04-27 00:00:00-04:00,235.9454514886593,236.2459031345323,234.619915244341,235.55662536621094,57053600,235.89776611328125,234.072509765625,236.86612274169923,50.6395655685403,-0.24118265699542007,-0.43600200027435715,0.19481934327893707,239.86496702664815,228.28005250460185,234.072509765625,3.4792416442794303,0.0009384706507471474,0.0009380305624844136,95814210.0
2018-04-30 00:00:00-04:00,236.17520579011554,236.731935294756,233.67434578801672,233.74505615234375,82182300,235.6485626220703,234.3835678100586,236.7347897338867,47.167784991483906,-0.3202125065780024,-0.4128441015350862,0.09263159495708384,239.3444253455543,229.4227102745629,234.3835678100586,3.4491236344551335,-0.007690589093177991,-0.007720314173806505,90609010.0
2018-05-01 00:00:00-04:00,233.1794895687467,234.26643897285976,231.62418511436118,234.160400390625,74203400,235.18816070556642,234.5695831298828,236.6103549194336,48.04723051709995,-0.3453484608145345,-0.3993449733909759,0.05399651257644139,239.1925112369055,229.9466550228601,234.5695831298828,3.391490079029665,0.0017769113285996951,0.0017753344893242224,88321335.0
2018-05-02 00:00:00-04:00,233.96606511885076,234.7790458316721,232.19868291240678,232.58750915527344,86368900,234.55278930664062,234.55368041992188,236.4845635986328,44.992812637475765,-0.48657908235762193,-0.41679179518430515,-0.06978728717331678,239.20151688257315,229.9058439572706,234.55368041992188,3.3335524247607835,-0.006717152997379849,-0.00673981460758658,86454015.0
2018-05-03 00:00:00-04:00,231.75680484646094,232.7288433491431,228.9201373860479,232.07492065429688,136311500,233.99871368408202,234.42024459838868,236.37228759765625,44.01089481569818,-0.6325750442444189,-0.4599484449963279,-0.17262659924809098,239.19023375958133,229.65025543719602,234.42024459838868,3.36749196321324,-0.0022038522310945385,-0.00220628428734153,89136960.0
2018-05-04 00:00:00-04:00,231.10288831433,235.75995770217375,230.7759269200338,235.07949829101562,91222100,233.94658355712892,234.6986068725586,236.3139404296875,50.7901680176628,-0.5000691055372215,-0.4679725771045067,-0.03209652843271482,238.90718154550473,230.49003219961247,234.6986068725586,3.4829590217080044,0.012946584784981674,0.012863494147738108,84722005.0
2018-05-07 00:00:00-04:00,235.84832249995793,236.84687075534896,235.15901757631318,235.8748321533203,55304900,233.97751007080078,234.9601791381836,236.1956298828125,52.43206035744858,-0.3271096818587296,-0.4397999980553513,0.11269031619662173,238.75835763033547,231.16200064603174,234.9601791381836,3.360417124752671,0.003383254890735321,0.003377544559952449,82215105.0
2018-05-08 00:00:00-04:00,235.50367003813554,236.23712175990264,234.3106817006053,235.8748321533203,67499200,234.32568817138673,235.03838577270508,236.02116485595704,52.43206035744858,-0.18787241622050033,-0.3894144816883811,0.20154206546788078,238.8442559761419,231.23251556926826,235.03838577270508,3.2579901915058613,0.0,0.0,80413615.0
2018-05-09 00:00:00-04:00,236.54636971982185,238.48165491620054,236.0249953336343,238.15469360351562,59666100,234.84441375732422,235.2920036315918,235.9533804321289,57.1816006003264,0.10522689523497775,-0.29048620630370936,0.3957131015386871,239.2168487268506,231.367158536333,235.2920036315918,3.211478232318316,0.009665556216329918,0.00961914355763031,78839910.0
2018-05-10 00:00:00-04:00,238.89696721028608,240.70854952792098,238.79092862937145,240.38156127929688,72063900,235.34899291992187,235.56108322143555,235.9790704345703,61.251322685016014,0.511305806890789,-0.1301278036648097,0.6414336105555987,240.06424392699577,231.05792251587533,235.56108322143555,3.1645052103245335,0.009350509293293952,0.009307063895685263,78998580.0
2018-05-11 00:00:00-04:00,240.505332872426,241.38017828562056,239.99277701782748,241.11508178710938,59871500,235.90483856201172,235.90130233764648,236.08896453857423,62.51516378401969,0.8821464100148262,0.0723270390711175,0.8098193709437087,240.9680713531765,230.83453332211647,235.90130233764648,3.0375692144294297,0.003051484081843636,0.0030468377540233374,77738195.0
2018-05-14 00:00:00-04:00,241.5480657283191,242.20198836008126,240.68203894368625,241.22994995117188,54790600,236.65332794189453,236.15094528198242,236.1768634033203,62.72022380191593,1.1718013638974298,0.29222190403638,0.8795794598610498,241.72581820628517,230.57607235767966,236.15094528198242,2.9291678002841137,0.0004764038948170679,0.0004762904505103458,77307460.0
2018-05-15 00:00:00-04:00,240.00163399076862,240.01929810214165,238.62307819662107,239.56863403320312,87036100,237.19415130615235,236.19115600585937,236.1767904663086,57.79576383739821,1.2528585181965752,0.4843492268684191,0.7685092913281562,241.85179291676172,230.53051909495701,236.19115600585937,2.906146654160306,-0.0068868559575833155,-0.006910679793965715,78425165.0
2018-05-16 00:00:00-04:00,239.6039808016906,241.0355558477446,239.5774441834004,240.57601928710938,53942600,237.99300231933594,236.27289581298828,236.1847183227539,59.85411781890737,1.3824484625523041,0.6639690740051961,0.718479388547108,242.13369063949455,230.41210098648202,236.27289581298828,2.8033448799018186,0.004204996442759068,0.004196180151558188,78257100.0
2018-05-17 00:00:00-04:00,240.31095314555378,241.45092218362453,239.59516553209602,240.37281799316406,56536400,238.82279205322266,236.41075286865234,236.19034118652343,59.22664243133368,1.452014857472932,0.8215782306987433,0.6304366267741887,242.51600944845262,230.30549628885205,236.41075286865234,2.735660006446582,-0.0008446448426050468,-0.0008450017560510032,77201125.0
2018-05-18 00:00:00-04:00,240.02817433458355,240.39049092487784,239.4184253128825,239.7718963623047,64368000,239.29203186035156,236.61930770874022,236.16071044921875,57.313123384129256,1.4420344971003374,0.9456694839790621,0.49636501312127523,242.88256801505196,230.3560474024285,236.61930770874022,2.609688978271493,-0.0024999566751198188,-0.002503086784655633,75421870.0
2018-05-21 00:00:00-04:00,241.25654536464714,242.1137269152695,240.8677190756154,241.5746612548828,58025900,239.8620147705078,236.9197624206543,236.08316802978516,61.34769149678616,1.5615919896967227,1.0688539851225944,0.4927380045741283,243.51948736895136,230.32003747235726,236.9197624206543,2.59055623360673,0.007518666365528004,0.007490542077024009,75045265.0
2018-05-22 00:00:00-04:00,242.09595749896323,242.35223541747547,240.5760080340291,240.90296936035156,52966400,240.36482849121094,237.34525833129882,235.99835174560548,59.10612881405005,1.583884210375743,1.1718600301732243,0.41202418020251863,243.81883128817458,230.87168537442307,237.34525833129882,2.532389887166705,-0.0027804732956763223,-0.002784345991834942,72049310.0
2018-05-23 00:00:00-04:00,239.6304765758288,241.59227148003484,239.47139171583964,241.56573486328125,64694200,240.7059326171875,237.77517318725586,235.9584765625,60.634547646843856,1.6361698454961697,1.2647219932378135,0.3714478522583562,244.1702698641824,231.38007651032933,237.77517318725586,2.5029963069544543,0.0027511719954695923,0.0027473944486631338,70091975.0
2018-05-24 00:00:00-04:00,241.1680971017814,241.4420391350856,239.28583108913134,241.0708770751953,76043800,240.77486419677734,238.06192855834962,235.933701171875,58.86545784227177,1.6190127292845204,1.335580140447155,0.28343258883736544,244.50789953555335,231.6159575811459,238.06192855834962,2.4870611260398445,-0.0020485429705748848,-0.002050644104725489,70507570.0
2018-05-25 00:00:00-04:00,240.49642944335938,241.12384231755013,239.99271924932825,240.49642944335938,56374800,240.71299896240234,238.30891876220704,235.90271759033203,56.793950240016315,1.5412953743935134,1.3767231872364267,0.16457218715708666,244.7304898542889,231.8873476701252,238.30891876220704,2.3902084076242756,-0.0023828993315386793,-0.0023857429544270363,70473630.0
2018-05-29 00:00:00-04:00,238.87046799840775,239.63045614166222,236.61706715123918,237.73049926757812,115908600,240.36305389404296,238.50819091796876,235.81116607666016,48.02975866639056,1.2421970866030279,1.3498179671097472,-0.10762088050671936,244.58921740701035,232.42716442892717,238.50819091796876,2.4965765422311272,-0.01150091991878266,-0.011567566992821757,72159945.0
2018-05-30 00:00:00-04:00,239.03839445916907,241.3448148214591,238.96771105135883,240.90296936035156,69678400,240.49648742675782,238.84531936645507,235.84863464355467,56.34998580281145,1.246779266400324,1.3292102269678627,-0.08243096056753862,244.6668824779397,233.02375625497044,238.84531936645507,2.576415043063259,0.01334481735640769,0.013256559603311202,71933695.0
2018-05-31 00:00:00-04:00,240.49651999924623,240.79697172773785,238.82635789555584,239.42726135253906,93519900,240.3816116333008,239.18730697631835,235.84845825195313,52.166308893145185,1.1184406856592943,1.287056318706149,-0.16861563304685467,244.25272586590668,234.12188808673002,239.18730697631835,2.5407147874727203,-0.006125736065980547,-0.006144575362932587,72291245.0
2018-06-01 00:00:00-04:00,240.72629848815825,242.0783448076039,240.65558809722202,241.77789306640625,71258400,240.522119140625,239.67245559692384,235.9044857788086,57.570173107197384,1.192659533356931,1.2681769616363054,-0.07551742827937447,243.66520041847113,235.67971077537655,239.67245559692384,2.5485982637293008,0.009817727942041055,0.009769847182852502,69038590.0
2018-06-04 00:00:00-04:00,242.5997810747195,243.18302059188778,242.36119412283583,242.92674255371094,45385200,240.8376037597656,240.0648178100586,236.10296508789062,59.951505164179586,1.328862754519207,1.280314120212886,0.04854863430632106,243.70147068618698,236.42816493393022,240.0648178100586,2.4669217824258887,0.0047516730034087296,0.004740419439998397,66746745.0
2018-06-05 00:00:00-04:00,243.0591623128724,243.48334363778017,242.2903555730624,243.10336303710938,51135000,240.99047393798827,240.42624435424804,236.40430358886718,60.32021155401483,1.4345203281280305,1.311155361795915,0.12336496633211547,243.74860541420318,237.1038832942929,240.42624435424804,2.375926516875307,0.0007270524502231979,0.0007267882756286126,66538250.0
2018-06-06 00:00:00-04:00,243.7131954532173,245.2419639185261,243.09460084664707,245.13592529296875,62732200,241.41376953125,240.88929901123046,236.62151672363282,64.38396630452155,1.6630943868003385,1.3815431667968,0.2815512200035386,244.1255859045162,237.6530121179447,240.88929901123046,2.35960055651843,0.008360897317365001,0.008326138623579211,66299900.0
2018-06-07 00:00:00-04:00,245.6219003146421,245.91350645027276,244.19914391979617,245.10934448242188,72969400,241.76813049316405,241.23703155517578,236.91790588378908,64.29123658032533,1.8211035773768742,1.469455248912815,0.35164832846405925,244.7092102049262,237.76485290542536,241.23703155517578,2.31351212608687,-0.00010843294598739117,-0.00010843882526428765,66965065.0
2018-06-08 00:00:00-04:00,244.64984175340834,245.88700367386923,244.48193831762,245.833984375,72139700,242.24444122314452,241.50965270996093,237.24239715576172,65.73990344152773,1.9819526659558733,1.571954732321427,0.40999793363444637,245.4894472481994,237.52985817172245,241.50965270996093,2.248623071098467,0.0029563943965835726,0.0029520328568427624,66968855.0
2018-06-11 00:00:00-04:00,246.0549263597859,246.87675252466192,245.94004221387883,246.1609649658203,58892500,242.81089477539064,241.76194686889647,237.51475036621093,66.40225455169383,2.1114715982589303,1.6798581055089277,0.4316134927500026,246.22064164357332,237.30325209421963,241.76194686889647,2.1624905767101423,0.0013300870164538736,0.001329203234302846,66919905.0
2018-06-12 00:00:00-04:00,246.57628852029868,246.8413850221631,245.8339913469702,246.47909545898438,72329000,243.68575439453124,242.0244041442871,237.8938543701172,67.06931991909087,2.214262121902493,1.7867389087876409,0.4275232131148523,246.92319152773302,237.12561676084118,242.0244041442871,2.0799836551731965,0.001292367752979251,0.0012915333645885112,67796825.0
2018-06-13 00:00:00-04:00,246.71769650737758,246.9739744526654,245.48935305247187,245.69261169433594,79070600,244.1647186279297,242.33060302734376,238.1989047241211,63.70202877068642,2.206822805960087,1.8707556882221301,0.33606711773795683,247.34139884862972,237.3198072060578,242.33060302734376,2.037457779817506,-0.003190874111185238,-0.0031959758054487413,67398550.0
2018-06-14 00:00:00-04:00,246.5587117756602,246.8414724884736,245.71919427543313,246.311279296875,77097600,244.85312042236328,242.61736602783202,238.46701904296876,65.18284884966103,2.2251977055700536,1.9416440916917148,0.2835536138783388,247.8454236576869,237.38930839797715,242.61736602783202,1.973986566554661,0.0025180553793320293,0.002514890389851139,68556300.0
2018-06-15 00:00:00-04:00,245.52650527534564,246.33427828335442,244.4169314328949,245.99696350097656,120041600,245.2750274658203,242.89857330322266,238.69208557128906,63.759669876976645,2.1891619912831572,1.9911476716100034,0.19801431967315386,248.2176910020769,237.57945560436843,242.89857330322266,1.9699408725478655,-0.0012760917680899597,-0.0012769066665208114,71731560.0
2018-06-18 00:00:00-04:00,244.54121078049525,245.61529785717133,244.06189434330213,245.4910125732422,52917600,245.53145446777344,243.18452911376954,239.01166076660155,61.434444833193346,2.095620409030772,2.012042219094157,0.08357818993661503,248.41471617802418,237.9543420495149,243.18452911376954,1.967450035771192,-0.0020567364756612916,-0.0020588544627189002,71159040.0
2018-06-19 00:00:00-04:00,243.21862106184778,244.77202466352017,242.80142015383026,244.55010986328125,97531500,245.67612915039064,243.33330154418945,239.28979522705077,57.25289398464514,1.9233933644882484,1.9943124481729755,-0.0709190836847271,248.54107948059925,238.12552360777966,243.33330154418945,2.0190316346026727,-0.003832737907992545,-0.003840101669528797,73134320.0
2018-06-20 00:00:00-04:00,245.2335415022571,245.63299888683773,244.62993988532875,244.96725463867188,53785500,245.65926208496094,243.53651580810546,239.5029263305664,58.59835108529026,1.7998151394277784,1.9554129864239362,-0.15559784699615786,248.6656896718924,238.40734194431852,243.53651580810546,1.95216430524223,0.0017057640073188107,0.0017043108441620668,73175275.0
2018-06-21 00:00:00-04:00,244.95838476265965,244.97615528081644,242.93452320471235,243.43161010742188,71061400,245.49148864746093,243.6298095703125,239.7099118041992,52.097521631104335,1.5599823208399073,1.8763268533071307,-0.3163445324672234,248.6794645244058,238.58015461621918,243.6298095703125,1.9585548603037917,-0.0062687747124205995,-0.006288505984439376,73493635.0
2018-06-22 00:00:00-04:00,244.69208545289305,244.80748545823238,243.65351249404213,243.87542724609375,54898500,245.2956329345703,243.77003707885743,239.88742095947265,53.6963315433226,1.3897057552780723,1.7790026337013192,-0.3892968784232469,248.68153365774316,238.8585404999717,243.77003707885743,1.9169348953399852,0.00182316971274199,0.001821509756123445,72436370.0
2018-06-25 00:00:00-04:00,242.72150867695257,242.88128081499514,238.86907139864692,240.5556182861328,137854200,244.73509826660157,243.7729965209961,240.0123193359375,42.318431416289556,0.9756330218606308,1.6183287113331817,-0.6426956894725508,248.67666452117527,238.8693285208169,243.7729965209961,2.137607820490474,-0.0136127243217945,-0.01370622697371535,76510340.0
2018-06-26 00:00:00-04:00,241.12370974663938,241.9403408769516,240.36919416007444,241.08819580078125,68547400,244.19600830078124,243.94088134765624,240.10934143066407,44.35544801704191,0.682583553578354,1.4311796797822163,-0.7485961262038623,248.1920570633649,239.6897056319476,243.94088134765624,2.097146313089523,0.0022139475205062986,0.002211500349967018,74142280.0
2018-06-27 00:00:00-04:00,241.67403316486272,243.10315106426856,238.94002844283239,239.0909423828125,105110700,243.5358413696289,243.85027999877929,240.11587188720702,38.81893692925143,0.2858826028801502,1.202120264401803,-0.9162376615216528,248.42174150383187,239.2788184937267,243.85027999877929,2.2447160493999982,-0.008284326867745717,-0.00831883260693364,75913895.0
2018-06-28 00:00:00-04:00,239.03770220338833,241.2213357813261,238.3275587424145,240.4579620361328,76650500,242.95050964355468,243.90181503295898,240.14620666503907,43.97368593887559,0.08086909416061872,0.9778700303535662,-0.8970009361929475,248.29232551536614,239.5113045505518,243.90181503295898,2.2910775486508266,0.005717571898359752,0.005701288621873037,75070425.0
2018-06-29 00:00:00-04:00,241.54979912275832,242.91680177360362,240.68876867952034,240.80416870117188,97592500,242.4312301635742,243.85312881469727,240.20997650146484,45.23220871943353,-0.053057984624047094,0.7716844273580437,-0.8247424119820908,248.35690218378437,239.34935544561017,243.85312881469727,2.303060562137968,0.0014397804177805895,0.0014387449277545583,76387130.0
2018-07-02 00:00:00-04:00,239.23296243372596,241.4787384011984,238.99327719000505,241.31893920898438,63554800,242.01402282714844,243.77273864746093,240.3243392944336,47.13376983644611,-0.11631764419252022,0.5940840130479309,-0.7104016572404511,248.39560673283572,239.14987056208614,243.77273864746093,2.316089179927638,0.0021377142704339658,0.0021354326103958337,77295610.0
2018-07-03 00:00:00-04:00,242.2155014070091,242.31315798114133,240.0407531607095,240.46681213378906,42187100,241.6056930541992,243.64091110229492,240.42236419677735,44.38644021678524,-0.2325304473550034,0.4287611209673441,-0.6612915683223475,248.4780189788397,238.80380322575013,243.64091110229492,2.31296886853508,-0.0035311239059333532,-0.003537373039265976,76848215.0
2018-07-05 00:00:00-04:00,241.59419894270374,242.49071624932256,240.52011188401102,242.42857360839844,56925900,241.35182495117186,243.50554351806642,240.6230746459961,51.40851264588104,-0.16443665188833734,0.31012156639620786,-0.4745582182845452,248.31919639625056,238.69189063988227,243.50554351806642,2.292321386177824,0.008158138153043337,0.008125040432648748,76557900.0
2018-07-06 00:00:00-04:00,242.45524880932732,244.8519124147663,242.07353476250805,244.47911071777344,66493700,241.45657501220703,243.474031829834,240.85330810546876,57.455440125661134,0.05436271968829942,0.2589697970546262,-0.20460707736632677,248.25340555423398,238.694658105434,243.474031829834,2.3270396908978555,0.008458314458786864,0.008422743357338993,76234115.0
2018-07-09 00:00:00-04:00,245.48205972164303,246.7336620303323,245.43768761200442,246.68040466308594,50550400,241.73707275390626,243.51635284423827,241.08020080566405,62.806466550230205,0.4007690067924159,0.2873296390021841,0.11343936779023178,248.39257464708115,238.6401310413954,243.51635284423827,2.321861949587928,0.009004016493882272,0.008963722031420497,75154650.0
2018-07-10 00:00:00-04:00,247.13315571604667,247.66575655603182,246.84021306391304,247.56809997558594,51966800,242.43832092285157,243.58670959472656,241.32043029785157,64.73281323161919,0.7384160770957635,0.37754692662090006,0.36086915047486345,248.6505298018149,238.5228893876382,243.58670959472656,2.226396945542068,0.003598564359874601,0.003592105018746916,74808365.0
2018-07-11 00:00:00-04:00,246.0146766095031,246.8047060907769,245.45544712755907,245.7572479248047,77054700,242.9052261352539,243.55061721801758,241.56067413330078,58.119862128485686,0.8500839477600266,0.4720543308487254,0.3780296169113012,248.54122164854564,238.5600127874895,243.55061721801758,2.218272367148125,-0.007314561330639235,-0.007341443904075534,75044650.0
2018-07-12 00:00:00-04:00,247.01780626494482,248.03860894847847,246.41420449771564,247.9853515625,60124700,243.79466705322267,243.66525421142578,241.8371731567383,63.113078069522345,1.1056259149882521,0.5987686476766307,0.5068572673116214,248.94439350631907,238.38611491653248,243.66525421142578,2.2227786997571006,0.0090662784373996,0.009025426466289255,74097355.0
2018-07-13 00:00:00-04:00,247.80777090580222,248.48237331413685,247.35505615464416,248.18057250976562,48216000,244.56692810058593,243.75871887207032,242.1490344238281,63.523435110753695,1.308810313424857,0.7407769808262761,0.5680333325985809,249.28245847855325,238.23497926558738,243.75871887207032,2.1445314468810714,0.0007872277375884362,0.0007869180363592955,72653275.0
2018-07-16 00:00:00-04:00,248.22493207070815,248.36693364721475,247.51478874218458,247.9586181640625,48201000,245.282373046875,243.8568016052246,242.46670837402343,62.669804978785656,1.435379392161849,0.8796974630933907,0.5556819290684583,249.60128603455905,238.11231717589015,243.8568016052246,2.05221812246315,-0.0008943260282566756,-0.000894726176372123,69061245.0
2018-07-17 00:00:00-04:00,247.18638258473862,249.35227253462637,247.13312521623325,248.96170043945312,52315500,246.04664916992186,244.03033599853515,242.7443524169922,64.96141101466935,1.5982035596688604,1.0233986824084846,0.5748048772603758,250.1586729621953,237.901999034875,244.03033599853515,2.0641416364581473,0.004045361612424081,0.004037201137780442,69031140.0
2018-07-18 00:00:00-04:00,249.0416440665278,249.5919883944477,248.59781450024312,249.4854736328125,44593500,246.94851531982422,244.27710418701173,243.01656524658202,66.13058407643464,1.7493416828592103,1.1685872824986299,0.5807544003605805,250.85058181551818,237.70362655850528,244.27710418701173,1.987715369154321,0.002103830398148876,0.002101620446010307,66384240.0
2018-07-19 00:00:00-04:00,248.81975837777637,249.201445348002,248.06524260902577,248.54458618164062,61412100,247.56011657714845,244.45597076416016,243.26996032714842,62.12056289788193,1.772762675774004,1.2894223611537048,0.48334031462029925,251.28456169556782,237.6273798327525,244.45597076416016,1.9471807730566357,-0.003771311561636903,-0.0037784408873346225,66765570.0
2018-07-20 00:00:00-04:00,248.3403841175709,248.97064160173855,248.10072590548324,248.260498046875,82337700,247.9382553100586,244.69741516113282,243.47207641601562,60.919405103151654,1.74824773154333,1.3811874352316298,0.36706029631170023,251.70323382415538,237.69159649811027,244.69741516113282,1.8702332675708264,-0.0011430067302210523,-0.0011436604606066823,67329385.0
2018-07-23 00:00:00-04:00,248.0563777829698,248.92626647417546,247.71017768725454,248.7221221923828,47047600,248.14242706298828,244.93974990844725,243.63888763427735,62.1984745131304,1.7459425334937748,1.4541384548840588,0.291804078609716,252.14746182909974,237.73203798779477,244.93974990844725,1.8235086618101188,0.001859434542102134,0.001857707933706157,66936840.0
2018-07-24 00:00:00-04:00,250.13341674844273,250.8169043704597,249.10372914190762,249.97361755371094,68026900,248.3829788208008,245.41064987182617,243.81605834960936,65.49558171022782,1.8240740734356393,1.528125578594375,0.2959484948412643,252.64169175434398,238.17960798930835,245.41064987182617,1.8428853415434592,0.005031701041695591,0.005019084338629097,63445475.0
2018-07-25 00:00:00-04:00,249.72504243612434,252.42353281795852,249.68067033106541,252.10398864746094,78882900,249.0176528930664,245.96143951416016,244.03353912353515,70.25211494585925,2.034445206812478,1.6293895042379958,0.4050557025744823,253.46463381659845,238.45824521172187,245.96143951416016,1.9071694233541479,0.008522383740325212,0.008486273247949351,63962250.0
2018-07-26 00:00:00-04:00,251.38497342649512,252.19271906525444,251.2873168758302,251.5092315673828,57919500,249.3700408935547,246.58235397338868,244.27235107421876,67.4563064096141,2.128636325357178,1.7292388684618323,0.39939745689534556,253.75665804028017,239.40804990649718,246.58235397338868,1.8356146209305837,-0.002359173622238142,-0.002361960856904658,61602690.0
2018-07-27 00:00:00-04:00,251.83772754225907,251.93538411873658,248.88183498872385,249.8050079345703,76768700,249.53248443603516,247.04970626831056,244.45693084716797,60.07832607708876,2.0422253583475083,1.7918361664389675,0.2503891919085408,253.77075012804102,240.3286624085801,247.04970626831056,1.9226099430078796,-0.0067759883889427774,-0.00679904963244946,61608600.0
2018-07-30 00:00:00-04:00,249.88486779932234,250.04463990131578,247.97637947622283,248.5001220703125,63742500,249.58663482666014,247.43450393676758,244.61947692871092,55.10825897117402,1.8471577755547628,1.8029004882621267,0.044257287292636116,253.53364706355617,241.335360809979,247.43450393676758,1.9330135488710984,-0.005223617713058792,-0.005237308501841277,59916100.0
2018-07-31 00:00:00-04:00,249.2635094920372,250.33756924478948,248.88182264202132,249.72508239746094,68570500,249.66297302246093,247.8548110961914,244.81854064941408,58.57293605773878,1.7709944501699226,1.796519280643686,-0.025524830473763416,253.3377152533857,242.3719069389971,247.8548110961914,1.9261873792715183,0.004929415394016701,0.004917305605766272,60166885.0
2018-08-01 00:00:00-04:00,249.92924867985008,250.43522077645216,248.659902898579,249.30787658691406,53853300,249.64521331787108,248.29686431884767,244.9732049560547,56.96049778027671,1.657858681005223,1.7687871607159935,-0.11092847971077058,252.63118870918927,243.96253992850606,248.29686431884767,1.915410986314493,-0.0016706604180145579,-0.0016720575274111282,60750195.0
2018-08-02 00:00:00-04:00,248.00306905621076,250.8346764359806,247.79889772747592,250.66604614257812,63426400,249.85735931396485,248.70873794555663,245.1684664916992,60.748662788386035,1.6586705793364729,1.7467638444400895,-0.08809326510361659,252.22200504521004,245.19547084590323,248.70873794555663,1.9954372521852215,0.005447760312500938,0.005432974940092428,61075220.0
2018-08-03 00:00:00-04:00,250.79031061862074,251.79336968061608,250.61276797272257,251.7401123046875,53935400,250.2053207397461,249.07178802490233,245.37195404052736,63.4857331396755,1.726084944757588,1.7426280645035892,-0.01654311974600131,252.24601565960248,245.8975603902022,249.07178802490233,1.9372347133072425,0.004284849019792869,0.004275695193425362,60447305.0
2018-08-06 00:00:00-04:00,251.77565566455615,252.97397385214276,251.38508346931644,252.66331481933594,39400900,250.5994400024414,249.37093353271484,245.60380279541016,65.69974278133876,1.8328777684668012,1.7606780052962319,0.07219976317056931,252.71066990014106,246.03119716528863,249.37093353271484,1.9123529754157482,0.0036672841137492806,0.003660576022678741,59889830.0
2018-08-07 00:00:00-04:00,253.32901985532757,253.8793641115752,253.19584933141965,253.49765014648438,43196600,250.95184326171875,249.66741104125975,245.86382720947265,67.61109832723076,1.9622165280289607,1.8009857098427777,0.161230818186183,253.3495516668671,245.98527041565242,249.66741104125975,1.8626169980459992,0.003302162515143925,0.003296722349423436,59451320.0
2018-08-08 00:00:00-04:00,253.32902825337575,253.7906012053874,252.92957084681646,253.39114379882812,42114600,251.08055877685547,250.04910583496093,246.17704010009766,67.09709331553807,2.032692639234398,1.8473270957211019,0.18536554351329593,253.6115148422332,246.48669682768866,250.04910583496093,1.7910750952263512,-0.0004201472778729842,-0.00042023556447031796,57704315.0
2018-08-09 00:00:00-04:00,253.45335963961256,253.84393189997337,252.9119004677377,253.0450439453125,35717000,251.23414001464843,250.30209045410157,246.41988159179687,65.35825025579652,2.037135272072362,1.885288730991354,0.15184654108100815,253.95969428144525,246.6444866267579,250.30209045410157,1.72971483358416,-0.0013658719414061382,-0.001366805594750408,56483930.0
2018-08-10 00:00:00-04:00,251.6069312347668,252.14839017212856,250.6393591752967,251.34950256347656,77076000,251.38858947753906,250.4605369567871,246.65832641601563,57.496969670858356,1.8821438881713277,1.884659762427349,-0.0025158742560211778,254.00974691517104,246.91132699840318,250.4605369567871,1.7779984004721339,-0.006700551630651086,-0.006723101112487157,57926930.0
2018-08-13 00:00:00-04:00,251.62465763749628,252.2371444168388,250.11562674275706,250.4085693359375,65732900,251.57943420410157,250.58303451538086,246.83093994140626,53.64107263049527,1.6642027585514825,1.8405683616521757,-0.17636560310069327,253.9424227511898,247.2236462795719,250.58303451538086,1.802535491444248,-0.0037435253220818865,-0.0037505498494777986,58803525.0
2018-08-14 00:00:00-04:00,251.13653533173775,252.2461092546333,250.74596314374196,252.0064239501953,43842000,251.807568359375,250.73527069091796,247.01253356933594,58.70555689041919,1.6019500734220173,1.7928447040061442,-0.1908946305841268,254.0627695362669,247.40777184556902,250.73527069091796,1.8050358076765014,0.0063809901493994126,0.006360717824391755,58379850.0
2018-08-15 00:00:00-04:00,250.65720419863487,250.79923291848888,248.686599730624,250.12460327148438,102925400,251.88924102783204,250.76722717285156,247.15295837402343,51.5613823294254,1.3848040115752838,1.7112365655199722,-0.3264325539446884,254.05817659528122,247.4762777504219,250.76722717285156,1.9132349799547015,-0.007467352019101092,-0.007495372270728037,61296445.0
2018-08-16 00:00:00-04:00,251.5625792532371,253.018353155352,251.52706530486208,252.1484375,69967900,252.03748016357423,250.94741973876953,247.29320861816407,57.545232319799226,1.3603395538666803,1.641057163189314,-0.2807176093226338,254.12452415256269,247.77031532497637,250.94741973876953,1.9832717588056248,0.008091304102215702,0.008058745013588537,61724235.0
2018-08-17 00:00:00-04:00,251.9442870366462,253.4799471329589,251.53597140871622,253.03611755371094,65618500,252.16708068847657,251.18620071411132,247.45174407958984,59.885963448041345,1.3964818826945304,1.5921421070903574,-0.19566022439582698,254.23489701190113,248.13750441632152,251.18620071411132,1.9804648991939857,0.003520466208365658,0.0035142838727571365,60888275.0
2018-08-20 00:00:00-04:00,253.48877385282518,253.84383201638548,253.03605911799497,253.57754516601562,39807500,252.25850372314454,251.42897186279296,247.60661529541017,61.287937559749956,1.4520750053196707,1.56412868673622,-0.11205368141654937,254.42699902392923,248.4309447016567,251.42897186279296,1.8967011848508804,0.0021397246272154558,0.0021374386767641666,60526270.0
2018-08-21 00:00:00-04:00,254.09241617817474,255.03333265260636,253.6130726814549,254.17230224609375,67272000,252.32596893310546,251.6389060974121,247.76684204101562,62.82495581301922,1.5265280165527884,1.556608552699534,-0.03008053614674555,254.7842897644464,248.4935224303778,251.6389060974121,1.86520734926087,0.002345464302403899,0.0023427179944135916,60488525.0
2018-08-22 00:00:00-04:00,253.76391839237363,254.5450625208637,253.49760448173464,254.02134704589844,44993300,252.3889892578125,251.734774017334,247.9176870727539,62.15047391056394,1.5554218069158026,1.556371203542788,-0.0009493966269853438,255.04364397541616,248.42590405925182,251.734774017334,1.8067966842514547,-0.0005939089305221357,-0.000594085364291532,58794045.0
2018-08-23 00:00:00-04:00,253.84382361860813,254.70485385858763,253.36448021459879,253.68405151367188,49204900,252.45289001464843,251.84351501464843,248.07751586914063,60.58533525244303,1.5334270212172783,1.551782367077686,-0.018355345860407768,255.25688353470466,248.4301464945922,251.84351501464843,1.7734807528041252,-0.0013278235713222175,-0.0013287059101872126,58358315.0
2018-08-24 00:00:00-04:00,254.261013918595,255.35284410240035,254.20775655247763,255.2108154296875,57487400,252.83902130126953,252.1138053894043,248.2555065917969,64.89482187358249,1.6205128203525305,1.5655284577326551,0.05498436261987538,255.69088482672288,248.5367259520857,252.1138053894043,1.7660030267987221,0.006018367756687182,0.00600032971831095,57394250.0
2018-08-27 00:00:00-04:00,256.40917185937667,257.33234482639574,256.24939973697053,257.225830078125,57072400,253.52074737548827,252.55009078979492,248.48008392333983,69.61650118679563,1.8310169617685972,1.6186261585398438,0.21239080322875337,256.3774835519757,248.72269802761417,252.55009078979492,1.791397767506545,0.007895490812350303,0.007864484524407623,57060745.0
2018-08-28 00:00:00-04:00,257.68741586376615,257.7939577065519,256.8885281227042,257.3501281738281,46943500,254.05511779785155,252.93134307861328,248.71726623535156,69.88557463093265,1.9849910863327977,1.6918991440984348,0.29309194223436297,257.06407334072196,248.79861281650457,252.93134307861328,1.7281143258166278,0.00048322555967783565,0.00048310884380562075,55979395.0
2018-08-29 00:00:00-04:00,257.5631772420402,258.9656667527116,257.32351902828185,258.7348937988281,61485500,254.91614685058593,253.40269393920897,249.0009619140625,72.77792416956966,2.193470737073028,1.7922134626933535,0.4012572743796745,257.9083693817304,248.89701849668756,253.40269393920897,1.7219738542889955,0.005380862387077023,0.005366437270304553,56361005.0
2018-08-30 00:00:00-04:00,258.2555538204787,258.62835549143284,257.0927225076336,257.68743896484375,61229500,255.4700469970703,253.75376358032227,249.25536560058595,67.49706260026547,2.2482550266847454,1.883421775491632,0.3648332511931134,258.44226775287825,249.0652594077663,253.75376358032227,1.7162736712108193,-0.0040483709738772244,-0.004056587811684508,56251160.0
2018-08-31 00:00:00-04:00,257.27908823769684,258.1401185744521,256.790886610231,257.6962890625,66140800,255.93606414794922,254.05157241821288,249.5406591796875,67.518508216345,2.266262041701424,1.9599898287335904,0.30627221296783347,258.94289678937486,249.16024804705089,254.05157241821288,1.6900564064258419,3.434431143323202e-05,3.4343721680871163e-05,56861430.0
2018-09-04 00:00:00-04:00,257.27903957078377,257.60746901323,256.24935204712614,257.2524108886719,57594400,256.30355072021484,254.2810272216797,249.80819885253905,65.19507023689863,2.2191346687543785,2.011818796737748,0.20731587201663038,259.31869311246817,249.24336133089122,254.2810272216797,1.672690735636415,-0.0017224857037831942,-0.0017239708880004802,57771105.0
2018-09-05 00:00:00-04:00,256.8973427625893,257.1015140436307,255.54811110611712,256.5600280761719,72452400,256.54232330322264,254.43414611816405,250.12828704833984,61.63233120169795,2.1016894123856105,2.0297929198673206,0.07189649251828989,259.5527718216062,249.3155204147219,254.43414611816405,1.6749485247020106,-0.0026914531533763775,-0.002695081625452203,59233895.0
2018-09-06 00:00:00-04:00,256.66653905478404,256.96833979896434,254.75807803438673,255.7877655029297,65909900,256.7189651489258,254.55397720336913,250.4222784423828,57.835944203923155,1.9241180300444682,2.00865794190275,-0.08453991185828169,259.68152802770504,249.42642637903324,254.55397720336913,1.7131851846931248,-0.0030100658276077663,-0.0030146051872204766,60423660.0
2018-09-07 00:00:00-04:00,254.74045760923735,256.2672325805828,254.50077227813136,255.29080200195312,73524800,256.87964019775393,254.66626510620117,250.74627563476562,55.4681196741196,1.7234240691005027,1.9516111673423007,-0.22818709824179795,259.7549338323972,249.5775963800051,254.66626510620117,1.7169905502472897,-0.0019428743982318197,-0.0019447642268920111,62314050.0
2018-09-10 00:00:00-04:00,256.3027222309289,256.56903625847275,255.53934828156608,255.73463439941406,50210900,256.93202209472656,254.88552169799806,251.05180908203124,57.155174714045216,1.581950483895099,1.8776790306528606,-0.2957285467577615,259.75690296301445,250.0141404329817,254.88552169799806,1.6856508149810279,0.0017385365786015683,0.0017370270731843524,60970795.0
2018-09-11 00:00:00-04:00,255.08652888454353,257.02161874815994,254.7403560065421,256.5777893066406,50530500,256.8672180175781,255.1939826965332,251.36728149414063,60.23701582167068,1.5203416506622602,1.8062115546547406,-0.28586990399248036,259.6564815615307,250.7314838315357,255.1939826965332,1.7281945240265144,0.0032969914661997723,0.0032915683066402483,60210675.0
2018-09-12 00:00:00-04:00,256.5866962429352,257.2435552033378,255.84995122701346,256.63995361328125,59810800,256.79620056152345,255.4256591796875,251.67370178222657,60.46282206223531,1.4597057670277138,1.7369103971293354,-0.27720463010162155,259.6783360278459,251.17298233152908,255.4256591796875,1.704295199190644,0.00024228249377555855,0.00024225314811202818,61009115.0
2018-09-13 00:00:00-04:00,257.7051188124591,258.3442342555749,257.4210614845859,258.1578063964844,51034200,256.7384918212891,255.8273193359375,252.02752166748047,65.59962996141881,1.5166464703384008,1.6928576117711485,-0.17621114143274763,259.47596617892725,252.17867249294773,255.8273193359375,1.7042941594122887,0.005914327686835197,0.005896906706019988,58414555.0
2018-09-14 00:00:00-04:00,258.3620120999993,258.548412894725,257.4210957791152,258.2022399902344,55079900,256.78997192382815,256.13000946044923,252.34299499511718,65.73995721663356,1.5475189722019422,1.6637898838573073,-0.11627091165536507,259.5015601198988,252.75845880099968,256.13000946044923,1.6630815134263965,0.00017211795517724227,0.00017210314458141702,57670155.0
2018-09-17 00:00:00-04:00,258.1489192375227,258.1844060826232,256.56000252044703,256.8351745605469,68244000,256.7038604736328,256.319962310791,252.59011627197265,57.91261000790944,1.4450176334339062,1.620035433772627,-0.17501780033872083,259.38721574756244,253.2527088740196,256.319962310791,1.6615926531664644,-0.005294552943224673,-0.005308618758763141,57801430.0
2018-09-18 00:00:00-04:00,257.04837133519743,258.82368995702524,257.0217426394385,258.2289733886719,61930400,256.8015167236328,256.55253372192385,252.8210876464844,62.77862132302532,1.459429110620647,1.5879141691422312,-0.1284850585215842,259.4536335306488,253.6514339131989,256.55253372192385,1.6849442776887429,0.005426822204200876,0.005412150062715328,58907575.0
2018-09-19 00:00:00-04:00,258.2821745760306,258.9212902243807,258.1578892967261,258.50408935546875,49080600,256.9959228515625,256.7691230773926,253.03980743408204,63.67145288462054,1.4760350560741813,1.5655383465286214,-0.08950329045444017,259.572219545057,253.96602660972817,256.7691230773926,1.6191197526863021,0.0010653954247914488,0.0010648282938625876,57998005.0
2018-09-20 00:00:00-04:00,259.7645329642432,260.9184787850341,258.52178873975845,260.5989074707031,100360600,257.47703704833987,257.09800109863284,253.336640625,69.64258953036534,1.639332497675241,1.5802971767579455,0.059035320917295575,260.0725770132149,254.12342518405075,257.09800109863284,1.6759247296062338,0.008103616931002477,0.008070958940583869,60766370.0
2018-09-21 00:00:00-04:00,261.3416596599288,261.45758204644017,260.200313965692,260.3608093261719,105479700,257.9840377807617,257.4318389892578,253.58414978027344,68.26909324741075,1.7295966526687607,1.6101570719401086,0.11943958072865213,260.29548772381884,254.5681902546968,257.4318389892578,1.6460206832592308,-0.0009136574932034902,-0.0009140751326165644,63580110.0
2018-09-24 00:00:00-04:00,259.7813150054989,259.9239866684046,258.9163867572712,259.4959716796875,53409600,258.36017150878905,257.64609680175784,253.81045776367188,63.37958453990628,1.7116160313325395,1.6304488638185948,0.0811671675139447,260.4536576748986,254.83853592861706,257.64609680175784,1.6316208179479055,-0.003321689038848108,-0.003327218095149195,63376220.0
2018-09-25 00:00:00-04:00,259.9507564276149,260.0577533802823,259.0145058799359,259.2552490234375,44370000,258.62791748046874,257.74756774902346,254.0363903808594,62.04749803862277,1.6588201072077595,1.6361231124964277,0.022696994711331797,260.63266081416776,254.86247468387916,257.74756774902346,1.5895941524049415,-0.0009276546941821007,-0.000928085232078847,62741100.0
2018-09-26 00:00:00-04:00,259.39779647019435,260.58371507676577,258.0602807787188,258.4793701171875,79739700,258.8118591308594,257.8040298461914,254.22674377441408,57.82870548068261,1.5366583723412646,1.6162301644653954,-0.07957179212413079,260.69997967636823,254.90808001601454,257.8040298461914,1.6562970199508023,-0.002992722072831966,-0.0029972092202943485,64380910.0
2018-09-27 00:00:00-04:00,258.95193064011346,260.28944619075577,258.67551293659324,259.20159912109375,59249500,258.91623840332034,257.8273651123047,254.4210662841797,60.519683709951025,1.4810495447962921,1.5891940405315748,-0.10814449573528262,260.7602281701868,254.8945020544226,257.8273651123047,1.6672812380663355,0.0027941456356026517,0.0027902492670128843,64269110.0
2018-09-28 00:00:00-04:00,258.57752029215237,259.7277917564604,258.5418727887045,259.22845458984375,70091400,259.01885986328125,257.9044158935547,254.63474365234376,60.620309209329385,1.4227456341722018,1.5559043592597004,-0.1331587250874986,260.89884954688387,254.90998224022556,257.9044158935547,1.632898218758449,0.00010360842232870482,0.00010360305534682257,64712205.0
2018-10-01 00:00:00-04:00,260.46784283610697,261.1990247523705,259.4602703458394,260.1290283203125,62078900,259.34824523925784,258.0260528564453,254.8721142578125,63.939487216756646,1.4326929461232112,1.5312620766324025,-0.09856913050919136,261.1706621223989,254.88144359049167,258.0260528564453,1.6570176433133292,0.0034740543120301837,0.003468033725216412,64509110.0
2018-10-02 00:00:00-04:00,259.97747802734375,260.69080911051776,259.6029887328202,259.97747802734375,47258200,259.523095703125,258.1623062133789,255.09722137451172,62.97750753314648,1.4120699569463682,1.5074236526951956,-0.09535369574882746,261.3959133612993,254.9286990654585,258.1623062133789,1.6163606957693444,-0.000582596621174214,-0.0005827663965292837,63992300.0
2018-10-03 00:00:00-04:00,261.0295876624094,261.448677055501,259.7634212147403,260.1200866699219,64694600,259.6846954345703,258.3403091430664,255.30015075683593,63.53349454663758,1.391196567034001,1.4841782355629567,-0.09298166852895573,261.59339949419143,255.0872187919414,258.3403091430664,1.6212817775544415,0.0005485422955104902,0.0005483919011814285,63604410.0
2018-10-04 00:00:00-04:00,259.63860706605675,259.69210553069195,256.4999125561794,258.08709716796875,111545900,259.4335144042969,258.45527572631835,255.41981292724608,51.629986296070065,1.1968128788610102,1.4267051642225674,-0.22989228536155726,261.4949229139752,255.41562853866148,258.45527572631835,1.7640598015678708,-0.007815580595791793,-0.007846282318297529,65886210.0
2018-10-05 00:00:00-04:00,258.30997967842393,258.82714050010605,255.2158585929535,256.6425476074219,105951700,259.0616882324219,258.5228630065918,255.52247924804686,45.15602716832713,0.9156443504896856,1.3244930014759912,-0.40884865098630563,261.32921307737405,255.71651293580962,258.5228630065918,1.8960042376810617,-0.0055971397888470165,-0.005612862471235502,67507555.0
2018-10-08 00:00:00-04:00,255.95593872277664,256.9992130580816,254.5738498970342,256.6425476074219,87742200,258.77634582519534,258.56825866699216,255.65923004150392,45.15602716832713,0.6849209239824177,1.1965785859772764,-0.5116576619948587,261.21771731032686,255.91880002365747,258.56825866699216,1.9338155893500848,0.0,0.0,69384120.0
2018-10-09 00:00:00-04:00,256.2591681367459,257.56990772534647,255.7063053186593,256.26806640625,74339000,258.4776275634766,258.55277252197266,255.81458892822266,43.515516614465554,0.4664761957253063,1.0505581079268824,-0.5840819122015761,261.2517454844839,255.85379955946144,258.55277252197266,1.928800362017019,-0.0014591547842047747,-0.0014602203872595822,70574545.0
2018-10-10 00:00:00-04:00,255.75973706603548,255.83108647445613,247.77924314698828,248.1537322998047,214731000,257.44506378173827,258.12846145629885,255.78316192626954,23.550467480311085,-0.35728323457124134,0.7689898394272577,-1.1262730739984992,263.36874081941653,252.88818209318117,258.12846145629885,2.397373426105926,-0.031663461703347884,-0.03217558859692195,78320555.0
2018-10-11 00:00:00-04:00,247.06586985379727,248.68872864724938,241.07379887259498,242.68775939941406,274840500,255.7936798095703,257.35495910644534,255.65075958251953,17.66948990394623,-1.4346392220475934,0.32826402713228753,-1.7629032491798808,265.8843311841187,248.82558702877193,257.35495910644534,2.770056022430817,-0.022026559301501658,-0.022272766066072622,89510870.0
2018-10-12 00:00:00-04:00,246.78956549462055,247.07490881808016,242.86619003848062,246.05841064453125,183186500,254.47667541503907,256.74776763916014,255.55860687255858,29.380761428004377,-1.993488523484956,-0.13608648299116122,-1.8574020404937948,266.57905883507567,246.91647644324462,256.74776763916014,2.88556269359048,0.01388883911351213,0.01379327303881233,95916200.0
2018-10-15 00:00:00-04:00,245.70163179290182,247.03024927204768,244.58703533727837,244.67620849609375,102263700,252.9313934326172,256.1398193359375,255.41732879638673,27.64420170142631,-2.518876739888327,-0.6126445343705944,-1.9062322055177328,267.28965619825294,244.989982473622,256.1398193359375,2.8539663536746827,-0.005617374121928753,-0.005633210903204627,97617185.0
2018-10-16 00:00:00-04:00,246.6378981861361,250.4007767416327,246.16531039841902,250.02626037597656,118255800,251.93627166748047,255.72968368530275,255.36458770751952,41.947038175367005,-2.4750157709842426,-0.985118781693324,-1.4898969892909186,267.14231812038105,244.31704925022447,255.72968368530275,3.0590093459507024,0.021865844304058024,0.021630215360891925,100433455.0
2018-10-17 00:00:00-04:00,250.06196685381698,250.69505007361667,247.49393205394864,250.07089233398438,110626000,250.9313522338867,255.30802383422852,255.29605255126953,42.04995236553017,-2.408886071962087,-1.2698722397470767,-1.13901383221501,266.90120955583774,243.7148381126193,255.30802383422852,3.0691599655019397,0.00017850908116900932,0.00017849315031881883,103510725.0
2018-10-18 00:00:00-04:00,249.13459571750118,249.73203139427414,245.18447238743,246.45956420898438,134557500,249.7685989379883,254.60105667114257,255.15742095947266,36.423459580827625,-2.617706516352598,-1.539439095068181,-1.078267421284417,266.53684749177813,242.665265850507,254.60105667114257,3.198964249862829,-0.014441217413567853,-0.014546506693385055,105220570.0
2018-10-19 00:00:00-04:00,247.11056242456397,249.04548714557046,245.63037467389387,246.3258819580078,139901600,248.73693237304687,253.89931030273436,255.02303771972657,36.23020290400639,-2.76214497552445,-1.783980271159435,-0.9781647043650148,266.0464936729164,241.75212693255227,253.89931030273436,3.214403408563812,-0.0005424104818395614,-0.0005425576396206541,106941665.0
2018-10-22 00:00:00-04:00,246.99464419352634,247.31563500155545,244.6852029518663,245.22021484375,82415800,247.59469909667968,253.1855224609375,254.90045196533202,34.595250480911844,-2.9320329401095364,-2.0135908049494553,-0.9184421351600811,265.60795810697795,240.76308681489706,253.1855224609375,3.172691168644193,-0.0044886355646797105,-0.004498739736596581,108391975.0
2018-10-23 00:00:00-04:00,241.60000952677385,245.0953697990402,239.51346040293703,243.9718475341797,146352700,246.36507720947264,252.4213523864746,254.77171752929686,32.79573966417664,-3.1313074220708472,-2.237134128373734,-0.8941732936971132,265.13320232232917,239.70950245062002,252.4213523864746,3.3536956880848203,-0.005090800978074905,-0.005103803252138668,113491110.0
2018-10-24 00:00:00-04:00,243.72213512158604,244.1055770269243,236.02698317460644,236.57981872558594,177806700,245.2076858520508,251.32637481689454,254.4631854248047,24.626994579578323,-3.8414272496825674,-2.557992752635501,-1.2834344970470664,265.4559943185244,237.1967553152647,251.32637481689454,3.6911884141014655,-0.030298695867186698,-0.030767188789779885,118394460.0
2018-10-25 00:00:00-04:00,238.4167363242791,242.36686115191208,237.39131263295704,240.82424926757812,138061500,245.02133483886718,250.40750732421876,254.27717834472656,34.686594439064834,-4.0154249374851645,-2.849479189605434,-1.1659457478797304,264.75755868394856,236.05745596448895,250.40750732421876,3.8408922721175136,0.01794079716882102,0.017781760414434807,122335060.0
2018-10-26 00:00:00-04:00,237.11488929847306,241.64459895888504,233.87809566701173,236.58877563476562,201574600,244.07437133789062,249.27552337646483,253.9659851074219,30.335633563957032,-4.443860624421177,-3.168355476568583,-1.275505147852594,264.22303388368385,234.3280128692458,249.27552337646483,4.1212930592429275,-0.017587405112624244,-0.01774390114276078,128909220.0
2018-10-29 00:00:00-04:00,239.68285758734302,240.9758006122715,231.70236173875418,235.27796936035156,160749100,243.1345474243164,248.0329704284668,253.61082214355469,29.118296912015552,-4.833453066282402,-3.501374994511347,-1.3320780717710554,263.29334096206406,232.77259989486953,248.0329704284668,4.489303474548242,-0.005540441514594985,-0.00555584668800747,133842730.0
2018-10-30 00:00:00-04:00,235.10848928879474,239.0764356577013,234.61805060601563,238.76434326171875,157116000,242.00835571289062,246.97231369018556,253.31455810546876,36.425643930868624,-4.805491926705258,-3.7621983809501294,-1.043293545755129,261.7041219808248,232.2405053995463,246.97231369018556,4.487095015772344,0.01481810605066669,0.014709390573049505,139335620.0
2018-10-31 00:00:00-04:00,241.33241420076962,243.63295647681852,240.8598264017095,241.31459045410156,128296300,241.13272552490236,246.03203887939452,253.0574038696289,41.20082475892978,-4.5253830877387315,-3.9148353223078503,-0.6105477654308813,259.64522690464423,232.4188508541448,246.03203887939452,4.514346315724303,0.010681021954720427,0.01062438279219862,142515705.0
2018-11-01 00:00:00-04:00,242.17961366233064,244.07889108510727,241.09176602736096,243.88272094726562,99495000,240.87504119873046,245.3218200683594,252.85463134765624,45.629658770939656,-4.049488167865974,-3.941765891419475,-0.1077222764464989,257.7781547065705,232.86548543014825,245.3218200683594,4.40525908301159,0.010642251213784482,0.010586021050209745,141913160.0
2018-11-02 00:00:00-04:00,244.98832474567004,245.4163396224673,240.38726686446276,242.43814086914062,122634100,240.48626708984375,244.61159973144532,252.62971313476564,43.638538106169214,-3.7457251665868228,-3.9025577464529446,0.15683257986612187,255.97707234164926,233.2461271212414,244.61159973144532,4.449817202653942,-0.005923257180804331,-0.005940869250268286,142747280.0
2018-11-05 00:00:00-05:00,242.92857618600445,244.32851613775983,241.956651152827,243.7756805419922,65622500,240.34181365966796,243.96825637817383,252.4010104370117,45.988632292442354,-3.358349563002946,-3.7937161097629453,0.4353665467599992,253.90351761237733,234.03299514397034,243.96825637817383,4.301392044245292,0.005517034852917435,0.005501871760773171,141641295.0
2018-11-06 00:00:00-05:00,243.71318368453908,245.47868687033352,243.6507597587035,245.3181915283203,60085900,240.47644805908203,243.42076263427734,252.1628576660156,48.647931695026735,-2.893529059143191,-3.613678699638995,0.7201496404958041,251.6437680355896,235.19775723296507,243.42076263427734,4.124715977629916,0.006327583550986837,0.006307648444032411,140928640.0
2018-11-07 00:00:00-05:00,247.49390862324185,250.65045336689656,247.0658937931748,250.57020568847656,102752100,241.8754867553711,243.54158630371094,252.0272592163086,56.501065328615404,-2.077414668025284,-3.306425893316253,1.2290112252909688,252.1032526847209,234.979919922701,243.54158630371094,4.210969253411796,0.021408987761716514,0.021183034646104985,135329695.0
2018-11-08 00:00:00-05:00,249.76771131269436,250.75748724948596,248.97413267896457,250.115478515625,65584900,242.8046096801758,243.9129722595215,251.85487091064454,55.706732638702505,-1.4506090971145227,-2.9352625340759073,1.4846534369613846,252.9267300104984,234.8992145085446,243.9129722595215,4.03756820463391,-0.0018147695237833439,-0.0018164182129580958,124866915.0
2018-11-09 00:00:00-05:00,248.80469199431192,248.99193658998522,246.26340649142955,247.67227172851562,98812600,243.91295928955077,243.9936653137207,251.65456756591797,51.516071548620225,-1.1378906402773339,-2.575788155316193,1.437897515038859,253.1111029276588,234.8762276997826,243.9936653137207,4.024318477459735,-0.009768315026359886,-0.009816338007233916,120648220.0
2018-11-12 00:00:00-05:00,247.16407054496352,247.40481365630885,242.52733699522076,243.04452514648438,99673600,244.68961486816406,243.91208114624024,251.36153228759767,44.662568991701065,-1.2490808571022,-2.3104466956733947,1.0613658385711946,253.03282920277437,234.79133308970611,243.91208114624024,4.104362495733673,-0.018684960370145665,-0.018861729656772495,120518715.0
2018-11-13 00:00:00-05:00,243.50813288464084,245.50548118361553,241.86745003736456,242.58970642089844,98176600,245.07215118408203,243.54025344848634,251.06827819824218,44.042422217406546,-1.3582429953211204,-2.12000595560294,0.7617629602818194,252.22979424277918,234.8507126541935,243.54025344848634,4.071053113627765,-0.0018713391108555744,-0.001873092253380348,119514755.0
2018-11-14 00:00:00-05:00,244.4623252215636,244.8635637999173,239.37085392940523,240.93128967285156,125335900,245.03382110595703,243.0832733154297,250.75570343017577,41.76520018147714,-1.560585687555374,-2.0081219019934267,0.4475362144380526,251.29937247461734,234.86717415624204,243.0832733154297,4.172600024833787,-0.006836303042345393,-0.006859777609330279,120250250.0
2018-11-15 00:00:00-05:00,239.6649613893908,243.9093529433486,238.0867027743603,243.44566345214844,135101400,244.9901153564453,242.93257827758788,250.50886138916016,46.29875992958194,-1.500755008905486,-1.9066485233758388,0.4058935144703528,251.00474321015344,234.86041334502232,242.93257827758788,4.290460749416252,0.010436061595449075,0.010381981832388294,120277445.0
2018-11-16 00:00:00-05:00,242.34892538585214,244.9882819690097,241.83173743188132,244.0787811279297,126668000,245.15417938232423,242.820223236084,250.2846209716797,47.40897639367985,-1.386271386152771,-1.8025730959312254,0.4163017097784545,250.76183555969007,234.8786109124779,242.820223236084,4.209466734252833,0.002600652921080693,0.0025972770749421127,119615765.0
2018-11-19 00:00:00-05:00,243.47251856087186,243.76678736008276,239.03198224402044,239.95040893554688,103061700,244.7716522216797,242.55673294067384,249.96893646240235,41.3987640834021,-1.6101071114664478,-1.76407989903827,0.1539727875718222,250.51202505573096,234.60144082561672,242.55673294067384,4.2692761735140055,-0.016914097052209587,-0.01705877409993295,120648060.0
2018-11-20 00:00:00-05:00,236.6154672493297,238.0778310334612,234.6448681024103,235.50979614257812,136021300,243.79081268310546,242.13363037109374,249.5475765991211,36.09775899385195,-2.121365100692998,-1.8355369393692156,-0.2858281613237823,250.62491786375756,233.64234287842993,242.13363037109374,4.34329507777276,-0.018506377266318985,-0.01867976275623477,120131490.0
2018-11-21 00:00:00-05:00,237.061353202817,238.2116247297562,236.30344914168026,236.31234741210938,75563700,242.36502685546876,242.12025680541993,249.14102447509765,37.651614464742586,-2.433727069603691,-1.9551749654161106,-0.47855210418758043,250.64725804694618,233.59325556389368,242.12025680541993,4.226047471301712,0.0034077192655093125,0.003401926147362657,115019340.0
2018-11-23 00:00:00-05:00,234.67160011270744,236.13396378953615,234.5735286819056,234.73402404785156,42807900,240.8268814086914,241.81574554443358,248.672548828125,35.80754627201098,-2.77662646382376,-2.1194652650976407,-0.6571611987261194,250.921469101784,232.71002198708317,241.81574554443358,4.048388275509002,-0.006678971207142781,-0.006701375348802308,110256660.0
2018-11-26 00:00:00-05:00,236.98999557113535,238.7466009692611,236.59765537578926,238.523681640625,79981400,239.91202239990236,241.91249084472656,248.2789776611328,43.02326509729828,-2.7113285007399384,-2.2378379122261003,-0.4734905885138381,250.83325633611847,232.99172535333466,241.91249084472656,4.045830321644755,0.016144475042105144,0.016015538891442287,104177000.0
2018-11-27 00:00:00-05:00,237.48933403239405,239.32618713378906,236.88299998591717,239.32618713378906,75502400,239.54018859863282,242.11490173339843,247.92879791259764,44.44734120376656,-2.565253265242461,-2.303320982829373,-0.2619322824130883,250.59727136650875,233.6325321002881,242.11490173339843,3.9313558092324077,0.003364468834474721,0.003358821672128487,99914665.0
2018-11-28 00:00:00-05:00,240.396225565942,244.83676147460938,239.26377788494935,244.83676147460938,127629600,239.7648941040039,242.41852264404298,247.6609536743164,53.1133374599705,-1.9819832243144049,-2.2390534311263792,0.25707020681197434,250.83388405273638,234.00316123534958,242.41852264404298,4.0486149364058095,0.02302537138461891,0.022764287624432472,98440345.0
2018-11-29 00:00:00-05:00,244.06095703708348,245.70163980786214,242.91961131776668,244.30172729492188,82346400,240.10193786621093,242.567879486084,247.37690643310546,52.26090511681066,-1.545099357872175,-2.1002626164755385,0.5551632586033635,251.005570904315,234.130188067853,242.567879486084,3.95814447595507,-0.0021852689786659996,-0.002187660163143188,96142850.0
2018-11-30 00:00:00-05:00,244.1501041474499,246.3525476690746,243.82911345368706,245.79078674316406,98204200,240.3364501953125,242.6632827758789,247.0807440185547,54.451902034513054,-1.0664180893425907,-1.8934937110489491,0.8270756217063584,251.20084062004102,234.1257249317168,242.6632827758789,3.8556651716288175,0.006095165452696838,0.006076665068955358,96078310.0
2018-12-03 00:00:00-05:00,249.91935540908307,250.0263523495367,247.44941866082354,249.04550170898438,103176300,240.83312225341797,242.9936508178711,246.85443786621093,58.892802719656935,-0.4195946128583614,-1.5987138914108316,1.1791192785524702,251.97082897674258,234.01647265899962,242.9936508178711,3.8828009169676614,0.01324181027672644,0.013154903865169617,95105420.0
2018-12-04 00:00:00-05:00,248.21618372563074,248.64419858808955,240.6636765731652,240.97576904296875,177986000,240.93565826416017,242.85365524291993,246.48403381347657,46.72791536977522,-0.5517817358322645,-1.3893274602951182,0.8375457244628537,251.8649474879706,233.84236299786926,242.85365524291993,4.2041597897427705,-0.03240264373634538,-0.032939232511619426,100723595.0
2018-12-06 00:00:00-05:00,237.1148392029293,240.7261213773136,234.01179240772498,240.61019897460938,204185400,241.4456985473633,242.61825561523438,246.1111328125,46.26172440592396,-0.6782213192754227,-1.2471062320911792,0.5688849128157565,251.60566722103087,233.63084400943788,242.61825561523438,4.401289564421413,-0.0015170407788768214,-0.0015181926503439274,107928570.0
2018-12-07 00:00:00-05:00,240.27139029923381,241.84075126834617,234.1812454855948,235.01942443847656,161018900,241.31640625,241.84071655273436,245.64193389892577,39.733045221958974,-1.2155423653765354,-1.2407934587482505,0.02525109337171516,250.63031520422334,233.0511179012454,241.84071655273436,4.634019294302125,-0.02323581693526955,-0.023510024482065718,110841910.0
2018-12-10 00:00:00-05:00,234.84105545903276,236.43716550863462,230.60558811608786,235.46524047851562,151445900,241.3895278930664,241.10820465087892,245.16720672607423,40.45468342178832,-1.5871043855907487,-1.3100556441167501,-0.2770487414739986,249.4476142004156,232.76879510134225,241.10820465087892,4.719559158462457,0.001896932736960899,0.0018951358321028686,115134960.0
2018-12-11 00:00:00-05:00,238.66638860838694,238.85363325284783,234.04750596611032,235.51876831054688,121504400,241.0890365600586,240.50052947998046,244.6930130004883,40.5467336001585,-1.8558575443363168,-1.4192160241606635,-0.4366415201756533,248.60606089884368,232.39499806111724,240.50052947998046,4.7257425961963895,0.00022732795686719598,0.00022730212178249313,116269550.0
2018-12-12 00:00:00-05:00,238.49685410654146,239.86111886140665,236.62432691841863,236.70457458496094,97976700,240.82687530517578,240.18353195190429,244.22452392578126,42.66140478601795,-1.9506755295046503,-1.525507925229461,-0.4251676042751893,248.3618668541762,232.00519704963236,240.18353195190429,4.698357450100916,0.005034869547426046,0.005022236976235053,116184705.0
2018-12-13 00:00:00-05:00,237.6498437028021,238.51477184325688,235.5098234495447,236.62442016601562,96662700,240.0056411743164,239.88526763916016,243.7574627685547,42.55123115381256,-2.0091272888600145,-1.6222317979555718,-0.38689549090444264,248.12570668077282,231.6448285975475,239.88526763916016,4.5773996603588625,-0.00033862640418269585,-0.0003386837510499751,116109010.0
2018-12-14 00:00:00-05:00,234.47545576293268,235.42955700710894,231.70235241482038,232.25518798828125,116961100,238.80098724365234,239.45146255493165,243.20016479492188,36.94959905391665,-2.3805695271616116,-1.77389934379678,-0.6066701833648316,248.31582259223165,230.58710251763165,239.45146255493165,4.602018809704319,-0.0184648405040736,-0.01863744370046992,115690270.0
2018-12-17 00:00:00-05:00,231.3011010050752,232.41569770152586,226.06695927243624,227.69873046875,165492300,236.99178161621094,238.66411590576172,242.5923974609375,32.19038242199339,-3.0079346210965525,-2.020706399256735,-0.9872282218398176,248.6906723447138,228.63755946680965,238.66411590576172,4.726784496803269,-0.019618323960802764,-0.019813317793341695,117209815.0
2018-12-18 00:00:00-05:00,229.33941606115198,230.00817404669752,225.8440290168278,227.4490509033203,134515100,234.83213653564454,237.83262939453124,242.00852752685546,31.94755167143515,-3.4850989805830466,-2.3135849155219974,-1.1715140650610492,248.6519718633795,227.013286925683,237.83262939453124,4.686595963450874,-0.0010965347277768211,-0.0010971363618300656,117602170.0
2018-12-19 00:00:00-05:00,227.52926190448613,231.3010525250624,222.33970784860364,224.0428009033203,214992800,233.1388397216797,237.03724899291993,241.35653259277345,28.760083268040006,-4.090953120003121,-2.6690585564182223,-1.4218945635848987,249.3523830746783,224.72211491116155,237.03724899291993,4.991935157237152,-0.014975881352206066,-0.015089152172977197,123198725.0
2018-12-20 00:00:00-05:00,222.79450353410618,224.3638507742223,218.1488585473539,220.39588928222656,252053400,231.1174087524414,236.28155364990235,240.63908905029297,25.792915240160823,-4.809926342940827,-3.097232113722743,-1.7126942292180836,250.57485885926474,221.98824844053996,236.28155364990235,5.079296376496527,-0.01627774517364422,-0.016411683128447124,129000330.0
2018-12-21 00:00:00-05:00,221.2972864799225,223.96103454003133,215.2343385006495,215.88009643554688,255345600,229.20347595214844,235.25994110107422,239.99361633300782,22.673557879584564,-5.678644663861405,-3.6135146237504756,-2.0651300401109296,252.0934643998661,218.42641780228234,235.25994110107422,5.339824923845478,-0.02048946040412314,-0.020702281475874128,137989425.0
2018-12-24 00:00:00-05:00,214.39124202550883,216.00563669064812,210.11311326960217,210.17588806152344,147311600,226.6745407104492,234.03203430175782,239.34337890625,19.47035387182804,-6.74958709711035,-4.2407291184224505,-2.5088579786878995,254.10996028649447,213.95410831702117,234.03203430175782,5.379303387931225,-0.02642303977164695,-0.026778402103667377,143214610.0
2018-12-26 00:00:00-05:00,211.63780135232858,220.79498291015625,209.65568091550543,220.79498291015625,218485400,225.20216217041016,233.14559936523438,238.8381103515625,37.24465227406354,-6.664618906208091,-4.7255070759795785,-1.9391118302285122,253.9058732316176,212.38532549885116,233.14559936523438,5.7907318598397675,0.0505248006637391,0.04928984946188164,150139810.0
2018-12-27 00:00:00-05:00,217.55726318862372,222.68742954792995,214.31950984244187,222.49012756347656,186267300,223.7807174682617,232.30379638671874,238.39438873291016,39.53877967706955,-6.386873098755302,-5.057780280534724,-1.3290928182205786,253.3566423895596,211.2509503838779,232.30379638671874,5.974816705957504,0.007677460017332383,0.007648138303072796,155678055.0
2018-12-28 00:00:00-05:00,223.84437908980937,225.47670135459668,221.03712692857448,222.2030792236328,153100200,222.33858337402344,231.17211227416993,237.83792510986328,39.27693883843255,-6.119379549100273,-5.2701001342478335,-0.8492794148524396,251.83825230466,210.50597224367988,231.17211227416993,5.865156543104982,-0.0012901621433151211,-0.0012909951190193704,156951585.0
2018-12-31 00:00:00-05:00,223.82645885131,224.3915003778305,221.95197382206396,224.1493377685547,144299400,221.5279983520508,230.16449279785155,237.31949401855468,42.077786255995704,-5.684811219728942,-5.3530423513440555,-0.33176886838488695,250.1248201988816,210.2041653968215,230.16449279785155,5.620468686866523,0.008758917975943525,0.008720781183457474,160049235.0
2019-01-02 00:00:00-05:00,220.61561100863256,225.3063260642124,220.58870557266602,224.3825225830078,126925200,221.19637756347657,229.09407958984374,236.87795318603514,42.42046593803527,-5.260951646336565,-5.334624210342558,0.0736725640059932,247.84725413797838,210.3409050417091,229.09407958984374,5.555979530057942,0.0010403100753029193,0.001039769327774105,161485285.0
2019-01-03 00:00:00-05:00,222.63360250759496,222.93855359314486,218.54381198522043,219.02813720703125,144140700,220.35428619384766,227.59321136474608,236.33199829101562,37.00650281560657,-5.296044527416598,-5.3269082737573665,0.030863746340768827,244.425440100477,210.76098262901516,227.59321136474608,5.57617460632433,-0.023862755950592174,-0.024152083551873975,163533505.0
2019-01-04 00:00:00-05:00,222.0596066578405,227.0104124077604,221.68291684980105,226.36465454101562,142628800,220.5864715576172,226.86265563964844,235.95488708496094,46.989612509146035,-4.677935920111139,-5.197113803028121,0.5191778829169822,242.53659509065145,211.18871618864543,226.86265563964844,5.748038934496104,0.033495775600053124,0.03294701266162063,161765645.0
2019-01-07 00:00:00-05:00,226.63367752908553,229.55751518261582,225.73679330201114,228.1494140625,103139100,221.36182403564453,226.23961639404297,235.63843841552733,49.102801992632486,-3.9979790047521533,-4.957286843372928,0.9593078386207745,240.61500599592435,211.8642267921616,226.23961639404297,5.610373430646717,0.007884444349773645,0.007853524535785769,156713330.0
2019-01-08 00:00:00-05:00,230.33787517212102,230.77733980190953,227.8086544085286,230.2930145263672,102512600,222.80311584472656,226.0032958984375,235.51270233154298,51.598462122715326,-3.248688746259205,-4.615567223950183,1.3668784776909781,239.9423574925231,212.0642343043519,226.0032958984375,5.421681427984874,0.009395599250936248,0.009351735147269554,153788015.0
2019-01-09 00:00:00-05:00,231.0015672871316,232.21236682399817,229.77283991391428,231.36929321289062,95006600,224.92245635986328,225.79849853515626,235.32360321044922,52.84858268724281,-2.538758890722903,-4.200205557304727,1.6614466665818242,239.28859774428489,212.30839932602763,225.79849853515626,5.208670390991946,0.0046735185986295225,0.004662631617744306,150966050.0
2019-01-10 00:00:00-05:00,229.83563750113174,232.43659715362483,229.15399650240835,232.1854705810547,96823900,226.06150512695314,225.63183364868163,235.235537109375,53.82260006597216,-1.8885061495719526,-3.7378656757581727,1.8493595261862201,238.71363862415583,212.55002867320744,225.63183364868163,5.0710939810079845,0.0035275958915303995,0.0035213885189282024,149732025.0
2019-01-11 00:00:00-05:00,231.10918026804572,232.30205192325036,230.52621084525182,232.275146484375,73858100,227.04000701904297,225.41036224365234,235.17548065185548,53.93519454374634,-1.3503738028261978,-3.2603673011717778,1.90999349834558,237.87001816994282,212.95070631736186,225.41036224365234,4.835718773650166,0.00038622530124676757,0.00038615073545395206,148526095.0
2019-01-14 00:00:00-05:00,230.37370700114573,231.6652226884312,229.97012545558084,230.8580322265625,70908200,227.90550231933594,225.12204284667968,235.01735443115234,51.78629436714767,-1.0264174172203866,-2.8135773243815,1.7871599071611133,236.7708589296204,213.47322676373895,225.12204284667968,4.654954649017594,-0.006101015451981717,-0.006119702692954779,147238370.0
2019-01-15 00:00:00-05:00,231.23472891177062,233.81776021044035,231.22575130966445,233.50384521484375,85208300,228.84095306396483,225.18447570800782,234.8611395263672,55.362197595034296,-0.5498463648490315,-2.360831132475006,1.8109847676259747,236.9977688539111,213.37118256210454,225.18447570800782,4.533867030079041,0.011460779435582547,0.01139560221803181,145650730.0
2019-01-16 00:00:00-05:00,233.93433888012572,234.95680020292303,233.72807299168477,234.0688934326172,77636700,229.8095901489258,225.50298385620118,234.66486297607423,56.110855491486355,-0.1251233592673202,-1.9136895778334693,1.788566218566149,237.89936983961874,213.10659787278362,225.50298385620118,4.313801884221916,0.002419866864520115,0.002416943701526222,141257950.0
2019-01-17 00:00:00-05:00,233.1989036905895,236.70572470971874,233.1540430515914,235.84469604492188,96118400,231.49124603271486,225.92276611328126,234.53299407958986,58.46836522719622,0.3507222051673864,-1.4608072212332983,1.8115294264006847,239.0984362550587,212.74709597150382,225.92276611328126,4.25936472521516,0.007586666413732068,0.007558032393409693,139338115.0
2019-01-18 00:00:00-05:00,237.65645419931408,239.4502231203334,235.880613114038,238.98382568359375,127900300,232.75316314697267,226.66981735229493,234.43715698242187,62.32129900983064,0.9699537472804138,-0.974655027530556,1.9446087748109697,240.97986078520583,212.35977391938403,226.66981735229493,4.212662035943471,0.013310155756370845,0.013222353879593972,134983490.0
2019-01-22 00:00:00-05:00,237.512948644322,237.72819215552116,234.14065432491404,235.75503540039062,115531200,233.51372528076172,227.43777465820312,234.2458938598633,56.51388300956895,1.1864857448937585,-0.5424268730456931,1.7289126179394516,241.96547619931474,212.9100731170915,227.43777465820312,4.257698416138917,-0.013510497097313778,-0.013602594323483898,128157380.0
2019-01-23 00:00:00-05:00,236.78647293735455,237.4860417151032,233.78190454892763,236.2483367919922,86030300,234.10925750732423,228.4561866760254,233.9594564819336,57.170551396739114,1.381963794263953,-0.15754873958376392,1.539512533847717,242.44599281329613,214.46638053875466,228.4561866760254,4.2181583268558205,0.0020924320482222925,0.0020902459612452337,119691615.0
2019-01-24 00:00:00-05:00,236.0689029622403,236.9568370088599,235.05541934958248,236.37384033203125,59204100,234.60971221923828,229.76608428955078,233.68462371826172,57.34702231828711,1.5293789154059425,0.17983679141417738,1.349542123991765,241.36588312931352,218.16628544978803,229.76608428955078,4.05267685060022,0.0005312356554263431,0.0005310945997192148,115286240.0
2019-01-25 00:00:00-05:00,238.22144949546475,239.19907756601734,236.4725413588362,238.37393188476562,96883400,235.2285583496094,230.64503173828126,233.49865692138673,60.16400951661239,1.7869977362862528,0.5012689803885925,1.2857287558976602,242.0550280005531,219.23503547600941,230.64503173828126,3.9650025922706393,0.00846156050908542,0.008425962176627598,109206140.0
2019-01-28 00:00:00-05:00,236.2303825110158,236.62498644464915,234.7953620742769,236.56222534179688,85613700,235.65726623535156,231.34863662719727,233.36901092529297,56.52251503244814,1.8239475983768614,0.7658047039862463,1.058142894390615,242.38991911404997,220.30735414034456,231.34863662719727,3.937400250714788,-0.007600271257196756,-0.0076293004990677215,104173460.0
2019-01-29 00:00:00-05:00,236.70575662116138,237.27077083451346,235.41424082058828,236.2483367919922,66136300,236.19629669189453,232.05089950561523,233.24218353271485,55.89132577210977,1.8070716504762743,0.974058093284252,0.8330135571920223,242.4437044518011,221.65809455942937,232.05089950561523,3.788766662372673,-0.001326875198908728,-0.0013277562772790663,99825265.0
2019-01-30 00:00:00-05:00,237.764071126748,240.83140059178444,237.00171387664844,239.9883270263672,92473700,236.84474487304686,232.84284896850585,233.22332427978515,61.4195437618778,2.0716031441740483,1.1935671034622113,0.878036040711837,243.11977819833407,222.56591973867762,232.84284896850585,3.8455021721883575,0.015830757943781526,0.01570675845384291,97233980.0
2019-01-31 00:00:00-05:00,239.92548769174795,242.58025711157353,239.71021688368006,242.09593200683594,104012100,237.64744873046874,233.72851943969727,233.1963296508789,64.14660489607601,2.423377183043897,1.4395291193785484,0.9838480636653484,243.98942146114513,223.4676174182494,233.72851943969727,3.775826319024437,0.008782114557751797,0.008743776088081705,96088325.0
2019-02-01 00:00:00-05:00,242.29334754787808,243.23509271610658,241.42336846884933,242.21263122558594,85782500,238.28424224853515,234.887744140625,233.15900665283203,64.2970903565074,2.6806761291465477,1.6877585213321482,0.9929176078143995,243.31903619265265,226.45645208859733,234.887744140625,3.635533313898209,0.00048203709076255485,0.0004819209482059673,93170415.0
2019-02-04 00:00:00-05:00,242.25736953247116,243.97939917852275,241.58470640632694,243.91661071777344,60744800,238.77752075195312,235.76534194946288,233.23833068847657,66.5075962190958,2.987644594795853,1.9477357360248893,1.0399088587709637,244.1188710886515,227.41181281027426,235.76534194946288,3.5469018466337516,0.007035056279127261,0.007010425721471388,89076215.0
2019-02-05 00:00:00-05:00,244.34715526397238,245.24403954335247,243.8449022571784,244.93910217285156,79552800,239.69592742919923,236.60482635498047,233.42691680908203,67.79607386751047,3.2756659919940603,2.2133217872187236,1.0623442047753366,245.10150903836976,228.1081436715912,236.60482635498047,3.393490092315203,0.004191971395753891,0.004183209561367168,87896900.0
2019-02-06 00:00:00-05:00,244.6611173589182,245.15439285929028,243.88083226488828,244.6162567138672,58347800,240.53271942138673,237.32098846435548,233.59299499511718,66.9206658845674,3.4382402011392514,2.4583054700028293,0.9799347311364222,245.98187026251463,228.66010666619633,237.32098846435548,3.2420665567499745,-0.0013180641886918476,-0.0013189335993379334,85688660.0
2019-02-07 00:00:00-05:00,243.00184405429718,243.54893036100768,240.625106039328,242.2843475341797,95482000,241.12377014160157,237.86674118041992,233.74400146484376,60.812632583332864,3.340409687404531,2.6347263134831698,0.705683373921361,246.33207878687472,229.40140357396513,237.86674118041992,3.29557256516349,-0.00953292806869821,-0.009578657281733164,85712430.0
2019-02-08 00:00:00-05:00,241.03771034218343,242.6789969406424,240.21256455574564,242.58035278320312,75788900,241.5444122314453,238.38648529052733,233.8251348876953,61.295551798816945,3.249307456481432,2.7576425420828223,0.4916649143986098,246.66716550262518,230.10580507842948,238.38648529052733,3.23634826657301,0.001221726669659029,0.0012209809689311998,84660680.0
2019-02-11 00:00:00-05:00,243.23508259502825,243.49515938801105,242.185715707408,242.71487426757812,68021400,242.15967712402343,238.9084716796875,233.8929086303711,61.52758746236719,3.151632978511998,2.8364406293686577,0.31519234914334016,246.89327496090678,230.9236683984682,238.9084716796875,3.0987122247180117,0.0005545440215235509,0.0005543903188083032,84368845.0
2019-02-12 00:00:00-05:00,244.32919394491842,246.21262877689057,244.2574278847918,245.83595275878906,72270200,243.11843872070312,239.65736770629883,233.9128924560547,66.53970602494792,3.2881662673959227,2.9267857569741107,0.36138051042181196,247.28296841363002,232.03176699896764,239.65736770629883,3.127215245046185,0.012859032643257606,0.012777057284274647,84436945.0
2019-02-13 00:00:00-05:00,246.67008408505103,247.47727446830802,246.24854737579935,246.6342010498047,65277200,243.78302612304688,240.3138854980469,233.95954193115233,67.6987740120843,3.4213427389683773,3.025697153372964,0.3956455855954131,247.9681520595253,232.65961893656848,240.3138854980469,3.0210799925085263,0.003247077093718964,0.0032418167230361793,83440390.0
2019-02-14 00:00:00-05:00,245.5490677386686,247.21728734814707,244.73289945805635,246.0872039794922,83234400,244.1821533203125,240.91480102539063,233.9654702758789,66.01133016757385,3.443058524603174,3.1091694276190065,0.33388909698416747,248.398760858817,233.43084119196425,240.91480102539063,2.982744842335826,-0.002217847597714373,-0.0022203106641756174,83720275.0
2019-02-15 00:00:00-05:00,247.86293690858662,248.80468186464043,247.65667103278165,248.768798828125,97088700,244.8377700805664,241.56100616455078,233.95993621826173,69.96394311653702,3.634751580765169,3.2142858582482394,0.4204657225169295,249.40544329256124,233.7165690365403,241.56100616455078,2.9637972025367127,0.01089692923999519,0.01083798552363728,83768790.0
2019-02-19 00:00:00-05:00,247.97056799727545,249.85400303103305,247.96159039611473,249.1992950439453,59120800,245.36603851318358,242.07177963256837,234.12440673828124,70.55592563959748,3.777858356162511,3.327000357831094,0.45085799833141715,250.48795187816305,233.65560738697368,242.07177963256837,2.887269733421113,0.0017305072736140126,0.0017290116710874373,80329815.0
2019-02-20 00:00:00-05:00,249.1635238889427,250.1590800890733,248.66127067165527,249.70166015625,76610800,245.84229431152343,242.76911087036132,234.30623596191407,71.26758619663165,3.887001242071733,3.439000534679222,0.4480007073925112,251.28671826145964,234.251503479263,242.76911087036132,2.788022567992322,0.002015917068369344,0.0020138878342768458,78383795.0
2019-02-21 00:00:00-05:00,249.0647861823057,249.4235344355389,247.85398687824858,248.81365966796875,64214700,246.26203460693358,243.39737701416016,234.5821206665039,68.13278814246178,3.8573780938804987,3.5226760465194773,0.3347020473610214,251.75045892422327,235.04429510409705,243.39737701416016,2.7208547615644005,-0.0035562458324289725,-0.0035625843065493308,77293015.0
2019-02-22 00:00:00-05:00,249.4324908366338,250.5535962624302,248.7957106185881,250.35630798339844,78114600,247.06923065185546,244.09650039672852,234.87994201660158,70.5558007549549,3.9132706144044676,3.6007949600964753,0.3124756543079923,252.3207458892884,235.87225490416864,244.09650039672852,2.6520712531556656,0.006200014571098311,0.006180873556395175,78238540.0
2019-02-25 00:00:00-05:00,251.78231687361028,252.30249767796232,250.6163509654497,250.6970672607422,69030700,247.8809020996094,244.71265716552733,235.18350799560548,71.07890918517677,3.9396484504503633,3.668565658167253,0.27108279228311005,252.97604362492683,236.44927070612783,244.71265716552733,2.601651141827681,0.0013610972301378865,0.0013601717769622648,76845905.0
2019-02-26 00:00:00-05:00,250.34738149887136,251.39672106406434,250.1410882049369,250.51779174804688,56844100,248.66119384765625,245.41043548583986,235.4597723388672,70.37057041919375,3.9011173870752884,3.71507600394886,0.18604138312642826,253.14283402457104,237.67803694710867,245.41043548583986,2.5055069787776643,-0.0007151081369007883,-0.0007153639486871828,75407425.0
2019-02-27 00:00:00-05:00,249.80020834065053,250.7598811219917,248.8674683645355,250.4101104736328,56921600,249.1186096191406,246.11852416992187,235.73548614501954,69.91985267317582,3.8178820945965413,3.7356372220783967,0.08224487251814461,252.90048320291703,239.3365651369267,246.11852416992187,2.4617145343975584,-0.00042983483792780053,-0.00042992724340209213,74946690.0
2019-02-28 00:00:00-05:00,250.1948368364919,250.63432875589552,249.6208451168797,249.94371032714844,69268300,249.449560546875,246.61629333496094,236.08925659179687,67.89155126052825,3.6719549210592106,3.7229007618745595,-0.05094584081534892,252.97352686711065,240.25905980281124,246.61629333496094,2.3582694704417198,-0.0018625451887793743,-0.0018642818828519961,73786420.0
2019-03-01 00:00:00-05:00,251.52223081073174,251.91686208537593,250.06928264987644,251.50430297851562,78880500,249.99127044677735,247.08671188354492,236.5653680419922,70.93025761757359,3.6402705957922024,3.7063747286580884,-0.06610413286588601,253.42871772449277,240.74470604259707,247.08671188354492,2.3307610624264177,0.0062437764460028244,0.006224364833127225,72529840.0
2019-03-04 00:00:00-05:00,252.56260326501933,252.80475215233454,248.29342559486247,250.58944702148438,106494600,250.17333526611327,247.50555267333985,237.02817596435546,66.93130247107916,3.500982166651255,3.6652962162567215,-0.16431404960546647,253.60652193199755,241.40458341468215,247.50555267333985,2.486515740643964,-0.003637536003148978,-0.003644167924689553,73565445.0
2019-03-05 00:00:00-05:00,250.71511574681074,250.91243144340865,249.7016318220463,250.24871826171875,59114600,250.2782775878906,247.8221580505371,237.55229431152344,65.45126138360001,3.3247751810278885,3.597192009210955,-0.27241682818306634,253.801268406817,241.8430476942572,247.8221580505371,2.395393160695278,-0.0013597091330682654,-0.001360634376334455,73483935.0
2019-03-06 00:00:00-05:00,250.36526150543068,250.3742391075912,248.41006018612026,248.73292541503906,75039800,250.18140411376953,248.0118492126465,238.1190350341797,59.18156271458754,3.0279141511772423,3.4833364376042124,-0.45542228642697014,253.85216828820404,242.17153013708895,248.0118492126465,2.3645921436078248,-0.006057145296122668,-0.006075564215738019,73258285.0
2019-03-07 00:00:00-05:00,248.28453071144233,248.4280355197575,245.8091480375507,246.6522216796875,94885100,249.96526031494142,248.1136474609375,238.7344775390625,51.84058925219487,2.594842514700076,3.3056376530233855,-0.7107951383233093,253.78212019113772,242.44517473073728,248.1136474609375,2.4045339460278634,-0.008365212333186989,-0.0084003970778477,75085150.0
2019-03-08 00:00:00-05:00,244.79568083107918,246.32934580769265,244.32931070032558,246.158935546875,85795800,249.54552307128907,248.30737686157227,239.45413848876953,50.2492237970119,2.1866200594044756,3.0818341342996036,-0.895214074895128,253.4014411501849,243.21331257295964,248.30737686157227,2.398703734123153,-0.00199992576370589,-0.002001928285611605,74600840.0
2019-03-11 00:00:00-04:00,246.8763993919627,249.88991772435608,246.849493955807,249.72848510742188,65098900,249.44866485595702,248.6647834777832,240.03280853271485,59.853183027834106,2.1266192965879327,2.8907911667572694,-0.7641718701693367,253.05598852762014,244.27357842794626,248.6647834777832,2.493866480077291,0.014500995272085593,0.01439686133015662,74066340.0
2019-03-12 00:00:00-04:00,250.2845885402205,251.19045065167552,250.0962504574032,250.6702423095703,79667500,249.4639099121094,249.06255187988282,240.59641082763673,61.94066101933364,2.1305011048478946,2.7387331543753946,-0.6082320495275,252.58020622420665,245.544897535559,249.06255187988282,2.420159270375602,0.0037711244744200734,0.0037640316109739166,74648645.0
2019-03-13 00:00:00-04:00,251.5580690118337,253.26214337368611,251.39660906772014,252.32937622070312,80639200,249.6558364868164,249.38722305297853,241.19893676757812,65.35809208771818,2.241615755457076,2.639309674591731,-0.3976939191346549,252.851972175309,245.92247393064807,249.38722305297853,2.432426541357045,0.006618790869814761,0.006596982849121305,75067095.0
2019-03-14 00:00:00-04:00,252.3563525815843,252.77788933327716,251.7285499406143,252.1680145263672,67518400,249.87826690673828,249.66391372680664,241.75931030273438,64.74914959614792,2.290253756751355,2.569498491023656,-0.279244734272301,253.08867500001364,246.23915245359964,249.66391372680664,2.333634602164603,-0.0006394883415984376,-0.0006396929014817138,75179155.0
2019-03-15 00:00:00-04:00,252.72023115792376,254.22461004945322,252.53103603472826,253.4138641357422,81309000,250.06922302246093,250.03024673461914,242.33993713378905,67.2836459547158,2.4016447094334694,2.5359277347056186,-0.1342830252721492,253.41344719846919,246.6470462707691,250.03024673461914,2.3138460965161336,0.004940553669009251,0.004928389183474393,75082885.0
2019-03-18 00:00:00-04:00,253.6300981714098,254.6300393757013,253.40488940816354,254.33274841308594,62199800,250.44355316162108,250.30844421386718,243.04602935791016,69.05109631809532,2.5348489627539266,2.53571198031528,-0.0008630175613535407,254.11902474749164,246.49786368024272,250.30844421386718,2.2360820873033926,0.003626022121866024,0.0036194639522494827,73338440.0
2019-03-19 00:00:00-04:00,255.39570823440198,256.16139589718296,253.50394946882147,254.39576721191406,90268100,250.85825805664064,250.56826782226562,243.60665161132812,69.17409265551646,2.615351242467028,2.5516398327456296,0.06371140972139866,254.7330835751121,246.40345206941916,250.56826782226562,2.2661795402361133,0.00024778090600330316,0.0002477502133845385,74895805.0
2019-03-20 00:00:00-04:00,254.17955894218778,255.38667431548166,252.52202615387543,253.63003540039062,84609200,251.34796905517578,250.76468658447266,244.11626403808594,65.75458033931032,2.5875342374202432,2.5588187136805525,0.028715523739690774,255.11394529208047,246.41542787686484,250.76468658447266,2.3089272989054073,-0.0030100021706948032,-0.003014541338119549,75295725.0
2019-03-21 00:00:00-04:00,252.81030916798105,256.9000796525872,252.76525093004852,256.4947204589844,79550400,252.33221893310548,251.14873962402345,244.64029815673828,71.44219758061138,2.7647746029560665,2.600009891535655,0.16476471142041138,256.0611138760299,246.23636537201702,251.14873962402345,2.439348829164925,0.011294739024388267,0.011231429721601169,76062510.0
2019-03-22 00:00:00-04:00,255.13449792626113,255.65697014672995,251.49511671277395,251.5581817626953,122659300,252.8721435546875,251.20883331298828,245.04407592773438,54.61030894625474,2.47833277564672,2.5756744683578683,-0.09734169271114812,256.11035499282747,246.3073116331491,251.20883331298828,2.6222241803824606,-0.01924616104165955,-0.01943377959135144,78289745.0
2019-03-25 00:00:00-04:00,251.2158645009245,252.40497335776593,250.10785499044835,251.3690185546875,85575200,253.03619689941405,251.24243087768554,245.42774688720704,54.08447397938265,2.2105794895017823,2.5026554725866514,-0.29207598308486915,256.1386692865464,246.34619246882468,251.24243087768554,2.599002336592112,-0.0007519660329960987,-0.0007522489012672661,79116970.0
2019-03-26 00:00:00-04:00,253.125593361551,254.19758910713398,251.83740603410251,253.24270629882812,68125900,253.29344329833984,251.3786766052246,245.8470980834961,58.36126102749655,2.125077453000614,2.4271398686694443,-0.3020624156688303,256.337920392513,246.4194328179362,251.3786766052246,2.615400066295995,0.0074539326879417,0.007426289414095508,79681060.0
2019-03-27 00:00:00-04:00,253.23374488985834,253.81930970512812,250.36909583442437,251.9185333251953,72224700,253.25235900878906,251.45409774780273,246.26830810546875,54.49786077220277,1.9282392390076097,2.3273597427370776,-0.39912050372946783,256.39798392490405,246.51021157070141,251.45409774780273,2.6750296237536917,-0.005228869146858162,-0.005242587525101288,80446215.0
2019-03-28 00:00:00-04:00,252.54907992827737,253.32378477778863,251.39601230929048,252.8733673095703,56238500,253.32289428710936,251.60058059692383,246.65569854736327,56.72257523745925,1.8282161215101382,2.22753101849169,-0.39931489698155165,256.5303668820974,246.6707943117503,251.60058059692383,2.62165411266401,0.0037902490609629247,0.0037830841657755174,79794725.0
2019-03-29 00:00:00-04:00,254.38677789026698,254.79213709615857,253.26073427729185,254.4678497314453,82186800,253.42829284667968,251.7487579345703,247.06367767333984,60.22026214723141,1.856211238361027,2.153267062465557,-0.29705582410453024,256.83377114064086,246.66374472849978,251.7487579345703,2.571448089372885,0.006305458098808003,0.006285661870502257,79960040.0
2019-04-01 00:00:00-04:00,256.4677058809414,257.78291713150287,256.19743891736897,257.4856262207031,77617900,253.74358062744142,252.09356689453125,247.49649627685548,65.84637395747063,2.0977256368788915,2.1421587773482242,-0.04443314046933278,257.7234263615412,246.46370742752126,252.09356689453125,2.62456375442179,0.011859166069279947,0.011789397217908901,78516205.0
2019-04-02 00:00:00-04:00,257.67482041149606,257.84598124041696,256.81901626689137,257.61175537109375,40070400,254.06517944335937,252.46171875,247.86905487060548,66.06241707377711,2.273102198861295,2.1683474616508382,0.10475473721045692,258.50841718637975,246.41502031362023,252.46171875,2.5104495557863475,0.0004898492868976589,0.0004897293499014915,77563995.0
2019-04-03 00:00:00-04:00,258.82786619830597,259.224235717059,257.4135489378142,258.0171203613281,68243200,254.50388793945314,252.92592849731446,248.31429656982422,66.78951725595317,2.4169379979390158,2.218065568908474,0.19887242903054192,259.17831337735583,246.67354361727305,252.92592849731446,2.4604665003190944,0.0015735500487950027,0.0015723133161208303,77224165.0
2019-04-04 00:00:00-04:00,258.34142325877013,258.95398437326423,257.64779030482515,258.7017517089844,48997500,254.72459106445314,253.5284049987793,248.76336486816408,68.03512577964547,2.5567008768250616,2.2857926304917915,0.27090824633327015,259.5650060504214,247.49180394713719,253.5284049987793,2.3780184694705224,0.002653433798104121,0.002649919657630447,74929785.0
2019-04-05 00:00:00-04:00,259.36835085576655,260.00793582463683,259.0800771405904,259.9538879394531,58621700,255.5641616821289,254.2181526184082,249.2349658203125,70.23402808876365,2.736951026795083,2.37602430975245,0.3609267170426329,259.8690901817883,248.5672150550281,254.2181526184082,2.3014588727692322,0.004840076351231293,0.0048284008401091195,73571080.0
2019-04-08 00:00:00-04:00,259.5305822634568,260.26025645144784,258.87296278297543,260.15216064453125,53566300,256.4424758911133,254.73933639526368,249.67053039550783,70.57915915199953,2.862798955218892,2.4733792388457387,0.3894197163731534,260.55806758059686,248.92060520993053,254.73933639526368,2.2361613581766018,0.0007627225991877484,0.000762431874125084,72994450.0
2019-04-09 00:00:00-04:00,259.1881932281539,259.51248056467637,258.26935161671037,258.81884765625,66142300,257.00009002685545,255.14676666259766,250.11566284179688,65.1118006871019,2.822412119959125,2.543185815068416,0.2792263048907091,260.9096315756654,249.3839017495299,255.14676666259766,2.2109219060083363,-0.0051251274830005356,-0.005138305995848429,72318190.0
2019-04-10 00:00:00-04:00,259.2332694125867,259.791810186664,258.818893023963,259.70172119140625,52601500,257.7784088134766,255.5153839111328,250.58473052978516,66.93813185554279,2.82903442995368,2.600355538045469,0.22867889190821078,261.45079305238704,249.5799747698786,255.5153839111328,2.1224962363230273,0.003411163998105815,0.003405359175250957,70916305.0
2019-04-11 00:00:00-04:00,260.188182537175,260.19719968513976,259.0621386937665,259.6296691894531,55093100,258.4540390014648,255.88846664428712,250.97755737304686,66.63157341255959,2.7962354028140908,2.6395315109991935,0.1567038918148973,261.8731814312791,249.90375185729513,255.88846664428712,2.0519651473980454,-0.00027744137244289924,-0.0002774798664205167,70295040.0
2019-04-12 00:00:00-04:00,261.24215460241066,261.66554815952185,259.67471047201315,261.38629150390625,69727800,259.14588317871096,256.28708801269534,251.3633645629883,70.21320194816903,2.878801644210199,2.6873855376413944,0.1914161065688047,262.6117776669459,249.96239835844477,256.28708801269534,2.050816134731665,0.006765876642439217,0.006743090818710499,69715980.0
2019-04-15 00:00:00-04:00,261.4583339542193,261.5574400967974,260.4133620858321,261.2151184082031,49596700,259.5188323974609,256.6312065124512,251.74341430664063,69.43114045186837,2.8970286046871365,2.729314151050543,0.16771445363659332,263.2358440586589,250.02656896624345,256.6312065124512,1.9860491258912105,-0.0006548663846075442,-0.0006550809032575365,69085825.0
2019-04-16 00:00:00-04:00,262.0979588640087,262.15200676565667,260.7917370944754,261.38629150390625,52153200,259.8962860107422,256.9807327270508,252.09280792236328,69.7934732110862,2.8919492496788166,2.761841170776198,0.13010807890261855,263.8112006246346,250.15026482946698,256.9807327270508,1.941350593411927,0.0006552955156127194,0.0006550809032575529,67180080.0
2019-04-17 00:00:00-04:00,262.50322370313506,262.53024764423844,260.33220879685194,260.7466125488281,58268300,260.1692352294922,257.33656158447263,252.40895812988282,66.61574677604138,2.8039844907951306,2.7702698347799846,0.033714656015146005,264.17321066485283,250.49991250409246,257.33656158447263,1.9596854686958252,-0.0024472551769937345,-0.0024502546005135094,65863035.0
2019-04-18 00:00:00-04:00,261.3321834981804,261.53036825574327,260.0349791743683,261.2601013183594,68708500,260.42507019042966,257.57483062744143,252.74183502197266,67.87999084827847,2.7440740602842766,2.765030679880843,-0.020956619596566473,264.6068840696075,250.54277718527538,257.57483062744143,1.9265214410300506,0.001969301785023525,0.001967365252258104,65320940.0
2019-04-22 00:00:00-04:00,260.4943943046953,261.63844452957363,260.4043053322833,261.48529052734375,40160100,260.5782104492188,258.0711860656738,253.12585388183595,68.44436548301044,2.6838280010817925,2.748790144121033,-0.06496214303924042,264.7257053828482,251.41666674849947,258.0711860656738,1.8770655664772147,0.0008619349370533325,0.0008615636844505524,61195980.0
2019-04-23 00:00:00-04:00,261.8546696519358,264.07074319403506,261.62047128318324,263.8365173339844,52246600,260.94664611816404,258.6945610046387,253.55097717285156,73.65030433140416,2.793603990543147,2.757752913405456,0.03585107713769098,265.0500500607332,252.33907194854413,258.6945610046387,1.9276646450639359,0.008991812892797268,0.008951627258074149,59529550.0
2019-04-24 00:00:00-04:00,263.7554113001675,264.08871575545896,263.10680918752394,263.2509460449219,50392900,261.3898559570313,259.19497299194336,253.96169860839845,70.52952516075518,2.801062637397706,2.7664148582039063,0.0346477791937998,265.32670826789865,253.06323771598807,259.19497299194336,1.8601104966975852,-0.0022194474630713446,-0.0022219140869625957,58642900.0
2019-04-25 00:00:00-04:00,263.151932239352,263.74648667544756,261.8997858066131,263.0888671875,57770900,261.72857055664065,259.7534896850586,254.30675689697264,69.64981474600421,2.762055997305424,2.76554308602421,-0.0034870887187858912,265.1194547860366,254.38752458408052,259.7534896850586,1.8591526661359314,-0.0006156819561599081,-0.0006158715661257626,57920210.0
2019-04-26 00:00:00-04:00,263.1338429715897,264.3859890119185,262.3591107705115,264.3139343261719,50916400,262.1969970703125,260.32551803588865,254.6603515625,72.44720256987634,2.797744971288921,2.7719834630771523,0.025761508211768813,265.03476744666466,255.61626862511267,260.32551803588865,1.8711330643695805,0.004656476542577392,0.0046456686936912645,57654105.0
2019-04-29 00:00:00-04:00,264.40404516990714,265.2508321267672,264.3139561868012,264.72833251953125,57197700,262.531201171875,260.83854217529296,255.03317413330078,73.34227277345218,2.826880690304165,2.782962908522555,0.0439177817816101,265.0975038357152,256.5795805148707,260.83854217529296,1.8044019740999904,0.0015678257539308849,0.0015665979982373488,56404650.0
2019-04-30 00:00:00-04:00,264.3859925010435,265.1517075672727,262.9717027806485,264.8634338378906,81111700,262.8960327148437,261.20743255615236,255.3550668334961,73.64289119292403,2.828269969170435,2.792024320652131,0.03624564851830403,265.5185780503343,256.8962870619704,261.20743255615236,1.8312307464231468,0.000510339475467303,0.000510209296565598,56579340.0
2019-05-01 00:00:00-04:00,265.4940523837412,265.7012542994581,262.86360248304516,262.87261962890625,71671900,263.04466552734374,261.470475769043,255.62853332519532,62.464450667886936,2.6383160488284148,2.761282666287388,-0.1229666174589732,265.5050760290734,257.4358755090126,261.470475769043,1.9031179657081343,-0.007516379970376907,-0.007544770305470516,58159415.0
2019-05-02 00:00:00-04:00,262.75559336209204,263.6744628214465,260.8097861138976,262.30517578125,65030200,263.2005218505859,261.68487854003905,255.88060363769532,59.68357199979012,2.4141592966241205,2.6918579923547346,-0.277698695730614,265.40621394189026,257.96354313818784,261.68487854003905,1.9718007329824776,-0.0021586266704280987,-0.0021609598632454266,57998765.0
2019-05-03 00:00:00-04:00,263.7824949736138,265.1517541920076,262.4132082639191,264.87249755859375,56543700,263.5617614746094,261.99341583251953,256.2017803955078,66.86999414188432,2.415826720336156,2.636651737951019,-0.22082501761486295,265.69745821795806,258.289373447081,261.99341583251953,2.034284852823559,0.009787537625581377,0.009739949938102111,58376075.0
2019-05-06 00:00:00-04:00,260.56651379565,264.2239015566236,260.25121605943474,263.7825012207031,107198100,263.79148254394534,262.18484649658205,256.4703042602539,61.83075847508212,2.302651042782145,2.569851598917244,-0.2672005561350992,265.8429303797749,258.5267626133892,262.18484649658205,2.2190703275618056,-0.004115173707868625,-0.004123664336805917,60804895.0
2019-05-07 00:00:00-04:00,261.377204151244,261.97175840097896,257.46758453143724,259.3773498535156,144729900,263.34556579589844,262.14610595703124,256.6439099121094,46.55983509757716,1.836331516344103,2.423147582402616,-0.5868160660585131,265.90451246835977,258.3876994457027,262.14610595703124,2.5116307819692403,-0.01669993781544199,-0.016840953955351186,65363075.0
2019-05-08 00:00:00-04:00,259.0170593261719,260.72864014867525,258.4225049894771,259.0170593261719,91568300,262.92217712402345,262.15601654052733,256.8138952636719,45.56854095800489,1.4213134804425067,2.2227807620105944,-0.8014672815680877,265.88016525255944,258.43186782849523,262.15601654052733,2.4969525231998775,-0.0013890593282228636,-0.0013900249654533806,66634375.0
2019-05-09 00:00:00-04:00,256.94515008492795,258.83688139411777,255.20651782330074,258.23333740234375,103471100,262.43662414550784,262.08259735107424,256.9703598022461,43.40376790591478,1.0174404671607817,1.9817127030406319,-0.9642722358798501,266.0475048294267,258.11768987272177,262.08259735107424,2.59078030746211,-0.003025754079159726,-0.003030340927820942,69177855.0
2019-05-10 00:00:00-04:00,257.2964675787668,260.2872461358025,254.30568902173113,259.5305480957031,112429300,261.9582855224609,262.07764129638673,257.1620965576172,47.822181580784395,0.7929021734084927,1.7439505971142042,-0.9510484237057115,266.0550289854531,258.1002536073204,262.07764129638673,2.832978650791343,0.005023405213317789,0.005010830009330329,72044665.0
2019-05-13 00:00:00-04:00,254.41381166197624,255.3776841385173,252.17071400422503,253.00848388671875,127290500,260.7863006591797,261.6587509155273,257.19218017578123,33.61354500911614,0.08766730922877741,1.412693939537119,-1.3250266303083416,267.26874793349305,256.0487538975616,261.6587509155273,3.1563254679832538,-0.025130237102490627,-0.02545139342180214,74922800.0
2019-05-14 00:00:00-04:00,254.02640467494984,256.82801528908266,253.90030209434335,255.2965850830078,77003200,259.8296157836914,261.3628242492676,257.28632293701173,40.313529001172164,-0.2833395950169688,1.0734872326263014,-1.3568268276432702,267.6220450498269,255.10360344870824,261.3628242492676,3.203697320439015,0.009043574986653535,0.009002926748834825,76293125.0
2019-05-15 00:00:00-04:00,253.66600357344205,257.4314854826764,253.45880172522786,256.7919006347656,73956400,259.22154388427737,261.1331047058105,257.41718658447263,44.271851770761415,-0.45150114726283164,0.7684895566484748,-1.2199907039113065,267.70161436562563,254.56459504599542,261.1331047058105,3.2586249230825532,0.005857170205671336,0.0058400836709594775,77383285.0
2019-05-16 00:00:00-04:00,257.4946294219541,260.5304384583781,257.4225747303499,259.1701965332031,76749600,258.90804595947264,261.0542839050293,257.6259320068359,49.95646595881288,-0.3883847288078073,0.5371146995572185,-0.9254994283650257,267.6770623807053,254.4315054293533,261.0542839050293,3.292904415977549,0.009261568969109124,0.009218943622156592,78307350.0
2019-05-17 00:00:00-04:00,256.8641218949481,259.98100350122996,256.846087599335,257.49468994140625,100353000,258.1702651977539,260.86601333618165,257.8427813720703,46.36799346051246,-0.46816715211252813,0.33605832922326917,-0.8042254813357973,267.6663869424732,254.0656397298901,260.86601333618165,3.281619522114506,-0.006464889150872066,-0.006485877051942446,79889575.0
2019-05-20 00:00:00-04:00,255.8912387080266,257.6028200496014,255.04445144059238,255.7921600341797,62877600,257.37123107910156,260.58135681152345,258.0354458618164,42.98884708526931,-0.6611538620917372,0.1366158909602679,-0.7977697530520051,267.7222993582166,253.44041426483028,260.58135681152345,3.2299587426069714,-0.006611902977937012,-0.006633858440202277,81025450.0
2019-05-21 00:00:00-04:00,257.4856778560646,258.4766019386151,257.23344513426133,258.0982666015625,46847100,257.2433227539062,260.29444427490233,258.20284149169925,48.467105848017724,-0.6208568418899745,-0.014878655609780564,-0.605978186280194,267.34977691293255,253.23911163687214,260.29444427490233,3.1909932541661448,0.009015548275891794,0.008975150842330923,80755475.0
2019-05-22 00:00:00-04:00,257.14333727037746,258.2603637668367,256.82803955212853,257.30548095703125,49482500,257.07216491699216,259.99717102050784,258.3355462646484,46.80212449413538,-0.6454519704479367,-0.1409933185774118,-0.5044586518705249,267.03015281218273,252.96418922883294,259.99717102050784,3.065374037062003,-0.0030716426536684382,-0.0030763698305784006,80709955.0
2019-05-23 00:00:00-04:00,255.0803864030303,255.12541714671232,252.74722755959448,254.1615447998047,98733800,256.6649856567383,259.55080490112306,258.3721896362305,40.81420139191031,-0.9081644059863265,-0.29442753605919475,-0.6137368699271317,266.86961981008506,252.23198999216103,259.55080490112306,3.1720082770887723,-0.012218690972041868,-0.012293952872856654,82758100.0
2019-05-24 00:00:00-04:00,255.6028919720907,256.01729582994847,254.11651984904475,254.73809814453125,55268100,256.1857406616211,259.072013092041,258.42359130859376,42.27281901942323,-1.057650925920143,-0.4470722140313844,-0.6105787118887586,266.3344530516485,251.80957313243348,259.072013092041,3.0812059702184116,0.0022684523151632607,0.002265883261660195,82975685.0
2019-05-28 00:00:00-04:00,255.01738417734387,255.97226710547216,252.35092019830472,252.36892700195312,70029400,256.12178497314454,258.4540428161621,258.40269256591796,38.11589842908497,-1.3517107016190835,-0.6279999115489243,-0.7237107900701591,265.7890934535121,251.11899217881205,258.4540428161621,3.119787465714771,-0.00930041937124737,-0.009343938311253967,83617270.0
2019-05-29 00:00:00-04:00,251.2518863252841,251.65724556949357,249.2700383825875,250.6753387451172,104972900,255.65966033935547,257.74463806152346,258.3295443725586,35.43351511598898,-1.701796361739099,-0.8427592015869593,-0.8590371601521397,265.20624219066144,250.2830339323855,257.74463806152346,3.1182946909755462,-0.006710763789168239,-0.006733382212542251,84810330.0
2019-05-30 00:00:00-04:00,251.4320400543578,252.26983748575273,250.26096556764537,251.3599853515625,62523800,255.11646881103516,257.16900634765625,258.2688287353516,37.352886659221625,-1.9020706241481662,-1.0546214860992007,-0.8474491380489655,264.73495954300506,249.60305315230747,257.16900634765625,3.039050207199247,0.0027312084621990973,0.002727485489635931,84352925.0
2019-05-31 00:00:00-04:00,248.81063679481224,249.63938959568011,247.94581540525135,247.97283935546875,86862800,253.99673309326172,256.4523895263672,258.15568481445314,32.245759625576184,-2.3075043208904162,-1.3051980530574439,-1.0023062678329724,264.6271885611762,248.27759049155821,256.4523895263672,3.0658444742786686,-0.01347527925479608,-0.013566894791164942,85444555.0
2019-06-03 00:00:00-04:00,248.0088483932753,249.12587484626778,246.0089938617991,247.3422393798828,96428000,252.9814880371094,255.57587661743165,257.9726351928711,31.38539064215007,-2.649159730112501,-1.5739903884684554,-1.0751693416440458,263.71059007426686,247.44116316059643,255.57587661743165,3.069489939292241,-0.002543020345393443,-0.002546259313972577,87438770.0
2019-06-04 00:00:00-04:00,249.639346792,252.84631662733304,249.18892937140495,252.71119689941406,77231900,252.67339172363282,255.02231140136718,257.99569549560545,44.872057222396236,-2.458355707516347,-1.750863452278034,-0.7074922552383129,262.31061475212243,247.73400805061192,255.02231140136718,3.2433890327320967,0.02170659379890738,0.021474360346894147,85940460.0
2019-06-05 00:00:00-04:00,254.3326771964583,254.92723146390156,252.52201794105454,254.90020751953125,71169700,252.35358581542968,254.79845428466797,258.06631927490236,49.25182457968947,-2.1062279969542885,-1.821936361213285,-0.28429163574100347,261.807635947708,247.78927262162796,254.79845428466797,3.1835193534545914,0.008662103804559562,0.008624803030743632,82262450.0
2019-06-06 00:00:00-04:00,255.19749740805958,257.2333653557435,254.54889525439398,256.5577392578125,69430400,252.2788116455078,254.67548828125,258.132619934082,52.339532568873125,-1.6741171107313448,-1.792372511116897,0.11825540038555227,261.46723592509073,247.8837406374093,254.67548828125,3.1478729783042287,0.006502669238330316,0.006481618094520759,81155555.0
2019-06-07 00:00:00-04:00,257.5757458007118,260.2061961055513,257.4045849508437,259.12518310546875,74272200,252.77517547607422,254.72008056640624,258.2767529296875,56.73106210739549,-1.1116801025016798,-1.6562340293938538,0.544553926892174,261.61559946653813,247.82456166627432,254.72008056640624,3.183628968978129,0.010007274990353254,0.009957533787972681,79695610.0
2019-06-10 00:00:00-04:00,260.6745984921607,261.9808201331554,260.2241810285488,260.31427001953125,60799100,253.33279266357422,254.75926666259767,258.4255709838867,58.632215263550805,-0.5634996715417913,-1.4376871578234414,0.8741874862816501,261.77160651880433,247.746926806391,254.75926666259767,3.160200973171596,0.004588851225542756,0.004578354547304482,77114100.0
2019-06-11 00:00:00-04:00,262.1339317774846,262.50327737561093,259.60258797515644,260.2511901855469,58641300,254.1210189819336,255.12140197753905,258.54123779296873,58.48540716522727,-0.1326239397795348,-1.1766745142146602,1.0440505744351254,262.4744652197773,247.76833873530077,255.12140197753905,3.1416644322632314,-0.00024232184420636127,-0.00024235120888834946,73681640.0
2019-06-12 00:00:00-04:00,260.01698727953396,260.57550049432666,259.2782960961573,259.7917785644531,47096300,255.03266296386718,255.34616165161134,258.58736083984377,57.358959312485275,0.16981992518662992,-0.9073756263344022,1.077195551521032,262.97648386424623,247.71583943897642,255.34616165161134,3.0099172869708117,-0.0017652623250875576,-0.0017668222366648086,72186295.0
2019-06-13 00:00:00-04:00,260.7017173359757,261.22421717908406,259.99906693662774,260.8638610839844,48945200,255.98305053710936,255.54975967407228,258.65240295410155,59.32763389141829,0.490364351716039,-0.627827630724314,1.118191982440353,263.5326775374446,247.5668418106999,255.54975967407228,2.897240238946535,0.004126699179840543,0.004118207709925312,70935735.0
2019-06-14 00:00:00-04:00,260.5755615234375,261.1791056260825,259.80984621456577,260.5755615234375,52324700,257.2433227539062,255.620027923584,258.70357177734377,58.54486173082987,0.7129166941474523,-0.3596787657499607,1.072595459897413,263.7525214736225,247.48753437354551,255.620027923584,2.7880987512729782,-0.0011051724809595376,-0.0011057836343940058,69714490.0
2019-06-17 00:00:00-04:00,260.8096802680297,261.44027562181344,260.5033997363136,260.674560546875,39205700,258.5765548706055,255.7790214538574,258.74302795410154,58.74614814428659,0.8870540162223506,-0.11033220935549848,0.9973862255778491,264.17206166837514,247.38598123933969,255.7790214538574,2.6558685465748963,0.00037992443673040555,0.0003798522837161435,66657125.0
2019-06-18 00:00:00-04:00,262.4942892335855,264.4581026767264,262.1339332880597,263.40411376953125,85434800,259.6458465576172,256.159619140625,258.8120324707031,63.94436697452316,1.2311196508094895,0.15795816267749913,1.0731614881319904,265.18691539619743,247.13232288505262,256.159619140625,2.736416659666076,0.01047111469922446,0.010416672296344357,67784985.0
2019-06-19 00:00:00-04:00,263.5392835877693,264.5302076436877,262.56639382733385,263.99871826171875,78674400,260.5556976318359,256.4546417236328,258.8889636230469,64.9795868954545,1.534089726847867,0.4331844755115727,1.1009052513362945,266.0818193265671,246.8274641206985,256.4546417236328,2.6812307422866293,0.0022573849879494734,0.0022548409223618502,69376350.0
2019-06-20 00:00:00-04:00,266.6831672665671,266.9263827888443,264.06173445016157,266.52099609375,116570000,261.55202331542966,256.91541748046876,259.0430065917969,69.04032771464362,1.955184288956218,0.7375844382005018,1.2175998507557164,267.4962871983524,246.33454776258515,256.91541748046876,2.69883315548941,0.009554129083046314,0.009508777029205556,72730725.0
2019-06-21 00:00:00-04:00,266.251288502116,267.50952485915224,265.9163628738044,266.13360595703125,83309500,262.25286560058595,257.5140205383301,259.17164428710936,67.7411255539338,2.231917461594037,1.0364510428792089,1.195466418714828,268.7389810421772,246.289060034483,257.5140205383301,2.619856643336439,-0.0014535070121923788,-0.0014545643782264556,71959510.0
2019-06-24 00:00:00-04:00,266.34178300435536,266.6585865868795,265.65380982514523,265.8077087402344,47582700,262.8022094726563,258.06750106811523,259.295205078125,66.60558843453391,2.3972987452370944,1.308620583350786,1.0886781618863084,269.7717857235876,246.3632164126429,258.06750106811523,2.50449379465057,-0.001224562435942378,-0.001225312825183678,71575240.0
2019-06-25 00:00:00-04:00,265.8620215575545,265.8891769398379,263.0920620646163,263.20068359375,82028700,263.09715881347654,258.6090888977051,259.33149291992186,58.20079412370222,2.2915835142379706,1.505213169528223,0.7863703447097476,270.21047558544524,247.00770220996492,258.6090888977051,2.5253953004056444,-0.009807936567528763,-0.009856351202597839,72175205.0
2019-06-26 00:00:00-04:00,264.0968777608522,264.6037967215319,262.8295803591529,262.9382019042969,51584900,263.41180114746095,259.22223205566405,259.36595458984374,57.415229351337864,2.1617045686926986,1.6365114493611181,0.5251931193315804,270.3688800064113,248.0755841049168,259.22223205566405,2.4717396619751724,-0.0009972682664390886,-0.000997765869293244,69505805.0
2019-06-27 00:00:00-04:00,263.6985816288529,264.377493914319,263.31840621899835,263.8705749511719,40355200,263.7124725341797,259.8477615356445,259.41564025878904,59.50605838799081,2.1096900872476,1.7311471769384146,0.3785429103091853,270.55481741969646,249.14070565159253,259.8477615356445,2.397993401121384,0.0035459778766355754,0.003539705719997398,68397375.0
2019-06-28 00:00:00-04:00,264.84822100220697,265.7262820776857,264.3322686125038,265.2284240722656,59350900,264.1777587890625,260.7105407714844,259.5052764892578,62.401292050868555,2.153214396775354,1.8155606209058024,0.3376537758695517,270.1578178487474,251.2632636942213,260.7105407714844,2.359258667220845,0.005145890637275441,0.005132695788856537,67021780.0
2019-07-01 00:00:00-04:00,268.55960231230983,268.7768730392971,266.43233818876865,267.63629150390625,78705600,264.8739318847656,261.72524337768556,259.63280029296874,66.91826588320707,2.354857176316557,1.9234199319879535,0.4314372443286034,269.4053128357467,254.04517391962438,261.72524337768556,2.444200831493031,0.009078466759598003,0.009037505205663682,66135660.0
2019-07-02 00:00:00-04:00,267.59102884896026,268.38762376676675,266.74918415742064,268.33331298828125,61504500,265.3668518066406,262.50634918212893,259.7697607421875,68.11251040810016,2.5416062852370374,2.0470572026377702,0.4945490825992671,269.5081826407962,255.50451572346165,262.50634918212893,2.3866464584825358,0.0026043608677219776,0.0026009753966755927,65349290.0
2019-07-03 00:00:00-04:00,269.01219161006856,270.4967597025448,268.8673536772652,270.4786376953125,40898900,266.01484375,263.28527069091797,259.90260314941406,71.52029427647997,2.830092529137403,2.2036642679376968,0.6264282611997061,270.19465529048136,256.3758860913546,263.28527069091797,2.3707036196097517,0.007994999514372436,0.007963208837638375,63835750.0
2019-07-05 00:00:00-04:00,269.2475267615392,270.333797324257,267.95307413888946,270.17083740234375,51677300,266.37982788085935,263.9659255981445,260.0410009765625,70.35850071037612,2.9993088788609157,2.362793190122341,0.6365156887385748,270.77156304694915,257.16028814933986,263.9659255981445,2.3817650436678437,-0.0011379837446366947,-0.0011386317397901725,62948095.0
2019-07-08 00:00:00-04:00,268.8583641963323,269.9898848326591,268.14323541916946,268.6863708496094,45841800,266.6351043701172,264.44398498535156,260.1529510498047,64.88424591820588,2.979286648610014,2.4860918818198754,0.4931947667901384,271.16503409037387,257.72293588032926,264.44398498535156,2.356467682204019,-0.005494547698068786,-0.005509698247702653,61526575.0
2019-07-09 00:00:00-04:00,267.5276691801684,269.31998001630495,267.47335840483174,269.0212707519531,41101300,266.9564605712891,264.8793350219727,260.2470977783203,65.53573440744464,2.956363393203162,2.5801461840965327,0.37621720910662937,271.60196711904746,258.1567029248979,264.8793350219727,2.320050105723247,0.0012464342768290226,0.0012456581225090816,60541685.0
2019-07-10 00:00:00-04:00,270.0894280343671,271.2571649910291,269.555353643339,270.3066711425781,58448500,267.66705932617185,265.3821090698242,260.35866455078127,67.99040393679775,3.007251889293798,2.665567325135986,0.3416845641578119,272.14893298416297,258.6152851554854,265.3821090698242,2.3140389723912973,0.004778062296085794,0.004766683587490246,60532045.0
2019-07-11 00:00:00-04:00,270.9493075836309,271.18464500017757,269.9354699046471,270.94024658203125,50826100,268.46726379394534,265.9395324707031,260.4802008056641,69.15649461218078,3.0633927473349445,2.745132409575778,0.3182603377591664,272.60850855293205,259.2705563884742,265.9395324707031,2.2379772669012374,0.002343913440149281,0.0023411707599424194,60718535.0
2019-07-12 00:00:00-04:00,271.4290973293695,272.2256920471457,271.12132712023003,272.15325927734375,40326000,269.2955322265625,266.5040023803711,260.66581359863284,71.31133064925929,3.1692318369096597,2.829952295042555,0.33927954186710485,273.2693796078419,259.7386251529003,266.5040023803711,2.169939281059323,0.00447704876117494,0.0044670565908920355,60287575.0
2019-07-15 00:00:00-04:00,272.58782210519985,272.58782210519985,271.7369164693559,272.24383544921875,33900000,269.9970733642578,267.08741607666013,260.86458679199217,71.47160393998222,3.2232630480147577,2.9086144456369953,0.3146486023777624,273.71830571521735,260.4565264381029,267.08741607666013,2.0757225921153686,0.000332813107274621,0.000332757737277334,59366340.0
2019-07-16 00:00:00-04:00,272.15322575697263,272.3614354132492,271.05792196743965,271.3656921386719,36650100,270.37001342773436,267.62197265625,260.99445068359375,67.53248067751755,3.1588115328196977,2.958653863073536,0.20015766974616156,273.8075591648175,261.4363861476825,267.62197265625,2.0205647959506656,-0.0032255764730094727,-0.0032307898586023285,59238560.0
2019-07-17 00:00:00-04:00,271.3386591329703,271.50159148092774,269.5191650390625,269.5191650390625,36036300,270.4885986328125,267.92772521972654,261.10918395996094,60.03914001330779,2.9250161721388395,2.951926324886597,-0.026910152747757543,273.8479737790784,262.00747666037466,267.92772521972654,2.0178406278017067,-0.006804570928095721,-0.006827827581929343,56768635.0
2019-07-18 00:00:00-04:00,269.0211364431302,270.88587913208465,268.5775894576505,270.50567626953125,51392600,270.4913024902344,268.25307312011716,261.3317504882813,62.43715702718653,2.7872057036982483,2.9189822006489274,-0.13177649695067917,273.98610767148494,262.5200385687494,268.25307312011716,2.0385869882754526,0.003660263752767845,0.003653581288820855,55404545.0
2019-07-19 00:00:00-04:00,271.60117132788554,271.6283267183781,268.8312109975781,269.0032043457031,58678600,270.3745391845703,268.37718353271487,261.5314733886719,56.84242785346123,2.5276162008402707,2.840709000687196,-0.3130927998469253,274.06212792955654,262.6922391358732,268.37718353271487,2.0927676120272047,-0.005554308303427513,-0.005569790830224888,52509975.0
2019-07-22 00:00:00-04:00,269.40141995777003,270.2070757552025,268.88546764229045,269.6639404296875,43638100,270.4722961425781,268.55370025634767,261.76008544921876,58.59933810140599,2.3481376602769046,2.742194732605138,-0.3940570723282333,274.16782358729193,262.9395769254034,268.55370025634767,2.037684790661835,0.002456238711324943,0.0024532270875246517,50526405.0
2019-07-23 00:00:00-04:00,270.7864433136411,271.5920715332031,269.953632082453,271.5920715332031,44564500,270.7293762207031,268.8429183959961,262.0013159179687,63.295136112548285,2.3345721947566744,2.6606702250354455,-0.32609803027877104,274.4573674667186,263.2284693252736,268.8429183959961,2.029859527294249,0.007150125821210329,0.007124684870263521,50375495.0
2019-07-24 00:00:00-04:00,270.8317017841682,272.8684387207031,270.7411746175419,272.8684387207031,47213200,270.9855529785156,269.32630615234376,262.3985150146484,66.04101032098711,2.3991576347934256,2.6083677069870417,-0.2092100721936161,274.56666716471494,264.0859451399726,269.32630615234376,2.0368169969990326,0.004699574550518282,0.004688566026818515,48634720.0
2019-07-25 00:00:00-04:00,272.41578587292383,272.4700966389974,270.75922463265556,271.56488037109375,55394100,271.0480163574219,269.7576400756836,262.7238809204102,61.02023888006985,2.3184303746278374,2.550380240515201,-0.23194986588736377,274.18006649746525,265.3352136539019,269.7576400756836,2.0419882177882136,-0.00477724120723122,-0.004788688696837893,48825180.0
2019-07-26 00:00:00-04:00,272.25287897362153,273.5835481165805,272.126135424287,273.3843994140625,45084100,271.17113037109374,270.23333129882815,263.0557308959961,65.01796159666574,2.3739084804941513,2.5150858885109915,-0.1411774080168402,274.0217209831955,266.4449416144608,270.23333129882815,2.0403224697666817,0.006700126468792256,0.006677780380323425,49061625.0
2019-07-29 00:00:00-04:00,273.2667386978963,273.38442125310485,272.33436688549176,272.88653564453125,38126500,271.235400390625,270.6162368774414,263.33005767822266,63.11067941530031,2.350605516518044,2.4821898141124024,-0.1315842975943582,273.8042627654794,267.4282109894034,270.6162368774414,1.9695890338985678,-0.0018211125821309126,-0.0018227728236132714,48000405.0
2019-07-30 00:00:00-04:00,271.4834517363673,272.6240332315374,271.10324869630654,272.2166748046875,45849000,271.32049865722655,270.84525604248046,263.62449737548826,60.53752975057736,2.252124488953598,2.4361767490806416,-0.1840522601270438,273.7931324606708,267.8973796242901,270.84525604248046,1.9562817420647212,-0.0024547229428583117,-0.0024577407147622467,46357575.0
2019-07-31 00:00:00-04:00,272.4610628992389,272.6511782245278,267.2198800736409,269.2384948730469,104245200,271.292431640625,270.89051513671876,263.89342407226565,50.64990733502255,1.9117261453012588,2.331286628324765,-0.41956048302350624,273.7076318442922,268.0733984291453,270.89051513671876,2.2044971998377343,-0.010940475758060897,-0.011000762879405428,48494610.0
2019-08-01 00:00:00-04:00,269.3923878679063,272.35243534985585,266.0973871356964,266.89398193359375,142646600,270.93126220703124,270.71128234863284,264.06933837890625,44.48947934129913,1.4362195601437975,2.1522732146885715,-0.716053654544774,274.0231060000638,267.39945869720185,270.71128234863284,2.493822272289285,-0.008707941041486755,-0.008746076710251578,53581995.0
2019-08-02 00:00:00-04:00,265.99785609649547,266.24225458999433,263.32745655172783,264.8844299316406,116749700,270.519384765625,270.4469619750977,264.2209173583984,39.99881444565361,0.8869983487090849,1.8992182414926742,-1.0122198927835893,274.6207780381989,266.27314591199644,270.4469619750977,2.57044392297333,-0.007529401702482508,-0.007557890741181886,56835615.0
2019-08-05 00:00:00-04:00,260.783689110787,260.8923106170289,255.01746727943436,256.9184265136719,178745400,269.2448333740234,269.85856475830076,264.27605499267577,27.95355236284138,-0.1888760736342192,1.4815993784672956,-1.6704754521015148,277.07106872804985,262.64606078855167,269.85856475830076,3.0916238322042537,-0.030073505717284177,-0.030534989446072535,63480795.0
2019-08-06 00:00:00-04:00,258.8103654742626,260.73848038847234,257.334858657285,260.5212097167969,120711700,268.1377471923828,269.43356170654295,264.39171722412107,37.16916645761266,-0.7422436866324347,1.0368307654473496,-1.7790744520797843,277.71575530010495,261.15136811298095,269.43356170654295,3.1436545495325547,0.014023062697424926,0.013925649187883637,67461315.0
2019-08-07 00:00:00-04:00,257.4434211251954,261.4444879419177,255.30712465631177,260.675048828125,140572300,266.918408203125,268.9519805908203,264.5578396606445,37.5365763195686,-1.1550631274039347,0.5984519868770928,-1.7535151142810275,278.05455686284245,259.8494043187982,268.9519805908203,3.3574908878235115,0.000590505131982777,0.0005903308524325988,71567505.0
2019-08-08 00:00:00-04:00,262.16868632785787,265.78955078125,261.61651775871724,265.78955078125,87713900,266.34087524414065,268.69444580078124,264.86012390136716,48.35013103009131,-1.0573395918342499,0.2672936711348243,-1.324633262969074,277.8487426195101,259.54014898205236,268.69444580078124,3.4829916782021892,0.01962022056241075,0.019430225181168697,73411895.0
2019-08-09 00:00:00-04:00,264.8482175889276,265.4456637627405,262.19594001239,263.9792175292969,93730000,265.4003570556641,268.2857437133789,265.11250854492187,45.356992546976535,-1.1131401627906143,-0.008793095650263455,-1.1043470671403508,277.51542399265793,259.0560634340999,268.2857437133789,3.4908930418206046,-0.0068111528336306515,-0.006834454603310542,76082095.0
2019-08-12 00:00:00-04:00,262.47653060747723,263.97013209125237,259.8151922727457,260.76568603515625,65527600,264.1882720947266,267.71183624267576,265.3683654785156,40.55736436004574,-1.4005232915592956,-0.2871391348320699,-1.1133841567272258,277.3059216277915,258.11775085756,267.71183624267576,3.538973914301358,-0.01217342609095351,-0.01224812912262036,77663475.0
2019-08-13 00:00:00-04:00,260.46692626244254,266.26936599228577,260.1229396524817,264.8210144042969,94299800,263.4487060546875,267.38460235595704,265.7179409790039,48.031059164505336,-1.2862186559729594,-0.4869550390602478,-0.7992636169127116,276.904023762163,257.8651809497511,267.38460235595704,3.72522051612298,0.015551618124302946,0.015431931001833767,80545960.0
2019-08-14 00:00:00-04:00,260.7656080106551,261.3720873263827,256.8641288378296,256.9908447265625,135622100,262.22394104003905,266.75818634033203,265.80353393554685,38.07646145369259,-1.8066348997519412,-0.7508910111985865,-1.0557438885533548,277.23409030001517,256.2822823806489,266.75818634033203,4.027482305433288,-0.029567780696513002,-0.03001371981826452,85525250.0
2019-08-15 00:00:00-04:00,257.8780400292399,258.5660133001021,255.62406014182483,257.6698303222656,99556600,261.30152587890626,266.11639404296875,265.8589263916016,39.252187834163855,-2.1396158990696676,-1.0286359887728027,-1.110979910296865,277.15305482551616,255.07973326042134,266.11639404296875,3.9499445092078576,0.0026420614182796065,0.0026385773094809942,87933450.0
2019-08-16 00:00:00-04:00,259.3263521875103,261.90619630989795,257.7241018009672,261.4717102050781,83018300,260.96025390625,265.7398193359375,265.9572058105469,45.49279601419354,-2.072831495928199,-1.237475090203882,-0.8353564057243168,276.8703417870678,254.60929688480724,265.7398193359375,3.9704031862381766,0.014754850725277047,0.014647056942520047,89150435.0
2019-08-19 00:00:00-04:00,264.4952017841978,265.3008300750685,263.81628943373863,264.6219177246094,53571800,261.73060302734376,265.4877182006836,266.0671405029297,50.06983615677446,-1.745586916456773,-1.3390974554544604,-0.40648946100231265,276.47882850112046,254.49660790024677,265.4877182006836,3.960311520791906,0.012047986059602778,0.011975986796064243,89647120.0
2019-08-20 00:00:00-04:00,264.114995296604,264.6490696903885,262.4675223424774,262.59423828125,51596400,261.9379058837891,265.03782653808594,266.11273986816406,47.31572698495352,-1.6310581910823885,-1.397489602580046,-0.2335685885023424,275.7250485761674,254.35060450000447,265.03782653808594,3.8332569370147036,-0.007662552901115172,-0.0076920610949762925,89998715.0
2019-08-21 00:00:00-04:00,264.7577462117834,265.10170529540915,264.0697727944984,264.7305908203125,49524700,262.3434600830078,264.6309341430664,266.2023278808594,50.41066242710984,-1.3523188653387024,-1.3884554551317776,0.03613658979307521,274.6962036642019,254.56566462193086,264.6309341430664,3.7385576568107353,0.008135565170985792,0.008102649863237879,90114290.0
2019-08-22 00:00:00-04:00,265.4365786995359,266.07021351807236,262.87480116707053,264.6490173339844,51666400,262.2294067382812,264.28514099121094,266.29947265625,50.2891820976444,-1.1250295991742973,-1.3357702839402816,0.2107406847659843,273.83582171351253,254.73446026890934,264.28514099121094,3.699761563538671,-0.00030813774137461447,-0.0003081852255631418,89927905.0
2019-08-23 00:00:00-04:00,263.34556116445606,265.0111559870093,256.60168809011344,257.85089111328125,149161500,261.6165740966797,263.5084655761719,266.2392132568359,41.34684874465813,-1.4764337803360945,-1.3639029832194443,-0.11253079711665026,272.4819385374729,254.5349926148709,263.5084655761719,4.036169158778471,-0.025687328406452936,-0.0260230087916858,95131775.0
2019-08-26 00:00:00-04:00,260.04151360481694,260.70233154296875,258.5116956298589,260.70233154296875,72423800,261.61023864746096,262.8992553710938,266.24174865722654,45.70772799907221,-1.5074596568799734,-1.3926143179515502,-0.11484533892842319,270.838015141509,254.9604956006785,262.8992553710938,3.9515456781291163,0.01105848584573943,0.010997787866342442,96846640.0
2019-08-27 00:00:00-04:00,262.0963526786402,262.46749470133955,258.9190344141973,259.6794128417969,66668900,261.09607849121096,262.2723922729492,266.221845703125,44.43148024021957,-1.5961890046145868,-1.4333292552841574,-0.16285974933042935,269.06670559509547,255.47807895080294,262.2723922729492,3.9227538644871958,-0.003923703693471836,-0.003931421613979394,97887635.0
2019-08-28 00:00:00-04:00,259.0185898937804,261.67086686459277,258.21293417482644,261.5079345703125,59696700,261.54778747558595,261.8858642578125,266.1839221191406,47.26600170011644,-1.5016511305693712,-1.4469936303412003,-0.05465750022817084,267.8839172687786,255.88781124684644,261.8858642578125,3.8895523520071333,0.007041458190717664,0.007016782889676699,95660210.0
2019-08-29 00:00:00-04:00,264.0696718566362,265.37318539901827,263.0648675062555,264.84814453125,57899400,262.2656188964844,261.7835723876953,266.20091064453123,52.07516850217711,-1.1440146667774798,-1.3863978376284563,0.2423831708509765,267.49965126821957,256.06749350717104,261.7835723876953,3.8878165289141786,0.012772881887602505,0.012691996661869319,91422850.0
2019-08-30 00:00:00-04:00,266.3328141671288,266.3509085531038,263.79821887978943,264.7305908203125,62901200,262.5915069580078,261.77588043212893,266.1651025390625,51.895794884157226,-0.8601554579352069,-1.2811493616898064,0.42099390375459955,267.47563842089676,256.0761224433611,261.77588043212893,3.792450324942764,-0.0004438532546473528,-0.0004439517866600984,88730425.0
2019-09-03 00:00:00-04:00,263.0287458637237,263.94299567707674,261.8519479244874,263.1826171875,69101400,262.44757690429685,262.08908996582034,266.10608276367185,49.47888908830097,-0.751441376611524,-1.1752077646741501,0.4237663880626261,267.3589713903248,256.81920854131585,262.08908996582034,3.7271783657200754,-0.005847354580427733,-0.0058645172952449184,83248225.0
2019-09-04 00:00:00-04:00,265.35511068657013,266.1878941850872,264.60376571235577,266.1697998046875,46887300,262.8051330566406,262.3715194702148,266.11332458496094,53.93711047021656,-0.4194093220482955,-1.0240480761489792,0.6046387541006837,267.8752794024136,256.86775953801606,262.3715194702148,3.675613982282013,0.011350227644629562,0.011286297106801842,79557005.0
2019-09-05 00:00:00-04:00,268.6591809547892,270.50580250609715,266.13361948386745,269.591552734375,83258100,263.2912292480469,262.81734466552734,266.24114196777344,58.45916240215968,0.11846969312074407,-0.7955445222950346,0.9140142154157787,269.0900240381237,256.544665292931,262.81734466552734,3.725368913706848,0.012855526555598518,0.012773595703132159,76691295.0
2019-09-06 00:00:00-04:00,269.90827070857443,270.44234484116004,269.22935869893166,269.79962158203125,49584300,263.80628967285156,263.0178482055664,266.3783703613281,58.724512757725115,0.5551328786860381,-0.5254090420988201,1.0805419207848583,269.88584181229055,256.14985459884224,263.0178482055664,3.5459130014583855,0.0007717929050294892,0.0007714952260398702,74784815.0
2019-09-09 00:00:00-04:00,270.78645251784974,270.876952059632,268.9941140653553,269.935546875,51260300,265.01475524902344,263.31566467285154,266.4996697998047,58.90917037772397,0.9017646528137107,-0.23997430311631396,1.1417389559300246,270.8123721081296,255.8189572375735,263.31566467285154,3.4271219295168374,0.0005038009029505464,0.0005036740378836746,72661330.0
2019-09-10 00:00:00-04:00,269.175066700084,269.9354725918967,267.91683059042794,269.8721008300781,57947100,265.9317321777344,263.77098541259767,266.59254333496096,58.77698868254284,1.1580045104092846,0.03962145958880575,1.1183830508204788,271.68731330324226,255.85465752195307,263.77098541259767,3.3265215263064967,-0.0002350414595497785,-0.00023506908612264363,72282305.0
2019-09-11 00:00:00-04:00,270.1799754671858,271.8727259373139,269.5282184686589,271.791259765625,68821100,267.1429168701172,264.11949768066404,266.67564270019534,61.5848883283885,1.498660900701168,0.3314293478112782,1.1672315528898898,272.769749239498,255.46924612183005,264.11949768066404,3.256377665045673,0.007111364715522317,0.007086198203189855,71008370.0
2019-09-12 00:00:00-04:00,272.69641910988423,273.79172313296596,271.9360407085292,272.7326354980469,72908700,268.2653869628906,264.9065872192383,266.7636291503906,62.91911227378941,1.8235736763002137,0.6298582135090653,1.1937154627911484,273.6828336998483,256.1303407386283,264.9065872192383,3.166669500923907,0.0034635982526944886,0.00345761381075377,67872700.0
2019-09-13 00:00:00-04:00,273.1761761691998,273.52922378912524,272.1804327059594,272.55157470703125,62104800,269.0357299804688,265.6506744384766,266.805087890625,62.46970285610836,2.0429099054629205,0.9124685518998364,1.130441353563084,274.3697842433597,256.9315646335935,265.6506744384766,3.036821042512617,-0.0006638765129262092,-0.0006640969765175502,66000110.0
2019-09-16 00:00:00-04:00,271.4200714477773,272.5968692967688,271.0670514305876,271.7097473144531,58191200,269.7336456298828,266.16257629394534,266.8358660888672,60.31269541296786,2.1243191829720445,1.154838678114278,0.9694805048577664,275.040888417404,257.28426417048667,266.16257629394534,2.9291779584889435,-0.0030886902542500705,-0.003093470102845439,64758755.0
2019-09-17 00:00:00-04:00,271.5106744009053,272.4882961925736,271.3386810336181,272.3977966308594,41475500,270.65516357421876,266.55137023925784,266.9100946044922,61.48330588752221,2.2187797397882605,1.3676268904490747,0.8511528493391858,275.7991079084624,257.30363257005325,266.55137023925784,2.8020663299508404,0.002532295301169052,0.0025290944439612306,64153940.0
2019-09-18 00:00:00-04:00,272.0085030211567,272.6693210251948,269.9717658529061,272.5606994628906,73375800,271.29425354003905,267.04969329833983,266.98088317871094,61.77081367087863,2.280497157059415,1.5502009437711428,0.730296213288272,276.4634054986654,257.63598109801427,267.04969329833983,2.794601247260686,0.0005980328550601044,0.000597854104674424,65242910.0
2019-09-19 00:00:00-04:00,272.9498388074487,273.94558214926315,272.20755489582285,272.54248046875,76560500,271.58934631347654,267.4402877807617,267.02559936523437,61.71532886200608,2.301409320265691,1.7004426190700523,0.6009667011956386,277.08218676959837,257.79838879192505,267.4402877807617,2.719131676273515,-6.684380461496886e-05,-6.684603876163636e-05,66594700.0
2019-09-20 00:00:00-04:00,273.14641599012,273.42835453717225,270.4637120181929,271.2548828125,89565000,271.73487243652346,267.7705810546875,267.0318920898437,57.766168241453784,2.1888522639285384,1.7981245480417498,0.39072771588678856,277.45984472297255,258.0813173864025,267.7705810546875,2.736668165038218,-0.004724392520518039,-0.0047355877371776526,68489630.0
2019-09-23 00:00:00-04:00,270.5909570013887,271.90959322004414,270.336327054296,271.191162109375,43476800,271.8604339599609,268.4375946044922,267.01265014648436,57.56983591758318,2.070639217672351,1.85262748196787,0.21801173570448107,277.0841099358072,259.79107927317716,268.4375946044922,2.653568022231783,-0.0002349108058971039,-0.0002349384017622634,63205395.0
2019-09-24 00:00:00-04:00,272.2824740494429,272.673507976676,268.09924360560893,269.0632019042969,94869400,271.7795440673828,268.8556381225586,266.94903747558595,51.29939454373732,1.78467331928681,1.8390366494316581,-0.054363330144848065,276.74072555487004,260.9705506902472,268.8556381225586,2.790760618577159,-0.007846716642704976,-0.007877664120772386,64327675.0
2019-09-25 00:00:00-04:00,269.1449700706574,271.1001669203276,267.66264939196464,270.6545715332031,71854000,271.66587524414064,269.4043960571289,266.93481506347655,55.22686453940732,1.6672346705010455,1.8046762536455356,-0.13744158314449018,276.0959334690177,262.7128586452401,269.4043960571289,2.836957540704715,0.0059144826109378545,0.005897060719226146,64586930.0
2019-09-26 00:00:00-04:00,270.6637140924757,270.87285754850967,268.6812361680686,270.0907897949219,56179700,271.4016906738281,269.8335388183594,266.94624755859377,53.578351138497084,1.5112504660282298,1.7459910961220746,-0.23474063009384483,275.46056515264485,264.2065124840739,269.8335388183594,2.790862100685883,-0.0020830305399518467,-0.002085203065549429,64411080.0
2019-09-27 00:00:00-04:00,270.8455691998778,270.9547201008358,267.08068181796534,268.6357421875,84746600,271.010107421875,270.0229187011719,266.90884887695313,49.47377752708161,1.2557462178745027,1.6479421204725604,-0.3921959025980577,275.203273758586,264.8425636437577,270.0229187011719,2.8682318279847814,-0.005387253702825889,-0.005401817282737855,65753440.0
2019-09-30 00:00:00-04:00,269.1541465618406,270.59098115887195,269.1086878271732,269.88165283203125,51662400,270.8272979736328,270.2804718017578,266.92641784667967,52.80761918295784,1.1406432119858891,1.5464823387752262,-0.4058391267893371,274.86009934685825,265.7008442566574,270.2804718017578,2.8030180525124364,0.00463791837372729,0.0046271963693792235,65191500.0
2019-10-01 00:00:00-04:00,270.7637634037494,271.4185301350152,266.45323194525736,266.6714782714844,88242400,270.2546661376953,270.45491485595704,266.86656860351565,44.63549543721844,0.78138171009806,1.3934622130397931,-0.6120805029417331,274.1128276174225,266.7970020944916,270.45491485595704,2.957466633744251,-0.01189474914971278,-0.011966057707406021,66148550.0
2019-10-02 00:00:00-04:00,265.0891732306405,265.0982760796757,260.6695180033378,261.9608459472656,122539500,269.19468078613284,270.2444671630859,266.6739440917969,35.86467064099911,0.1152274510164375,1.137815260635122,-1.0225878096186845,275.13942088803054,265.3495134381413,270.2444671630859,3.1749304647729866,-0.01766455248514842,-0.017822432711082893,69931160.0
2019-10-03 00:00:00-04:00,261.73345487523494,264.1342754190595,259.0143676971502,264.10699462890625,85278800,268.35113220214845,269.9702392578125,266.49871520996095,41.50428504298257,-0.23679866854359943,0.8628924747993777,-1.099691143342977,275.547713826517,264.39276468910805,269.9702392578125,3.3138574117112967,0.008192631512850879,0.008159254082703913,70032195.0
2019-10-04 00:00:00-04:00,264.7616621869322,267.93544651398554,264.7070728744863,267.6808166503906,65091200,267.9937255859375,269.86429901123046,266.42103393554686,49.472129934640996,-0.22481283265557295,0.6453514133083875,-0.8701642459639605,275.53049688264116,264.19810113981976,269.86429901123046,3.3506141598090102,0.013531720454832863,0.013440984352888458,70807540.0
2019-10-07 00:00:00-04:00,266.88058737396443,268.50841485168297,266.24399873388415,266.5259094238281,59610500,267.52720031738284,269.6938171386719,266.2838641357422,47.23308902554811,-0.3049896022963594,0.4552832101874381,-0.7602728124837975,275.54338941349096,263.8442448638528,269.6938171386719,3.2730285853797105,-0.004314493810256392,-0.004323828096832274,71225050.0
2019-10-08 00:00:00-04:00,264.67077779882845,265.40738677887896,262.35179996128653,262.38818359375,95708100,266.8596984863281,269.31962127685546,266.0738970947266,40.211285518054446,-0.6944054897157912,0.22534547020679227,-0.9197509599225835,275.97736150233317,262.66188105137775,269.31962127685546,3.337391505176988,-0.015524666397435771,-0.015646435962830964,73113100.0
2019-10-09 00:00:00-04:00,264.4069762063046,265.81652938083784,263.77949053439676,264.8798522949219,62359400,266.2822265625,268.9740509033203,265.9271606445312,45.468581054915894,-0.7928243599399138,0.021711504177451046,-0.8145358641173649,275.7981508246607,262.1499509819799,268.9740509033203,3.3438882395991913,0.009496116277208921,0.009451311588722665,72790015.0
2019-10-10 00:00:00-04:00,264.7981232978098,267.55359417676493,264.63443855313955,266.6714782714844,55296300,265.94029541015624,268.6709930419922,265.8758203125,48.94493318973576,-0.7179763956325473,-0.1262260757845486,-0.5917503198479988,275.3370218433866,262.00496424059776,268.6709930419922,3.3135501956010627,0.006763919418709463,0.0067411467464314765,71909395.0
2019-10-11 00:00:00-04:00,269.4269323090313,271.67314311799345,269.30873405810314,269.43603515625,98720400,266.02032470703125,268.5152160644531,265.9266613769531,53.83538561809671,-0.43061830862262696,-0.1871045223521643,-0.24351378627046266,274.9529291047808,262.0775030241254,268.5152160644531,3.4341298135230636,0.01036690126250095,0.010313533463847387,73740175.0
2019-10-14 00:00:00-04:00,269.11778063099183,269.7907531154155,268.7904111136401,269.135986328125,40394800,265.9457580566406,268.3865280151367,266.01169250488283,53.23932039972861,-0.22450839416472945,-0.19458529671467734,-0.029923097450052116,274.66458280114045,262.108473229133,268.3865280151367,3.2602878269696576,-0.0011136180353567005,-0.0011142385686551963,72850355.0
2019-10-15 00:00:00-04:00,270.1817208062417,272.54615738895194,270.06349481421915,271.8004455566406,46754500,266.4586547851562,268.3566604614258,266.3093328857422,57.716445860686164,0.1520816868923589,-0.12525189999327008,0.277333586885629,274.5633757785277,262.1499451443239,268.3566604614258,3.270993772245178,0.009900048168464348,0.009851363746644307,73114305.0
2019-10-16 00:00:00-04:00,271.3366718475405,272.0551029660115,270.927460009867,271.36395263671875,48928200,267.3989654541016,268.2968231201172,266.5261877441406,56.75771618523391,0.4105778230328383,-0.018085955388048414,0.4286637784208867,274.36171928231454,262.2319269579199,268.2968231201172,3.1178972853808427,-0.0016059315834745513,-0.0016072224738394728,71891925.0
2019-10-17 00:00:00-04:00,272.5279987380787,273.0372586742496,271.47309522670037,272.16424560546875,45736600,268.20469055175784,268.2779113769531,266.7559716796875,58.13095517234336,0.6722653708148982,0.11998430985254094,0.5522810609623573,274.2918788622126,262.2639438916936,268.2779113769531,3.0147121962486993,0.0029491498814560035,0.0029448096701396136,70350730.0
2019-10-18 00:00:00-04:00,271.6275752651865,272.27323884892064,270.11797412023844,270.9728088378906,64304000,268.5338897705078,268.26380767822263,266.8596368408203,55.31462137898858,0.774586694645734,0.25090478681117956,0.5236819078345545,274.251046769479,262.2765685869663,268.26380767822263,2.953323091422521,-0.0043776388222031,-0.004387248739117336,69087680.0
2019-10-21 00:00:00-04:00,272.29154052140666,273.00994384916356,271.8550201651412,272.80987548828125,39048600,269.16228637695315,268.344743347168,267.03625,58.641805515324705,0.992472402582564,0.3992183099654565,0.5932540926171075,274.5286171589021,262.1608695354339,268.344743347168,2.8878810856975505,0.0067795239613492875,0.006756646330203994,68866270.0
2019-10-22 00:00:00-04:00,273.34643282027804,273.6374464088708,271.82775595636684,271.918701171875,48594700,270.11533813476564,268.4875183105469,267.2593103027344,56.446130782691334,1.0807795228473083,0.5355305525418268,0.5452489703054815,274.86012805269127,262.1149085684025,268.4875183105469,2.8108674690408653,-0.0032666497677593664,-0.0032719969161281214,66552535.0
2019-10-23 00:00:00-04:00,271.664068797207,272.76443096306724,271.45489757866204,272.7098693847656,34352200,270.89833984375,268.590283203125,267.4170874023437,57.95136280006146,1.2007625711161154,0.6685769562566846,0.5321856148594308,275.1625231727178,262.01804323353224,268.590283203125,2.703629320138318,0.00290957631630695,0.002905351691731331,64677445.0
2019-10-24 00:00:00-04:00,273.64656905775985,273.79207586258536,272.32793271893104,273.1554870605469,35453100,271.54674072265624,268.74351806640624,267.7403802490234,58.81473260775117,1.3166303286982952,0.7981876307450066,0.5184426979532886,275.58591002902955,261.90112610378293,268.74351806640624,2.615094593246604,0.0016340357493718205,0.0016327021655081985,63641115.0
2019-10-25 00:00:00-04:00,272.58249491439386,274.81963026068695,272.52793334522363,274.27398681640625,45205400,272.03053588867186,269.0254302978516,268.07246337890626,60.980372389067874,1.481630628368805,0.9348762302697664,0.5467543980990386,276.27907238553064,261.77178821017253,269.0254302978516,2.5919947591192267,0.00409473654692305,0.00408637592847774,61664055.0
2019-10-28 00:00:00-04:00,275.49260735291523,276.32016158660775,275.4653265651048,275.8199768066406,42147000,272.6989349365234,269.32234649658204,268.3594287109375,63.812775560442326,1.7173465247291801,1.0913702891616492,0.6259762355675309,277.1549217861204,261.4897712070437,269.32234649658204,2.5530076170536753,0.005636662842799067,0.005620836303522721,61188285.0
2019-10-29 00:00:00-04:00,275.54716315144003,276.66573093338,275.419834309273,275.7381286621094,44284900,273.0927032470703,269.77567901611326,268.5817529296875,63.54976526650208,1.875924124026369,1.2482810561345934,0.6276430678917757,277.9826410522726,261.56871697995393,269.77567901611326,2.459642546128912,-0.00029674480245722723,-0.00029678883990825854,58990410.0
2019-10-30 00:00:00-04:00,275.93820126006324,276.95672100272753,274.62866794732867,276.5838928222656,49643900,273.614697265625,270.50683135986327,268.86154602050783,65.14827228225538,2.0462561462343274,1.4078760741545402,0.6383800720797872,278.39808745323273,262.6155752664938,270.50683135986327,2.4502432967910517,0.0030672731560916766,0.0030625786708473298,55345630.0
2019-10-31 00:00:00-04:00,276.57476285774817,276.57476285774817,274.39221680138,275.84722900390625,69053800,273.9829956054688,271.0938430786133,269.08387878417966,62.5742368292813,2.097622797539657,1.5458254188315634,0.5517973787080934,278.7362235364327,263.4514626207939,271.0938430786133,2.4317742056549485,-0.0026634371612983543,-0.0026669904207122425,54534380.0
2019-11-01 00:00:00-04:00,277.29321451712957,278.4481381708568,277.1295020424609,278.4026794433594,71141500,274.7259826660156,271.6299362182617,269.3589520263672,67.38787580806806,2.317816387920061,1.700223612649263,0.6175927752707981,279.7299648333917,263.52990760313173,271.6299362182617,2.4438552743189197,0.009264006198941965,0.009221358483640465,54836895.0
2019-11-04 00:00:00-05:00,279.95776061162724,280.09416455683635,279.1483842824147,279.521240234375,60606900,275.397119140625,272.2797027587891,269.79235900878905,69.2520877908871,2.5531487923398686,1.8708086485873843,0.6823401437524843,280.71569678726337,263.8437087303148,272.2797027587891,2.390114548544495,0.0040177802643712734,0.004009730539392023,54886715.0
2019-11-05 00:00:00-05:00,279.72129600704636,280.02141242557303,278.9210225610841,279.2120361328125,42933200,276.12645263671874,273.1208953857422,270.1625531005859,68.09333406275067,2.6837644652809445,2.0333998119260963,0.6503646533548482,280.76148397754224,265.48030679394213,273.1208953857422,2.2979913568262407,-0.0011061917917337682,-0.0011068040734494714,52247970.0
2019-11-06 00:00:00-05:00,279.21209240068293,279.5485647690466,278.3299764135138,279.2757568359375,46487100,276.7830413818359,273.84069061279297,270.5544799804687,68.21137970218341,2.7605976045549596,2.178839370451869,0.5817582341030905,280.93291727322,266.7484639523659,273.84069061279297,2.2208911424481377,0.00022821617580515152,0.00022819013845505628,51454355.0
2019-11-07 00:00:00-05:00,280.61245990736666,281.5945958295788,279.78490583507175,280.2577819824219,54272300,277.49327087402344,274.52000579833987,270.9294769287109,70.05039904351636,2.867672895106807,2.316606075382857,0.5510668197239501,281.3325012095598,267.70751038711995,274.52000579833987,2.227887417533363,0.0035163279391317026,0.0035101601125490244,51403155.0
2019-11-08 00:00:00-05:00,279.9121579980025,281.0034446120877,279.2119328680502,280.9488830566406,49032100,278.1607604980469,275.09564819335935,271.2514916992188,71.30837795777393,2.974014329293311,2.448087726164948,0.5259266031283634,282.0369289197563,268.1543674669624,275.09564819335935,2.196717726569373,0.0024659478474788887,0.002462912387252604,48918740.0
2019-11-11 00:00:00-05:00,279.566712897289,280.5852326412768,279.4302812062415,280.4124450683594,35797300,278.62000732421876,275.6594711303711,271.5651287841797,68.88958588811116,2.9806455925760247,2.5545992994471636,0.4260462931288611,282.4018701691305,268.9170720916117,275.6594711303711,2.1482808782714993,-0.0019093793235444023,-0.0019112045119330239,48688865.0
2019-11-12 00:00:00-05:00,280.7761908966361,281.9038337622453,280.2305474042965,281.0035400390625,46484600,279.14654846191405,276.1196258544922,271.92154724121093,70.09336805870575,2.9990264307872394,2.643484725715179,0.3555417050720604,283.00049601325605,269.23875569572834,276.1196258544922,2.114352698248451,0.0021079484206167898,0.002105729814602429,48675370.0
2019-11-13 00:00:00-05:00,280.0123286946821,281.4946496897508,279.78497952985765,281.0945129394531,53917700,279.5976104736328,276.6061538696289,272.22004150390626,70.28394603597307,2.9865075304905986,2.712089286670263,0.27441824382033575,283.4491174713505,269.76319026790725,276.6061538696289,2.085446802651645,0.00032374289796477385,0.00032369050454047685,48924845.0
2019-11-14 00:00:00-05:00,280.8126005592483,281.58559326566467,280.17601180041527,281.50372314453125,51219900,280.1632598876953,277.07312774658203,272.4582849121094,71.17378601020981,2.97530855054373,2.764733139444956,0.21057541109877365,283.91454716089305,270.231708332271,277.07312774658203,2.0371707071229133,0.0014557744325882638,0.001454715820264936,49199010.0
2019-11-15 00:00:00-05:00,282.84045746173746,283.5861691680478,282.14933507162783,283.54071044921875,62023600,280.67706298828125,277.70152282714844,272.7331066894531,75.1610940326954,3.0951224845712773,2.8308110084702207,0.26431147610105654,284.49480223689835,270.9082434173985,277.70152282714844,2.0404046582938853,0.0072360936542272825,0.007210038743555537,49084990.0
2019-11-18 00:00:00-05:00,283.3042825380905,283.9863298938384,282.8495843009252,283.7498779296875,49228000,281.0999267578125,278.24852294921874,273.0093933105469,75.53531009264238,3.170407474236299,2.8987303016234365,0.2716771726128626,285.1392911035296,271.35775479490786,278.24852294921874,1.975857582195265,0.0007376982308373581,0.0007374262652416079,49593960.0
2019-11-19 00:00:00-05:00,284.35010771793173,284.35921056429345,283.0223965204034,283.6680603027344,67804700,281.5455291748047,278.8359909057617,273.2853125,75.05895602792886,3.186734678527614,2.956331177004272,0.23040350152334188,285.46646295798007,272.20551885354337,278.8359909057617,1.9302116151734645,-0.00028834418379342086,-0.0002883857629705193,50554460.0
2019-11-20 00:00:00-05:00,283.07699087413437,283.5953536303308,281.05812918125986,282.6131896972656,79406200,281.8792724609375,279.3311569213867,273.50175109863284,69.01577987386726,3.0790613609004254,2.980877213783503,0.09818414711692247,285.52227760081416,273.14003624195925,279.3311569213867,1.9787630084806824,-0.0037186795169783515,-0.0037256109949525165,52807160.0
2019-11-21 00:00:00-05:00,282.72229641818564,282.8314195597847,281.35820164303874,282.158447265625,54664700,282.0693389892578,279.78130493164065,273.69026733398437,66.52906977714396,2.9233371561226704,2.969369202251337,-0.046032046128666515,285.39293364662166,274.16967621665964,279.78130493164065,1.9426526447853456,-0.0016090630169375286,-0.0016103589491780915,53767740.0
2019-11-22 00:00:00-05:00,282.9041146409001,283.0405185464772,281.77647201802966,282.785888671875,44850200,282.25303955078124,280.20690002441404,273.89495361328125,68.22999945623172,2.8180689351444244,2.9391091488299543,-0.12104021368552997,285.35522462847376,275.0585754203543,280.20690002441404,1.894180779332644,0.002223720084691738,0.002221251278462782,53749980.0
2019-11-25 00:00:00-05:00,283.71358367271534,284.9776306152344,283.71358367271534,284.9776306152344,48647200,282.7095581054688,280.66478271484374,274.1603112792969,73.32874121896117,2.878318900684178,2.926951099200799,-0.04863219851662093,285.79991416460194,275.52965126508553,280.66478271484374,1.915435148191696,0.007750535055525809,0.007720653955732276,54074990.0
2019-11-26 00:00:00-05:00,285.0139498893716,285.80512037479554,284.69565557558855,285.62322998046875,37569000,283.17152709960936,281.1590377807617,274.42481994628906,74.62079946204489,2.9442227387105504,2.9304054271027495,0.013817311607800864,286.20436022354824,276.1137153379752,281.1590377807617,1.8578658375499313,0.0022654387428255873,0.00226287650547501,53739195.0
2019-11-27 00:00:00-05:00,286.10522505743006,286.89642333984375,285.88697877404934,286.89642333984375,44444600,283.75171813964846,281.67466430664064,274.71153442382814,76.98836499209938,3.063869686188923,2.9570982789199842,0.10677140726893875,286.8504660829249,276.49886253035635,281.67466430664064,1.8161035176802933,0.00445759737211171,0.004447691711002811,53479230.0
2019-11-29 00:00:00-05:00,286.3326155519564,286.57817040881315,285.6051093338683,285.83245849609375,36592700,284.18459167480466,282.17392578125,274.977333984375,71.0254874501225,3.037819589855019,2.9732425411069916,0.06457704874802728,286.9128630049458,277.43498855755416,282.17392578125,1.7786185525585179,-0.003708532965883915,-0.0037154266231111573,51856175.0
2019-12-02 00:00:00-05:00,286.08703031011913,286.15069472322455,282.9769099443492,283.4043273925781,75767800,284.17095336914065,282.42400817871095,275.22032287597654,59.667570552621534,2.7890938754684385,2.936412807979281,-0.1473189325108426,286.8586083889747,277.9894079684472,282.42400817871095,1.8782732830097209,-0.008494945312688462,-0.00853123301479558,52087490.0
2019-12-03 00:00:00-05:00,280.68527170644836,281.58559326566467,279.302998783299,281.50372314453125,73941700,283.946337890625,282.52313232421875,275.4265740966797,52.57982890049317,2.410823602239134,2.8312949668312517,-0.42047136459211787,286.7787814170217,278.2674832314158,282.52313232421875,2.03706294917182,-0.006706334605166786,-0.006728923114461944,52754230.0
2019-12-04 00:00:00-05:00,282.5495390662209,283.8408667166338,282.2039639124934,283.24066162109375,49080000,283.9035980224609,282.7245635986328,275.71012329101563,57.54337863688454,2.22554342502184,2.71014465846937,-0.4846012334475298,286.7068429746249,278.7422842226407,282.7245635986328,2.058497279381158,0.006170214934140272,0.0061512571006125385,53061570.0
2019-12-05 00:00:00-05:00,283.94087117115305,283.9590491097116,282.4403447864453,283.7498779296875,40709000,284.01726684570315,282.9482696533203,275.97202941894534,58.901558134788004,2.0956398187705076,2.5872436905295975,-0.4916038717590898,286.62111210992623,279.2754271967144,282.9482696533203,2.0199406396586697,0.0017978220559129454,0.0017962079081846073,52772665.0
2019-12-06 00:00:00-05:00,285.65971875651235,286.7419031701625,285.6506159076721,286.3417663574219,48927000,284.4355987548828,283.2524688720703,276.2970489501953,65.03307423495286,2.176741884247349,2.5051433292731478,-0.3284014450257988,286.9907896511091,279.51414809303157,283.2524688720703,2.0893752540026944,0.00913441248555058,0.009092946062812341,52505400.0
2019-12-09 00:00:00-05:00,285.950635548419,286.62358007257694,285.36860847152025,285.4413757324219,34838500,284.7011474609375,283.4770935058594,276.63316162109373,61.59520940540828,2.14365118045572,2.4328448995096625,-0.28919371905394264,287.17441395037355,279.7797730613452,283.4770935058594,2.02977499307798,-0.003144461377234453,-0.0031494155841784908,51795720.0
2019-12-10 00:00:00-05:00,285.3867795968124,286.0506211948081,284.4682803690839,285.123046875,52649800,284.71568908691404,283.7126235961914,276.9379895019531,60.379928055200494,2.0679025870872465,2.3598564370251793,-0.29195384993793283,287.19281026721893,280.2324369251639,283.7126235961914,1.9978154096955674,-0.001115216238728789,-0.0011158385550795757,52638345.0
2019-12-11 00:00:00-05:00,285.577786637345,286.1870945138328,285.0412460235377,285.9324645996094,53429100,284.7466125488281,283.9590698242188,277.3232092285156,62.41076372337806,2.049558492398887,2.297796848099921,-0.2482383557010337,287.3334539701263,280.58468567831125,283.9590698242188,1.9369606297383888,0.0028388365426110784,0.0028348146560077214,52985570.0
2019-12-12 00:00:00-05:00,285.9415300114766,289.178979276665,285.7051057972178,288.39691162109375,96389600,284.89666137695315,284.3241897583008,277.8519305419922,67.81937166734454,2.2084236108964888,2.2799222006592346,-0.07149858976274581,287.9506162131875,280.6977633034141,284.3241897583008,2.0467401190033043,0.00861898289491303,0.008582051517394888,55109165.0
2019-12-13 00:00:00-05:00,288.1604930993886,289.79742361331523,287.38750044719393,288.5697326660156,81503900,285.17038879394534,284.677490234375,278.3411853027344,68.16529877960835,2.321509657623153,2.2882396920520183,0.03326996557113482,288.50705998298866,280.84792048576134,284.677490234375,2.0726817652260183,0.0005992472109026536,0.0005990677339898798,56623365.0
2019-12-16 00:00:00-05:00,290.2975551457974,291.14328723980907,288.5060429102938,290.55218505859375,82749700,285.8851745605469,285.02806396484374,278.7986126708984,71.89720271704165,2.5417982365733565,2.338951400956286,0.2028468356170703,289.5907332380949,280.46539469159256,285.02806396484374,2.1130076626752516,0.006869924902597413,0.006846434492050995,57659670.0
2019-12-17 00:00:00-05:00,290.93420015250655,291.2342888479106,290.5340633902449,290.61590576171875,61097700,286.7963928222656,285.3713653564453,279.28041259765627,72.01077777943003,2.690505774899691,2.4092622757449673,0.2812434991547237,290.49626250628694,280.2464682066037,285.3713653564453,2.012094648031711,0.0002193089792532632,0.0002192849345544873,58253155.0
2019-12-18 00:00:00-05:00,291.0068891101069,291.23423824222414,290.5794716316232,290.634033203125,48133000,287.5357299804688,285.7196640014648,279.84532958984374,72.04538984418465,2.7777995592288107,2.4829697324417364,0.29482982678707437,291.263868900606,280.17545910232366,285.7196640014648,1.9151426453580827,6.237594380364975e-05,6.237399850535984e-05,57269570.0
2019-12-19 00:00:00-05:00,290.825006142969,291.8981151659742,290.57037621858717,291.8253479003906,85310500,288.34327697753906,286.1802719116211,280.3842395019531,74.29510333526241,2.909569940929714,2.5682897741393322,0.34128016679038176,292.1313565211908,280.2291873020514,286.1802719116211,1.8731852383601517,0.004099019939736381,0.00409064184435314,57564785.0
2019-12-20 00:00:00-05:00,292.8579742516137,294.2379231152867,291.8801572122193,293.104736328125,147142100,289.0195739746094,286.7275863647461,280.91290466308595,76.48387350875737,3.0817108274841303,2.670973984808292,0.41073684267583843,293.0971877951589,280.35798493433333,286.7275863647461,1.9117130938270048,0.004384089445756745,0.004374507321341706,62188655.0
2019-12-23 00:00:00-05:00,293.8906778189208,293.9455076437393,293.40632910700657,293.55255126953125,52990000,289.8306915283203,287.2659194946289,281.3952349853516,77.21519846634595,3.217182960965374,2.7802157800397085,0.43696718092566567,294.0202695889986,280.51156940025925,287.2659194946289,1.8352172525260966,0.0015278324977490154,0.0015266665491101613,62595645.0
2019-12-24 00:00:00-05:00,293.78090368646434,293.8265858930027,293.2599926646551,293.56158447265625,20270000,290.67454528808594,287.6951171875,281.88374694824216,77.23058087830546,3.2873796405977487,2.881648552151317,0.4057310884464318,294.88985337884486,280.5003809961551,287.6951171875,1.7446012507990603,3.077201368517635e-05,3.077154023647585e-05,61176785.0
2019-12-26 00:00:00-05:00,293.9454926967339,295.13353724845075,293.9363729857451,295.1243896484375,30911200,291.59373779296874,288.17017517089846,282.3502258300781,79.77461917117361,3.4295822424735434,2.991235290215762,0.4383469522577812,295.9830992747614,280.3572510670355,288.17017517089846,1.7322692168701632,0.005323602468588096,0.005309482188635187,60843895.0
2019-12-27 00:00:00-05:00,295.8554774530982,295.91030727604016,294.52123861313635,295.05126953125,42528800,292.25917358398436,288.5779174804687,282.82397216796875,79.32802294931079,3.4960780352504344,3.0922038392226967,0.40387419602773766,296.91591310666433,280.2399218542731,288.5779174804687,1.7077548915868523,-0.0002477603334465339,-0.00024779103110849536,60748105.0
2019-12-30 00:00:00-05:00,295.13348547956235,295.27056001059447,292.9401814269704,293.4245300292969,49729100,292.7446533203125,288.95752105712893,283.2491778564453,69.94633304829324,3.3785661401448692,3.1494762994071315,0.22908984073773775,297.450824136233,280.46421797802486,288.95752105712893,1.7522280124466525,-0.0055134129893341655,-0.0055286679478251995,61404925.0
2019-12-31 00:00:00-05:00,292.9220497660977,294.38424384860156,292.5747755339869,294.1374816894531,57077300,293.1031829833984,289.49417877197266,283.71247131347656,71.53520624843077,3.3048698745317324,3.180555014432052,0.1243148600996804,297.8717080997159,281.11664944422944,289.49417877197266,1.7563166054586532,0.0024297616156532253,0.002426814517763639,60470400.0
2020-01-02 00:00:00-05:00,295.67275187158805,296.906478796011,294.7497366062965,296.88818359375,59151200,293.73041076660155,290.2634017944336,284.19403747558596,76.66178403723016,3.4288975120774694,3.2302235139611355,0.1986739981163339,298.38626869215716,282.14053489671005,290.2634017944336,1.8286509269657416,0.009351755813293616,0.009308298867301643,59730875.0
2020-01-03 00:00:00-05:00,293.49777150755784,295.7641735797391,293.44294167338677,294.6401062011719,77709700,294.1310180664062,290.8333740234375,284.6484655761719,66.17242451880523,3.307660598358325,3.2457109308405734,0.06194966751775155,298.49162615137993,283.17512189549507,290.8333740234375,1.9441217122084193,-0.007572134954533238,-0.007600949117060077,61162360.0
2020-01-06 00:00:00-05:00,292.8854545477704,295.8464049037738,292.76664728278183,295.76416015625,55653900,294.5248992919922,291.4340881347656,285.10955139160154,68.49370673182023,3.2646483962956268,3.249498423931584,0.015149972364042696,298.6474606384155,284.2207156311157,291.4340881347656,2.025238562835817,0.0038150066179742925,0.003807747935650188,61909605.0
2020-01-07 00:00:00-05:00,295.19755772617054,295.67278681667864,294.4847419794395,294.93255615234375,40496400,294.7076812744141,291.8636276245117,285.5450927734375,64.9430875034773,3.1274066263189866,3.225080064409065,-0.09767343809007833,298.8318579350431,284.8953973139803,291.8636276245117,1.9719656781197235,-0.0028117132362045494,-0.00281567352707605,61488075.0
2020-01-08 00:00:00-05:00,295.12438459091834,297.71976504897265,294.8776503960096,296.50433349609375,68296000,295.0028594970703,292.4167755126953,285.98969970703126,68.28905523280555,3.109625009157071,3.201989053358666,-0.09236404420159516,299.0039228193842,285.8296282060065,292.4167755126953,2.034119176322819,0.005329277188843573,0.005315126842978963,63160950.0
2020-01-09 00:00:00-05:00,298.0670148932862,298.5879260402373,297.4821263305997,298.5148010253906,48473300,295.49818115234376,293.0863632202148,286.44359619140624,71.97376709491411,3.220635396804198,3.205718322047773,0.01491707475642512,299.28270136386084,286.8900250765688,293.0863632202148,2.0376529883100125,0.006780567101975832,0.006757682445918816,62952125.0
2020-01-10 00:00:00-05:00,299.09971858480566,299.25506045062673,297.18973874984056,297.6557922363281,53029300,295.75132141113284,293.67252960205076,286.88194946289065,68.32090569856487,3.202382031909565,3.2050510640201315,-0.0026690321105666825,299.2367479203326,288.1083112837689,293.67252960205076,2.0396293249154525,-0.0028776087018527186,-0.0028817569777610623,62932135.0
2020-01-13 00:00:00-05:00,298.2773104255387,299.71206160755526,297.84779146443003,299.70294189453125,47086800,296.21648864746095,294.23783111572266,287.3443304443359,71.97173735168599,3.314891966257221,3.2270192444675496,0.08787272178967154,299.8404204952261,288.6352417362192,294.23783111572266,2.040817899652001,0.006877573733145237,0.006854031105383145,60466995.0
2020-01-14 00:00:00-05:00,299.264238992548,300.31518120708546,298.6884979136288,299.2459716796875,62832800,296.7986328125,294.7716430664062,287.81230529785154,70.03158432307664,3.3288107641630518,3.2473775484066505,0.08143321575640128,300.14193294081025,289.4013531920022,294.7716430664062,2.011236856352334,-0.0015247438412018255,-0.001525907446042421,59533440.0
2020-01-15 00:00:00-05:00,299.1545348144793,300.6806779375008,299.0722900853066,299.92218017578125,72056600,297.3771026611328,295.2401428222656,288.2426953125,71.26596204056483,3.3557231979468156,3.269046678314684,0.08667651963213174,300.6905452456869,289.78974039884434,295.2401428222656,1.982461927483896,0.0022597079329027547,0.0022571586326587453,58998785.0
2020-01-16 00:00:00-05:00,301.30219453828755,302.4171142578125,301.0737276112458,302.4171142578125,54050300,297.92999572753905,295.8302032470703,288.70061279296874,75.30722671385858,3.537592658902952,3.322755874432338,0.21483678447061383,301.69017521598425,289.97023127815635,295.8302032470703,2.0190670813801357,0.00831860478131019,0.008284195879561633,58646415.0
2020-01-17 00:00:00-05:00,303.1299620038811,303.5686007011989,302.3531687920046,303.3584289550781,95846000,298.8018280029297,296.46642303466797,289.18354064941406,76.64202683020032,3.714859162181483,3.401176531982167,0.31368263019931586,302.6837350616582,290.24911100767775,296.46642303466797,1.9616645690811438,0.00311263699336517,0.0031078027677009816,61032065.0
2020-01-21 00:00:00-05:00,302.398801777143,303.56855126120206,302.3257046358388,302.76434326171875,77742400,299.50184631347656,297.01337280273435,289.6533123779297,73.92594898674699,3.7640171460527654,3.473744654796287,0.29027249125647847,303.42299032663254,290.60375527883616,297.01337280273435,1.9103204302441519,-0.0019583622429932834,-0.001960282341572583,60653660.0
2020-01-22 00:00:00-05:00,303.6233480257216,304.2722140708887,302.64553093599403,302.8008728027344,48914900,300.28867797851564,297.49817962646483,290.10417419433594,73.98699335284695,3.7625504911491134,3.531505822066852,0.2310446690822614,304.11532324053206,290.8810360123976,297.49817962646483,1.8900606234334751,0.00012065337886912886,0.0001206461008356196,55742300.0
2020-01-23 00:00:00-05:00,302.1521113343028,303.5594755373367,301.03719151691797,303.1482238769531,51963000,300.95306701660155,297.97796325683595,290.5481610107422,74.59603596691811,3.7462322518756537,3.5744511080286125,0.17178114384704113,304.77037252465766,291.18555398901424,297.97796325683595,1.9352194375038512,0.0011471270574738845,0.0011464696099667394,55690950.0
2020-01-24 00:00:00-05:00,303.80620806071624,303.88845281451574,299.1637441044687,300.4523010253906,87578400,301.1468170166016,298.32249908447267,290.94895812988284,62.38715623064334,3.475695828367293,3.554700052096349,-0.07900422372905602,304.87883899947076,291.7661591694746,298.32249908447267,2.134468671256935,-0.008893084765876025,-0.008932864261433571,59056370.0
2020-01-27 00:00:00-05:00,295.2066810180619,297.1166611579254,294.8685544324489,295.6361999511719,84062500,300.9448577880859,298.34808959960935,291.241611328125,47.447353165406206,2.8399376236482112,3.4117475664067216,-0.5718099427585104,304.8581305669828,291.8380486322359,298.34808959960935,2.380845665662992,-0.016029503045183024,-0.01615936514887079,61713935.0
2020-01-28 00:00:00-05:00,297.0617985757093,299.61149697791484,295.72755969424713,298.73419189453125,63834000,300.8479827880859,298.53223571777346,291.5944049072266,54.924850003978804,2.556605765020606,3.2407192061294987,-0.6841134411088925,304.8647711270185,292.1997003085284,298.53223571777346,2.4947350485972755,0.01047906834099166,0.010424543486672539,62779195.0
2020-01-29 00:00:00-05:00,300.0957812711259,300.3242481211235,298.28631377909755,298.48736572265625,53888900,300.7721221923828,298.7853775024414,291.93407775878904,54.262395264834375,2.285797169592797,3.0497347988221586,-0.7639376292293614,304.6698785722039,292.9008764326789,298.7853775024414,2.462106426699324,-0.0008262401110152862,-0.0008265816355095939,62987185.0
2020-01-30 00:00:00-05:00,296.4221593516263,299.6664069187532,295.67280891809725,299.4562072753906,75491800,300.72552490234375,299.05131378173826,292.2523876953125,56.481158155738015,2.1248627281555628,2.86476038468884,-0.7398976565332771,304.53892526950114,293.5637022939754,299.05131378173826,2.571498681981939,0.003245837727130496,0.003240581366978539,63907910.0
2020-01-31 00:00:00-05:00,298.8347807041798,298.9901505066073,293.104839444491,294.0187072753906,113845600,299.88568420410155,298.9078399658203,292.45776428222655,43.67539387939225,1.5407988469365819,2.599968077138388,-1.0591692302018063,304.7525931774384,293.0630867542022,298.9078399658203,2.841489335476059,-0.01815791380473697,-0.0183247919138503,66642630.0
2020-02-03 00:00:00-05:00,295.4990298946987,298.06699506215597,295.3802226702437,296.20269775390625,69083000,299.17011108398435,298.98596954345703,292.70845703125,48.70583455954528,1.23986144145357,2.3279467500014244,-1.0880853085478543,304.6390723871408,293.33286669977326,298.98596954345703,2.927689224853865,0.007428066393306176,0.0074006141689459265,66211295.0
2020-02-04 00:00:00-05:00,299.81259553758144,301.5855011806518,299.4927362514343,300.7173156738281,62573200,298.9654083251953,299.23362731933594,293.07053955078123,57.21283286131339,1.3500952576478085,2.132376451530701,-0.7822811938828926,304.7323303486496,293.73492429002226,299.23362731933594,3.1030545249889867,0.015241650242067584,0.015126663213653803,66557260.0
2020-02-05 00:00:00-05:00,303.65082382168174,304.4002020615823,302.1886577494263,304.19000244140625,65951100,299.1043212890625,299.6964996337891,293.51117065429685,62.381087562207625,1.6980985280609389,2.045520866836749,-0.34742233877580997,305.2275049782146,294.16549428936355,299.6964996337891,3.144471086615073,0.01154801066176292,0.011481841315618963,67829995.0
2020-02-06 00:00:00-05:00,305.14958457567815,305.40546643081,304.1351768681348,305.21356201171875,50359700,299.31085510253905,300.1319610595703,293.95972412109376,63.7701726025727,2.033050588517142,2.0430268111728274,-0.00997622265568543,305.95288229533304,294.31103982380756,300.1319610595703,3.0106009777622256,0.003364869200491505,0.0033592206955634822,66933180.0
2020-02-07 00:00:00-05:00,304.15341594950706,305.22262540475447,303.038496381652,303.5868225097656,64139400,299.6243072509766,300.38556213378905,294.3319079589844,59.97951037853869,2.142540355516246,2.062929520041511,0.07961083547473491,306.34291408128666,294.42821018629144,300.38556213378905,2.951567266715099,-0.005329840165787525,-0.005344094435095275,67716485.0
2020-02-10 00:00:00-05:00,302.70035366918944,305.91715735245873,302.66379115886144,305.8531799316406,42070000,300.64600524902346,300.79543151855466,294.7365069580078,63.25648631558929,2.3846985672404912,2.1272833294813074,0.25741523775918385,307.06493793566125,294.5259251014481,300.79543151855466,2.97312433292097,0.007465269418280185,0.007437542203117275,67168520.0
2020-02-11 00:00:00-05:00,307.20577615157714,307.9916890041701,305.85324188570775,306.38330078125,54864500,301.4109161376953,301.12944946289065,295.1262445068359,63.99905381321867,2.5895364525517834,2.219733954095403,0.3698024984563806,307.82770211781957,294.4311968079617,301.12944946289065,2.91350895717872,0.0017332526989841668,0.0017317523499307556,67557405.0
2020-02-12 00:00:00-05:00,307.81800184241695,308.5673799444257,307.4524603916157,308.3572082519531,43992700,302.397900390625,301.5850112915039,295.5767395019531,66.69781565545907,2.877974292523561,2.351382021781035,0.5265922707425261,308.91815822996864,294.2518643530392,301.5850112915039,2.8614068290356456,0.006442607889104446,0.006421943000591326,66615400.0
2020-02-13 00:00:00-05:00,306.93157642101494,308.9969262404168,306.65742728084103,308.0282287597656,54501900,303.2551025390625,301.9903137207031,296.06921752929685,65.81232376139293,3.0449175490502967,2.4900891272348873,0.5548284218154094,309.79210662935145,294.1885208120548,301.9903137207031,2.8241276955027987,-0.0010668779045330812,-0.0010674474238724385,65737665.0
2020-02-14 00:00:00-05:00,308.4394837726626,308.6405357740244,307.24231936560784,308.521728515625,64582200,304.7054046630859,302.29554443359376,296.60957763671877,66.53016653045849,3.180381134556569,2.6281475286992237,0.5522336058573454,310.6016117064996,293.9894771606879,302.29554443359376,2.722276889282352,0.0016021250969315837,0.0016008430636542715,66264260.0
2020-02-18 00:00:00-05:00,307.52557156291806,308.58566124480814,306.33752704004746,307.72662353515625,57226200,305.85779724121096,302.51395416259766,297.099296875,64.19154579185562,3.1868427357613314,2.7398865701116453,0.4469561656496861,311.14374683933255,293.88416148586276,302.51395416259766,2.688409554673661,-0.002577144191088898,-0.0025804707437460947,64333270.0
2020-02-19 00:00:00-05:00,308.69538196134926,309.87425122864335,308.4120852020123,309.197998046875,48814700,306.70586547851565,302.8356369018555,297.60825927734373,66.53580185182742,3.272962552617173,2.846501766612751,0.42646078600442205,311.9450908972209,293.72618290649007,302.8356369018555,2.6497822788746204,0.0047814339065486156,0.004770039159165726,62886885.0
2020-02-20 00:00:00-05:00,308.64963919276863,309.4721423570291,304.9393389090685,307.9277038574219,74163400,307.0796356201172,303.0919784545898,298.03997802734375,62.71829783090581,3.201802615637689,2.917561936417739,0.2842406792199501,312.46773952207246,293.7162173871072,303.0919784545898,2.78428379095219,-0.00410835192167236,-0.004116814385233467,64149310.0
2020-02-21 00:00:00-05:00,306.57514878327885,306.8858604042742,303.93405817128195,304.7565612792969,113788200,307.033935546875,303.17239532470705,298.42628173828126,54.3369225549631,2.856594110454182,2.905368371225028,-0.04877426077084568,312.57625424480364,293.7685364046105,303.17239532470705,2.8706667834655994,-0.01029833476624542,-0.010351729516741646,67240570.0
2020-02-24 00:00:00-05:00,295.3072473908234,304.8297340268577,293.5708763000979,294.6492614746094,161088400,306.1401794433594,302.88224334716796,298.61680603027344,37.25033681983448,1.747297501056721,2.6737541971913665,-0.9264566961346454,312.9393199320758,292.8251667622601,302.88224334716796,3.469823279415185,-0.033165158978889275,-0.03372759333719598,70916070.0
2020-02-25 00:00:00-05:00,296.0383078861717,296.6505836333486,284.8434284508616,285.7207336425781,218913200,304.12693481445314,302.38647003173827,298.6125714111328,28.672843195497194,0.14603101420368603,2.1682095605938305,-2.0221785463901445,314.57515654023246,290.1977835232441,302.38647003173827,4.065346986777458,-0.030302223692492247,-0.030770826849982277,77658605.0
2020-02-26 00:00:00-05:00,287.11892786401404,290.7104209886197,283.93868633219154,284.6697692871094,194773800,301.95558166503906,301.68324890136716,298.5380285644531,27.85964102443306,-1.1940242846411593,1.4957627915468326,-2.689787076187992,316.06012161090274,287.3063761918316,301.68324890136716,4.258660391752509,-0.0036782922333646884,-0.003685073785035024,84205595.0
2020-02-27 00:00:00-05:00,279.1500278323521,284.7246265399028,271.8847961425781,271.8847961425781,284353500,298.30834045410154,300.3531204223633,298.2043298339844,20.31243411920093,-3.2502019430190217,0.5465698446336618,-3.796771787652683,319.7222795504391,280.9839612942875,300.3531204223633,4.871601106436233,-0.04491159414836465,-0.04595137121349736,95728825.0
2020-02-28 00:00:00-05:00,263.833535145683,272.2319789613865,260.9457107535948,270.74237060546875,384975800,294.5797546386719,298.9174285888672,297.8081335449219,19.79636374213068,-4.915261667580012,-0.545796457809073,-4.369465209770938,322.20085384098064,275.6340033367538,298.9174285888672,5.3297916136759085,-0.004201873563059677,-0.0042107262410382325,111203025.0
2020-03-02 00:00:00-05:00,272.5244617816566,282.53132361972916,269.0974581232793,282.46734619140625,238703600,291.97431640625,298.339860534668,297.6451623535156,37.380634169599745,-5.228455574069187,-1.482328281061096,-3.746127293008091,322.631939492984,274.047781576352,298.339860534668,5.908654033874049,0.04330676266044575,0.0423952484610458,117445925.0
2020-03-03 00:00:00-05:00,282.84206278668677,286.8082453931347,271.9396274475978,274.379638671875,300139100,288.6396179199219,297.2487075805664,297.3200744628906,32.145283990141536,-6.059425125451298,-2.3977476499391366,-3.6616774755121617,323.6919977395583,270.80541742157453,297.2487075805664,6.548651456135683,-0.02863236274415537,-0.02905026519490991,128998730.0
2020-03-04 00:00:00-05:00,279.7530793720431,286.13188375797836,277.203381559532,285.91253662109375,176613400,286.3110717773437,296.5084686279297,297.2018182373047,44.156099833019056,-5.721413112773632,-3.062480742506036,-2.658932370267596,323.34782938015667,269.6691078757027,296.5084686279297,6.920336715419088,0.04203263042783845,0.04117325803072901,134700740.0
2020-03-05 00:00:00-05:00,278.7114427448358,281.9008327977847,274.1695181571032,276.4084777832031,186366800,283.1591491699219,295.11939239501953,296.8678930664062,38.161344188191016,-6.1495461370570865,-3.6798938214162464,-2.46965231564084,323.0771084768267,267.16167631321235,295.11939239501953,7.264813983174193,-0.033241140630660415,-0.03380618446189287,140721525.0
2020-03-06 00:00:00-05:00,267.9003132173233,273.0453928793516,265.231835125878,271.8390808105469,228667200,279.8674011230469,293.45066833496094,296.4336236572266,35.65502714764959,-6.779407995644249,-4.299796656261847,-2.4796113393824015,322.75103451015326,264.1503021597686,293.45066833496094,7.5442303170421185,-0.01653131991211998,-0.016669487020666927,149636900.0
2020-03-09 00:00:00-04:00,251.5876801885311,259.71197463610093,249.89704783579214,250.60986328125,309417300,275.4634613037109,290.8018203735352,295.57458923339846,26.83647031157173,-8.889130132251694,-5.217663351459817,-3.671466780791877,325.1087361070762,256.49490463999416,290.8018203735352,8.572644792593021,-0.07809479588437906,-0.08131287620423726,161900795.0
2020-03-10 00:00:00-04:00,260.12339991297733,263.66918431263923,249.9428970451321,263.57781982421875,276444100,273.249169921875,288.68805236816405,294.94365783691404,37.07468815592732,-9.40626484403208,-6.05538364997427,-3.35088119405781,324.21287415094747,253.16323058538063,288.68805236816405,8.940762112229743,0.051745595217915774,0.05045125542925102,173619500.0
2020-03-11 00:00:00-04:00,256.5226437962952,257.6558306839711,247.54845736466214,250.72869873046875,255316300,269.8550628662109,285.905322265625,294.0572064208984,32.25794998148059,-10.729234579041986,-6.9901538357878135,-3.7390807432541724,324.07070917369094,247.73993535755906,285.905322265625,9.447090708467377,-0.04874887083563839,-0.04997718277476558,183642090.0
2020-03-12 00:00:00-04:00,233.95009968243195,243.69193139870373,226.34671474938688,226.73968505859375,392220700,265.3405517578125,281.824446105957,292.7235095214844,25.57687107879856,-13.55713236144669,-8.303549540919589,-5.253582820527102,326.4257874005232,237.22310481139084,281.824446105957,10.513868799368412,-0.09567717534267184,-0.10056887541563818,201053490.0
2020-03-13 00:00:00-04:00,240.42941305337604,248.09677526977262,227.11436995312613,246.12281799316406,329566100,262.878596496582,278.72917556762695,291.7632162475586,36.941377574562885,-14.071991730527941,-9.45723797884126,-4.614753751686681,324.21049537433197,233.24785576092194,278.72917556762695,11.28838461449773,0.08548628322193075,0.08202807388781233,214806700.0
2020-03-16 00:00:00-04:00,220.40660915986865,234.7726107780124,216.91564173418007,219.19117736816406,297240000,256.5509796142578,274.2626480102539,290.2092761230469,30.070569346273544,-16.46339998430355,-10.858470379933717,-5.604929604369833,324.46410597080194,224.0611900497058,274.2626480102539,12.568298303389605,-0.10942358308991895,-0.11588636644729117,226439590.0
2020-03-17 00:00:00-04:00,223.93413457519435,234.10550046036911,216.65062185131984,231.0257568359375,262070500,252.21559143066406,270.42760467529297,288.9369891357422,35.727664992250766,-17.20532432833045,-12.127841169613063,-5.077483158717385,321.5282345338205,219.3269748167654,270.42760467529297,12.917339753793868,0.05399204297304139,0.052584900729233205,236681805.0
2020-03-18 00:00:00-04:00,215.90124320983887,226.97731522464503,208.38011597518343,219.3282470703125,327597100,245.55716247558593,265.93411712646486,287.40827087402346,32.89503918946198,-18.523666695087,-13.407006274707852,-5.11666042037915,318.39466267855795,213.47357157437176,265.93411712646486,13.612218404291026,-0.050632924769215104,-0.051959753020951065,250620925.0
2020-03-19 00:00:00-04:00,218.64284326233184,226.0725919909202,212.21835456333,219.7943115234375,289322000,239.89574584960937,261.52744750976564,285.9055059814453,33.12254973290773,-19.308281166284218,-14.587261253023126,-4.721019913261092,313.94421923496077,209.11067578457053,261.52744750976564,13.629505477383825,0.0021249631971735905,0.0021227086561917286,261378855.0
2020-03-20 00:00:00-04:00,222.94363004147445,224.72696071707477,210.0466734873275,210.32244873046875,347158800,233.74408264160155,256.80574188232424,284.18186828613284,30.834537016421123,-20.458560405934463,-15.761521083605395,-4.6970393223290685,309.8055443961082,203.80593936854027,256.80574188232424,13.704561316838356,-0.04309421261777624,-0.04405033816188734,273047385.0
2020-03-23 00:00:00-04:00,209.76171566084122,211.13137648969655,200.6336404665036,204.94488525390625,326025200,229.17758483886718,252.32052307128907,282.31046997070314,29.585022219878155,-21.555609769535067,-16.92033882079133,-4.635270948743738,306.9098408027736,197.73120533980455,252.32052307128907,13.475502367292254,-0.025568185940312627,-0.02590073266244886,281294225.0
2020-03-24 00:00:00-04:00,215.4885612758454,224.38682507267387,214.91863611227424,223.51353454589844,235494500,225.17115631103516,249.21016311645508,280.8276248168945,38.806282126273075,-20.688213632031506,-17.673913783039364,-3.0142998489921418,302.9144456136036,195.50588061930654,249.21016311645508,13.901676470969067,0.09060313590645341,0.08673087890130125,282123290.0
2020-03-25 00:00:00-04:00,225.09466188292848,235.6475644145072,220.38814988584195,226.85960388183594,299430300,222.78424682617188,246.3196548461914,279.3707580566406,40.32288659099861,-19.505943735313963,-18.040319773494286,-1.4656239618196771,298.27312029322525,194.36618939915758,246.3196548461914,13.998657760804507,0.014970320892359057,0.014859371566100036,287356115.0
2020-03-26 00:00:00-04:00,229.36911860691484,241.57662927963491,228.93707402575518,240.10586547851562,257632800,224.12086486816406,244.73070831298827,278.1879559326172,46.02577626721721,-17.300692107833612,-17.89239424036215,0.591702132528539,295.3871048821773,194.07431174379923,244.73070831298827,14.04996973487554,0.05838968846820003,0.0567485912052012,286020080.0
2020-03-27 00:00:00-04:00,232.8162667433577,239.74734053233655,230.77554977075565,232.9541473388672,224341200,222.8039978027344,242.8412971496582,276.8485952758789,43.60304244940941,-15.946279406755878,-17.5031712736409,1.556891866885021,292.28022086195506,193.40237343736135,242.8412971496582,13.712851590081572,-0.02978568693186867,-0.030238290581292817,277988350.0
2020-03-30 00:00:00-04:00,235.05003225521446,241.2365231887897,233.05528002333395,240.51951599121094,171369500,224.93683166503905,240.74390563964843,275.6106433105469,46.79364339378823,-14.099900681146124,-16.822517155141945,2.7226164739958207,286.7182936645368,194.76951761476005,240.74390563964843,13.324960465784496,0.03247578434969345,0.03195959216367466,274621645.0
2020-03-31 00:00:00-04:00,239.5175449357564,242.06383359967347,235.52804049293425,236.93447875976562,194881100,225.52770385742187,238.87164764404298,274.28216430664065,45.48056421314214,-12.778610909673773,-16.01373590604831,3.2351249963745374,282.18738143168827,195.5559138563977,238.87164764404298,12.840019940138404,-0.014905390178717615,-0.015017591842627654,269358745.0
2020-04-01 00:00:00-04:00,227.95348423990177,236.85174851191033,224.20297754937033,226.27127075195312,189554600,226.22200622558594,235.88958435058595,272.75230285644534,41.72972481263565,-12.448413455044573,-15.300671415847564,2.8522579608029908,273.70316445128145,198.07600424989047,235.88958435058595,12.83226860229961,-0.045004880942736136,-0.046049049449269915,270005805.0
2020-04-02 00:00:00-04:00,225.38882134558207,232.27393107275833,224.83727084545978,231.49258422851562,177660400,227.39183349609374,233.64378967285157,271.3261370849609,44.15822644231166,-11.63133444881396,-14.566804022440843,2.935469573626884,266.5862097738018,200.70136957190135,233.64378967285157,12.446868004085248,0.02307545920085574,0.02281324690884125,269570485.0
2020-04-03 00:00:00-04:00,230.50895788891833,232.8622275477319,225.41636693712175,228.14651489257812,135561200,229.1742401123047,231.45916137695312,269.82610290527344,42.923622807481415,-11.125544924305615,-13.878552202813799,2.753007278508184,259.3944543220044,203.5238684319019,231.45916137695312,12.089653190265597,-0.014454326245865623,-0.014559807695527073,264915185.0
2020-04-06 00:00:00-04:00,237.0172704456677,245.4375275667559,228.128205119222,243.4703369140625,188061200,233.02678527832032,231.10218505859376,268.68646362304685,49.84016282069421,-9.380071090862373,-12.978855980423514,3.5987848895611414,258.21997727015764,203.98439284702988,231.10218505859376,12.462486708641904,0.06716658384503282,0.06500708369970457,258847380.0
2020-04-07 00:00:00-04:00,252.06523798355965,252.81902284832933,243.4979273640559,243.71853637695312,201427200,235.0472854614258,230.10922088623047,267.6481103515625,49.94596388062282,-7.885839827268967,-11.960252749792605,4.0744129225236385,253.61096202323483,206.60747974922612,230.10922088623047,12.240072367615113,0.0010194238281200363,0.001018904568516479,255096535.0
2020-04-08 00:00:00-04:00,246.31991721822396,253.7106259149399,243.82878088383262,251.89971923828125,153774500,237.55129699707032,230.1677719116211,266.7114208984375,53.43266880639847,-5.972648724948613,-10.762731944823807,4.790083219875195,253.87959836916767,206.4559454540745,230.1677719116211,12.079502165498804,0.03356816015288433,0.03301704876607662,250019445.0
2020-04-09 00:00:00-04:00,255.16303317810022,258.49071084159345,253.22344715493466,255.7329864501953,189999200,239.11400909423827,231.61743698120117,265.8563333129883,55.01388853914388,-4.099857756368891,-9.430157107132823,5.330299350763932,257.73659243621637,205.49828152618593,231.61743698120117,11.68746569677119,0.01521743344337767,0.01510280969315133,239908370.0
2020-04-13 00:00:00-04:00,254.75854323137895,255.0986580184009,249.49128056839425,253.39805603027344,114839100,241.1583999633789,231.98119888305663,264.93517028808594,53.815202660963955,-2.772111614981185,-8.098548008702496,5.326436393721311,259.08246911841655,204.87992864769672,231.98119888305663,11.298482852844753,-0.00913034510069588,-0.009172282163268016,229172020.0
2020-04-14 00:00:00-04:00,258.2885455898214,261.89195738074227,253.26029231760305,260.8716125488281,134143400,243.19360961914063,234.06522064208986,264.2722283935547,57.04160936815014,-1.1040825042658469,-6.699654907815167,5.59557240354932,263.2426182622874,204.8878230218923,234.06522064208986,11.107995867865785,0.029493345906575597,0.0290667840423573,221017190.0
2020-04-15 00:00:00-04:00,255.15387885192655,261.0094429241634,253.21426463121037,255.3285369873047,121775000,245.03301544189452,235.2803596496582,263.45474517822265,54.026947160515775,-0.22682261896349587,-5.405088450044833,5.178265831081337,265.84164785892403,204.71907144039238,235.2803596496582,10.871366041086304,-0.021248289560390266,-0.02147728410306016,214002415.0
2020-04-16 00:00:00-04:00,256.60628411021946,257.4152211975013,253.49006970924398,256.5603332519531,131798300,248.06192169189453,237.14196395874023,262.57160552978513,54.60114891610966,0.561337080022696,-4.211803344031327,4.773140424054023,268.12266005727054,206.1612678602099,237.14196395874023,10.375207858741376,0.00482435797887204,0.004812758057074236,204212475.0
2020-04-17 00:00:00-04:00,262.3331711725406,264.09809932728353,259.5938211171872,263.4914245605469,146684800,251.26180572509764,239.3268196105957,261.757633972168,57.79539542191731,1.725351682705707,-3.02437233868392,4.749724021389627,271.2545467403138,207.3990924808776,239.3268196105957,10.172533445640592,0.02701544397273259,0.02665696878148537,197080615.0
2020-04-20 00:00:00-04:00,259.7867982566206,263.6292486240073,258.62857317015494,258.84918212890625,100109300,254.33207244873046,241.75315628051757,260.8303463745117,55.00395499257242,2.247345474503618,-1.9700287760464128,4.217374250550031,271.8165084348497,211.68980412618544,241.75315628051757,9.803115017655717,-0.017618191709210196,-0.017775239380022317,184728140.0
2020-04-21 00:00:00-04:00,254.38175000112426,255.58595430937598,250.05210166382398,250.98974609375,126385700,255.08401336669922,244.05539932250977,259.7784048461914,50.55227365950516,2.00374063650375,-1.1752748935363804,3.17901553004013,269.1292304166939,218.98156822832567,244.05539932250977,9.731255406757613,-0.030362993502688673,-0.03083349762839056,174746165.0
2020-04-22 00:00:00-04:00,255.87090205979615,258.3068866614787,254.5471919266126,256.5603332519531,92951600,256.3681930541992,245.7077392578125,258.7925479125977,53.429258518910366,2.2344248172265395,-0.49333495138379646,2.727759768610336,269.47025447628897,221.94522403933607,245.7077392578125,9.558818632541263,0.022194481029206736,0.021951768226927598,167619020.0
2020-04-23 00:00:00-04:00,257.83803449166567,261.00942882801934,256.2385632888214,256.5419006347656,104709700,256.83241119384763,247.19185409545898,257.795719909668,53.41818333167858,2.3882263475644834,0.08297730840585954,2.305249039158624,269.736745118065,224.6469630728529,247.19185409545898,9.21682198301674,-7.184515608416042e-05,-7.184773707100848e-05,157882990.0
2020-04-24 00:00:00-04:00,258.0586753592096,260.78882372538203,256.00875672334155,260.1177673339844,85063200,257.27088928222656,248.19244918823242,256.83093109130857,55.351733872217785,2.766764190957076,0.6197346849161028,2.1470295060409734,271.1628855954177,225.2220127810471,248.19244918823242,8.899910912947007,0.013938723812254139,0.013842473177585567,149254510.0
2020-04-27 00:00:00-04:00,262.09406566675983,264.9896700484018,261.6344450330701,263.8681945800781,77896600,258.31790313720705,249.73815155029297,255.94773040771486,57.35127027295549,3.3309887295888814,1.1619854938506586,2.1690032357382227,272.5589489867488,226.91735411383712,249.73815155029297,8.612196041623466,0.014418189439855844,0.014315235770203641,141932280.0
2020-04-28 00:00:00-04:00,267.51761283020494,267.86692903854635,262.3514808302591,262.65484619140625,105270000,258.49622650146483,250.84491806030275,255.03039276123047,56.47015415469089,3.638293682074817,1.6572471314954904,1.9810465505793267,273.9156921908159,227.7741439297896,250.84491806030275,8.390999767813735,-0.004598312390785897,-0.004608917151029124,138627305.0
2020-04-29 00:00:00-04:00,267.98647324976343,271.06593788395355,266.9569272587203,269.5307922363281,118745600,259.9164520263672,252.47473373413087,254.2664761352539,60.201680124191704,4.386106150630781,2.2030189353225484,2.183087215308232,275.9857468321707,228.96372063609104,252.47473373413087,8.392434905294705,0.026178637647946257,0.02584184236103597,134820530.0
2020-04-30 00:00:00-04:00,268.1519197995434,269.63191314520935,265.2838909183048,267.0212707519531,122901700,260.96254577636716,254.51223373413086,253.42294158935547,58.23940713466791,4.721825246607665,2.7067801975795716,2.0150450490280933,275.5159992366951,233.50846823156658,254.51223373413086,8.103548285409694,-0.009310704218813748,-0.009354319764071148,131487885.0
2020-05-01 00:00:00-04:00,262.26877941171466,267.18672684650835,258.78484641412496,259.9523010253906,125180000,260.60863342285154,255.93521957397462,252.46343353271484,52.99896324595687,4.367136637101851,3.038851485484028,1.328285151617823,274.18341466936806,237.68702447858118,255.93521957397462,8.124857724479243,-0.026473433021480752,-0.02683016437428207,128863865.0
2020-05-04 00:00:00-04:00,258.06784244223917,260.9726488665371,256.58787713450204,260.6693115234375,80873200,260.7906463623047,257.5613594055176,251.58168853759764,53.456435590984384,4.096676180642589,3.2504164245157403,0.846259756126849,270.69373181022206,244.4289870008131,257.5613594055176,7.857708725018945,0.002758238704633875,0.002754441744603615,126129465.0
2020-05-05 00:00:00-04:00,263.4913676039255,265.8905741855777,260.79796898937275,263.07769775390625,79569900,261.9994415283203,258.54172744750974,250.9502572631836,55.03941288665536,4.03021317267752,3.4063757741480964,0.6238373985294237,270.1602184755499,246.92323641946956,258.54172744750974,7.669391149099034,0.009239239618938466,0.009196818934292644,120704900.0
2020-05-06 00:00:00-04:00,264.77830538088773,265.1643710660051,260.8623279708527,261.29437255859375,73632600,262.47284545898435,259.4205192565918,250.4617300415039,53.58610923498828,3.789953100455648,3.4830912394096067,0.3068618610460412,268.8793905376952,249.96164797548835,259.4205192565918,7.428866288102848,-0.006778701541552579,-0.0068017812985024335,114315170.0
2020-05-07 00:00:00-04:00,264.51171080796263,266.3777697134358,263.9417856328459,264.4473571777344,75250400,263.2633911132813,260.04790115356445,250.0572817993164,55.80790021772343,3.8100449439687623,3.548481980321438,0.26156296364732423,269.08322887578305,251.01257343134583,260.04790115356445,7.261332778584219,0.012066791137775423,0.011994567835425287,110388965.0
2020-05-08 00:00:00-04:00,267.5819556045888,269.29175906737254,266.45127866866704,268.82293701171875,76452400,264.1339080810547,260.7023986816406,249.9960446166992,58.75835933503357,4.131416204771654,3.6650688252114816,0.466347379560172,270.2731996969042,251.131597666377,260.7023986816406,7.088694857945215,0.016546128048629205,0.016410732346994042,104711625.0
2020-05-11 00:00:00-04:00,266.892578270506,270.2570055839343,266.4697350281808,268.8781433105469,79514200,264.63490295410156,261.4764030456543,249.9587600708008,58.79573808780148,4.340525060238576,3.8001600722169004,0.5403649880216759,271.06294448589364,251.88986160541498,261.4764030456543,6.852878836360091,0.00020536305213325612,0.0002053419680282134,102945380.0
2020-05-12 00:00:00-04:00,270.0639145922281,270.4775563533977,263.38101225836226,263.5189208984375,95870800,264.7213104248047,261.60876846313477,249.57979156494142,53.706919728965374,4.027375793781005,3.8456032165297214,0.18177257725128326,271.23128974901533,251.9862471772542,261.60876846313477,6.870283497694044,-0.019931788973712283,-0.0201331066516533,101031750.0
2020-05-13 00:00:00-04:00,262.9581454558485,263.99689253994427,256.4315270763484,258.85833740234375,144721100,263.65406494140626,261.7852584838867,249.2693655395508,49.679975018431385,3.3643504680214846,3.749352666828074,-0.3850021988065895,271.0638916652101,252.5066253025633,261.7852584838867,6.919932209544174,-0.017685953935315246,-0.017844219243731703,102179055.0
2020-05-14 00:00:00-04:00,256.42238447612806,262.08488647615417,250.94368586031882,261.9562072753906,121977900,263.14755859375,262.05505218505857,248.7902389526367,52.24320826281314,3.0536695278202615,3.6102160390265117,-0.5565465112062502,271.0187431162985,253.09136125381866,262.05505218505857,7.221451381422114,0.011967433246053316,0.011896389760563768,101688035.0
2020-05-15 00:00:00-04:00,259.56619361268525,263.2063817576998,258.61937607827673,263.1604309082031,111146300,263.46837158203124,262.0385025024414,248.5252780151367,53.240328180985856,2.8715223057465664,3.462477292370523,-0.5909549866239567,270.9927416575521,253.08426334733076,262.0385025024414,7.033276688422181,0.004597041793121148,0.004586507668035518,99911110.0
2020-05-18 00:00:00-04:00,269.383676574657,272.78488091937567,269.0619645324173,271.17620849609375,119703800,264.51906127929686,262.6548538208008,248.51202056884765,59.32775299582873,3.3355257164806744,3.4370869771925534,-0.10156126071187899,272.31528985302117,252.99441778858042,262.6548538208008,7.218360497190064,0.03045966128048616,0.030004975779177195,100890835.0
2020-05-19 00:00:00-04:00,270.5786678061945,272.2884430673774,268.3724944146935,268.390869140625,95189300,265.0503784179688,263.52490997314453,248.86764068603514,56.571754692034816,3.4388571499075624,3.4374410117355554,0.001416138172007031,271.8712540945435,255.1785658517456,263.52490997314453,6.982473936868194,-0.010271326422461091,-0.010324440510145715,99331015.0
2020-05-20 00:00:00-04:00,271.9299425834225,273.814375850398,271.70013227998567,272.9502868652344,85861700,266.2159698486328,264.3444076538086,249.05509002685548,59.858951518633724,3.8443398048415247,3.51882077035675,0.3255190344847749,273.00706512879134,255.6817501788259,264.3444076538086,6.871119134932823,0.016987976301907848,0.016845294284545738,98976520.0
2020-05-21 00:00:00-04:00,272.82173390080567,273.63067103163144,269.9720792092253,271.06597900390625,78293900,266.87783203125,265.07061157226565,249.4618356323242,57.90811874461908,3.9679003483466317,3.608636685954726,0.35926366239190566,273.4247858061798,256.7164373383515,265.07061157226565,6.641652898323776,-0.006903483718478265,-0.006927423002124944,97655730.0
2020-05-22 00:00:00-04:00,270.78092249867296,271.75531605411203,269.53994110545716,271.5806579589844,63958200,267.1536041259766,265.6437561035156,250.35865509033204,58.3078010967748,4.060545815049522,3.699018511773686,0.3615273032758366,274.13188051928023,257.155631687751,265.6437561035156,6.32549018763314,0.0018987220637920466,0.0018969217695330263,96600480.0
2020-05-26 00:00:00-04:00,277.5466019109484,277.7856136973342,271.59910780063615,274.9267578125,88951400,267.7584655761719,266.1966842651367,250.93473388671876,60.90679400070418,4.35378261271768,3.829971331962485,0.5238112807551949,275.54706598413327,256.8463025461401,266.1966842651367,6.316880584112904,0.012320832708273999,0.012245548990259134,97153220.0
2020-05-27 00:00:00-04:00,277.7212306525081,279.0541420158943,272.8952128963509,279.0173645019531,104817400,269.3083099365234,267.0148101806641,252.13125762939453,63.87182871658799,4.860226989391663,4.036022463448321,0.8242045259433421,277.7440861671951,256.28553419413305,267.0148101806641,6.3055983366436505,0.014878896190391622,0.014769291277121085,97130590.0
2020-05-28 00:00:00-04:00,280.0468515835098,282.0599922398802,277.83147672252164,278.5025329589844,90405200,271.2727294921875,267.46339721679686,253.08079315185546,63.22191123020948,5.160557509119997,4.2609294725826565,0.8996280365373401,279.2718672135674,255.65492722002628,267.46339721679686,6.157235278123288,-0.0018451595078597949,-0.001846863911585041,95713570.0
2020-05-29 00:00:00-04:00,278.03375713092686,280.3318607230198,275.28523421175083,279.7435607910156,119090800,273.05146484375,268.09951171875,254.28909942626953,64.16840141077594,5.436048797398314,4.495953337545789,0.9400954598525253,281.0587858244237,255.14023761307638,268.09951171875,6.0779060804908385,0.004456073770122693,0.004446174869327726,95523025.0
2020-06-01 00:00:00-04:00,279.1001076480142,281.4809398340968,278.5853346376734,280.8742370605469,55758300,274.8228454589844,269.14560852050784,255.5106979370117,65.05088091762266,5.680136673847983,4.732790004806228,0.9473466690417549,282.67072679602273,255.62049024499294,269.14560852050784,5.85059887448602,0.004041831262654005,0.004033685005828996,92051940.0
2020-06-02 00:00:00-04:00,281.7934214913829,283.24583851794176,280.4605383804992,283.1998596191406,74267200,276.02521057128905,270.27213592529296,256.96824615478516,66.85885259402662,5.992162460084103,4.984664495861804,1.0074979642222992,284.51950203359235,256.02476981699357,270.27213592529296,5.631648964697201,0.00827994259257192,0.008245851917851103,91721640.0
2020-06-03 00:00:00-04:00,285.18541958591584,287.92476883249293,284.909658409725,286.96875,92567600,277.88299865722655,271.46668853759763,258.60872344970704,69.60321811387432,6.46899257985234,5.281530112659911,1.1874624671924296,287.04497513918596,255.8884019360093,271.46668853759763,5.5668818396011375,0.01330823534279979,0.013220458689478763,92371525.0
2020-06-04 00:00:00-04:00,285.98518598186917,287.7225657388418,284.119127013096,286.2149963378906,75794400,279.2094696044922,272.7127197265625,259.86275268554687,68.38359139022671,6.708728221099648,5.566969734347858,1.1417584867517894,288.814892023021,256.610547430104,272.7127197265625,5.426635902897187,-0.0026266053781444088,-0.002630060958340659,92479615.0
2020-06-05 00:00:00-04:00,291.6109209590687,295.32463552707304,291.5465673368315,293.5505065917969,150524700,281.4579223632812,274.1678771972656,261.1965707397461,73.28898231824351,7.405271456336095,5.934630078745506,1.4706413775905887,292.16758409160536,256.1681703029259,274.1678771972656,5.689707566203275,0.02562937074494287,0.025306444396043848,96243330.0
2020-06-08 00:00:00-04:00,294.3594665924078,297.291848746868,293.8171175615824,297.09881591796875,73641200,284.0097381591797,275.5816711425781,262.3364297485352,75.28641718500769,8.14966167000415,6.377636396997235,1.772025273006915,295.9641662795345,255.19917600562172,275.5816711425781,5.550538608265266,0.01208755987979293,0.012015088742843039,96102770.0
2020-06-09 00:00:00-04:00,294.433066953884,297.17241696231423,293.5689776241452,294.8835144042969,77479200,286.0054138183594,276.88193969726564,263.57501708984375,71.68236893992972,8.463280529536576,6.794765223505103,1.6685153060314724,298.65825913678174,255.10562025774954,276.88193969726564,5.411460088972679,-0.007456446794737559,-0.007484385060909969,96001020.0
2020-06-10 00:00:00-04:00,295.4626446212481,296.35431008693706,292.52106030785467,293.2380676269531,95000800,287.4274841308594,278.3678970336914,264.62938812255857,69.03872825262071,8.48128495827632,7.132069170459347,1.3492157878169726,300.34894208155106,256.38685198583175,278.3678970336914,5.298730781123373,-0.005579989036239463,-0.005595615331878294,95957520.0
2020-06-11 00:00:00-04:00,286.306935800571,286.94121464894255,275.7816379696527,276.3331604003906,209243600,287.210546875,279.24163818359375,265.4173617553711,49.031762839201285,7.0501985643349485,7.115695049234468,-0.0654964848995192,299.36168028691617,259.12159608027133,279.24163818359375,6.167137843707448,-0.05764908820797543,-0.05937755594738433,99183645.0
2020-06-12 00:00:00-04:00,283.3469055073033,284.11906476800726,274.4854347080679,279.6423645019531,194678900,287.20042724609374,280.1259460449219,266.4847836303711,51.9662383079732,6.1126149810087895,6.915079035589333,-0.8024640545805433,298.6181872461672,261.6337048436765,280.1259460449219,6.414744430581158,0.011975414375776205,0.011904276475084694,102818695.0
2020-06-15 00:00:00-04:00,273.95230329940716,283.38372874328377,272.7756754665918,282.2530517578125,135782700,287.3383087158203,281.08057708740233,267.499992980957,54.20626363412826,5.516641470539639,6.635391522579394,-1.118750052039755,297.8632132899745,264.29794088483015,281.08057708740233,6.7142664910176455,0.009335807399958984,0.009292498092951424,104050515.0
2020-06-16 00:00:00-04:00,290.0022973807095,290.14937937635153,282.82302403325144,287.685791015625,137627500,287.7869018554687,281.9060562133789,268.69077850341796,58.53929387287096,5.4202238578831725,6.39235798964015,-0.9721341317569774,298.27791259948293,265.5341998272749,281.9060562133789,6.798699428697745,0.01924776091517355,0.01906486591831883,104946700.0
2020-06-17 00:00:00-04:00,288.7061588750805,289.0003228615567,285.75537372521586,286.49078369140625,83398900,287.7391052246094,282.811051940918,269.55118743896486,57.25595112009444,5.187585840817178,6.151403559875556,-0.9638177190583779,298.05682189021906,267.5652819916169,282.811051940918,6.544860122100823,-0.004153862865454605,-0.004162514119533886,104357180.0
2020-06-18 00:00:00-04:00,284.9740877759043,287.0791307706854,284.5144669914152,286.60113525390625,80828700,287.77771911621096,283.49359436035155,270.4088394165039,57.348937136869225,4.955004774417091,5.912123802783864,-0.9571190283667725,298.1221983080297,268.8649904126734,283.49359436035155,6.260560383327209,0.00038518363864326055,0.000385109474469461,104105530.0
2020-06-19 00:00:00-04:00,290.0689386157883,290.26282089573067,283.01501607269654,284.9631652832031,135549600,286.9189849853516,284.1884536743164,271.07010833740236,55.421705120632666,4.5856515791538754,5.646829358057866,-1.061177778903991,297.66463780199587,270.71226954663695,284.1884536743164,6.331077843306275,-0.005715155207783873,-0.005731549199954622,106968315.0
2020-06-22 00:00:00-04:00,284.36307218217655,287.18832733403883,283.21820564851276,286.79132080078125,74649400,285.8882354736328,284.94898681640626,271.69127502441404,57.152424920937015,4.389849925245642,5.395433471495422,-1.0055835462497802,297.14970715981025,272.7482664730023,284.94898681640626,6.162438117750546,0.0064154099206514825,0.006394918771148443,107502875.0
2020-06-23 00:00:00-04:00,289.44113788217754,290.37366646344435,287.70535438204575,288.1116027832031,68471200,285.21104431152344,285.6082290649414,272.38554595947267,58.408305000043384,4.291738930892507,5.174694563374839,-0.8829556324823322,296.96739226643996,274.2490658634428,285.6082290649414,5.978145799530014,0.004603632978624983,0.004593068670713468,106478865.0
2020-06-24 00:00:00-04:00,286.0711358531049,286.6897503140339,278.92490610868884,280.7622375488281,132813500,283.9634613037109,285.69547271728516,272.78335845947265,49.67929202995583,3.579688487208216,4.855693348141514,-1.2760048609332983,296.87621376768516,274.51473166688515,285.69547271728516,6.207328004886032,-0.025508744401054995,-0.02583973329289809,107878670.0
2020-06-25 00:00:00-04:00,280.1897990735888,284.03991677797876,278.1677990684482,283.77215576171875,89468000,284.7073608398438,285.9589538574219,273.35223083496095,52.79104068150471,3.22112747296012,4.528780173105235,-1.3076527001451153,296.6885127644914,275.22939495035234,285.9589538574219,6.183384412360644,0.010720523668597659,0.010663466282530157,107831810.0
2020-06-26 00:00:00-04:00,282.6734931052813,282.885859215094,276.4505490229153,277.0321960449219,127961000,284.44634399414065,285.82338562011716,273.7616680908203,45.9402813993288,2.365834991819497,4.096191136848088,-1.7303561450285905,296.9256871007576,274.7210841394767,285.82338562011716,6.264686007106557,-0.023751307448417802,-0.0240379170848798,108275320.0
2020-06-29 00:00:00-04:00,278.2878382488589,281.24233868339707,275.9980771665016,281.1038513183594,79773300,284.3314239501953,285.8348663330078,274.1139166259766,50.149007627255756,1.9935773718061114,3.675668383839693,-1.6820910120335815,296.91712952479816,274.7526031412175,285.8348663330078,6.19179854352005,0.014697408213077301,0.014590448060037503,109476070.0
2020-06-30 00:00:00-04:00,280.66989282570773,286.4035230684894,280.5129498778858,284.70465087890625,113394800,284.03330993652344,285.9101058959961,274.6310260009766,53.59012822444925,1.9664469806505736,3.333824103201869,-1.3673771225512956,296.94009858878013,274.88011320321203,285.9101058959961,6.170282446883162,0.01280949920699892,0.012728151517620597,111432450.0
2020-07-01 00:00:00-04:00,285.82196042697643,287.96399300740876,285.36031693170133,286.6990661621094,72396500,284.05413818359375,285.89662170410156,275.34521240234375,55.42545878747188,2.0818799790531557,3.083435278372127,-1.0015552993189711,296.92206308763167,274.87118032057145,285.89662170410156,5.9623581384274,0.007005207948118208,0.006980785468948741,110423895.0
2020-07-02 00:00:00-04:00,290.1335885242947,291.4816073233506,287.61303399713563,288.2778015136719,69344200,284.2218048095703,285.9997619628906,275.9795617675781,56.879141904857,2.2745328123530157,2.921654785168305,-0.647121972815289,297.07367441628026,274.92584950950095,285.9997619628906,5.878085497199817,0.005506593979172081,0.005491488119730115,110101385.0
2020-07-06 00:00:00-04:00,292.10019917073765,293.3097024538688,291.3523392224344,292.72802734375,61713800,284.998291015625,285.9586380004883,276.70328430175783,60.763591674734776,2.754554809932017,2.8882347901210474,-0.13367998018903027,296.92567654428245,274.99159945669413,285.9586380004883,5.8176437431281816,0.015437282394659357,0.015319339810680375,105660840.0
2020-07-07 00:00:00-04:00,291.1861571430053,293.16197598302176,289.3303419029436,289.7088928222656,82910000,285.29004821777346,285.5891418457031,277.29510681152345,57.01136836198531,2.858406842675379,2.8822692006319137,-0.023862357956534908,295.4745853980426,275.70369829336363,285.5891418457031,5.675785910053181,-0.010313786994980867,-0.010367342655435322,106124280.0
2020-07-08 00:00:00-04:00,290.4751465955823,292.0355030043778,288.7116942101427,291.9247131347656,54638600,285.6713592529297,285.4412017822266,277.8562371826172,59.01187523967892,3.083958553170419,2.922607071139615,0.16135148203080396,294.84254581577494,276.03985774867823,285.4412017822266,5.507787544637604,0.0076484373362311064,0.007619336330010876,104982250.0
2020-07-09 00:00:00-04:00,292.53415581966215,292.7742193790963,286.8467063436829,290.26287841796875,83354200,286.6214233398438,285.29244232177734,278.40839782714846,56.874209616253694,3.0929600178517376,2.9566776604820397,0.13628235736969785,294.2806702808715,276.3042143626832,285.29244232177734,5.5377679368358725,-0.0056926825377394685,-0.005708947612286808,104399920.0
2020-07-10 00:00:00-04:00,290.1982140439162,293.49435402565143,288.767131059591,293.2265930175781,57550400,287.5668670654297,286.1371139526367,278.88231384277344,59.67938935811239,3.3011867172961615,3.025579471844864,0.27560724545129744,294.7667584489116,277.5074694563618,286.1371139526367,5.4798718674947695,0.010210449974735303,0.010158675459542328,96815260.0
2020-07-13 00:00:00-04:00,295.5717862583092,297.9538536311134,290.0320658619064,290.6875915527344,102997500,288.9324066162109,286.68937530517576,279.35564025878904,56.300696974901996,3.2241655049383553,3.0652966784635627,0.1588688264747926,294.9933387515322,278.38541185881934,286.68937530517576,5.654294431902787,-0.008658837654235363,-0.008696543204271961,92231190.0
2020-07-14 00:00:00-04:00,289.2657251994357,295.23017784397115,288.06546370459,294.4546203613281,93657000,290.2674835205078,287.29945373535156,280.0456866455078,59.92571934391932,3.427582346028089,3.137753811976468,0.2898285340516211,295.9937414570458,278.6051660136573,287.29945373535156,5.762181553865526,0.012959028586228438,0.012875778827897727,90124905.0
2020-07-15 00:00:00-04:00,297.67691997939255,298.25859520955737,294.77778571364365,297.1598815917969,87196500,291.51300659179685,287.77315826416014,280.775498046875,62.341691579046724,3.7636980621781504,3.2629426620168047,0.5007554001613457,297.4741278687284,278.0721886595919,287.77315826416014,5.622309646320077,0.009187362138006527,0.009145415052776017,87603355.0
2020-07-16 00:00:00-04:00,295.257956898738,296.63364550890554,294.61164472972223,296.1812438964844,54622500,292.4612243652344,288.25768127441404,281.43756896972656,60.9110858498495,3.9060774759211654,3.391569624797677,0.5145078511234882,298.600797099446,277.91456544938205,288.25768127441404,5.402733018873975,-0.003293303557903693,-0.003298738417775368,86164535.0
2020-07-17 00:00:00-04:00,297.18755470615184,297.8246248415815,295.21170746259276,297.0398254394531,62774900,293.3374267578125,288.7796157836914,282.15247802734376,61.74060004758166,4.04160543056156,3.521576785950454,0.5200286446111062,299.769009066563,277.79022250081977,288.7796157836914,5.203460473167888,0.0028988383318047095,0.002894644802255821,85261845.0
2020-07-20 00:00:00-04:00,296.7719656553359,300.18813689215324,296.02410586279206,299.4402770996094,56308800,294.00865173339844,289.5034713745117,282.85233642578123,64.03836572139193,4.293219140784458,3.6759052569172552,0.6173138838672032,301.27155440082424,277.7353883481992,289.5034713745117,5.12921551289598,0.008081245188603647,0.00804876678665982,81299805.0
2020-07-21 00:00:00-04:00,301.4069275614781,301.8500871049481,299.0894691350206,300.077392578125,57292200,295.0455017089844,290.1677749633789,283.47742553710935,64.64527657193723,4.492250842056819,3.8391743739451685,0.6530764681116508,302.7221762178628,277.61337370889504,290.1677749633789,4.960029974112518,0.0021276879806777504,0.0021254276582123176,80431945.0
2020-07-22 00:00:00-04:00,299.7172780341707,302.0993731333049,299.60648815541464,301.7854309082031,57792900,296.0315734863281,290.8514663696289,284.1355712890625,66.2878906783794,4.733247388278642,4.017988976811863,0.7152584114667784,304.3381884408449,277.3647442984129,290.8514663696289,4.783805331525213,0.0056919927069596365,0.005675854526449002,79898030.0
2020-07-23 00:00:00-04:00,301.42537631818345,302.1270831480681,296.8181852176336,298.18463134765625,75738000,296.82374877929686,291.7225860595703,284.8288854980469,59.96294135962458,4.5808789351805785,4.130566968485606,0.4503119666949722,304.73230658880186,278.7128655303387,291.7225860595703,4.82131194573302,-0.011931654718090656,-0.012003408240228036,77044255.0
2020-07-24 00:00:00-04:00,296.3289495911897,297.289147705287,294.7593505494647,296.2643127441406,73766600,297.1275207519531,292.3471939086914,285.57700500488284,56.84767909529525,4.256110384636031,4.155675651715692,0.10043473292033944,304.96368614144944,279.73070167593335,292.3471939086914,4.721595435194341,-0.006440032119820138,-0.006460858590249995,76259185.0
2020-07-27 00:00:00-04:00,296.9567514724589,298.6002009240035,296.16271013664567,298.4247741699219,48293000,297.9012390136719,293.4168228149414,286.30637634277343,59.40310014197551,4.12550390880574,4.149641303133701,-0.024137394327961026,304.1442184319489,282.68942719793387,293.4168228149414,4.558445103206019,0.0072923444804067206,0.007265883898311598,72275785.0
2020-07-28 00:00:00-04:00,297.69530442770673,298.81250154862204,296.2365239348657,296.531982421875,57495000,298.1089752197266,294.1882293701172,286.9738073730469,56.25972020241385,3.8251706739514475,4.084747177297251,-0.2595765033458033,303.37058935492104,285.00586938531336,294.1882293701172,4.41684028253104,-0.0063426093001552886,-0.006362809104800136,71161870.0
2020-07-29 00:00:00-04:00,297.40903461982157,300.7421134441049,297.3720952714355,300.17889404296875,48454200,298.41087646484374,294.9619415283203,287.5538610839844,60.58717392005827,3.8371968936377243,4.035237120565346,-0.19804022692762135,303.39468564398294,286.5291974126577,294.9619415283203,4.402075335366674,0.012298543959097463,0.012223531272327259,67914840.0
2020-07-30 00:00:00-04:00,297.2059420708996,299.5234003844888,295.11933357691976,299.10791015625,61861700,298.7035430908203,295.58238372802737,288.1682019042969,58.74897071710902,3.717455793954173,3.971680855243111,-0.2542250612889383,303.28654938932925,287.8782180667255,295.58238372802737,4.44903855898684,-0.0035678187506595904,-0.003574198595251479,67388100.0
2020-07-31 00:00:00-04:00,300.8990939222795,301.5731032762325,296.6796674453573,301.4715270996094,84986800,299.14671325683594,296.24207000732423,288.7386267089844,61.52348755289126,3.769828012829521,3.9313102867603935,-0.16148227393087256,303.5822636187604,288.90187639588805,296.24207000732423,4.480781221264576,0.007902221449525237,0.007871162413894269,68170230.0
2020-08-03 00:00:00-04:00,303.13343702102367,304.3336982264849,302.58870135537785,303.5673828125,53077900,299.559423828125,296.7840377807617,289.38865478515623,63.84559727126791,3.9350901441695783,3.932066258242231,0.0030238859273472585,304.5921020962013,288.9759734653221,296.7840377807617,4.3651662145225005,0.006952085104203309,0.0069280307813389475,67738435.0
2020-08-04 00:00:00-04:00,302.70874832852365,304.739990234375,302.70874832852365,304.739990234375,41917900,300.02568359375,297.5355926513672,290.05184143066407,65.11416060414885,4.113266022671951,3.968306211128175,0.1449598115437758,305.36849952634054,289.7026857763939,297.5355926513672,4.198457335331704,0.003862758281245382,0.0038553169869341634,65688830.0
2020-08-05 00:00:00-04:00,306.0418016743555,306.89123771970355,305.7740406786033,306.6326904296875,42697700,300.5104095458984,298.27099151611327,290.6859600830078,67.11956685576322,4.356972313173969,4.046039431537334,0.310932881636635,306.6044318596105,289.93755117261605,298.27099151611327,4.052228060331479,0.006210869121104912,0.00619166116452696,65091785.0
2020-08-06 00:00:00-04:00,306.05108949352723,308.8024658628492,305.72793350897297,308.68243408203125,43679400,301.56018981933596,299.1919692993164,291.27926147460937,69.18547528437466,4.661770498077033,4.169185644845274,0.49258485323175893,307.84685692609474,290.537081672538,299.1919692993164,3.982392652727533,0.00668468730281635,0.006662443852630751,63108045.0
2020-08-07 00:00:00-04:00,307.71297454516787,309.1902388250722,306.8081434818142,308.9040222167969,57308300,302.82416076660155,299.97584075927733,291.8872912597656,69.40924196082344,4.865123451437341,4.3083732061636875,0.5567502452736539,309.1517283734017,290.799953145153,299.97584075927733,3.8680857020511348,0.000717851456059071,0.0007175939239417549,63095940.0
2020-08-10 00:00:00-04:00,309.356415827872,310.0119414454086,307.4175082706169,309.8273010253906,44282100,303.96441345214845,300.93282623291014,292.4889660644531,70.37457156867434,5.042654434368899,4.45522945180473,0.5874249825641691,310.0262066786222,291.8394457871981,300.93282623291014,3.777110521532602,0.0029888856803093056,0.002984427841941587,60160170.0
2020-08-11 00:00:00-04:00,311.0091648796552,311.64623502713425,306.54046013928667,307.26983642578125,69601100,305.03819885253904,301.57358703613284,293.0168780517578,64.31987955031846,4.920265242857852,4.548236610015354,0.37202863284249776,310.5560911233384,292.5910829489273,301.57358703613284,3.8720151191265297,-0.00825448432447784,-0.008288741225828204,58957375.0
2020-08-12 00:00:00-04:00,309.7072598051472,312.32939037175544,309.67956233416606,311.5538330078125,53774400,306.1756927490234,302.2932846069336,293.5839575195312,69.11355268905524,5.1100481934559525,4.660598926703474,0.4494492667524783,312.02151281582,292.56505639804715,302.2932846069336,3.9568393210442196,0.013942131879469466,0.013845834388088408,57286270.0
2020-08-13 00:00:00-04:00,310.78750691268493,312.3017105491452,310.0673444500074,310.9906311035156,41816100,307.36396484375,303.0337539672852,294.06439514160155,67.82345762201406,5.155576584681967,4.759594458299173,0.39598212638279406,313.03888282586473,293.0286251087056,303.0337539672852,3.833805519479475,-0.001807719387881046,-0.0018093552843655132,56645950.0
2020-08-14 00:00:00-04:00,310.6028714247222,311.5353999760587,309.87346706744495,310.9998779296875,47260400,308.3167999267578,303.73175659179685,294.5600927734375,67.83407379093845,5.133231605711103,4.834321887781559,0.29890971792954435,313.9131201143808,293.55039306921293,303.73175659179685,3.678671761560497,2.973345576062769e-05,2.9733013730193995e-05,55870225.0
2020-08-17 00:00:00-04:00,312.0154599206983,312.38476890654016,311.0090809592796,311.9877624511719,35481000,309.158837890625,304.359130859375,294.928837890625,69.01043865910941,5.136032092781591,4.894663928781565,0.2413681640000256,314.9437771263109,293.7744845924391,304.359130859375,3.5148302769385085,0.0031764788078396666,0.003171444457219443,54828835.0
2020-08-18 00:00:00-04:00,312.38474031767976,313.08644705008913,310.78744458391986,312.6617431640625,38733900,309.9510131835938,304.98834838867185,295.2400964355469,69.82134707233124,5.133460769517114,4.942423296928675,0.19103747258843917,315.96883542131434,294.00786135602937,304.98834838867185,3.4279854333121342,0.002160279325045922,0.0021579492767648204,53900920.0
2020-08-19 00:00:00-04:00,313.04037642109654,313.5574147719256,310.79679627269803,311.3600158691406,68054200,310.4237457275391,305.4670776367187,295.56962646484374,66.21734236255483,4.969103728965592,4.9477593833360585,0.021344345629533912,316.67967153471056,294.2544837387269,305.4670776367187,3.3803163665918086,-0.004163372473231619,-0.004172063439280802,54413985.0
2020-08-20 00:00:00-04:00,309.63336706931557,312.8094750881142,309.50412160274976,312.3293762207031,42207800,310.78843994140624,306.17431488037107,295.9514526367187,67.56018588268131,4.861033896419144,4.930414285952676,-0.06938038953353143,317.2437750039084,295.10485475683373,306.17431488037107,3.3749618750755674,0.003113310322960361,0.0031084740077436017,52737475.0
2020-08-21 00:00:00-04:00,311.9971136916814,313.6590187987212,311.6554738791478,313.43743896484375,55106600,311.2417816162109,307.03297119140626,296.6935382080078,69.07349026458772,4.809359871632864,4.906203403088713,-0.0968435314558489,317.5445243882433,296.5214179945692,307.03297119140626,3.2770035211111277,0.0035477378322481545,0.003541459455359932,51804475.0
2020-08-24 00:00:00-04:00,315.87478769734156,316.68728436371094,313.4096284054614,316.6134338378906,48588700,311.92039489746094,307.94240417480466,297.4329595947266,72.96622453074997,4.967422721041828,4.918447266679337,0.04897545436249118,318.4648239971062,297.41998435250315,307.94240417480466,3.2770501237638734,0.010132787211176497,0.010081794697731544,51819260.0
2020-08-25 00:00:00-04:00,317.17663880879144,317.8044669230327,316.0132886974553,317.72137451171875,38463400,312.9655487060547,309.0018737792969,298.1423260498047,74.18686025881244,5.123035061698488,4.959364825683167,0.16367023601532082,318.96769149785354,299.03605606074024,309.0018737792969,3.1709164167505515,0.0034993482759022587,0.0034932398030257123,50867680.0
2020-08-26 00:00:00-04:00,318.3123051250386,321.1744711148294,317.76756939870836,320.90673828125,50790200,313.9008392333984,310.03826599121095,298.8067449951172,77.3529180641102,5.44067448899375,5.055626758345284,0.3850477306484663,320.42081158505636,299.65572039736554,310.03826599121095,3.1910721443476997,0.010025651482927778,0.009975728038506125,50984480.0
2020-08-27 00:00:00-04:00,321.77458090081905,323.0579344592056,319.94646352268916,321.6083679199219,58034100,314.9626129150391,311.16328887939454,299.5090966796875,77.99319602929702,5.683505755184797,5.181202557713187,0.5023031974716101,321.4401299798939,300.88644777889516,311.16328887939454,3.185386343788326,0.0021863973390827685,0.002184010650620359,50793100.0
2020-08-28 00:00:00-04:00,322.6332894034035,323.81509518897934,321.4422417348515,323.6858215332031,48588900,316.2312072753906,312.27400360107424,300.25079040527345,79.81304447921396,5.974711670722343,5.339904380315018,0.6348072904073243,322.9161570376214,301.63185016452707,312.27400360107424,3.127348280241148,0.00645957574648226,0.006438802098381731,48973205.0
2020-08-31 00:00:00-04:00,323.4735012045628,324.35060666428654,322.28245347132435,322.5132751464844,66099200,317.28375854492185,313.22129821777344,301.00179260253907,75.99327804965712,6.041240107365638,5.480171525725142,0.5610685816404963,323.9671554962147,302.4754409393322,313.22129821777344,3.0516914882926516,-0.003622483002699184,-0.0036290600826292254,49624270.0
2020-09-01 00:00:00-04:00,323.34411329047265,325.65232922648164,322.4485243802426,325.55078125,54908700,318.5726623535156,314.2618377685547,301.77698181152346,78.82102003226974,6.266825664476414,5.637502353475397,0.6293233110010172,325.5383297659896,302.9853457711198,314.2618377685547,3.062556728145966,0.009418235891641924,0.009374160831413953,50273810.0
2020-09-02 00:00:00-04:00,327.4621164118237,331.22911386665123,326.3172217084211,330.2596740722656,69540000,320.46262817382814,315.4431869506836,302.6199432373047,82.30143683890068,6.747787842741275,5.859559451328574,0.8882283914127012,328.13658301573207,302.7497908856351,315.4431869506836,3.2493978630391993,0.014464388026301567,0.01436077668712689,51615925.0
2020-09-03 00:00:00-04:00,328.5699763174422,329.0408614690771,316.3087321994255,318.8939514160156,148011100,321.11908569335935,315.9537628173828,303.38257751464846,57.66803851927267,6.141044860624163,5.915856533187692,0.225188327436471,328.33599008110275,303.5715355536629,315.9537628173828,4.013793863739266,-0.034414503339463165,-0.03502062934005862,56832510.0
2020-09-04 00:00:00-04:00,319.57715026354145,321.14672035614166,309.18093559831357,316.2902526855469,139156300,321.4043670654297,316.3230743408203,304.032939453125,53.70260540693805,5.387990547297079,5.81028333600957,-0.42229278871249054,328.27534879316624,304.3707998884744,316.3230743408203,4.581793213317039,-0.008164779290755764,-0.008198293650755736,60924910.0
2020-09-08 00:00:00-04:00,310.8798493187982,316.3549607309717,307.3436737413122,307.6483459472656,114465300,320.5078582763672,316.21412658691406,304.6452624511719,43.107372098208735,4.0472062537756415,5.457667919562784,-1.4104616657871425,328.43789664689047,303.99035652693766,316.21412658691406,4.898185625912928,-0.027322709646929733,-0.027702916399880217,64434070.0
2020-09-09 00:00:00-04:00,311.6553602505374,316.188700542301,310.7874686489755,313.7235412597656,91462300,320.1080749511719,316.5368118286133,305.29765625,50.50084234525143,3.435243185446609,5.053182972739549,-1.61793978729294,328.1232085582005,304.9504150990261,316.5368118286133,5.1583405522788155,0.01974720616096315,0.019554759482396152,65527130.0
2020-09-10 00:00:00-04:00,315.5978714825398,316.2533971603592,307.3159885272084,308.2762145996094,90569500,318.8450225830078,316.3729309082031,305.7690875244141,44.87019704783991,2.4820922936611964,4.538964836923879,-2.056872543262682,328.3236061644949,304.4222556519113,316.3729309082031,5.428273986626816,-0.017363461595143126,-0.017515974507587618,67366885.0
2020-09-11 00:00:00-04:00,310.05812950649084,311.11990351849477,305.6078810919823,308.4331359863281,84680200,317.5274993896484,316.24505615234375,306.2037689208984,45.0602303797084,1.7195536452638294,3.975082598591869,-2.2555289533280396,328.474834143435,304.0152781612525,316.24505615234375,5.434256018047221,0.0005090285247033588,0.0005088990136319006,69510090.0
2020-09-14 00:00:00-04:00,311.5999249612927,314.2682362405836,308.5807885105292,312.4955139160156,65605700,316.40846862792966,316.31983795166013,306.6881231689453,49.87707482352489,1.4265913636140226,3.4653843515963,-2.0387929879822773,328.4381932410655,304.20148266225476,316.31983795166013,5.462887749204952,0.0131710165209602,0.013085032854821824,70427355.0
2020-09-15 00:00:00-04:00,314.9515071825437,315.7824594521563,312.50480343116857,314.07440185546875,52920900,315.5645812988281,316.424169921875,307.1150506591797,51.6513296249443,1.3067562336896117,3.0336587280149625,-1.7269024943253508,328.4269202443742,304.4214195993758,316.424169921875,5.307463305414644,0.005052513937455982,0.005039792820001208,71299350.0
2020-09-16 00:00:00-04:00,315.3116463788061,316.7427294770832,312.5510000169259,312.8280029296875,82096000,314.29230346679685,316.43248291015624,307.57743286132813,50.142379240708564,1.0985486679180099,2.646636715995572,-1.5480880480775623,328.42502439504244,304.43994142527004,316.43248291015624,5.227768030753403,-0.0039684830040839225,-0.003976378327989159,73467455.0
2020-09-17 00:00:00-04:00,307.9714762809404,311.79389633261354,307.44519615617884,310.0765686035156,91523300,312.27399291992185,316.368310546875,307.94046997070313,46.8860811288694,0.7034163705057495,2.2579926468976077,-1.5545762763918582,328.4818617956259,304.25475929812416,316.368310546875,5.2388422266644925,-0.008795358153375732,-0.008834265620639303,74640910.0
2020-09-18 00:00:00-04:00,310.88219558209073,310.993428984105,304.02252899495534,306.5068359375,105877900,311.0352813720703,316.07718353271486,308.2653491210938,42.98572138594919,0.1010586442412773,1.8266058463663417,-1.7255472021250644,328.8281145692573,303.3262524961724,316.07718353271486,5.362560638270574,-0.011512423147910011,-0.011579204126625508,77824415.0
2020-09-21 00:00:00-04:00,301.9182014330189,303.2437795741085,298.2380798999571,303.095458984375,99450800,309.71580200195314,315.5600845336914,308.46272644042966,39.59580771660739,-0.644158347175221,1.3324530076580292,-1.9766113548332502,329.4822991913013,301.6378698760815,315.5600845336914,5.570146023932884,-0.011129856019983286,-0.011192256303609274,80041625.0
2020-09-22 00:00:00-04:00,304.5785896576303,306.7384460300399,302.06644718578764,306.1822509765625,63612100,309.56919250488284,315.038525390625,308.7726196289062,43.906428776808184,-0.9744371604788853,0.8710749740306464,-1.8455121345095318,329.53358691886325,300.5434638623868,315.038525390625,5.505992653955696,0.010184223816915194,0.01013271403907158,80792795.0
2020-09-23 00:00:00-04:00,306.7384591067574,307.0165707899801,298.58102560551066,299.08160400390625,93112200,308.10499877929686,314.1065368652344,308.8651593017578,37.31045978216033,-1.7885312922480807,0.33915372077490097,-2.127685013022982,330.1102092690498,298.10286446141896,314.1065368652344,5.7152464061352495,-0.023190916357851754,-0.02346405684093251,83525235.0
2020-09-24 00:00:00-04:00,297.7653868058365,302.9379378728557,296.44905891226836,299.87890625,76681300,307.26526794433596,313.0551452636719,308.9195397949219,38.42896166289261,-2.342369748592546,-0.19715097309858842,-2.1452187754939573,329.8757391870246,296.2345513403192,313.0551452636719,5.770505874310397,0.002665835128005112,0.0026622880920172468,84819790.0
2020-09-25 00:00:00-04:00,299.0260243217955,305.51490229744024,298.1546867340451,304.72698974609375,71069400,306.8946533203125,312.2110763549805,309.09045471191405,44.87007342479519,-2.3628533913552587,-0.6302914567499225,-1.7325619346053363,328.92402588363535,295.49812682632563,312.2110763549805,5.884056566387882,0.016166803983378664,0.016037512829691673,85471555.0
2020-09-28 00:00:00-04:00,308.8891253586317,310.5020659374077,307.8972472441894,309.7882995605469,64584600,306.6239318847656,311.51620025634764,309.3454241943359,50.671798598841704,-1.948223514972483,-0.8938778683944346,-1.0543456465780483,327.3979912408575,295.6344092718378,311.51620025634764,5.876272253882599,0.016609325674336706,0.016472899384553447,86271340.0
2020-09-29 00:00:00-04:00,309.5843740782885,310.3259488282698,307.40595935248126,308.1011962890625,51304000,306.026611328125,310.79559631347655,309.518642578125,48.82722818611148,-1.7357528070990043,-1.0622528561353486,-0.6734999509636557,325.9051801560974,295.6860124708557,310.79559631347655,5.665109198304452,-0.0054459877079852115,-0.005460871160370566,85531580.0
2020-09-30 00:00:00-04:00,308.76854858003315,313.58886813155385,308.5738902068861,310.4371337890625,104081100,305.7875244140625,310.0399139404297,309.72583740234376,51.46183900344687,-1.3631639014192274,-1.1224350651921244,-0.24072883622710295,323.5490924156565,296.5307354652029,310.0399139404297,5.652435101460659,0.007581721616583437,0.007553124816278162,87990200.0
2020-10-01 00:00:00-04:00,313.03270872151455,314.0060289873834,310.5484025217798,312.43017578125,88698700,306.02288513183595,309.14843902587893,309.9387322998047,53.6542759609433,-0.8967257804822566,-1.077293208250151,0.18056742776789436,319.0829205603212,299.21395749143664,309.14843902587893,5.503610822664961,0.006420114655296905,0.006399593504466678,88948135.0
2020-10-02 00:00:00-04:00,307.4801391377748,312.4024144710618,307.0073689601297,309.4638671875,89431100,306.31858825683594,308.67693481445315,310.16431701660156,50.03204129181679,-0.757692316793964,-1.0133730299589137,0.25568071316494967,317.5555357801668,299.7983338487395,308.67693481445315,5.497839108268912,-0.009494308884641423,-0.009539667160534036,86019135.0
2020-10-05 00:00:00-04:00,311.5217221973405,315.13694812133673,311.47538439020013,314.9515686035156,45713100,307.50419921875,308.61000061035156,310.5380621337891,55.95606976580555,-0.20236293950085837,-0.8511710118673027,0.6488080723664443,317.2756407132962,299.94436050740694,308.61000061035156,5.510356381523756,0.01773293103937945,0.017577536989743864,81346975.0
2020-10-06 00:00:00-04:00,315.090688159139,317.18567808183934,309.96447503768013,310.47430419921875,90128900,307.93340454101565,308.75129852294924,310.779052734375,50.67715436854064,-0.12213038339450577,-0.7053628861727433,0.5832325027782376,317.44173163237656,300.0608654135219,308.75129852294924,5.632559714569147,-0.014215723465512253,-0.014317734792932966,80130155.0
2020-10-07 00:00:00-04:00,313.43135342172144,316.6850714131168,313.40354507518236,315.87860107421875,56999600,309.61310424804685,308.8590515136719,311.1659851074219,56.06504558047719,0.37323368202663687,-0.4896435725328673,0.8628772545595041,317.84193710606894,299.87616592127483,308.8590515136719,5.6738602502354984,0.017406583417390653,0.017256824210626936,78407020.0
2020-10-08 00:00:00-04:00,317.81598305879504,318.7429656383515,316.89825106833507,318.6780700683594,45242500,311.49302062988284,309.3791442871094,311.53596862792966,58.58859495457489,0.9804055199144273,-0.19563375404340838,1.1760392739578356,319.32021731248994,299.43807126172885,309.3791442871094,5.473181986942445,0.008862483829611634,0.008823442518895715,76140670.0
2020-10-09 00:00:00-04:00,320.32811028649445,321.9874170889095,319.7070477762188,321.52392578125,59528600,313.17271423339844,310.03368377685547,311.9842889404297,61.038552763873604,1.6719570677789193,0.17788441032105717,1.494072657457862,321.2778557022779,298.789511851433,310.03368377685547,5.318622346485853,0.008930189994812432,0.00889055165860518,74883090.0
2020-10-12 00:00:00-04:00,324.06378442537806,328.17030980233085,323.5724848688719,326.6964111328125,80388500,314.863525390625,310.7437286376953,312.48878662109377,65.08206087477164,2.6073372308426883,0.6637749744253835,1.9435622564173047,324.11279451874384,297.3746627566468,310.7437286376953,5.413462466099781,0.016087404192376198,0.01595937320451738,75622230.0
2020-10-13 00:00:00-04:00,326.55736813172996,326.73349705593574,323.60029192754826,324.5643615722656,73255500,316.5098419189453,311.26822662353516,312.9087261962891,62.21585727220892,3.1403936645288013,1.1590987124460672,1.981294952082734,325.8837947653805,296.6526584816898,311.26822662353516,5.250586941977474,-0.006526088098592897,-0.006547476115700564,76638960.0
2020-10-14 00:00:00-04:00,325.1391526992879,326.2329853972063,321.7927590329618,322.5250549316406,57727900,317.7186340332031,311.7530792236328,313.26442749023437,59.51594890983613,3.3595627775432604,1.599191525465506,1.7603712520777544,327.16512516893897,296.3410332783267,311.7530792236328,5.192704043567976,-0.00628321184354963,-0.0063030342951490145,75420555.0
2020-10-15 00:00:00-04:00,318.6131927450355,322.60848562858945,318.0755552653786,322.12646484375,60357700,318.6882629394531,312.3555740356445,313.5743029785156,58.97723156151501,3.4611944940899093,1.971592119190387,1.4896023748995224,328.3879927084176,296.32315536287143,312.3555740356445,5.145577352113894,-0.0012358422447990014,-0.0012366065275795403,73862275.0
2020-10-16 00:00:00-04:00,323.4798076396234,325.13911424772533,321.7556337558863,321.9317626953125,89501900,319.9350524902344,313.12682037353517,313.83928955078125,58.697734099721146,3.485844875621865,2.2744426704766827,1.2114022051451823,329.441178933565,296.8124618135053,313.12682037353517,5.019713290665687,-0.0006044276695239548,-0.0006046104095669335,73043475.0
2020-10-19 00:00:00-04:00,323.1924104328647,323.8227516799886,316.1380878968359,317.0372619628906,68425600,320.14362182617185,313.82391052246095,314.0019543457031,52.023309927704545,3.0749886218070515,2.4345518607427565,0.6404367610642949,329.54482731961593,298.10299372530596,313.82391052246095,5.210066897271902,-0.015203534722525003,-0.015320293397909314,71492215.0
2020-10-20 00:00:00-04:00,318.38139712826285,321.55168968171705,317.6212929886074,318.3072509765625,60051900,320.9269165039062,314.43016052246094,314.1715533447266,53.500765794713054,2.819359755985147,2.5115134397912344,0.30784631619391245,329.8579972112344,299.00232383368746,314.43016052246094,5.160378384525798,0.0040058036263905805,0.0039978017572034905,71314205.0
2020-10-21 00:00:00-04:00,318.26087876428136,320.43004263717467,317.39879185718223,317.7047119140625,63575000,321.1095275878906,315.36131591796874,314.3802508544922,52.67199595685206,2.538885479988096,2.516987847830607,0.021897632157489078,329.13007923700826,301.5925525989292,315.36131591796874,5.0082978413448425,-0.0018929479634893775,-0.001894741853670263,69837345.0
2020-10-22 00:00:00-04:00,317.91790278181213,320.0314217004003,315.77657552045014,319.4474182128906,55399300,321.18646240234375,316.3397415161133,314.5381225585937,54.850462628848845,2.4292268148827816,2.4994356412410417,-0.07020882635826009,328.22030637216557,304.459176660061,316.3397415161133,4.954479865530937,0.005485302022525618,0.005470312542951719,68773245.0
2020-10-23 00:00:00-04:00,320.67102412804957,320.7266408105194,318.0754846485953,320.531982421875,49143900,321.08726806640624,317.12999114990237,314.72894958496096,56.201621792855384,2.4021463524555884,2.4799777834839514,-0.07783143102836299,327.86282019876097,306.39716210104376,317.12999114990237,4.789956743844735,0.003395125917911024,0.003389375489854193,67676970.0
2020-10-26 00:00:00-04:00,317.1485658849641,317.9365067637999,311.1139000222835,314.608642578125,91473000,319.8784912109375,317.3710083007812,314.8011248779297,47.78989187928164,1.8810374401983836,2.360189714826838,-0.4791522746284542,327.64002066660254,307.1019959349599,317.3710083007812,5.120537147826648,-0.018479715499821414,-0.01865259864252069,69021390.0
2020-10-27 00:00:00-04:00,314.9515782824497,315.2852783983385,313.3108011782151,313.5240173339844,65994100,318.7744567871094,317.6421493530273,314.83184997558595,46.41983742808432,1.3648020912882544,2.1611121901191215,-0.7963100988308671,327.1780043247507,308.10629438130394,317.6421493530273,4.89581858156213,-0.003447537980051818,-0.0034534944331195525,69755895.0
2020-10-28 00:00:00-04:00,307.8508925089764,313.5518292002192,302.3168058775529,302.80810546875,127094300,316.8027618408203,317.26069793701174,314.6347772216797,35.57006656962639,0.08996032051328484,1.7468818161979542,-1.6569214956846694,328.3952312028185,306.126164671205,317.26069793701174,5.348618920212426,-0.034178918592444374,-0.03477667785841586,70906555.0
2020-10-29 00:00:00-04:00,303.0398684553781,309.0559761451705,301.35275342695843,305.8857116699219,90597700,315.1786865234375,316.9334747314453,314.5252911376953,39.91377316987992,-0.6643654761031144,1.2646323577377405,-1.9289978338408549,328.96513316235774,304.90181630053286,316.9334747314453,5.516804905783831,0.010163552908888374,0.010112251316499092,71001505.0
2020-10-30 00:00:00-04:00,304.30987072993145,305.61691969344054,299.0446159372506,302.6969299316406,120287300,313.2552032470703,316.59512786865236,314.33264221191405,37.121279684641415,-1.5021661052682589,0.7112726651365406,-2.2134387704047995,329.77388821988245,303.41636751742226,316.59512786865236,5.611397107704361,-0.010424748906618486,-0.010479467216809951,72544315.0
2020-11-02 00:00:00-05:00,306.0896301269531,308.09188741481535,303.34574158278815,306.0896301269531,86068300,312.1604400634766,316.1520309448242,314.18568603515627,41.78775631613147,-1.8708011569223686,0.19485790072475884,-2.065659057647127,330.09574723597467,302.20831465367377,316.1520309448242,5.595937134523672,0.011208241180638012,0.011145894278984195,74562075.0
2020-11-03 00:00:00-05:00,309.3248519661346,313.5518907130495,306.1731165199986,311.4939880371094,93294200,311.47911376953124,316.20301513671876,314.08329711914064,48.361896855874384,-1.707181251203906,-0.18554992966097414,-1.5216313215429318,330.07056657896237,302.33546369447515,316.20301513671876,5.729245952493151,0.0176561287225403,0.01750207002532519,74720340.0
2020-11-04 00:00:00-05:00,315.97126216053266,322.5343145343358,314.7940044922087,318.4555969238281,126959700,311.5542022705078,316.33186492919924,314.0979815673828,55.35608232657851,-1.0041919409317757,-0.34927833191513447,-0.6549136090166412,330.2328127376013,302.4309171207972,316.33186492919924,6.108608848545528,0.02234909550128905,0.02210301418143,78218345.0
2020-11-05 00:00:00-05:00,323.7393687910326,326.4739785623512,323.3871109043666,324.6663513183594,82039700,312.0760955810547,316.6312789916992,314.173173828125,60.49674560616956,0.053471737516815665,-0.2687283180287445,0.32220005554556014,330.9724627577571,302.2900952256413,316.6312789916992,6.2450211906867805,0.019502732734249406,0.0193149914939588,80058205.0
2020-11-06 00:00:00-05:00,324.37891645062587,325.8435643582199,322.2653978925801,324.5921325683594,74973000,312.48211059570315,316.78468933105466,314.23284912109375,60.40722979675419,0.8755956680674899,-0.03986352080949759,0.9154591888769875,331.3950573036727,302.17432135843666,316.78468933105466,6.05453156746914,-0.00022860006803482325,-0.00022862620101311897,80830425.0
2020-11-09 00:00:00-05:00,337.3938067723991,337.77387297534375,328.20740720794697,328.6708984375,172304200,313.8883361816406,316.88341369628904,314.3325506591797,63.59528066108182,1.8351031967429776,0.33512982270099745,1.4999733740419803,331.78414568715044,301.98268170542764,316.88341369628904,6.563617913148799,0.012565818637892079,0.012487523947870293,85426210.0
2020-11-10 00:00:00-05:00,327.6790159718678,329.2456185696468,324.9166263863297,328.1888732910156,85552000,315.3548217773438,317.06463928222655,314.4460626220703,62.95017346579291,2.5274891041424894,0.7736016789892959,1.7538874251531935,332.41598235983355,301.71329620461955,317.06463928222655,6.404001789589392,-0.0014665890675928939,-0.0014676655619848245,86041035.0
2020-11-11 00:00:00-05:00,330.3765581914952,331.4518612889709,329.1344050330131,330.6268615722656,58649000,318.13669738769534,317.4697296142578,314.54758422851563,64.89009114715981,3.235636796431038,1.2660087024776443,1.9696280939533937,333.7740507732017,301.1654084553139,317.4697296142578,6.179643661615528,0.007428613459080191,0.0074011572008940395,86087090.0
2020-11-12 00:00:00-05:00,329.61646944206416,330.67324321370563,325.61192600078954,327.4195251464844,67546200,320.2900787353516,317.73438262939453,314.49078125,60.40887918458365,3.4977241134445762,1.7123517846710308,1.7853723287735455,334.4978361282237,300.97092913056537,317.73438262939453,6.09976320099414,-0.009700773889117942,-0.009748132924556218,86446515.0
2020-11-13 00:00:00-05:00,329.32913773288357,332.69408950193605,328.81002967758116,331.9525146484375,62892200,323.21563720703125,318.2354202270508,314.75195251464845,64.17448161614297,4.024809075779672,2.1748432428927593,1.8499658328869124,336.037573867804,300.4332665862976,318.2354202270508,6.040820426312536,0.013844591277582197,0.013749630383151796,85116030.0
2020-11-16 00:00:00-05:00,334.622140095063,336.2906972148393,333.33362089104185,336.0960388183594,74541100,326.2162780761719,319.18835906982423,315.1480682373047,67.24159133480167,4.722438150129733,2.684362224340154,2.038075925789579,338.5996322672311,299.7770858724174,319.18835906982423,5.919203436318914,0.012482279805321461,0.012405018418562395,85421805.0
2020-11-17 00:00:00-05:00,333.6858582065338,335.49348521603423,332.17487235671945,334.28839111328125,66111000,328.49571838378904,319.98741607666017,315.680869140625,64.64156761606021,5.070996859826494,3.1616891514374226,1.909307708389071,340.473764750642,299.50106740267836,319.98741607666017,5.776486509556129,-0.005378366586626271,-0.005392882069984322,85724760.0
2020-11-18 00:00:00-05:00,334.55728418581134,335.1042005097741,330.22826311784223,330.2653503417969,70591300,329.67669372558595,320.6154479980469,316.01170532226564,59.158982925306134,4.965368700640568,3.522425061278052,1.4429436393625155,341.54862321127575,299.682272784818,320.6154479980469,5.712161572582967,-0.012034640981957057,-0.012107643571574402,86075575.0
2020-11-19 00:00:00-05:00,329.63500754078495,332.02661012404343,328.29087149861675,331.65582275390625,59940900,330.3756408691406,321.22586822509766,316.47929748535154,60.4088510724575,4.936947073747035,3.805329463771849,1.1316176099751862,342.692411713222,299.7593247369733,321.22586822509766,5.5709885049289465,0.004210167402273202,0.0042013294449983404,86302655.0
2020-11-20 00:00:00-05:00,331.39620780880034,331.60014506825297,329.3104974100037,329.3846435546875,70417300,330.8548919677734,321.66850128173826,316.89832763671876,57.323031630991046,4.677241223978285,3.9797118158131366,0.6975294081651486,343.4227105459329,299.91429201754363,321.66850128173826,5.340583993427062,-0.006848000376896701,-0.006871555530203159,87366325.0
2020-11-23 00:00:00-05:00,331.1923113139346,332.6198723058136,328.9582800615384,331.3591613769531,63230600,331.12371826171875,322.5060272216797,317.2756005859375,59.27094059036398,4.577977478796242,4.099364948409757,0.478612530386485,344.3978814040754,300.61417303928397,322.5060272216797,5.220656011344786,0.0059945655054127744,0.005976669580861509,85954205.0
2020-11-24 00:00:00-05:00,333.9083212958037,337.24546358278957,333.05551333256483,336.69854736328125,62415900,331.9746856689453,323.66475372314454,317.72808349609375,64.04948039994677,4.87396997958524,4.254285954644854,0.6196840249403861,345.9814048247752,301.3481026215139,323.66475372314454,5.268202168094191,0.016113590957136825,0.015985145030064735,85775295.0
2020-11-25 00:00:00-05:00,336.615126222549,336.6429345632087,335.0856109077494,336.179443359375,45330900,332.5299438476562,325.3333206176758,318.1951123046875,63.272246336713025,5.00891911260311,4.405212586236505,0.6037065263666044,346.09915771909175,304.5674835162598,325.3333206176758,5.0071117600540225,-0.0015417470849560244,-0.0015429367999766897,81687125.0
2020-11-27 00:00:00-05:00,337.2733243638305,337.5884950330975,336.1053173094643,337.1157531738281,28514100,333.49956665039065,326.8948226928711,318.73589599609375,64.11803586365747,5.132258172244633,4.550621703438131,0.5816364688065017,346.22330116972734,307.5663442160149,326.8948226928711,4.755402186023965,0.0027851489225418913,0.0027812775817893363,78582945.0
2020-11-30 00:00:00-05:00,336.33708795881,336.6059208367198,332.9443565005629,335.6233215332031,83872700,333.8666473388672,328.54114227294923,319.3182257080078,61.67982844234957,5.051349690121981,4.650767300774901,0.4005823893470799,344.6928710713051,312.38941347459337,328.54114227294923,4.713687506541199,-0.004427059924000165,-0.004436888371930947,76762215.0
2020-12-01 00:00:00-05:00,338.8770642217867,340.8329840925718,338.2837817293062,339.294189453125,74231400,334.18646240234375,330.2013702392578,320.0422003173828,65.18651488845904,5.223227383607991,4.765259317341519,0.45796806626647246,343.3225150360598,317.0802254424558,330.2013702392578,4.749114296028877,0.010937463770850364,0.010878082310001907,76170370.0
2020-12-02 00:00:00-05:00,338.1817171232896,340.1654446970557,337.60699257658405,340.00787353515625,45927000,334.75841064453124,331.62706451416017,320.71871276855467,65.84099527112775,5.355297498910318,4.883266953655279,0.4720305452550386,342.2701042925192,320.98402473580114,331.62706451416017,4.592638426346219,0.002103437383297324,0.0021012282561825683,73802010.0
2020-12-03 00:00:00-05:00,339.90594329021474,341.30569594652076,338.81211070717654,339.91522216796875,62882000,335.72339782714846,332.7000457763672,321.53538513183594,65.66839715424977,5.390351212389646,4.9846838054021525,0.4056674069874937,342.06542565813334,323.334665894601,332.7000457763672,4.442706055846076,-0.00027249771078585727,-0.00027253484503320054,70598125.0
2020-12-04 00:00:00-05:00,340.4992481431544,342.8445129394531,340.4065442272832,342.8445129394531,50749900,336.84226684570314,333.60895385742185,322.394697265625,68.48158879124506,5.590062061275148,5.1057594565767515,0.4843026046983967,343.2047799399552,324.0131277748885,333.60895385742185,4.334604964105954,0.00861770988895838,0.008580789388900792,69033635.0
2020-12-07 00:00:00-05:00,342.07508856328803,342.6312837481267,340.8700225705228,342.1399841308594,48944300,338.1178009033203,334.48634643554686,323.1429571533203,67.05834587587651,5.626624535798783,5.209932472421158,0.4166920633776243,343.8295626663272,325.1431302047665,334.48634643554686,4.166025350164838,-0.0020549513905102623,-0.0020570657001511977,67732200.0
2020-12-08 00:00:00-05:00,340.87008586139694,343.7066507125633,340.82374804124925,343.1412048339844,42458900,339.29600524902344,335.2098617553711,323.81001525878906,68.0738178425082,5.671018729640082,5.302149723864943,0.3688690057751387,344.87522359851187,325.5444999122303,335.2098617553711,4.0743737302469265,0.0029263481310681794,0.0029220747093592473,61239935.0
2020-12-09 00:00:00-05:00,343.7993068138485,343.95687801184386,339.2292894437654,340.0635681152344,74098300,339.63250732421875,335.80359649658203,324.4492626953125,61.77041225400343,5.395664029534146,5.320852584998784,0.07481144453536182,345.1235735925514,326.48361940061267,335.80359649658203,4.121031932949177,-0.00896900947887913,-0.009009473172266453,60667250.0
2020-12-10 00:00:00-05:00,338.6915901201066,340.9997674831479,337.8202243105125,339.9523010253906,57735400,340.0097930908203,336.2698684692383,325.03956604003906,61.54851762016399,5.1095652341982145,5.27859511483867,-0.16902988064045577,345.43910877678826,327.10062816168835,336.2698684692383,4.053782735783904,-0.00032719497257660546,-0.0003272485125306328,60621570.0
2020-12-11 00:00:00-05:00,338.25584976830436,339.96149387697574,336.7356134430943,339.5536193847656,57698600,340.2535797119141,336.87657318115237,325.58203491210935,60.70702666373312,4.795381429093709,5.181952377689678,-0.38657094859596874,345.1888228174836,328.56432354482115,336.87657318115237,3.994646857076586,-0.001172757588115969,-0.0011734458064243255,60129190.0
2020-12-14 00:00:00-05:00,341.7228170082681,342.79809173388674,337.85728782298236,338.0334167480469,69216200,340.4945892333984,337.1806182861328,326.15342590332034,57.479957863283154,4.373308078813864,5.020223517914515,-0.6469154391006517,345.18949506344507,329.17174150882056,337.1806182861328,4.062229503778571,-0.004477062089555117,-0.0044871141457053666,60445390.0
2020-12-15 00:00:00-05:00,340.5733606765333,342.60345458984375,339.2014446984404,342.60345458984375,63865300,340.8255157470703,337.50598907470703,326.7064636230469,63.723090257794084,4.357346984591857,4.887648211249984,-0.5303012266581275,345.8345430203166,329.1774351290975,337.50598907470703,4.0985015279227355,0.013519485398105324,0.013428912574245314,59911600.0
2020-12-16 00:00:00-05:00,342.816755225148,344.0589086713419,341.9361103282016,343.1412048339844,58420500,341.13884887695315,337.94862976074216,327.3598016357422,64.38573139228585,4.338082933271437,4.777735155654275,-0.4396522223828381,346.48453227422266,329.41272724726167,337.94862976074216,3.9573798718668463,0.001569599596666027,0.0015683690626812495,59527075.0
2020-12-17 00:00:00-05:00,344.78188359842443,345.2639043286698,343.95685556996756,345.0599670410156,64119500,341.6533233642578,338.6883605957031,327.9434289550781,66.7215364639892,4.426616824868802,4.707511489497181,-0.280894664628379,346.9938101286134,330.3829110627928,338.6883605957031,3.8263312734967454,0.005591756921059954,0.005576181085542212,59203485.0
2020-12-18 00:00:00-05:00,345.3485696719916,345.5161309651634,341.67136919379556,343.68218994140625,136542300,341.7370910644531,339.2896789550781,328.4435113525391,63.50094776955566,4.335627064472021,4.633134604492149,-0.2975075400201277,347.2036226921776,331.3757352179786,339.2896789550781,3.827647737630397,-0.003992862780994866,-0.0040008555406783565,63033555.0
2020-12-21 00:00:00-05:00,339.7629543638441,352.3212438699424,337.0260063626711,342.4533386230469,96386700,341.7684265136719,339.94311370849607,328.862099609375,60.68728530239013,4.116901909825117,4.529888065558742,-0.4129861557336252,346.52356968117977,333.3626577358124,339.94311370849607,4.6467612926047455,-0.0035755455310875206,-0.0035819530722062992,64332025.0
2020-12-22 00:00:00-05:00,342.7791360979551,342.8908436114936,340.74970717574905,341.8761291503906,47949000,341.6419189453125,340.46896209716795,329.1656939697266,59.356886947707466,3.8525745867436854,4.394425369795731,-0.5418507830520456,345.7799692437114,335.1579549506245,340.46896209716795,4.467788088543303,-0.001685512762051422,-0.0016869348368617513,63567945.0
2020-12-23 00:00:00-05:00,342.84430466406303,344.0917525684816,341.8575170917641,342.183349609375,46201400,341.85389709472656,340.74320220947266,329.51807373046876,59.86125680686999,3.6260841612656236,4.24075712808971,-0.6146729668240862,345.80784294788134,335.678561471064,340.74320220947266,4.308248616270029,0.0008986309156706618,0.0008982273886391779,62757220.0
2020-12-24 00:00:00-05:00,342.65811576810853,343.54251428118584,342.07165131242414,343.51458740234375,26457900,342.2101257324219,341.1099594116211,329.9378643798828,62.05844604195319,3.513507108706108,4.095307124212989,-0.5818000155068814,345.8515918981096,336.36832692513264,341.1099594116211,4.105578212876577,0.0038904224723044223,0.0038828743493888535,61813570.0
2020-12-28 00:00:00-05:00,346.06537505500916,346.85667458893,345.4416652223988,346.4656982421875,39000400,342.9013336181641,341.57745666503905,330.4246490478516,66.44367837160519,3.620681996532028,4.0003820986767975,-0.3797001021447697,346.49222165426835,336.66269167580975,341.57745666503905,4.051043139570124,0.00859093310173531,0.008554241032271757,62337885.0
2020-12-29 00:00:00-05:00,347.99247990906485,348.1693596640355,345.2182860136059,345.8047790527344,53680500,343.6784698486328,342.08652954101564,330.902109375,64.64174758369779,3.610666694142651,3.9224390177699684,-0.3117723236273173,346.5139441373015,337.65911494472977,342.08652954101564,3.9724738903457997,-0.0019076035313346784,-0.0019094253241586842,60828275.0
2020-12-30 00:00:00-05:00,346.6238671606465,347.33138589790764,345.90705840463,346.29803466796875,49455300,344.0479278564453,342.4367218017578,331.48732482910157,65.39600406461494,3.6010207747492586,3.858155369165827,-0.25713459441656816,347.03012837891316,337.84331522460246,342.4367218017578,3.7977691014049038,0.0014263990699767692,0.0014253827291802713,59589470.0
2020-12-31 00:00:00-05:00,346.1026197103733,348.78371400805713,345.59061740637577,348.0575866699219,78520700,344.53956604003906,342.8392074584961,332.08233154296875,68.01697691427155,3.692789279371823,3.8250821512070265,-0.13229287183520366,347.8978998547911,337.7805150622011,342.8392074584961,3.754578208567508,0.005081033750711894,0.0050681688582904305,61219155.0
2021-01-04 00:00:00-05:00,349.3887700821715,349.5191144538357,339.6232833911593,343.319091796875,110210800,344.365478515625,343.00940093994143,332.594619140625,55.76697054560758,3.3446050207062967,3.7289867251068807,-0.38438170440058395,347.88901417006815,338.1297877098147,343.00940093994143,4.193239126718143,-0.013614111728989853,-0.013707633528934882,63585595.0
2021-01-05 00:00:00-05:00,342.6767566253038,346.7728598923991,342.6301928867929,345.68365478515625,66426200,344.565625,343.15135803222654,333.1193438720703,59.6703321848764,3.222322036250489,3.6276537873356025,-0.40533175108511355,348.16682482272734,338.13589124172574,343.15135803222654,4.189626832353004,0.0068873623540872675,0.0068637528169560235,64369410.0
2021-01-06 00:00:00-05:00,344.17549263484494,350.94339886260224,343.62624515725565,347.7502746582031,107997700,345.09531860351564,343.43187255859374,333.66370971679686,62.763183530835825,3.254653225922766,3.5530536750530355,-0.2984004491302694,348.8045427440294,338.0592023731581,343.43187255859374,4.413021608995402,0.0059783557725090475,0.005960556309422664,67322080.0
2021-01-07 00:00:00-05:00,350.12425147477427,353.66178899148537,349.9473717579539,352.91705322265625,68766800,346.1994110107422,343.92066497802733,334.4298779296875,69.13598944158825,3.6550585366375685,3.5734546473699424,0.08160388926762607,350.6946405983734,337.1466893576813,343.92066497802733,4.520056803587319,0.014857726768243262,0.014748431997242427,68637475.0
2021-01-08 00:00:00-05:00,354.3041182519428,355.14195305315735,351.05516813608017,354.9278564453125,71677200,347.47386169433594,344.66387939453125,335.25795471191407,71.20165533820075,4.087519267504774,3.6762675713969086,0.4112516961078656,352.7220112243756,336.6057475646869,344.66387939453125,4.489108811693738,0.005697665228400428,0.0056814949267746445,68516420.0
2021-01-11 00:00:00-05:00,351.7534496860149,354.29488155566315,351.63242370939287,352.5354309082031,51034700,348.3759460449219,345.29303588867185,336.25250122070315,65.57799126412087,4.188911600494521,3.7787963772164312,0.4101152232780896,353.7371230217753,336.8489487555684,345.29303588867185,4.403846234852731,-0.006740596697791146,-0.006763417126394109,68181385.0
2021-01-12 00:00:00-05:00,352.72150764451703,353.62448612257145,350.36621794703956,352.6097717285156,52547700,348.9903533935547,345.9458435058594,337.186982421875,65.66873000575619,4.226543475534186,3.868345796879982,0.3581976786542036,354.5316877089743,337.3599993027445,345.9458435058594,4.3220192306155285,0.00021087474845016274,0.00021085251749563882,67923840.0
2021-01-13 00:00:00-05:00,352.53544554182605,354.55555668053626,351.7534642871781,353.5594787597656,45303600,349.7658233642578,346.72214660644534,338.2042333984375,66.87022513364205,4.283621505758674,3.9514009386557207,0.33222056710295345,355.11132556392397,338.3329676489667,346.72214660644534,4.213453027954289,0.0026933656052539057,0.002689744995738492,66728210.0
2021-01-14 00:00:00-05:00,354.30415242528704,354.8068647184422,351.9861359560516,352.3212585449219,49989100,350.36814575195314,347.2080368041992,339.12886596679687,63.73820260660284,4.180749158958292,3.997270582716235,0.1834785762420572,355.7116391325013,338.7044344758971,347.2080368041992,4.11397272327117,-0.003502155335185053,-0.0035083022369805173,66034400.0
2021-01-15 00:00:00-05:00,350.7014344796534,351.5020240301078,347.8900242126763,349.75189208984375,107160000,350.53757629394534,347.5385711669922,339.8940240478516,57.69908029367535,3.8475435955733133,3.9673251852876508,-0.1197815897143375,355.8968398983759,339.1803024356085,347.5385711669922,4.1366342667693425,-0.0072926807360121915,-0.007319402326115205,68471375.0
2021-01-19 00:00:00-05:00,352.2095511727949,353.0380960342888,350.72936958492306,352.4981384277344,51233300,351.4554809570312,347.9104797363281,340.5748748779297,61.85882092345023,3.7617122370199922,3.9262025956341193,-0.16449035861412709,356.4543756890156,339.36658378364064,347.9104797363281,4.075889243746179,0.007851984220817787,0.007821317816198246,67827065.0
2021-01-20 00:00:00-05:00,354.7881669476118,358.21402492373454,354.39719066105187,357.3761901855469,61836100,352.62473449707034,348.59517974853514,341.22907165527346,67.89755785654013,4.040729264565584,3.9491079294204123,0.09162133514517201,357.84002423436664,339.35033526270365,348.59517974853514,4.1930319046214635,0.013838517785002669,0.01374363980942516,64091755.0
2021-01-21 00:00:00-05:00,357.93475983810305,358.36300987967786,356.7804109135132,357.7020263671875,47840100,353.6199096679687,349.3576141357422,341.89126953125,68.25905875792367,4.239276781952242,4.007141699926779,0.2321350820254633,358.95888558139006,339.75634269009436,349.3576141357422,4.006572409017406,0.0009117456355205444,0.0009113302479346371,61664425.0
2021-01-22 00:00:00-05:00,355.8494812219019,357.5996414893799,355.4677949159223,356.43597412109375,52860500,353.9718017578125,350.08560638427736,342.4465710449219,65.18740669266909,4.24552748640491,4.054818857222405,0.19070862918250508,359.51378940204614,340.65742336650857,350.08560638427736,3.8799766263208197,-0.003539404735700691,-0.003545683247817151,61910000.0
2021-01-25 00:00:00-05:00,357.1714012989788,358.19540580199936,352.3212155048195,357.8416748046875,70402000,354.26318359375,350.86852264404297,343.0396270751953,66.96492053773301,4.3141783494234005,4.106690755662605,0.20748759376079562,360.1411161635737,341.5959291245122,350.86852264404297,4.022420459953606,0.003943767704873036,0.003936011438937526,63120030.0
2021-01-26 00:00:00-05:00,358.79128116207573,359.2008944003585,357.0504391042999,357.2831726074219,42665300,354.7379577636719,351.55695190429685,343.57275329589845,65.53321145517484,4.274247330645551,4.140202070659194,0.1340452599863564,360.5846163484189,342.5292874601748,351.55695190429685,3.8887086625325322,-0.0015607522448872757,-0.001561971487461097,63930400.0
2021-01-27 00:00:00-05:00,353.95968803310404,354.05278710492604,346.31672868098127,348.55096435546875,123351100,354.3320770263672,351.6612152099609,343.9953820800781,48.18651373661646,3.4976665598729255,4.011694968501941,-0.5140284086290157,360.4974056462512,342.82502477367063,351.6612152099609,4.394261181383109,-0.024440580809407364,-0.024744209251098853,68147935.0
2021-01-28 00:00:00-05:00,350.3663101277551,355.55161937828063,349.92879841681105,351.5486145019531,94198100,354.13099060058596,351.9484069824219,344.3873040771484,52.80493449825035,3.088503670698003,3.827056708941154,-0.7385530382431509,360.3681048309712,343.52870913387255,351.9484069824219,4.580432170056592,0.008600320908672687,0.008563548832827388,70173815.0
2021-01-29 00:00:00-05:00,349.6867328043069,350.65491209093165,342.83504399028214,344.5107421875,126765100,353.3499389648438,351.8590423583984,344.55559814453125,43.09305861354703,2.1713121208103416,3.495907791314992,-1.3245956705046504,360.55029070249117,343.1677940143057,351.8590423583984,4.875656337314763,-0.020019627511329685,-0.02022273559086937,74039305.0
2021-02-01 00:00:00-05:00,347.90858629226074,351.27856215518443,344.7992707610039,350.2452392578125,75817600,353.39927368164064,351.96842498779296,344.8747351074219,51.000859298857456,1.8854232127374075,3.173810875599475,-1.2883876628620676,360.5194833175814,343.41736665800454,351.96842498779296,5.0108108823411674,0.016645336031906766,0.016508320778884453,73904150.0
2021-02-02 00:00:00-05:00,353.4290462295083,356.7524870405597,350.32904887111556,355.19781494140625,64450700,353.6692413330078,352.5623611450195,345.3733843994141,56.60890506316226,2.0350271345881765,2.9460541273972156,-0.9110269928090391,360.23263864254193,344.8920836474971,352.5623611450195,5.117699232370169,0.014140308356763054,0.014041266757101241,71616145.0
2021-02-03 00:00:00-05:00,356.026389967423,357.19937586145977,354.2017673399159,355.4771423339844,52427100,353.4793365478516,353.0520355224609,345.8498107910156,56.90846391038461,2.151329519097544,2.7871092057372815,-0.6357796866397374,360.13087035201966,345.9732006929022,353.0520355224609,4.966264181596864,0.0007863995239503208,0.0007860904738586358,70916190.0
2021-02-04 00:00:00-05:00,356.5105285695319,359.56399139751954,355.58891286655813,359.5174560546875,47142600,353.66087951660154,353.64039459228513,346.4524670410156,61.09254949448754,2.5402372736370467,2.7377348193172346,-0.19749754568018796,360.81422452080665,346.4665646637636,353.64039459228513,4.903448816021028,0.01136588894063717,0.011301782518599875,67873435.0
2021-02-05 00:00:00-05:00,361.38864164328993,361.6399836315469,359.470919602901,360.9324645996094,48669800,354.11052856445315,354.0411651611328,347.04393310546874,62.46706537987731,2.9288666829294243,2.7759611920396727,0.15290549088975158,361.87389010835744,346.2084402139082,354.0411651611328,4.708135616922803,0.003935854910774195,0.003928129697413027,66868585.0
2021-02-08 00:00:00-05:00,362.38465454642807,363.5855673167599,361.52821120762786,363.5390319824219,38365200,354.6802642822266,354.47172393798826,347.58074279785154,64.9252058551492,3.407902316953482,2.9023494170224344,0.5055528999310477,363.33144781640954,345.612000059567,354.47172393798826,4.5613475526533565,0.007221759299773867,0.007195807267396691,65202985.0
2021-02-09 00:00:00-05:00,362.7011552001997,363.89277790526904,362.29157040764335,363.2969665527344,35551100,355.2816436767578,355.00980072021486,348.12309326171874,64.50271175735259,3.725068579225706,3.0668932494630887,0.6581753297626172,364.60999530209557,345.40960613833414,355.00980072021486,4.349908977294238,-0.0006658581565986976,-0.0006660799385967518,64428805.0
2021-02-10 00:00:00-05:00,365.0377849264699,365.18673775500156,360.7368749883138,363.138671875,59154400,356.74041442871095,355.53624572753904,348.6435516357422,64.20846085970848,3.918482245412008,3.237211048652873,0.681271196759135,365.6909904335889,345.38150102148916,355.53624572753904,4.35704853367949,-0.00043571703677136586,-0.00043581198902197617,64759140.0
2021-02-11 00:00:00-05:00,364.2185830573535,364.637514691375,361.29546527923713,363.7251892089844,42913300,357.95807189941405,356.04453125,349.2055889892578,64.8483210899108,4.07214980829275,3.404198800580849,0.6679510077119009,366.7550709607317,345.33399153926825,356.04453125,4.284548596426515,0.0016151332243299343,0.0016138302994066578,64639625.0
2021-02-12 00:00:00-05:00,362.9245980037026,365.7639351240039,362.8501073798465,365.52191162109375,50593300,360.05918884277344,356.7045639038086,349.7301434326172,66.8060327228536,4.289466640481123,3.5812523685609037,0.7082142719202196,368.02554814949997,345.38357965811724,356.7045639038086,4.186639964121579,0.0049397799916381935,0.0049276193094096536,64669835.0
2021-02-16 00:00:00-05:00,366.75070644597713,366.94622301748575,364.4885439172145,365.2053527832031,50972400,361.5552001953125,357.47723693847655,350.2340930175781,66.10746057753106,4.385593748255872,3.7421206444998973,0.6434731037559742,368.9035811946702,346.0508926822829,357.47723693847655,4.063142759560842,-0.0008660461324648816,-0.0008664213670792941,61860455.0
2021-02-17 00:00:00-05:00,363.45530428971625,365.5405875852445,362.44056111873977,365.28924560546875,52290600,362.56434326171876,358.1167922973633,350.74157348632815,66.20830701917433,4.417621037909612,3.8772207231818405,0.5404003147277714,369.78608663418703,346.4474979605396,358.1167922973633,3.9943487386282635,0.00022971410913408263,0.00022968772888798083,61913320.0
2021-02-18 00:00:00-05:00,362.6825372104316,364.47923283154506,360.9603038015021,363.7344970703125,59712800,363.39007873535155,358.43470764160156,351.1593731689453,62.4969290828077,4.268344859900367,3.955445550525546,0.3128993093748207,370.34983133968444,346.5195839435187,358.43470764160156,4.01824824329529,-0.004256212176680041,-0.0042652956309614486,61807155.0
2021-02-19 00:00:00-05:00,364.9912762762247,365.27986352452217,362.645304567679,363.0921630859375,83241000,363.74754943847654,358.70421447753904,351.5784167480469,60.97614318342483,4.051508164872871,3.9746580733950116,0.07685009147785937,370.7835625922085,346.62486636286957,358.70421447753904,3.919413294262998,-0.0017659418876918576,-0.001767503001228456,63577200.0
2021-02-22 00:00:00-05:00,360.3272432845483,362.7104315988189,360.02933764280306,360.29931640625,67414200,363.6842346191406,358.8973815917969,351.9215789794922,54.73911058731904,3.6126596440087724,3.9022583875177643,-0.28959874350899195,370.9489907751765,346.84577240841725,358.8973815917969,3.858228447753816,-0.007691839603341966,-0.007721574376459203,64304885.0
2021-02-23 00:00:00-05:00,358.0930892269746,362.0868041909318,353.9411313866223,360.7369384765625,107284100,363.4040252685547,359.0421447753906,352.3350463867188,55.50708322182509,3.2625725675275135,3.7743212235197143,-0.5117486559922009,371.10909753629977,346.9751920144815,359.0421447753906,4.164474473222077,0.001214606995865175,0.0012138699575355454,66148990.0
2021-02-24 00:00:00-05:00,359.64766215783163,365.1401946066292,358.6608745485557,364.7119445800781,72433900,363.54552307128904,359.41358337402346,352.8302392578125,61.84063176767758,3.2682020108209144,3.6730973809799545,-0.4048953701590401,371.69649881585997,347.13066793218695,359.41358337402346,4.329820586425753,0.011019126902563903,0.010958858655186197,67637420.0
2021-02-25 00:00:00-05:00,363.4459121163381,364.81438610383606,354.4810139951626,355.9239501953125,146670500,362.8240509033203,359.7822326660156,353.15764587402344,46.18706671825622,2.5343314868579228,3.4453442021555487,-0.911012715297626,371.1472057018525,348.4172596301787,359.7822326660156,4.758645695157733,-0.024095713111024986,-0.024390764090014738,68803390.0
2021-02-26 00:00:00-05:00,357.8044726689712,358.9495032557424,352.1071613879296,354.09002685546875,152701600,361.86053466796875,359.90930328369143,353.47877807617186,43.70103233319947,1.784184553658804,3.1131122724562,-1.328927718797396,370.95555930649857,348.8630472608843,359.90930328369143,4.907481136061668,-0.005152570763606645,-0.0051658910317940645,71728565.0
2021-03-01 00:00:00-05:00,358.95880058810565,363.92069420530373,354.28552261817083,362.6732177734375,105348800,361.57566528320314,360.81742706298826,353.88017333984374,55.715200589251744,1.8608290005498134,2.8626556180749225,-1.0018266175251092,369.35122603074035,352.28362809523617,360.81742706298826,5.259137294188333,0.024240137442425702,0.023951008345445654,70657750.0
2021-03-02 00:00:00-05:00,362.8967243179224,363.12945783435276,359.3405493685015,359.84326171875,79595300,361.0394561767578,361.29732818603514,354.2142144775391,51.79089938587341,1.6739205599845377,2.6249086064568457,-0.950988046472308,368.34999244122287,354.2446639308474,361.29732818603514,5.154120949307113,-0.007803046698792615,-0.007833649769764525,70846635.0
2021-03-03 00:00:00-05:00,359.1449892511198,360.11314003050495,354.9743952442966,355.0768127441406,119940200,360.018212890625,361.29127807617186,354.41455139160155,45.92376469743541,1.1281767574647006,2.3255622366584165,-1.197385479193716,368.36503781123315,354.2175183411106,361.29127807617186,5.153022651942915,-0.01324590309637308,-0.013334412531278919,73621110.0
2021-03-04 00:00:00-05:00,354.89067292653556,357.47866839991167,346.1957524741158,350.682861328125,183433000,358.7130493164062,361.0515640258789,354.55456481933595,41.2810852678859,0.3372283461505958,1.9278954585568524,-1.5906671124062566,369.148173920154,352.9549541316038,361.0515640258789,5.59087217150384,-0.012374650380738261,-0.012451853939290476,80171405.0
2021-03-05 00:00:00-05:00,354.18311275175654,358.1861456706564,346.9032310579424,357.1341857910156,152039600,358.11725158691405,360.9324005126953,354.84818176269533,49.37364947138592,0.2283319315208132,1.5879827531496447,-1.3596508216288314,369.1844769181898,352.6803241072009,360.9324005126953,5.997446631590281,0.018396463512524663,0.018229295663243786,85416255.0
2021-03-08 00:00:00-05:00,358.09305771331407,360.9044680233819,355.0768407972248,355.3561096191406,123149200,357.6229309082031,360.65358276367186,355.11778137207034,47.43330996873887,-0.0014286797662634854,1.2701004665664632,-1.2715291463327267,369.2561876993017,352.05097782804205,360.65358276367186,5.985316674059341,-0.004978734163845866,-0.004991169352284777,89140225.0
2021-03-09 00:00:00-05:00,359.2009087711451,362.9804987402697,358.698196429531,360.42974853515625,113633600,357.5922119140625,360.4981185913086,355.48270935058594,53.09743657879011,0.2233104548877236,1.0607424642307155,-0.8374320093429919,368.9982945986946,351.99794258392257,360.4981185913086,6.102393277421464,0.01427761836275554,0.014176653064226111,92903645.0
2021-03-10 00:00:00-05:00,362.7756352759854,364.3675242968636,361.36062596963234,362.6732177734375,109899400,357.3883392333984,360.46693115234376,355.86588195800783,55.3865804064856,0.5758094830420646,0.9637558679929854,-0.3879463849509208,368.9302994439478,352.00356286073975,360.46693115234376,5.947777740584742,0.006224428608901045,0.006205136865148623,96621060.0
2021-03-11 00:00:00-05:00,365.14023058798864,368.3240087626398,364.6840536373491,366.3504333496094,86245000,358.4309875488281,360.62751922607424,356.2635766601563,58.92521302315642,1.1387611381505849,0.9987569220245054,0.1400042161260795,369.40367605266164,351.85136239948685,360.62751922607424,5.926564401200281,0.01013919803272878,0.010088141191272146,97975590.0
2021-03-12 00:00:00-05:00,364.9913223888349,366.98350649683164,364.1814143051709,366.8438720703125,64653600,359.7063720703125,360.7834533691406,356.6843585205078,59.39068595957558,1.6062054252785742,1.1202466226753192,0.4859588026032551,369.8792306030647,351.6876761352165,360.7834533691406,5.703387814804599,0.001346903608633765,0.001345997347641151,99062605.0
2021-03-15 00:00:00-04:00,367.09516616349055,369.29218502366257,364.95402947649114,369.0315246582031,73427200,360.3422027587891,360.9589340209961,357.1390283203125,61.47512940290355,2.1286459657914065,1.3219264912985367,0.8067194744928698,370.5362785553261,351.3815894866661,360.9589340209961,5.6058712242593725,0.0059634431823665235,0.00594573223235389,100204300.0
2021-03-16 00:00:00-04:00,369.64592676134737,370.35341719951157,367.7933490003447,368.5660400390625,73722500,361.2144805908203,361.12696838378906,357.5491973876953,60.76047302693242,2.47657472773426,1.5528561385856814,0.9237185891485784,371.10593546832035,351.14800129925777,361.12696838378906,5.388313865324195,-0.0012613681705695434,-0.0012621643650003725,101341805.0
2021-03-17 00:00:00-04:00,367.2813248264547,370.6233738852898,366.1362659817345,369.8227844238281,97959300,362.68907775878904,361.35364532470703,358.0792712402344,62.043427116708585,2.8211985265855333,1.8065246161856519,1.0146739103998814,371.8908549799432,350.8164356694709,361.35364532470703,5.323942010912134,0.0034098214383300185,0.0034040211787026457,103625240.0
2021-03-18 00:00:00-04:00,367.23481832610025,369.32010118927036,363.76242462104625,364.4420166015625,115349100,364.0649932861328,361.3890213012695,358.4544384765625,53.91544842203336,2.6298174768826925,1.97118318832506,0.6586342885576326,371.96265350129244,350.8153891012466,361.3890213012695,5.3765432817599725,-0.014549584419598971,-0.014656467627348325,106407055.0
2021-03-19 00:00:00-04:00,364.1412876855865,365.7197211971754,361.59150389696646,363.7677001953125,113624500,364.7283447265625,361.4227981567383,358.7747869873047,52.97876514727798,2.3961140069374096,2.05616935204753,0.3399446548898797,372.02226128776323,350.82333502571333,361.4227981567383,5.287377140220611,-0.0018502707578507138,-0.0018519846231922986,107926230.0
2021-03-22 00:00:00-04:00,364.2813085699684,368.05460704440395,364.2252718824728,366.67230224609375,73778600,365.85996398925784,361.74144744873047,359.0498919677734,56.48563606422524,2.4174130016928075,2.1284180819765854,0.28899491971622204,372.5674109425219,350.915483954939,361.74144744873047,5.215914976568528,0.00798477173542822,0.007953062129729729,108244450.0
2021-03-23 00:00:00-04:00,366.0373101003052,367.4849724644324,363.00186510857276,363.7864074707031,90686600,366.1956298828125,361.8939208984375,359.22706298828126,52.311189720660984,2.176337553943654,2.138001976369999,0.03833557757365469,372.74486821195364,351.04297358492136,361.8939208984375,5.163571575089323,-0.007870501146971631,-0.007901637018668825,107414575.0
2021-03-24 00:00:00-04:00,365.1873129811931,366.8217830520808,361.89035449260405,361.9370422363281,97588600,366.12201232910155,361.75517578125,359.41509521484375,49.772680359333464,1.8151315000710042,2.0734278811102005,-0.2582963810391963,372.5291340680835,350.98121749441646,361.75517578125,5.1469899311169955,-0.005083656773305689,-0.005096622517327944,108672310.0
2021-03-25 00:00:00-04:00,360.4987572580339,364.76703777153006,358.556056717537,363.9731750488281,116128600,365.88428649902346,362.15763702392576,359.64236328125,52.505408478684956,1.6738765939022073,1.9935176236686019,-0.3196410297663945,372.62728566857385,351.68798837927767,362.15763702392576,5.222989297036714,0.005625654671649993,0.005609889774019014,107145215.0
2021-03-26 00:00:00-04:00,365.1219010982299,370.24013727057377,364.52416690819587,369.8385314941406,114409100,366.1837524414062,362.9450622558594,359.9679443359375,59.36407332678196,2.0120229611292757,1.9972186911607368,0.014804269968538897,373.236580606682,352.65354390503677,362.9450622558594,5.297558791658781,0.016114804187219667,0.01598633901995853,105230590.0
2021-03-29 00:00:00-04:00,368.3628933197625,370.5577590931056,366.877863754709,369.65179443359375,108107600,366.2457794189453,363.2939910888672,360.31455505371093,59.07159417965119,2.239127010837592,2.045600355096108,0.1935266557414841,373.99023417041457,352.5977480073198,363.2939910888672,5.182011402140053,-0.0005049151038764021,-0.0005050426164312799,105368530.0
2021-03-30 00:00:00-04:00,368.3816101105084,369.3436115196959,367.0740110275809,368.671142578125,76262200,366.25628967285155,363.7353851318359,360.69294006347656,57.47025489639546,2.3133117791376776,2.099142639904422,0.21416913923325565,374.55349708565694,352.9172731780149,363.7353851318359,4.995995116702394,-0.002652907060741727,-0.0026564322547331684,105201875.0
2021-03-31 00:00:00-04:00,369.2408322683644,371.7252304449524,369.2128139187483,370.16546630859375,112734200,366.2905578613281,364.4898178100586,361.04628662109377,59.281634706450774,2.4642765330381735,2.1721694185311726,0.2921071145070009,374.88356040889533,354.09607521122183,364.4898178100586,4.857287455997037,0.004053270131258113,0.004045077761676357,104841575.0
2021-04-01 00:00:00-04:00,372.09886915365325,374.2190290770349,371.893391727222,374.1629638671875,99682900,367.2626525878906,365.66382293701173,361.38202209472655,63.731752537474655,2.8733595325570036,2.312407441336339,0.5609520912206647,374.77997752807346,356.54766834595,365.66382293701173,4.799878549743046,0.010799217977997877,0.010741322865197878,100654070.0
2021-04-05 00:00:00-04:00,376.8246892465933,380.0749596235108,376.7499831645127,379.5332336425781,91684800,368.8392059326172,366.78377532958984,361.8186462402344,68.68338664611204,3.5895189070538436,2.56782973447984,1.0216891725740034,376.8836896746246,356.6838609845551,366.78377532958984,4.879315493070206,0.01435275613568443,0.01425073040616853,97636330.0
2021-04-06 00:00:00-04:00,378.9729228929124,380.3551993878055,378.6366742165215,379.30914306640625,62021000,370.10289001464844,367.98142700195314,362.27610961914064,68.26456465793018,4.091830064391843,2.872629800462241,1.219200263929602,378.05760933130415,357.9052446726021,367.98142700195314,4.653544755799763,-0.0005904372958888127,-0.0005906116726314008,94579920.0
2021-04-07 00:00:00-04:00,379.141055188101,380.0937075716996,378.6834126464064,379.7481384277344,55836300,371.6990631103516,368.94734649658204,362.71423889160155,68.66764519637717,4.473767722874868,3.1928573849447663,1.2809103379301017,379.6283098649424,358.26638312822166,368.94734649658204,4.421884053620724,0.0011573550739620853,0.0011566858548781047,91690055.0
2021-04-08 00:00:00-04:00,380.99961272494903,381.6066958698037,380.06562988582067,381.5506591796875,57863100,373.6604248046875,369.8912185668945,363.19958862304685,70.33379624375131,4.865814350356402,3.527448778027094,1.338365572329308,381.4849738000579,358.2974633337311,369.8912185668945,4.238789295652765,0.004746621693567876,0.004735392006181514,89088240.0
2021-04-09 00:00:00-04:00,381.4293518580536,384.49281512504706,381.3079295009663,384.3246765136719,61104600,375.69557495117186,370.78993072509763,363.9150628662109,72.73658285732566,5.338811645249734,3.8897213514716222,1.449090293778112,383.8414415917593,357.738419858436,370.78993072509763,4.163510461969052,0.007270377516706006,0.0072440757277724265,87831220.0
2021-04-12 00:00:00-04:00,383.7269586097735,384.7356478067026,383.11987530124844,384.4648132324219,56704900,377.158203125,371.6709777832031,364.5733868408203,72.85618845817511,5.659731410604934,4.243723363298285,1.416008047306649,385.86686334080844,357.4750922255978,371.6709777832031,3.9815291793608467,0.0003646310718874446,0.00036456461013367454,87433785.0
2021-04-13 00:00:00-04:00,384.36203264890395,386.2299986965263,383.9790961887934,385.6042175292969,56551000,378.7534454345703,372.49961242675784,365.39525634765624,73.86030102484739,5.937558562008803,4.582490403040389,1.3550681589684146,387.86874762296344,357.13047723055223,372.49961242675784,3.8579129885302805,0.002963611383042686,0.002959228544046988,86589975.0
2021-04-14 00:00:00-04:00,385.5761343766993,386.6315395766929,383.7455359385016,384.2872619628906,61659900,380.3150573730469,373.2856735229492,366.0760968017578,70.60905436534375,5.982508637588978,4.862494049950107,1.1200145876388712,389.3615525490851,357.2097944968133,373.2856735229492,3.788490892077497,-0.0034153038440410954,-0.003421149307365103,85986845.0
2021-04-15 00:00:00-04:00,386.42610852089956,388.68635987083064,386.3794207731198,388.4154968261719,60229800,382.1400604248047,374.2153091430664,366.7404504394531,74.41148947098387,6.2788670774922934,5.145768655458545,1.1330984220337488,391.4884381987118,356.94218008742104,374.2153091430664,3.83210567892482,0.010742575338549498,0.010685283816536634,84100370.0
2021-04-16 00:00:00-04:00,389.70436564966764,390.32079778500326,388.28472190043465,389.7137145996094,82037300,383.69513549804685,375.47889404296876,367.4251818847656,75.48557247398323,6.543064229400272,5.42522777024689,1.1178364591533825,393.392884807024,357.5649032789135,375.47889404296876,3.7038178364708054,0.003342342888081218,0.003336769675030409,82434780.0
2021-04-19 00:00:00-04:00,388.77974091961784,389.228034481116,386.4728019580856,387.7990417480469,78498500,384.52171630859374,376.68046112060546,367.9908135986328,70.76756319500035,6.522754030008116,5.644733022199135,0.8780210078089805,394.5147765533304,358.8461456878805,376.68046112060546,3.6707531796888753,-0.00491302404774141,-0.004925132626494138,80678480.0
2021-04-20 00:00:00-04:00,386.5848990980943,387.68699217501296,383.4840687603821,384.95977783203125,81851800,385.08677978515624,377.59483489990237,368.47135986328124,64.34503867597002,6.206014113765093,5.756989240512327,0.44902487325276574,395.1560210087903,360.03364879101446,377.59483489990237,3.716768880258581,-0.007321482547293923,-0.007348416143733026,81082140.0
2021-04-21 00:00:00-04:00,384.34336511048394,388.80780284580254,384.2032448539139,388.6023254394531,66793000,385.9721984863281,378.8356307983398,368.9726257324219,68.3176255964026,6.177705850477025,5.841132562505267,0.336573287971758,395.81607236170476,361.8551892349749,378.8356307983398,3.780182388232159,0.009462151157545673,0.009417665405723937,79887460.0
2021-04-22 00:00:00-04:00,388.4342655987634,389.26549578003414,383.98849668768133,385.05322265625,97582800,386.32245483398435,379.99143981933594,369.4077508544922,61.166637294562925,5.802006495104365,5.8333073490250875,-0.03130085392072246,395.2757797900207,364.7070998486512,379.99143981933594,3.88709786709792,-0.009132994197061484,-0.00917495567324352,79887170.0
2021-04-23 00:00:00-04:00,385.6134878217857,390.6383200253725,385.53878173639555,389.2279968261719,73209200,386.8127868652344,381.2541809082031,369.9295373535156,65.7129797116157,5.774565834277894,5.821559046075649,-0.04699321179775495,395.1458627331626,367.3624990832437,381.2541809082031,4.0083835458139605,0.010842070457488084,0.010783716616989313,77741200.0
2021-04-26 00:00:00-04:00,389.88185775138544,390.61036333622997,389.293443913069,390.0406188964844,52182400,387.3703674316406,382.2642852783203,370.45584594726563,66.5342719707161,5.752084275600907,5.807664091980701,-0.05557981637979381,395.6162315322272,368.9123390244134,382.2642852783203,3.820810900402827,0.002087779083053576,0.0020856027009806305,74629865.0
2021-04-27 00:00:00-04:00,390.3394793906885,390.53563632822335,388.81708265316865,389.95654296875,51303100,387.80559997558595,383.27952270507814,370.94453857421877,66.35716992457021,5.662212789233024,5.778573831431165,-0.11636104219814136,395.69607702783594,370.86296838232033,383.27952270507814,3.6706496700208175,-0.00021555685141783076,-0.00021558008713506603,71789640.0
2021-04-28 00:00:00-04:00,390.2273577613204,391.34814854078337,389.3774299790914,389.84442138671875,51238900,388.36131591796874,384.3381866455078,371.43731994628905,66.1044664541807,5.518329842780076,5.7265250337009475,-0.20819519092087102,395.0911568792741,373.5852164117415,384.3381866455078,3.5492260194258995,-0.0002875232742030054,-0.0002875646169444664,70538475.0
2021-04-29 00:00:00-04:00,392.5716715620224,392.9452589949812,388.9478136062445,392.3288269042969,78544300,388.7526489257813,385.446354675293,371.9781115722656,68.92810464778626,5.540900283938186,5.689400083748396,-0.14849979981021022,394.57384553087405,376.3188638197119,385.446354675293,3.5812416886623857,0.006372812797322602,0.006352592288059508,68828980.0
2021-04-30 00:00:00-04:00,390.0593289877053,390.9092569470682,388.8544829241141,389.7510986328125,85527000,388.7563873291016,386.2257614135742,372.4984436035156,63.05849144320154,5.289808769924377,5.609481820983593,-0.3196730510592154,393.9149988495153,378.5365239776331,386.2257614135742,3.573606138056699,-0.006570325947813149,-0.006592005552901545,68121185.0
2021-05-03 00:00:00-04:00,391.740486180178,392.1234226337819,390.09669546817264,390.5917053222656,68128300,389.03565368652346,386.77868499755857,373.0484344482422,64.13117275443125,5.099858872121558,5.507557231211186,-0.40769835908962726,394.0420025616633,379.51536743345383,386.77868499755857,3.4878002711218916,0.0021567782423239645,0.0021544557349534163,66943360.0
2021-05-04 00:00:00-04:00,388.60228003315905,389.09728984022036,384.49276088924864,388.1819763183594,101591200,389.3578735351563,387.2223266601562,373.60608764648435,58.855217504042336,4.700690582965933,5.346183901562135,-0.645493318596202,393.64132536025136,380.8033279600611,387.2223266601562,3.6743105684001125,-0.006169432097688943,-0.006188541681286873,68921870.0
2021-05-05 00:00:00-04:00,389.82580250833166,390.05929824240366,387.7430102993665,388.30340576171875,60162200,389.32798156738284,387.6500900268555,374.1574169921875,59.03809176514087,4.344069450670759,5.145761011383859,-0.8016915607131008,393.0844866611008,382.21569339261015,387.6500900268555,3.5773089523027575,0.00031281576880792805,0.0003127668521563214,69138165.0
2021-05-06 00:00:00-04:00,388.37814202679203,391.5350091571525,386.37008425835495,391.4042663574219,74321400,389.9630859375,388.1427703857422,374.6912634277344,63.49956942415261,4.262522463479456,4.969113301802979,-0.7065908383235229,393.03561083751333,383.2499299339711,388.1427703857422,3.6907100913381,0.007985664173149054,0.007953947497595188,69961080.0
2021-05-07 00:00:00-04:00,392.17013532299035,394.90669867070073,391.48831747234374,394.2528991699219,67733800,390.465576171875,388.63918151855466,375.45784240722656,67.05008745217049,4.37729798319009,4.850750238080401,-0.4734522548903115,393.883736621138,383.39462641597135,388.63918151855466,3.677261678619583,0.00727798099650423,0.007251624297918314,70292540.0
2021-05-10 00:00:00-04:00,394.60780651677413,394.8319533096077,390.22742408846256,390.3488464355469,81852400,390.49639892578125,388.9333831787109,376.18301879882813,58.63235769751006,4.105903679558082,4.701780926375937,-0.5958772468178548,393.8586913380755,384.00807501934634,388.9333831787109,3.7434950745142648,-0.009902407167061478,-0.009951762092924398,71549915.0
2021-05-11 00:00:00-04:00,385.8283743617133,387.85510146471046,382.9890581244751,386.8650817871094,116888000,390.1872528076172,388.9964263916016,376.66685607910154,52.32013513545274,3.5685747383236617,4.475139688765482,-0.9065649504418207,393.77990504452663,384.2129477386765,388.9964263916016,4.001801734268374,-0.008924746877695067,-0.00896481098391669,74566765.0
2021-05-12 00:00:00-04:00,384.0818760668067,385.35207938683834,377.3291680702474,378.6460876464844,134811000,389.0674194335937,388.71436767578126,377.04291259765625,41.082877338218275,2.451276750488205,4.070367101110027,-1.6190903506218222,395.0035723990126,382.4251629525499,388.71436767578126,4.397095447310773,-0.021245117555344195,-0.021474043240365132,78224320.0
2021-05-13 00:00:00-04:00,380.19641151101195,385.1278398956935,380.1496952660477,383.1944885253906,106394000,388.15398559570315,388.4533172607422,377.60526611328123,47.76859377825338,1.9108014540570366,3.638453971699429,-1.7276525176423925,395.18811162909384,381.7185228923906,388.4533172607422,4.545999504589227,0.012012274858502536,0.011940700098535043,80532530.0
2021-05-14 00:00:00-04:00,385.9310346899563,389.9284800362055,385.9030163453545,389.07855224609375,82201600,388.08673095703125,388.4215591430664,378.3731799316406,54.89873969544087,1.934960633102321,3.2977553039800074,-1.3627946708776864,395.1382461492358,381.70487213689705,388.4215591430664,4.702284647891058,0.015355293191575248,0.015238593796425337,80540745.0
2021-05-17 00:00:00-04:00,387.9671376698497,388.90112049078533,386.0711251805724,388.0885314941406,65129200,387.83641357421874,388.43603363037107,378.9922668457031,53.573577726228535,1.8528619170064644,3.0087766265852993,-1.155914709578835,395.14853854264356,381.7235287180986,388.43603363037107,4.581223392007509,-0.002544526667527358,-0.002547769477620771,79872280.0
2021-05-18 00:00:00-04:00,388.3501869549459,388.5930316977429,384.5862359561128,384.7450256347656,59810200,387.4927185058594,388.4252960205078,379.5800451660156,49.24988992724815,1.500705909436988,2.707162483155637,-1.2064565737186492,395.16065778821167,381.68993425280394,388.4252960205078,4.5401928455519815,-0.008615317351694185,-0.008652643738636764,78770200.0
2021-05-19 00:00:00-04:00,380.0563093742371,383.91363455674485,378.57125157773066,383.7361755371094,106467100,387.03599548339844,388.18198852539064,380.0461737060547,47.99132492148313,1.127220073386468,2.3911740012018035,-1.2639539278153356,395.2190053856558,381.14497166512547,388.18198852539064,4.6568772178007665,-0.0026221264225361196,-0.002625570217384931,80753905.0
2021-05-20 00:00:00-04:00,384.6142002311314,389.1253542262279,384.4928063797059,387.8644714355469,78022200,386.68201599121096,388.32255096435546,380.54999877929686,53.2554939305792,1.1510799023005234,2.1431551814215473,-0.9920752791210239,395.21478596777445,381.43031596093647,388.32255096435546,4.709184465752036,0.010758161887289397,0.010700704586317404,79775875.0
2021-05-21 00:00:00-04:00,389.34945519441624,390.59166843930177,387.089232490251,387.546875,76578700,386.01141357421875,388.2384948730469,380.9739276123047,52.81261887225052,1.1313204525764036,1.9407882356525188,-0.8094677830761152,395.12551235777926,381.3514773883145,388.2384948730469,4.6229881431305175,-0.0008188335331962282,-0.00081916896049235,79944350.0
2021-05-24 00:00:00-04:00,389.78844536691764,392.5717248506236,389.54560067622776,391.4976501464844,51376700,386.1262939453125,388.31134643554685,381.4670031738281,57.54262126286847,1.418108411599519,1.8362522708419189,-0.41814385924239983,395.3031036434653,381.3195892276284,388.31134643554685,4.651692550808593,0.010194315581784519,0.010142704013398285,79904065.0
2021-05-25 00:00:00-04:00,392.5810493076067,392.9359673967326,390.0499634392748,390.6290283203125,57451400,386.5026885986328,388.344970703125,381.8989532470703,56.20857416553714,1.5573472832581388,1.780471273325163,-0.22312399006702432,395.3744189052402,381.3155225010098,388.344970703125,4.5255719369978245,-0.002218715299687979,-0.002221180295235671,80211480.0
2021-05-26 00:00:00-04:00,391.2174583544931,391.9085966601107,390.18075089606674,391.4042663574219,43088600,387.77850646972655,388.42296295166017,382.3557177734375,57.16310190644551,1.7105323704722082,1.7664834927545723,-0.055951122282364096,395.55114633682,381.2947795665003,388.42296295166017,4.325734353215403,0.001984588908926943,0.001982622213982329,79803965.0
2021-05-27 00:00:00-04:00,392.43165081383626,392.9453300641983,391.3295292083679,391.6097412109375,56707700,388.6200317382812,388.3870086669922,382.7914569091797,57.4279714984228,1.8274470867127093,1.7786762115461998,0.048770875166509464,395.44291286288257,381.3311044711018,388.3870086669922,4.13216767483076,0.0005249683541466155,0.0005248306064668612,78712135.0
2021-05-28 00:00:00-04:00,393.178808495256,393.44032258439506,392.07671544123446,392.3102111816406,58520200,388.9431976318359,388.5149642944336,383.34882080078125,58.372914510820415,1.9540992741741547,1.8137608240717908,0.1403384501023639,395.7555753707466,381.27435321812055,388.5149642944336,3.9677686533041028,0.00178869393937231,0.0017870961314104816,77361795.0
2021-06-01 00:00:00-04:00,394.67320566118025,394.81329741149153,391.525687491623,391.96466064453125,54216600,389.330810546875,388.5836120605469,383.91276000976563,57.69260250073239,2.003493973365437,1.85170745393052,0.15178651943491683,395.926983834977,381.2402402861168,388.5836120605469,3.9191858866301343,-0.0008808094392154242,-0.0008811975797848519,76666210.0
2021-06-02 00:00:00-04:00,392.61842198763014,393.42166217448545,391.60973290730567,392.5810546875,49097100,390.1144134521484,388.8035659790039,384.4309350585938,58.61906658255299,2.068532718628319,1.8950725068700798,0.1734602117582391,396.346459148723,381.2606728092848,388.8035659790039,3.768667556669395,0.0015725755529980567,0.0015713403508593436,74041505.0
2021-06-03 00:00:00-04:00,390.26477509890356,392.2634837583409,388.79841505022597,391.1240234375,58138800,390.8531982421875,388.944596862793,384.97768737792967,55.52387753148427,1.979685564989495,1.911995118493963,0.06769044649553213,396.55002591339974,381.33916781218625,388.944596862793,3.769665562426869,-0.003711415088942127,-0.0037183194785880558,73940335.0
2021-06-04 00:00:00-04:00,392.9733282256469,395.0000837788047,391.1894173616605,394.7012023925781,55938800,391.5368713378906,389.1094436645508,385.6329705810547,60.97237649327157,2.172874457387138,1.9641709862725982,0.2087034711145399,397.05623923334224,381.1626480957593,389.1094436645508,3.777265189489572,0.009145894245101927,0.009104323827846445,73021205.0
2021-06-07 00:00:00-04:00,394.69185530536356,394.86931434784225,393.38428486307185,394.3182678222656,51555000,392.21401062011716,389.11271209716796,386.23987243652346,60.123271971366286,2.2689236870481864,2.025121526427716,0.24380216062047033,397.06801598800763,381.1574082063283,389.11271209716796,3.6135340677239163,-0.0009701885071321525,-0.0009706594446252397,72212265.0
2021-06-08 00:00:00-04:00,395.1775676834587,395.2709716921303,392.5717754098022,394.4023742675781,47134300,392.5044830322266,389.31538848876954,386.7311492919922,60.254192798124166,2.3250285983796175,2.0851029408180963,0.23992565756152118,397.5866065775198,381.0441704000193,389.31538848876954,3.5482242259099257,0.0002132958378444627,0.00021327309352136398,70476360.0
2021-06-09 00:00:00-04:00,395.242896577049,395.3176311744139,393.5897570222941,393.81390380859375,48436300,392.8229705810547,389.66282958984374,387.2143914794922,58.79959270161476,2.2955458729411475,2.1271915272427067,0.16835434569844088,398.0757193922188,381.2499397874687,389.66282958984374,3.418199220639202,-0.001492056076176529,-0.001493170300304927,67053775.0
2021-06-10 00:00:00-04:00,395.0374479909109,396.5972121670287,393.7205285195885,395.64453125,51020100,393.2469970703125,390.5127517700195,387.7538592529297,61.88237041080362,2.3923197628898833,2.180217174372142,0.21210258851774144,397.63803592704784,383.3874676129912,390.5127517700195,3.3795195368392723,0.004648458126293109,0.004637687410068282,62864230.0
2021-06-11 00:00:00-04:00,396.1955238621483,396.410321669014,394.9066230093794,396.2982482910156,45570800,393.7158477783203,391.1679397583008,388.2765148925781,62.94852629598143,2.4930252268009667,2.242778784857907,0.25024644194305967,397.87879571963714,384.45708379696447,391.1679397583008,3.2455323313246534,0.0016522837784469502,0.001650920259345065,59823070.0
2021-06-14 00:00:00-04:00,396.4103860815458,397.2883323557152,395.1682012696967,397.18560791015625,42358500,394.20338745117186,391.5732925415039,388.7369677734375,64.40395555702938,2.614301497468432,2.317083327380012,0.2972181700884198,398.6970346887423,384.44955039426554,391.5732925415039,3.1651465280885027,0.0022391207202334673,0.002236617625225137,57830915.0
2021-06-15 00:00:00-04:00,397.3350997073947,397.37243850900103,395.5792069332303,396.4571533203125,51508500,394.65263671875,391.9917236328125,389.0754461669922,62.24243343340706,2.6214155713374794,2.377949776171506,0.24346579516597355,399.22975314211686,384.7536941235082,391.9917236328125,3.0671526029229477,-0.0018340407490508026,-0.0018357246610091434,57149880.0
2021-06-16 00:00:00-04:00,396.59721625461583,396.8213630595682,392.19816419002484,394.2435607910156,80386100,394.8188873291016,392.466650390625,389.3741345214844,56.082776438816495,2.4205327143811814,2.386466363813441,0.03406635056774032,398.9472427415487,385.9860580397013,392.466650390625,3.1782987648244077,-0.005583434453781733,-0.00559908008869438,58178675.0
2021-06-17 00:00:00-04:00,393.8325179926995,395.0933719005137,391.63765283375125,394.1127014160156,90949700,395.1177551269531,392.9854766845703,389.66142578125,55.73164985604828,2.2251225177416245,2.3541975945990776,-0.12907507685745312,398.1059271420751,387.8650262270655,392.9854766845703,3.1981145006771263,-0.0003319252056709354,-0.0003319803050349311,57402805.0
2021-06-18 00:00:00-04:00,390.82934732782405,391.5227466010482,388.5898403960133,388.7959899902344,118676300,394.52723388671876,393.0320526123047,389.80633239746095,43.74743191072572,1.6225407112779635,2.207866217934855,-0.5853255066568916,397.979350503061,388.0847547215484,393.0320526123047,3.3641678234860692,-0.01349033260455379,-0.013582153876205207,59435510.0
2021-06-21 00:00:00-04:00,390.55768603100165,394.54947970964827,389.74246700562156,394.362060546875,72822000,394.5316131591797,393.37281188964846,390.007080078125,54.72399137261379,1.5759589903757956,2.0814847724230434,-0.5055257820472479,397.6562262302182,389.08939754907874,393.37281188964846,3.5348336731951995,0.014316172748542133,0.014214664011474564,59247675.0
2021-06-22 00:00:00-04:00,394.352710107166,397.30437604962555,393.63117206610633,396.47039794921875,57700300,394.73841552734376,393.62144927978517,390.24719177246095,58.06214403061584,1.6896901529286197,2.0031258485241588,-0.3134356955955391,398.01645983410543,389.2264387254649,393.62144927978517,3.544717266789772,0.005346197348244042,0.0053319571665345475,59563855.0
2021-06-23 00:00:00-04:00,396.5453419827774,397.35118140093033,395.908162638729,395.99249267578125,49445400,394.9562744140625,393.8896224975586,390.4549572753906,57.03561651996117,1.721416538780602,1.9467839865754475,-0.22536744779484552,398.17470160897125,389.60454338614596,393.8896224975586,3.3945959450334557,-0.0012053996361632846,-0.001206126714643535,59163555.0
2021-06-24 00:00:00-04:00,398.1383434268328,398.75676373658587,397.88532470396706,398.3351135253906,45110300,395.22533264160154,394.23616485595704,390.7359143066406,60.70319666012811,1.91353184859031,1.94013355897842,-0.02660171038811021,398.7747346343622,389.6975950775519,394.23616485595704,3.34957273901711,0.005915821367672658,0.00589839160357773,59264640.0
2021-06-25 00:00:00-04:00,399.08471063989845,400.1997887962621,398.75674142988316,399.75,58129500,395.5705078125,394.64317779541017,390.96260437011716,62.77031195092491,2.155111347429056,1.9831291166685474,0.17198223076050856,399.60672822513664,389.6796273656837,394.64317779541017,3.2435086341495656,0.003552000379999587,0.0035457069251495854,59335730.0
2021-06-28 00:00:00-04:00,400.27486904217596,400.7246293559444,399.0754605452032,400.55596923828125,53159600,395.9075439453125,395.0554656982422,391.1794494628906,63.93413092274229,2.3841172034484543,2.0633267340245287,0.32079046942392564,400.5199493421319,389.5909820543525,395.0554656982422,3.1296272181918234,0.0020161832102094657,0.0020141534406412196,59067700.0
2021-06-29 00:00:00-04:00,400.9400528954754,401.57723223614346,400.237273994288,400.7713928222656,35970500,396.33896789550784,395.4958023071289,391.438896484375,64.25576459619202,2.5535531064202814,2.161372008503679,0.3921810979166023,401.30172562553884,389.68987898871893,395.4958023071289,3.001793719882084,0.000537811443414693,0.0005376668746718529,58155395.0
2021-06-30 00:00:00-04:00,400.3122456149289,401.78340305544015,400.2841356012442,401.1087341308594,64827900,397.0254852294922,395.92218627929685,391.7618756103516,64.7853661467777,2.684112130728522,2.2659200329486477,0.4181920977798743,402.0527150009255,389.7916575576682,395.92218627929685,2.894470415190217,0.0008417300102638858,0.0008413759542245955,58941935.0
2021-07-01 00:00:00-04:00,401.8677508401516,403.4888379572731,401.80215127327483,403.32952880859375,53441000,397.94716796875,396.53246154785154,392.05641967773437,68.13279096391963,2.9329712023479715,2.3993302668285126,0.5336409355194589,403.0488186690554,390.0161044266477,396.53246154785154,2.8577299445633257,0.005536640039879748,0.005521369188621763,58707045.0
2021-07-02 00:00:00-04:00,404.49152708220277,406.76852436635596,403.4139096500069,406.4124450683594,57697700,399.7088134765625,397.11802368164064,392.48360412597657,72.09795927244326,3.340452727018544,2.587554758866519,0.7528979681520251,404.86034187035534,389.37570549292593,397.11802368164064,2.8992489169346745,0.007643666132931992,0.0076146013307609815,58794990.0
2021-07-06 00:00:00-04:00,406.4686382569822,406.68416744841574,402.936012721127,405.6721496582031,68710400,400.83982238769534,397.6857177734375,392.8124871826172,69.85038318930495,3.5625818919529024,2.7825601854837956,0.7800217064691068,406.1545590329026,389.21687651397235,397.6857177734375,2.95988504624568,-0.0018215372563989973,-0.0018231982727624934,59652760.0
2021-07-07 00:00:00-04:00,406.35609357661275,407.3868415804875,404.3414666485789,407.105712890625,63549500,401.9033538818359,398.32088470458984,393.1537890625,71.69079727582557,3.810373810177907,2.988122910422618,0.8222508997552893,407.57824484894945,389.06352456023023,398.32088470458984,2.9659914666501748,0.0035337975102054386,0.0035275683186049307,60473520.0
2021-07-08 00:00:00-04:00,401.7834502743056,404.54772586147544,400.60277236849515,403.7887268066406,97595200,402.6829772949219,398.8196258544922,393.4304327392578,62.22589029961902,3.6964868355898375,3.129795695456062,0.5666911401337753,408.12664632267496,389.5126053863094,398.8196258544922,3.2186306848987227,-0.00814772669347319,-0.008181100824431593,62931465.0
2021-07-09 00:00:00-04:00,405.2973236629894,408.3989192878367,403.5919064673389,408.09906005859375,76238600,403.6593719482422,399.4423522949219,393.7955255126953,68.11662094308582,3.9089781908622285,3.2856321945372957,0.6233459963249328,409.456083457525,389.42862113231877,399.4423522949219,3.3320865517272273,0.010674724096537691,0.010618151471269528,64192390.0
2021-07-12 00:00:00-04:00,408.0147135517589,409.8138402584851,407.58368379970483,409.5608215332031,52889600,404.6404541015625,400.10548095703126,394.1401654052734,69.83466174407397,4.147521014866527,3.458009958603142,0.689511056263385,410.92284936411534,389.2881125499472,400.10548095703126,3.2533772593738712,0.003581879052599435,0.0035754794011246325,64558330.0
2021-07-13 00:00:00-04:00,408.7737117077264,410.2729791942714,407.90227266855015,408.1646423339844,52911300,405.4013214111328,400.65443267822263,394.50843627929686,66.16723495846784,4.175772225589071,3.601562412000328,0.5742098135887432,411.9280723737144,389.3807929827309,400.65443267822263,3.1903293498272545,-0.003408966692644344,-0.0034147904587165903,65085970.0
2021-07-14 00:00:00-04:00,409.8606191747878,410.3478974784806,407.5274025459791,408.7736511230469,64130400,406.20154724121096,401.2702575683594,394.8720751953125,66.98177277273888,4.198901114877117,3.721030152575686,0.4778709623014308,412.8994837520661,389.6410313846527,401.2702575683594,3.163912605732558,0.0014920664993911537,0.001490954474178135,65717065.0
2021-07-15 00:00:00-04:00,407.4337224657248,408.10839135369446,405.4753153622365,407.37750244140625,55126400,406.82842407226565,401.9269546508789,395.25598571777346,63.22385294448842,4.057797630571542,3.7883836481748574,0.269413982396685,413.3767883556441,390.47712094611364,401.9269546508789,3.17351425966669,-0.003415456641603254,-0.003421302628577501,64454080.0
2021-07-16 00:00:00-04:00,408.5581415441631,408.60498202795424,403.7886192907794,404.1821594238281,75874700,406.91368713378904,402.43042755126953,395.5735607910156,55.54329124203167,3.646104601516015,3.7599278388430895,-0.11382323732707444,413.33407056683734,391.5267845357017,402.43042755126953,3.2908605794886987,-0.00784369043069022,-0.007874613979780733,63700330.0
2021-07-19 00:00:00-04:00,399.35647556745073,404.24781810954704,395.4021716073947,398.2132873535156,147987000,406.09377136230466,402.9012924194336,395.7097412109375,44.63519566446021,2.8058526944929554,3.569112809973063,-0.7632601154801075,412.08714310856453,393.7154417303027,402.9012924194336,3.6876310025361034,-0.014767777179530372,-0.014877906388284535,65165865.0
2021-07-20 00:00:00-04:00,398.87858854389634,405.19424821912867,398.0821000063619,403.91986083984375,99608200,405.9185424804688,403.37918243408205,395.90308044433596,53.947164717272145,2.5707853794156676,3.369447323861584,-0.7986619444459162,411.6912301691082,395.0671346990559,403.37918243408205,3.932239374695438,0.014330444682681076,0.014228734410938469,66505175.0
2021-07-21 00:00:00-04:00,405.11927714998365,407.3307031828911,403.8730283565818,407.19012451171875,64724400,405.92698364257814,403.91516876220703,396.2399060058594,58.277938983740526,2.6181948655939777,3.2191968322080626,-0.6010019666140849,411.74456257435946,396.0857749500546,403.91516876220703,3.898341906953571,0.008096318079223286,0.008063718734240754,66856380.0
2021-07-22 00:00:00-04:00,407.36808629960854,408.2863942745382,406.38420736629706,408.0427551269531,47878500,406.3523864746094,404.51768188476564,396.66345947265626,59.351234635141694,2.6935181888509874,3.1140611035366477,-0.4205429146856603,411.6381421072481,397.3972216622832,404.51768188476564,3.755759407045542,0.0020939373622010926,0.002091748130905477,66778035.0
2021-07-23 00:00:00-04:00,409.973137588627,412.57810387739073,409.2891176794418,412.24078369140625,63766600,406.7665588378906,405.2129653930664,397.33535339355467,64.23031410927936,3.056722294107317,3.1025933416507816,-0.045871047543464716,412.4966256783745,397.92930510775824,405.2129653930664,3.811444360144975,0.010288207575568808,0.010235644182665527,67710850.0
2021-07-26 00:00:00-04:00,411.65035780963643,413.26206508210987,411.6035173257502,413.252685546875,43719200,407.1357452392578,405.88809967041016,397.9365173339844,65.31114605194641,3.387170988472519,3.159508871015129,0.22766211745739007,413.51614685400455,398.26005248681577,405.88809967041016,3.6576660313031675,0.0024546379094463333,0.002451630206688424,66990335.0
2021-07-27 00:00:00-04:00,412.2127139090476,412.2408239272899,408.5395094805176,411.369384765625,67397100,407.4562194824219,406.4287704467773,398.382333984375,61.58156747483175,3.4572344788472833,3.21905399258156,0.23818048626572308,414.0011134495362,398.85642744401844,406.4287704467773,3.733059605235612,-0.0045572620508388395,-0.00456767802714192,67702210.0
2021-07-28 00:00:00-04:00,411.9970499079121,412.57800915894387,409.77627340490346,411.2005615234375,52472400,407.69891052246095,406.9502288818359,398.8445745849609,61.24394384104264,3.4592614621988673,3.267095486505022,0.19216597569384541,414.3262384162693,399.57421934740256,406.9502288818359,3.6665364730073833,-0.00041039330693914966,-0.00041047754131927876,68527305.0
2021-07-29 00:00:00-04:00,412.1283678734607,413.9836861978173,412.1189883356927,412.9060974121094,47435300,408.25177001953125,407.54009704589845,399.4077960205078,63.425535129269676,3.5574819164887117,3.32517277250176,0.23230914398695157,414.8396587213005,400.2405353704964,407.54009704589845,3.6034356302482697,0.0041476983454329375,0.004139120355746059,67657675.0
2021-07-30 00:00:00-04:00,410.33849754765976,412.35312442953557,410.20729844283443,410.9007263183594,68951200,408.9236267089844,407.91865692138674,399.95108703613283,59.20551476204402,3.433921536542016,3.346922525309812,0.0869990112322041,415.0896651615762,400.7476486811973,407.91865692138674,3.5388187258930324,-0.004856724340760898,-0.004868556552494718,68433185.0
2021-08-02 00:00:00-04:00,412.61558301486065,413.16843236981356,409.68264755521176,410.0387268066406,58783300,410.1061706542969,408.09997100830077,400.3945721435547,57.436484707127875,3.229218468281033,3.3233817139040562,-0.09416324562302325,415.2928191523147,400.90712286428686,408.09997100830077,3.53503058937223,-0.002097829126373685,-0.0021000326521818484,68487465.0
2021-08-03 00:00:00-04:00,410.8352061543172,413.49639234731455,408.642539261414,413.37457275390625,58053900,411.0516418457031,408.48509216308594,400.9111260986328,62.149784423181494,3.2981457300432453,3.3183345171318943,-0.02018878708864902,415.9368847407644,401.03329958540746,408.48509216308594,3.629232196267109,0.008135441189287107,0.008102526882053014,67954640.0
2021-08-04 00:00:00-04:00,412.09080591322396,413.346434118997,411.10692688961086,411.3411865234375,46732200,411.466748046875,408.6968658447266,401.30799682617186,57.93814908823115,3.1523554155455713,3.28513869681463,-0.13278328126905858,416.2202120294631,401.17351965999006,408.6968658447266,3.5319760296977,-0.0049189920340825255,-0.00493113009644578,67113775.0
2021-08-05 00:00:00-04:00,412.5030891792091,414.0304665079831,412.1844995210822,413.9461364746094,38969700,412.0570861816406,409.204736328125,401.7743389892578,61.53438371061116,3.210010231738579,3.2701130037994197,-0.06010277206084069,416.7055370033513,401.70393565289874,409.204736328125,3.471783455043977,0.006332820628024871,0.00631285257785168,64182500.0
2021-08-06 00:00:00-04:00,414.26478830639564,415.0518973321597,413.98365955681214,414.6302185058594,46930000,412.29602966308596,409.53129425048826,402.2388580322266,62.442517008859845,3.27317071721194,3.2707245464819237,0.002446170730016295,417.37209254099577,401.69049595998075,409.53129425048826,3.3027818409372864,0.0016525870662207343,0.0016512230467821626,62717070.0
2021-08-09 00:00:00-04:00,414.60196518885573,414.9205547846809,413.52437684494777,414.2927551269531,41222600,412.40003662109376,409.7678909301758,402.69251831054686,61.66904029045088,3.2584341816761366,3.2682664735207667,-0.009832291844630081,417.8788916970729,401.65689016327866,409.7678909301758,3.166595847994134,-0.0008138899767661245,-0.0008142213650345255,62133720.0
2021-08-10 00:00:00-04:00,414.74262797604996,415.52038600343246,414.05860812109773,414.8082275390625,43339300,412.7439208984375,410.1000701904297,403.1424786376953,62.43449506382803,3.2508756162630448,3.2647883020692223,-0.01391268580617755,418.46152213436704,401.7386182464923,410.1000701904297,3.0448231361613196,0.0012442226076374574,0.0012434492041463793,61655120.0
2021-08-11 00:00:00-04:00,415.87644828844924,415.93266831269824,414.75199061117655,415.8389587402344,44034300,413.2077606201172,410.4533355712891,403.6199645996094,63.983305867804816,3.290130219337584,3.2698566855228948,0.020273533814689326,419.1510239850271,401.75564715755104,410.4533355712891,2.9116698908299172,0.002484837890720959,0.0024817557856811334,60650315.0
2021-08-12 00:00:00-04:00,415.68905723891174,417.22581426197354,414.78950819398324,417.0852355957031,38909400,413.62567443847655,410.93872222900393,404.11004821777345,65.81838785039783,3.382808985495103,3.2924471455173365,0.09036183997776659,419.97263902133227,401.9048054366756,410.93872222900393,2.8777153320556588,0.0029970180265079804,0.0029925359210499114,59839465.0
2021-08-13 00:00:00-04:00,417.5350605392358,417.8630297953268,417.0478107219428,417.84429931640625,39470300,414.3200317382813,411.6218292236328,404.6444537353516,66.92377878800635,3.4774221163527272,3.3294421396844145,0.14797997666831275,420.5746099503246,402.669048496941,411.6218292236328,2.730394170721966,0.001819924696252917,0.0018182706398375847,58019245.0
2021-08-16 00:00:00-04:00,416.5417789840265,418.95932605512974,414.9862914344037,418.8281555175781,73740000,415.198974609375,412.65257263183594,405.1269927978516,68.35235316716626,3.5904047264759242,3.3816346570427167,0.20877006943320753,419.74700591155846,405.5581393521134,412.65257263183594,2.8191542028651133,0.002354600033508847,0.0023518323065917952,54306895.0
2021-08-17 00:00:00-04:00,416.26997110737653,416.9446399663895,413.0934254851267,416.08258056640625,92673900,415.469775390625,413.2607086181641,405.56227905273437,60.499537809356895,3.418987348257019,3.3891051952855773,0.029882152971441922,419.25675780798986,407.2646594283383,413.2607086181641,3.027409619264134,-0.006555373403153708,-0.00657695422866343,53960180.0
2021-08-18 00:00:00-04:00,415.07059964436183,416.6354666486862,411.2849843863083,411.5285949707031,89351900,415.48851623535154,413.4776321411133,405.90480346679686,50.19801376043832,2.8824422625506827,3.2877726087385986,-0.40533034618791586,418.86224242287324,408.09302185935337,413.4776321411133,3.1933433794865467,-0.01094490807450732,-0.01100524423393383,55191555.0
2021-08-19 00:00:00-04:00,408.8018367196642,413.36523891211175,408.6612866430519,412.1658020019531,92812200,415.31048278808595,413.6837844848633,406.27184143066404,51.443867616814906,2.480055166412683,3.1262291202734156,-0.6461739538607327,418.5067125127415,408.86085645698506,413.6837844848633,3.3012440144560697,0.001548390656292975,0.0015471931354747188,57438240.0
2021-08-20 00:00:00-04:00,412.51249736786883,415.7733732693985,412.0252190130029,415.4454040527344,72008700,415.3920013427734,413.84401550292966,406.66785888671876,57.356711336020695,2.398152560481833,2.9806138083150993,-0.5824612478332662,418.67745623266757,409.01057477319176,413.84401550292966,3.333166174594607,0.0079569970018174,0.007925507034594244,57850345.0
2021-08-23 00:00:00-04:00,417.13215804647064,420.00887376629044,415.5204503118759,419.0999450683594,54973000,415.8727203369141,414.1363784790039,407.12389282226565,62.79377366610823,2.5981848156516207,2.904128009782404,-0.3059431941307831,419.472600901724,408.8001560562838,414.1363784790039,3.4210449988061393,0.008796681778097337,0.008758216386891596,58413035.0
2021-08-24 00:00:00-04:00,419.76513671875,420.2992555252089,419.2497769837676,419.76513671875,38744700,416.3684112548828,414.55616607666013,407.5754833984375,63.70098220128671,2.7783600211217276,2.878974412050269,-0.1006143909285413,420.2636800940309,408.84865205928935,414.55616607666013,3.2623496743806655,0.0015871909748930157,0.0015859327185171182,56980415.0
2021-08-25 00:00:00-04:00,419.9525966891945,421.16135587884156,419.57775837696613,420.64599609375,40529700,416.8491149902344,415.02843780517577,408.05926025390625,64.92077473884606,2.9581286932579474,2.8948052682918046,0.06332342496614274,421.0987543916606,408.95812121869096,415.02843780517577,3.1424388049160057,0.0020984576801341692,0.0020962589931802426,56383280.0
2021-08-26 00:00:00-04:00,420.36492091811544,420.599180595031,418.06919324203466,418.16290283203125,57829600,416.9568817138672,415.29127807617186,408.53764709472654,58.910994561048405,2.867180712449624,2.8892803571233685,-0.02209964467374448,421.4261384560038,409.15641769633993,415.29127807617186,3.102036236830244,-0.00590304741939196,-0.005920539274612911,56902995.0
2021-08-27 00:00:00-04:00,418.96864575668053,422.27639048792906,418.91242573488046,421.9015808105469,77235100,417.36260986328125,415.84132080078126,409.0934246826172,64.273578709731,3.0614928658010285,2.923722858858901,0.1377700069421275,422.2686184743655,409.414023127197,415.84132080078126,3.1742827667636417,0.008940721315054967,0.008900989710101542,57317190.0
2021-08-30 00:00:00-04:00,422.5762498396636,424.5440363918998,422.3326106810009,423.7569274902344,48357400,417.85548706054686,416.52723083496096,409.7926434326172,66.60299800318896,3.3268477881363765,3.0043478447143963,0.3224999434219802,423.2522298331144,409.8022318368075,416.52723083496096,3.136295110662876,0.004397581720654076,0.00438794061286482,56795895.0
2021-08-31 00:00:00-04:00,423.6632692588089,424.0005894306205,422.52946055313254,423.129150390625,59300200,418.5601440429688,417.01495971679685,410.3679852294922,65.05731869075643,3.446755063636715,3.0928292884988604,0.3539257751378546,424.1566199891105,409.8732994444832,417.01495971679685,3.0173546654360957,-0.0014814556621587371,-0.001482554102592779,56858210.0
2021-09-01 00:00:00-04:00,424.0661623524176,424.58152211457764,423.11974426960506,423.35400390625,48721400,419.74268493652346,417.6156005859375,410.9056573486328,65.36733916192844,3.5193572828547985,3.178134887370048,0.3412223954847504,424.76812387689205,410.46307729498295,417.6156005859375,2.906242035402987,0.0005314063458341511,0.0005312651994837851,56957670.0
2021-09-02 00:00:00-04:00,424.7783747777005,425.462394702092,423.45714682758916,424.65655517578125,42501000,420.99176025390625,418.15112152099607,411.4789385986328,67.18370576990161,3.6400399515169397,3.2705159001994266,0.3695240513175131,425.71640232705266,410.5858407149395,418.15112152099607,2.8492526611486317,0.003076742531103349,0.003072019044955765,57134235.0
2021-09-03 00:00:00-04:00,423.52265580930316,425.0687635577039,423.11970753618436,424.5533752441406,47170500,421.9025573730469,418.6472793579102,412.0033038330078,66.88446003622006,3.684879085391856,3.3533885372379126,0.3314905481539432,426.5192042950947,410.77535442072565,418.6472793579102,2.784952901175125,-0.0002429726572757973,-0.00024300217991411524,57146260.0
2021-09-07 00:00:00-04:00,424.20672913760086,424.30043871518234,422.3607619842241,423.0354309082031,51671500,422.2961059570313,419.0844131469727,412.46901245117186,62.47566230586508,3.556926960228793,3.3940962218360893,0.1628307383927039,426.91139576919545,411.2574305247499,419.0844131469727,2.742642926799511,-0.003575391044917775,-0.0035817980316941193,57668705.0
2021-09-08 00:00:00-04:00,422.5012585402549,423.23214734951307,420.5990431330851,422.5199890136719,56181900,422.57159118652345,419.4700012207031,412.9082928466797,61.005145578769415,3.375026916617344,3.39028236079234,-0.015255444174996136,427.1752220452269,411.76478039617933,419.4700012207031,2.7348187332015432,-0.0012184367002656682,-0.001219179597772315,58310835.0
2021-09-09 00:00:00-04:00,422.32334708756264,424.07560485445447,420.4680001952441,420.7116394042969,57970400,422.5781555175781,419.71363525390626,413.3070977783203,56.02303778406358,3.0497949829361346,3.322184885221099,-0.2723899022849645,427.2505070826515,412.176763425161,419.71363525390626,2.7971605850593173,-0.004279914930406914,-0.00428909998317755,59007640.0
2021-09-10 00:00:00-04:00,422.64189201792766,423.06354222411983,417.27265062322766,417.39447021484375,89948200,422.5013122558594,419.7290969848633,413.6328125,48.24039006770057,2.495610655304233,3.1568700392377265,-0.6612593839334933,427.2455781459832,412.2126158237434,419.7290969848633,3.010998514761664,-0.007884662269268428,-0.00791591058212828,61559580.0
2021-09-13 00:00:00-04:00,420.3930027876443,420.6553724465294,416.1481905625877,418.4626770019531,83738600,422.157421875,419.7600158691406,413.9354754638672,50.61936456218938,2.118193724589389,2.9491347763080595,-0.8309410517186704,427.25027197959963,412.2697597586816,419.7600158691406,3.117868755417381,0.002559226016002336,0.0025559567737338013,63772995.0
2021-09-14 00:00:00-04:00,419.9056916877061,420.11184130334044,415.31420871709963,416.20440673828125,78197100,421.4021697998047,419.62882843017576,414.1313146972656,45.82424564762652,1.6182108236556587,2.6829499857775794,-1.0647391621219207,427.27015649138525,411.98750036896627,419.62882843017576,3.2378518861904833,-0.005396587050130908,-0.005411201227526057,63995850.0
2021-09-15 00:00:00-04:00,416.62609222178327,420.17747647552517,415.52039355154807,419.68084716796875,78792200,421.0573394775391,419.8087417602539,414.41148864746094,53.177518464352886,1.4853680629144606,2.443433601204956,-0.9580655382904952,427.2750518074745,412.3424317130333,419.8087417602539,3.33922553174667,0.008352723741999135,0.008318032787152502,63301765.0
2021-09-16 00:00:00-04:00,419.1560224523783,420.1305217956713,416.0637785857491,419.0154724121094,77786700,420.623486328125,420.1830856323242,414.6496838378906,51.73029084098305,1.3112833773886905,2.217003556441703,-0.9057201790530125,426.63280977087777,413.73336149377064,420.1830856323242,3.39119108018778,-0.001585430358210016,-0.0015866884828755806,62723505.0
2021-09-17 00:00:00-04:00,418.2428600689456,418.665861109797,414.5766789216659,414.93389892578125,118425000,419.651220703125,420.3214904785156,414.8725872802734,43.847198551988065,0.8343532359461392,1.9404734923425904,-1.1061202563964512,426.16766381769315,414.4753171393381,420.3214904785156,3.4660198237774713,-0.009740865803432253,-0.00978861839079975,64004145.0
2021-09-20 00:00:00-04:00,408.8048283528595,410.38408955076596,403.1457660287209,408.01519775390625,166445500,417.9974029541016,419.9499801635742,414.8709100341797,34.30427280279869,-0.100737461070878,1.5322313016598967,-1.6329687627307747,427.6414941506703,412.25846617647807,419.9499801635742,4.060456471869104,-0.016674224954352446,-0.01681480474017844,68725985.0
2021-09-21 00:00:00-04:00,410.3559031370975,411.6531636956014,407.10337084294684,407.6297912597656,92526100,416.4568389892578,419.37647247314453,414.83228942871096,33.862159599972415,-0.86295504987811,1.0531940313522954,-1.9161490812304054,428.7603225423993,409.99262240388975,419.37647247314453,4.095409070496635,-0.0009445885747939586,-0.0009450349797165731,70603640.0
2021-09-22 00:00:00-04:00,409.9046386502538,413.64601007748894,407.74255702757415,411.6061096191406,102350100,415.3654510498047,418.96852111816406,414.90111877441404,42.146562953965464,-1.1331006415020397,0.6159350967814283,-1.749035738283468,428.9403033403922,408.99673889593595,418.96852111816406,4.232609766727112,0.009754729523292038,0.009707459306114951,73783910.0
2021-09-23 00:00:00-04:00,413.47688551104596,418.21469841814167,413.24187534861926,416.6072082519531,76396000,414.9550079345703,418.7665817260742,415.0577899169922,50.53825627265004,-0.9328923036439392,0.3061696166963549,-1.2390619203402942,428.7578628174517,408.7753006346967,418.7665817260742,4.402322554746678,0.012150205052689822,0.012076983816635401,75577225.0
2021-09-24 00:00:00-04:00,414.97149473457984,418.0078359804858,414.7552750846295,417.29339599609375,62094800,414.9449005126953,418.72310638427734,415.25610778808596,51.57612446805613,-0.710664044494365,0.10280288445821092,-0.813466928952576,428.73206772015635,408.71414504839834,418.72310638427734,4.320196721968796,0.0016470856253778532,0.001645730667466288,75790485.0
2021-09-27 00:00:00-04:00,416.2593696919336,417.4250108387706,415.40392931593607,416.0995788574219,61371100,414.7085906982422,418.4330062866211,415.4944561767578,49.62513892156527,-0.6236881255163667,-0.04249531753670459,-0.5811928079796621,428.39286141396224,408.47315115927995,418.4330062866211,4.155974207744921,-0.0028608579721761673,-0.0028649580480349206,74997285.0
2021-09-28 00:00:00-04:00,413.32642918282806,413.65544911085703,406.98115550934745,407.7143859863281,130436300,413.8595886230469,417.6308792114258,415.6844781494141,38.58481729849649,-1.2173413168827665,-0.277464517405917,-0.9398767994768495,428.30486720141766,406.9568912214339,417.6308792114258,4.5104348606256,-0.020151889829157832,-0.02035770895124166,79101230.0
2021-09-29 00:00:00-04:00,409.0962556033454,410.8353363854079,407.83660468931265,408.400634765625,82329200,412.7315673828125,416.89445343017576,415.7740936279297,39.7658875133886,-1.6138378882158122,-0.5447391915678961,-1.0690986966479161,427.97407495797063,405.8148319023809,416.89445343017576,4.411185970515185,0.0016831605724108023,0.0016817456451319191,80252680.0
2021-09-30 00:00:00-04:00,409.87654418717653,410.5815747267988,403.07065855810856,403.4090881347656,140506000,411.1709289550781,415.89720764160154,415.69847290039064,34.55982128950403,-2.304278091143999,-0.8966469714831167,-1.4076311196608824,428.013555008172,403.7808602750311,415.89720764160154,4.632595270384832,-0.012222181372768759,-0.012297486455504759,84841910.0
2021-10-01 00:00:00-04:00,405.1386431605833,409.8858359543711,401.61349147576334,408.2031555175781,129240100,410.4978546142578,415.0745376586914,415.7016809082031,42.364305779347866,-2.4365289649956026,-1.204623370185614,-1.2319055948099886,426.93173731446177,403.217338002921,415.0745376586914,4.892577356686469,0.011883885425037821,0.01181382656010316,89178865.0
2021-10-04 00:00:00-04:00,407.03749673565017,407.9399274949172,400.79561465530827,402.9389343261719,128570000,409.9902282714844,413.99381561279296,415.5156439208984,37.12809531724102,-2.932315482968761,-1.5501617927422435,-1.3821536902265175,426.13491294250014,401.8527182830858,413.99381561279296,5.072217607085283,-0.01289608157176425,-0.012979957929626541,93248840.0
2021-10-05 00:00:00-04:00,404.4430001166101,409.37821255340737,403.6439886722877,407.13153076171875,90682500,409.9404022216797,413.19862060546876,415.3932208251953,43.154354640319575,-2.9528833756053245,-1.83070610931486,-1.1221772662904645,424.9436166981095,401.453624512828,413.19862060546876,5.169864794238869,0.010405041752934885,0.010351281900102446,95199390.0
2021-10-06 00:00:00-04:00,403.5312059070278,409.0304489893108,401.90495407806975,408.8236389160156,113032200,409.6621551513672,412.51380310058596,415.3423059082031,45.427839607357384,-2.8003637421361987,-2.024637635879128,-0.7757261062570708,423.58265779800115,401.44494840317077,412.51380310058596,5.309552659739024,0.004156170737086073,0.004147557716031638,98041905.0
2021-10-07 00:00:00-04:00,412.10435369862415,415.197066176869,411.9257437150467,412.358154296875,72437500,409.23724975585935,412.0961288452148,415.3654577636719,49.93226379465515,-2.3669996827725868,-2.09311004525782,-0.2738896375147668,422.5069731181651,401.68528457226455,412.0961288452148,5.385543702675762,0.008645574874855733,0.008608415912527713,98765260.0
2021-10-08 00:00:00-04:00,413.1289992900791,413.5144193283019,410.9762985644965,411.6061096191406,74557400,408.66852111816405,411.8067108154297,415.3394580078125,49.00541130028104,-2.060487249497612,-2.086585486105778,0.026098236608166125,421.9301572051886,401.6832644256708,411.8067108154297,5.182156349899309,-0.0018237657480466574,-0.0018254308335905014,97995720.0
2021-10-11 00:00:00-04:00,410.9481526531211,413.8622842543227,408.56044149355773,408.6262512207031,65233300,407.9211883544922,411.3148895263672,415.29396850585937,45.40870364889833,-2.0345703463855216,-2.076182458161727,0.041612111776205385,421.04521848053577,401.58456057219865,411.3148895263672,5.190705379246855,-0.007239587384149315,-0.007265920367156081,97070455.0
2021-10-12 00:00:00-04:00,409.54755357171507,409.9517641967118,406.83082211769147,407.6204528808594,71181200,407.9117950439453,410.8856918334961,415.24560302734375,44.228747912576694,-2.0713137189617328,-2.0752087103217285,0.0038949913599957142,420.4716584321485,401.29972523484366,410.8856918334961,5.042865143516388,-0.0024614139126869494,-0.002464448171979726,96719660.0
2021-10-13 00:00:00-04:00,408.645002322282,409.90465316392994,405.6650899688843,409.0868225097656,72974000,407.98041381835935,410.3559906005859,415.15984802246095,46.414936331490004,-1.9595211918199311,-2.052071206621369,0.09255001480143799,419.07061375613114,401.6413674450407,410.3559906005859,4.985486432911336,0.00359738972503143,0.0035909345950612954,96428750.0
2021-10-14 00:00:00-04:00,412.7529445741557,416.11830542103553,412.28292435324295,415.9678955078125,70236800,409.2362945556641,410.20361175537107,415.25238220214845,55.27479724433748,-1.3006862240803798,-1.9017942101131713,0.6011079860327915,418.3983142992111,402.00890921153103,410.20361175537107,5.131629038508377,0.016820568689627224,0.016680669533537622,96051255.0
2021-10-15 00:00:00-04:00,418.0829930190192,419.50246328838506,417.46256287521214,419.1358337402344,66260200,410.3295623779297,410.41370849609376,415.3561761474609,58.66341780693185,-0.516969325127377,-1.6248292331160124,1.1078599079886353,419.27138210684706,401.55603488534047,410.41370849609376,5.017553234370104,0.007615823881202299,0.007586969899801915,93443015.0
2021-10-18 00:00:00-04:00,417.34980775714325,420.71514033276804,416.69176789132155,420.3767395019531,62213200,412.07334289550784,411.0317855834961,415.47110656738283,59.943650092127534,0.20193490803706027,-1.259476404885398,1.4614113129224582,420.81095381292204,401.2526173540702,411.0317855834961,4.946540320589847,0.0029606291369681514,0.0029562551056545555,88231400.0
2021-10-19 00:00:00-04:00,422.0029718063698,423.6856235581585,421.39192256312816,423.6198425292969,46996800,413.7221740722656,411.83128814697267,415.6576483154297,63.15535213520802,1.0215867862527261,-0.8032637666577731,1.8248505529104992,422.8971110409918,400.76546525295356,411.83128814697267,4.829564873133814,0.007714753749662906,0.007685147210897317,85954935.0
2021-10-20 00:00:00-04:00,424.0805016742407,425.5845723051379,423.96770139728164,425.28375244140625,49571600,415.36818542480466,412.5151702880859,415.8671588134766,64.71837800161393,1.7848557232993016,-0.28563986866635815,2.07049559196566,425.03576433289015,399.9945762432817,412.5151702880859,4.624933794755757,0.003927837520959043,0.003920143707282907,83316010.0
2021-10-21 00:00:00-04:00,424.68200304136724,426.6184837964389,424.2495925287721,426.39288330078125,41305400,416.7716583251953,413.0044540405273,416.0782373046875,65.76105499912435,2.4509958909834495,0.26168728326360335,2.189308607719846,426.82389359595703,399.1850144850976,413.0044540405273,4.463787899963689,0.002607978444997938,0.002604583570438581,81561480.0
2021-10-22 00:00:00-04:00,425.96058146063757,427.40825194853414,424.0052810402493,425.951171875,58845100,418.20616455078124,413.43734283447264,416.25555603027345,64.93797786144793,2.909732764565547,0.791296379523992,2.118436385041555,428.2721611586696,398.6025245102757,413.43734283447264,4.388015257700913,-0.001035925886853195,-0.0010364628289282146,81398995.0
2021-10-25 00:00:00-04:00,427.04157156190274,428.5644324904607,425.264910041171,428.23541259765625,45214500,420.1670806884766,414.04413452148435,416.46337829589845,67.22269740617901,3.418201281406482,1.3166773599004902,2.1015239215059918,430.19895187486395,397.88931716810475,414.04413452148435,4.310265771385828,0.005362682094760318,0.005348354116570609,80591165.0
2021-10-26 00:00:00-04:00,429.7866111150071,430.9992429391153,428.2449306270115,428.6209411621094,56075100,422.2671295166016,415.08946228027344,416.65923400878904,67.6063648935734,3.8083746056525456,1.8150168090509013,1.9933577966016442,432.15084552700483,398.02807903354204,415.08946228027344,4.199806097819628,0.0009002724975837317,0.0008998674953554632,76873105.0
2021-10-27 00:00:00-04:00,429.0814956872959,429.7489164065924,426.6467655584889,426.72198486328125,72438000,424.0306457519531,416.0055297851562,416.87202209472656,63.65405529542804,3.919181982797454,2.235849843800212,1.6833321389972422,433.49407212643024,398.5169874438822,416.0055297851562,4.121402151411334,-0.00443038619083691,-0.004440229435412573,76378545.0
2021-10-28 00:00:00-04:00,428.1507944774444,430.9145155608973,428.14141358107645,430.8393249511719,51437900,425.5177886962891,417.3770416259766,417.25823669433595,68.0195582292265,4.289782618821903,2.6466363988045503,1.6431462200173526,435.0008653217474,399.7532179302057,417.3770416259766,4.126482761854529,0.009648764849108371,0.009602512796339939,71925140.0
2021-10-29 00:00:00-04:00,428.5362813944523,432.0050333226642,428.2448711186631,431.713623046875,70162400,426.77556762695315,418.5525650024414,417.64919311523437,68.8744724074454,4.60099740831231,3.0375086007061025,1.5634888076062072,436.7004909700772,400.40463903480554,418.5525650024414,4.100317007722139,0.0020292903759475678,0.0020272341475523602,68971255.0
2021-11-01 00:00:00-04:00,432.70065934906575,433.07669852419264,430.7265971184563,432.4562683105469,48433600,427.9835205078125,420.02843170166017,417.9894104003906,69.61743853213143,4.8516359976553645,3.4003340800959547,1.4513019175594097,437.6505765038208,402.40628689949955,420.02843170166017,3.975301607580295,0.0017202266132594346,0.0017187487180926084,64964435.0
2021-11-02 00:00:00-04:00,432.6255115333647,434.5150024306183,432.49389207149477,434.20477294921875,48908400,429.04201354980466,421.38209381103513,418.2915069580078,71.35134845756437,5.132197815209622,3.7467068271186883,1.3854909880909339,438.9928320824819,403.77135553958834,421.38209381103513,3.8384039299010917,0.004043194114176307,0.0040350423701886505,62875730.0
2021-11-03 00:00:00-04:00,433.6406702124122,437.25983186693117,433.19885003088245,436.8556213378906,52509800,430.19920043945314,422.78369293212893,418.6333166503906,73.79319829966883,5.504988309367377,4.098363123568427,1.4066251857989505,440.6337135213389,404.93367234291895,422.78369293212893,3.854302351768779,0.006105065061046355,0.006086504654697846,59849610.0
2021-11-04 00:00:00-04:00,437.45716584253296,438.9988457948901,437.10935550121593,438.91424560546875,52847100,431.4513366699219,424.1114974975586,418.998681640625,75.53701600207634,5.898546463635512,4.458399791581844,1.4401466720536682,442.60126628794,405.6217287071772,424.1114974975586,3.7320825021423993,0.0047123675810178955,0.004701299135676439,58870090.0
2021-11-05 00:00:00-04:00,441.14228636490327,442.4301374982926,438.92380414430136,440.437255859375,66390600,432.8999450683594,425.5530548095703,419.44416870117186,76.76862377280128,6.261163539642837,4.818952541194043,1.442210998448794,444.41010473807853,406.6960048810621,425.5530548095703,3.7166403157625028,0.0034699494699819144,0.003463943085875663,58461750.0
2021-11-08 00:00:00-05:00,441.5370209098921,442.0352412122443,440.1269602027339,440.81317138671875,50405200,434.1577209472656,427.1624008178711,419.8224005126953,77.07541057760312,6.503900509754203,5.155942134906075,1.3479583748481279,445.45172145454137,408.87308018120086,427.1624008178711,3.587471793887349,0.000853505288988865,0.000853141260468485,57720345.0
2021-11-09 00:00:00-05:00,441.17985167362065,441.4148618185051,437.9461097849906,439.3561706542969,51149100,435.2312438964844,428.74918670654296,420.13438537597654,73.04889329585507,6.503732544608226,5.425500216846506,1.0782323277617207,445.41615254484566,412.08222086824026,428.74918670654296,3.5789918110035726,-0.0033052568003774097,-0.0033107312278899312,56718740.0
2021-11-10 00:00:00-05:00,437.66397373985734,439.3560635833201,434.33625155444815,435.8215026855469,69429700,436.1411956787109,430.085920715332,420.388232421875,64.27611992035658,6.147516522617991,5.569903478000803,0.5776130446171877,444.34502785828346,415.82681357238056,430.085920715332,3.681915188778226,-0.008045108285348768,-0.00807764479299332,56541525.0
2021-11-11 00:00:00-05:00,437.31630732955944,437.3915266474943,435.9438559987734,435.962646484375,34848500,436.6535278320313,431.08565826416014,420.6404052734375,64.45966495853436,5.809632061733112,5.617849194747265,0.19178286698584657,443.9840182315706,418.1872982967497,431.08565826416014,3.5310658154331676,0.0003238568954455623,0.00032380446512084117,54772110.0
2021-11-12 00:00:00-05:00,437.2315739636778,439.807275407171,436.28212400629286,439.2526550292969,53466700,437.4074310302734,432.0914993286133,420.9323272705078,68.5198077607734,5.741151959931244,5.642509747784061,0.09864221214718327,444.22002483103785,419.9629738261887,432.0914993286133,3.5534631802447985,0.007546537694118172,0.007518205031588253,54132435.0
2021-11-15 00:00:00-05:00,440.54063749790726,440.7004283336517,438.27513622509247,439.4031677246094,46980500,438.1021209716797,433.0428207397461,421.2293231201172,68.69599743478167,5.634079936095134,5.640823785446276,-0.006743849351142472,444.3000877500457,421.7855537294465,433.0428207397461,3.472879532267258,0.0003426563131472271,0.0003425976198801202,53370800.0
2021-11-16 00:00:00-05:00,439.1399514053057,442.2796835013746,439.0647607814874,441.1422424316406,48857500,438.7958679199219,433.91894073486327,421.5914593505859,70.73413823239166,5.62471516543286,5.637602061443593,-0.01288689601073223,444.828447517276,423.00943395245054,433.91894073486327,3.454454045668684,0.003957811037268666,0.003949999507421098,53463835.0
2021-11-17 00:00:00-05:00,440.8790082432791,441.0576182388675,439.4501569663317,440.0705871582031,47858300,439.11736450195315,434.6582824707031,421.9424713134766,67.80449751041988,5.467790606315759,5.6036397704180265,-0.13584916410226722,445.1218425148257,424.19472242658054,434.6582824707031,3.328570575642988,-0.00242927375880031,-0.0024322292317033073,53378170.0
2021-11-18 00:00:00-05:00,441.1046377023812,441.82848731755604,438.37852572627077,441.5652770996094,50625600,439.38246765136716,435.41690216064455,422.3595440673828,69.69010141993871,5.401767535594729,5.563265323453367,-0.16149778785863766,445.56884895592526,425.26495536536385,435.41690216064455,3.33724136247458,0.0033964777129467105,0.0033907227099972724,53844180.0
2021-11-19 00:00:00-05:00,441.4524058684626,442.70267579983584,440.4089746825623,440.7756042480469,57315600,439.4163024902344,436.1581237792969,422.82716674804686,67.44274838236566,5.225487608431138,5.495709780448921,-0.27022217201778354,445.5755285930751,426.7407189655187,436.1581237792969,3.262702773531649,-0.0017883490675476565,-0.0017899500727969195,53767705.0
2021-11-22 00:00:00-05:00,442.65573171479053,445.1468335661726,439.32797995964046,439.5347900390625,72762000,439.28846435546876,436.7230926513672,423.24860900878906,63.95291430935824,4.928844507988799,5.382336725956898,-0.45349221796809847,445.5058745929486,427.9403107097858,436.7230926513672,3.4452849758888253,-0.002815070065189218,-0.0028190398267802035,55145080.0
2021-11-23 00:00:00-05:00,439.2057132997234,440.9729939884895,436.6018115031317,440.1175537109375,73206500,439.36460266113284,437.2979232788086,423.7268719482422,64.87228326917338,4.6867509243959375,5.243219565644706,-0.5564686412487685,445.35962527394594,429.2362212836712,437.2979232788086,3.5114205122794657,0.0013258647212504027,0.0013249865387692835,56001650.0
2021-11-24 00:00:00-05:00,438.1152611459688,441.4148123907597,437.29743052339023,441.2926025390625,61858800,439.9117126464844,438.02645416259764,424.15910705566404,66.71563447202982,4.537402286224619,5.10205610976069,-0.5646538235360703,444.63625051865273,431.41665780654256,438.02645416259764,3.554703466214467,0.002669852220656299,0.0026662944962083613,55472690.0
2021-11-26 00:00:00-05:00,434.6183409737067,436.08480192497507,430.32234880945094,431.4504089355469,112669600,439.4604888916016,438.05700836181643,424.4078057861328,45.28171130524561,3.5835507034882426,4.798355028506201,-1.2148043250179583,444.53802545309594,431.5759912705369,438.05700836181643,4.084385627885688,-0.022303101268606462,-0.022555576479844724,58534275.0
2021-11-29 00:00:00-05:00,436.24463852719293,438.58533038960036,434.0449470141302,436.74285888671875,86268800,439.2095092773437,438.30847015380857,424.84398498535154,53.865006554406065,3.2175826424237925,4.482200551289719,-1.2646179088659268,444.1435657591904,432.47337454842676,438.30847015380857,4.30228104404053,0.012266647201075065,0.012192021535654607,59339595.0
2021-11-30 00:00:00-05:00,434.29873651759567,436.207017697208,428.0004533224309,428.244873046875,148559600,438.0936798095703,438.097900390625,425.24857849121094,42.37177556422189,2.216285916275524,4.0290176242868805,-1.8127317080113565,444.9736931657571,431.2221076154929,438.097900390625,4.619432795486769,-0.0194576411884686,-0.01964943304325648,64345895.0
2021-12-01 00:00:00-05:00,433.9603470803366,436.80866888995706,423.290880760792,423.48828125,131939200,436.3282836914062,437.56207580566405,425.5657482910156,37.54307946128013,1.0270941394425108,3.4286329273180067,-2.401538787875496,446.82409504419843,428.3000565671297,437.56207580566405,5.255029605035219,-0.011107177449744654,-0.011169322746228115,68497435.0
2021-12-02 00:00:00-05:00,423.7044637690375,431.54439807571686,423.3096341374703,429.9745178222656,127637800,435.3186767578125,437.2180206298828,425.9331164550781,46.49699459979754,0.6011069851308548,2.8631277388805767,-2.262020753749722,447.0529530732874,427.3830881864782,437.2180206298828,5.467867771693171,0.01531621265438643,0.015200103536350148,72253835.0
2021-12-03 00:00:00-05:00,431.63844870413465,432.70067046910617,422.00303269299377,426.23321533203125,137331600,433.7854705810547,436.58396911621094,426.12563659667967,42.69489830589122,-0.03794533709941561,2.2829131236845783,-2.320858460783994,447.4778006061485,425.6901376262734,436.58396911621094,5.841422772008831,-0.008701219107549285,-0.008739295750910517,76478060.0
2021-12-06 00:00:00-05:00,428.78070813331755,433.16130061518345,426.3647969926562,431.2812194824219,98977500,432.8360321044922,436.1261672973633,426.40539306640625,48.780645328864765,-0.13550514067202357,1.7992294708132581,-1.9347346114852817,447.1030293945437,425.1493052001829,436.1261672973633,5.919041522804785,0.011843291345697393,0.011773708425789571,78107405.0
2021-12-07 00:00:00-05:00,436.56428721886243,440.76627012490576,431.1496438264403,440.2022399902344,95484700,432.90277709960935,436.0956207275391,426.8874462890625,57.39232656664756,0.5012516935131544,1.5396339153532375,-1.038382221840083,447.02343118442343,425.16781027065474,436.0956207275391,6.183154721066262,0.020684926921971103,0.020473898925282716,80361380.0
2021-12-08 00:00:00-05:00,440.5970473857132,441.81908870916527,438.83914733929845,441.36785888671875,72238800,433.0278076171875,436.19620513916016,427.5605157470703,58.37704812410165,1.0874068266426207,1.4491884976111142,-0.36178167096849356,447.278155976562,425.1142543017583,436.19620513916016,5.954353767409159,0.002647916776866488,0.0026444172215641017,81415865.0
2021-12-09 00:00:00-05:00,440.0800010576555,441.4712714729504,438.190538959741,438.387939453125,61272600,432.7373413085937,436.32452697753905,428.16026184082034,54.88476034844551,1.2965387074499972,1.418658539578891,-0.12211983212889388,447.44551739479175,425.20353656028635,436.32452697753905,5.763380820680603,-0.006751555133874376,-0.006774449991019784,81008010.0
2021-12-10 00:00:00-05:00,441.0952068137605,442.665058357532,438.53829554873346,442.5146484375,77159800,433.84376525878906,436.6521270751953,428.942373046875,58.58015141284763,1.7748092600275527,1.4898886836686236,0.2849205763589291,448.0926021441877,425.21165200620294,436.6521270751953,5.65721925523249,0.009413372524625041,0.009369342829757333,83123575.0
2021-12-13 00:00:00-05:00,441.99766876550603,442.3454791791736,438.3126971846737,438.5947265625,87724700,434.02895202636716,436.61923065185545,429.5502044677734,54.051170501148206,1.8165965888557594,1.5552302647060507,0.2613663241497086,448.0333592007708,425.2051021029401,436.61923065185545,5.553271540774904,-0.008858287265384512,-0.008897755143430806,84836475.0
2021-12-14 00:00:00-05:00,435.323378332146,437.8144800719802,432.65366659136504,435.5771789550781,97264100,434.7621826171875,436.4279312133789,430.2029693603516,50.79552678480335,1.5879179451650316,1.561767800797847,0.026150144367184547,447.7770748750504,425.07878755170736,436.4279312133789,5.58097071437205,-0.00688003622631761,-0.006903812794076431,87350655.0
2021-12-15 00:00:00-05:00,435.6335728638,442.6274476583098,433.1142425689226,442.383056640625,116899300,436.65166015625,436.48997192382814,430.9079998779297,57.07542323257324,1.9335768522867056,1.636129611095619,0.2974472411910867,447.9545008444846,425.0254430031717,436.48997192382814,5.861844598301706,0.015624963874080189,0.015504150965828191,90752745.0
2021-12-16 00:00:00-05:00,444.23491543308455,444.5169160885959,436.9307828900091,438.48187255859375,116568600,437.5023956298828,436.41053619384763,431.50116455078125,52.907122676003006,1.8711516037181468,1.6831340096201246,0.1880175940980222,447.79647294794063,425.02459943975464,436.41053619384763,5.985008069750642,-0.00881856577341844,-0.008857679445346689,94188260.0
2021-12-17 00:00:00-05:00,435.39999504107936,438.4092618245341,432.1077368438548,433.815185546875,135511600,438.2605926513672,436.0230316162109,431.93030517578126,48.35754537978083,1.4286479396174627,1.6322367956195922,-0.2035888560021295,447.2065826986037,424.8394805338181,436.0230316162109,6.012802901535521,-0.010642827682905254,-0.010699867645434716,98432560.0
2021-12-20 00:00:00-05:00,428.7305989396733,429.59845850346267,425.5798363191293,429.2022705078125,107134800,438.0526977539063,435.4443649291992,432.2822283935547,44.30215025064576,0.6976943200165238,1.4453283004989788,-0.747633980482455,446.78101176012996,424.10771809826844,435.4443649291992,6.171556210550533,-0.010633364604900497,-0.010690302815853198,100923520.0
2021-12-21 00:00:00-05:00,432.6267256122782,436.9661112382473,430.4570471935724,436.8246154785156,69806300,437.7149353027344,435.30885620117186,432.84619567871096,51.53479028747612,0.725109238846585,1.3012844881685002,-0.5761752493219152,446.5106780935099,424.1070343088338,435.30885620117186,6.285290819113697,0.01775933049395273,0.01760347612503183,100775735.0
2021-12-22 00:00:00-05:00,436.569793417211,441.30536576361067,436.3716706238864,441.1921691894531,58890200,437.69736633300784,435.36258697509766,433.5176300048828,55.130188549772775,1.0867336537443748,1.258374321283675,-0.1716406675393003,446.6660035258104,424.0591704243849,435.36258697509766,6.1887482705858785,0.009998414824112123,0.00994876137085934,100059920.0
2021-12-23 00:00:00-05:00,442.19203501921226,445.43713726995674,442.08828110682884,443.9372253417969,56439700,438.252294921875,435.49481811523435,434.21463806152343,57.27550568026829,1.5766520347914934,1.3220298639852388,0.2546221708062546,447.12964313013686,423.85999310033185,435.49481811523435,6.049906828437145,0.006221905881482304,0.006202629739989053,99788965.0
2021-12-27 00:00:00-05:00,445.3145445167092,450.2670958254494,445.26738887680665,450.2199401855469,56808600,439.0228240966797,436.43329467773435,434.8996789550781,61.779653874491274,2.4437089073664424,1.5463656726614796,0.8973432347049628,449.5459067351594,423.3206826203093,436.43329467773435,6.069904232381101,0.014152259565331171,0.014053051258762656,96995915.0
2021-12-28 00:00:00-05:00,450.653837085784,451.68207754216996,449.087884188701,449.85198974609375,47274600,440.14855041503904,437.0887512207031,435.5140020751953,61.37158848152369,3.0658262635600977,1.8502577908412032,1.2155684727188945,451.4489465995018,422.7285558419044,437.0887512207031,5.821639169601661,-0.0008172681985197938,-0.0008176023442441371,95046205.0
2021-12-29 00:00:00-05:00,449.9558491527363,451.4463187392995,448.95590766548065,450.4275207519531,54503000,441.6335845947266,438.19788360595703,436.1150177001953,61.79664809791843,3.5642132608907104,2.1930488848511045,1.371164376039606,453.0718955400674,423.3238716718467,438.19788360595703,5.583694305617174,0.0012793785933551405,0.0012785608859265194,90343375.0
2021-12-30 00:00:00-05:00,450.85198851964896,451.8613726077948,448.72005255913206,449.1822814941406,55329000,442.3135070800781,439.4825836181641,436.6262664794922,60.25181386714667,3.81473426375004,2.5173859606308917,1.2973483031191484,453.4644051600702,425.50076207625796,439.4825836181641,5.409239001549001,-0.0027645718799190755,-0.0027684003664708596,86512865.0
2021-12-31 00:00:00-05:00,448.6916965613621,449.8425474311,447.77665266265734,448.0502014160156,65237400,443.2703399658203,440.38636779785156,437.0815954589844,58.81237019638595,3.8772302652993744,2.7893548215645882,1.0878754437347862,454.1276989621196,426.6450366335835,440.38636779785156,5.170428699184263,-0.002520313299890886,-0.0025234946358888067,83392845.0
2022-01-03 00:00:00-05:00,449.3142615710116,450.7764605012531,447.0030884828913,450.6443786621094,72668200,444.95325927734376,441.60692596435547,437.5666253662109,61.105456540552645,4.088952323007334,3.0492743218531375,1.0396780011541962,454.407244149811,428.80660777889995,441.60692596435547,5.070638936268372,0.005789925409909635,0.005773228211139205,80159675.0
2022-01-04 00:00:00-05:00,452.06889544831097,452.78584543871375,448.635112640116,450.4934997558594,71178700,447.08238220214844,442.56753997802736,438.05747192382813,60.89311480544331,4.196197756633126,3.2786590088091354,0.9175387478239903,455.0024595353069,430.1326204207478,442.56753997802736,5.0049313550061845,-0.00033480703054133976,-0.00033486309092848005,78769735.0
2022-01-05 00:00:00-05:00,450.1255372262037,450.89908537464567,441.7486470053759,441.8429870605469,104538900,447.58421936035154,442.64957733154296,438.3296234130859,50.13585213202334,3.5423326505129467,3.331393737149898,0.21093891336304882,455.0425741630653,430.2565805000206,442.64957733154296,5.301038998882154,-0.01920230302990067,-0.019389061916630312,79222445.0
2022-01-06 00:00:00-05:00,441.380853389721,444.1448419921144,439.0602084439973,441.4280090332031,86858900,447.60780334472656,442.6525848388672,438.5857647705078,49.682428307548655,2.9565730506533328,3.256429599850585,-0.29985654919725224,455.0443651658768,430.2608045118576,442.6525848388672,5.28558146668465,-0.0009391979492635594,-0.0009396392720054239,79953450.0
2022-01-07 00:00:00-05:00,441.43743350191716,442.61661242591146,438.3243838694435,439.68280029296875,85111600,447.18236083984374,442.7173278808594,438.84498107910156,47.72749677072882,2.3247325182015857,3.0700901835207857,-0.7453576653192,455.03260039199375,430.402055369725,442.7173278808594,5.214627687383455,-0.003953552344937661,-0.00396138829304928,81145400.0
2022-01-10 00:00:00-05:00,436.4849195241094,439.35266218590664,430.7305201228873,439.1357116699219,119362000,446.0739379882813,442.54838104248046,439.0109088134766,47.101803815865026,1.7595656864569946,2.8079852841080277,-1.048419597651033,454.9624514479456,430.1343106370153,442.54838104248046,5.481602864719027,-0.001244280246310181,-0.0012450550057210971,83255510.0
2022-01-11 00:00:00-05:00,438.87156663562837,443.22980760686403,435.87171338487093,443.1354675292969,74303100,445.40228576660155,442.7754180908203,439.239345703125,52.05097909203611,1.6157879730293985,2.569545821892302,-0.9537578488629035,455.0573405016548,430.49349567998587,442.7754180908203,5.615637961667175,0.009108245476472376,0.009067015574249491,82584430.0
2022-01-12 00:00:00-05:00,444.8712086177971,446.3900061138433,442.37135493830107,444.33349609375,67605400,444.7928833007812,443.2132339477539,439.47689025878907,53.455658560756184,1.5802973084138898,2.3716961191966197,-0.7913988107827299,455.0539045068483,431.3725633886595,443.2132339477539,5.501567476943964,0.002703526691584246,0.002699878736714613,81101495.0
2022-01-13 00:00:00-05:00,445.4371314065704,446.0880403766342,437.1828801948643,438.21112060546875,91173100,443.6957672119141,443.00463714599607,439.55701721191406,46.03381301108586,1.0460875201666227,2.1065743993906203,-1.0604868792239976,455.04182192864977,430.9674523633424,443.00463714599607,5.744681241574385,-0.013778784498815977,-0.0138745930515826,79815185.0
2022-01-14 00:00:00-05:00,435.0604719206195,438.7395048053525,433.843551078094,438.3904724121094,95890900,442.72979431152345,443.00006713867185,439.58771423339846,46.26916199066389,0.6299331291046997,1.8112461453334363,-1.1813130162287366,455.0441842622953,430.9559500150484,443.00006713867185,5.684057847694682,0.000409281732496547,0.0004091979995743939,78781300.0
2022-01-18 00:00:00-05:00,433.6925435130348,433.9000801446297,429.51354052849086,430.6266784667969,109709100,440.7280242919922,442.840641784668,439.421962890625,38.45180051152395,-0.32262647353684315,1.3844716215593804,-1.7070980950962236,455.43853172654127,430.2427518427947,442.840641784668,5.912120278832098,-0.017709768879315746,-0.01786846325488268,77491175.0
2022-01-19 00:00:00-05:00,432.17374552013666,433.56987477528105,425.8816348637501,426.15521240234375,109357600,438.2941955566406,442.6882888793945,439.1363220214844,34.8045529514488,-1.4219553471463655,0.8231862278182314,-2.245141574964597,455.99594313827896,429.3806346205101,442.6882888793945,6.0389859668820165,-0.010383625279263509,-0.010437911233220964,77602315.0
2022-01-20 00:00:00-05:00,428.0419704136264,432.7492436968586,419.31604594789405,421.4385681152344,122379700,436.2537536621094,441.91898651123046,438.7488299560547,31.419146524794996,-2.643304802682337,0.12988802171811764,-2.773192824400455,457.9863431917761,425.85162983068483,441.91898651123046,6.567143951316486,-0.011067902374161886,-0.0111296073243146,80230985.0
2022-01-21 00:00:00-05:00,420.31596407281415,422.6743219055185,413.1371366485651,413.1654357910156,202271200,433.4274963378906,440.5176498413086,438.2250152587891,26.542340325083885,-4.2300443643341055,-0.742098455492327,-3.4879459088417786,460.90275852314164,420.1325411594755,440.5176498413086,6.779289758861981,-0.01963069578851795,-0.0198259372721434,87400035.0
2022-01-24 00:00:00-05:00,407.5525363125253,415.4294573025682,396.9210694706066,414.9200439453125,251783900,430.951220703125,439.06679077148436,437.8069860839844,29.05737078782481,-5.285042010136408,-1.650687166421143,-3.634354843715265,462.2150406839252,415.9185408590435,439.06679077148436,7.617082478369097,0.004246744771710276,0.0042377527998827885,97167245.0
2022-01-25 00:00:00-05:00,408.52419175491247,414.80686073493035,402.9490301538802,409.85430908203125,167997300,428.02308044433596,437.0485092163086,437.2848193359375,26.26175838412543,-6.455482923888383,-2.611646317914591,-3.8438366059737916,462.8427508447382,411.25426758787904,437.0485092163086,7.928077572159326,-0.012208942270209855,-0.01228408362990091,102726680.0
2022-01-26 00:00:00-05:00,415.7501849161173,418.8820910132849,404.56212043743244,408.8260498046875,186391100,424.592138671875,434.9972122192383,436.6762872314453,25.720816927404428,-7.380954659933593,-3.5655079863183916,-3.8154466736152015,462.8365233460936,407.157901092383,434.9972122192383,8.384641358137406,-0.0025088409577705972,-0.002511993372955667,109682505.0
2022-01-27 00:00:00-05:00,413.4295686804275,416.5708886311564,405.11871802199556,406.8072814941406,149878300,420.8395172119141,432.81620025634766,436.0243695068359,24.647405532669907,-8.182967256708594,-4.488999840396432,-3.6939674163121614,462.26642174724583,403.3659787654495,432.81620025634766,8.603750590353364,-0.00493796398617774,-0.004950196014499439,114451270.0
2022-01-28 00:00:00-05:00,408.16568303658295,416.95764758264465,403.5810494178644,416.9104919433594,164457400,418.70945434570314,431.2026107788086,435.5397344970703,38.48394596954119,-7.912117406304503,-5.173623353578047,-2.7384940527264563,460.4246820644999,401.9805394931173,431.2026107788086,8.944668274241,0.0248353726907522,0.02453198768185931,119907690.0
2022-01-31 00:00:00-05:00,416.24066741224294,424.7684964246404,414.891693794857,424.4194641113281,152251400,417.312353515625,430.02107391357424,435.2267120361328,46.366567535878794,-7.010740200636462,-5.54104672298973,-1.4696934776467323,458.3191177763065,401.723030050842,430.02107391357424,9.011249299636882,0.018010993517977747,0.017850717203594203,124258390.0
2022-02-01 00:00:00-05:00,425.14585473478627,427.9287283515847,421.6177608084225,427.2872619628906,123155400,416.97841186523436,428.8532180786133,434.94115173339844,49.051693617791656,-5.995868314012569,-5.632011041194298,-0.3638572728182705,455.53194262193165,402.1744935352949,428.8532180786133,8.818372031317264,0.006756989474003605,0.006734263336703493,126782750.0
2022-02-02 00:00:00-05:00,429.6927977248774,432.1643521308704,427.38159553014776,431.43798828125,117361000,417.506689453125,427.9004425048828,434.7543994140625,52.73965390479269,-4.80129971289665,-5.465868775534768,0.664569062638118,452.7157415614858,403.0851434482798,427.9004425048828,8.536851898221729,0.009714135402238755,0.009667256536204708,129091865.0
2022-02-03 00:00:00-05:00,425.40057576602374,427.30611843415994,420.45743842360054,421.2970275878906,118024400,417.49253540039064,426.87314453125,434.38964416503904,44.30203601518496,-4.619634001374152,-5.296621820702645,0.6769878193284935,450.9857928872057,402.76049617529424,426.87314453125,8.711401752466568,-0.023505024983448086,-0.023785674591032913,129766140.0
2022-02-04 00:00:00-05:00,421.06118368926354,427.1268727004783,418.68394073588917,423.2780456542969,118454400,418.50379638671876,425.9656463623047,434.05285400390625,46.115627339361396,-4.266627982759985,-5.090623053114114,0.8239950703541288,449.1678387174333,402.7634540071761,425.9656463623047,8.692225339046752,0.004702188566932053,0.004691167812545743,131345915.0
2022-02-07 00:00:00-05:00,424.04223054958567,425.4383601251335,420.58959082414395,421.9197082519531,84472900,419.2037628173828,425.0774917602539,433.66539611816404,45.03286389948248,-4.0497911742576775,-4.882456677342827,0.8326655030851491,447.4566855871741,402.6982979333337,425.0774917602539,8.417692764899808,-0.0032090901389512094,-0.0032142503113073116,131313980.0
2022-02-08 00:00:00-05:00,421.4197378367775,426.31569157716,419.99528032572806,425.3912048339844,81012000,420.7574523925781,424.39026641845703,433.5442120361328,48.36933196554464,-3.5568248171863956,-4.61733030531154,1.0605054881251448,445.8246354419212,402.95589739499286,424.39026641845703,8.267886942509246,0.008227860690399824,0.008194196375433777,129396480.0
2022-02-09 00:00:00-05:00,429.4286550758493,431.93795122288446,429.23056108197864,431.6172180175781,92589900,423.0365692138672,423.8143539428711,433.44169921875,53.78715198962456,-2.633401977858739,-4.2205446398209805,1.5871426619622415,443.77117552502534,403.85753236071685,423.8143539428711,8.144948331537163,0.0146359706379533,0.014529898545814704,130310820.0
2022-02-10 00:00:00-05:00,425.76842702143995,431.77751733735505,421.8630019636303,423.8628845214844,140103700,424.74212951660155,422.7908233642578,433.3540594482422,47.15085887052863,-2.498491576616857,-3.876134027180156,1.377642450563299,440.3941668081132,405.1874799204024,422.7908233642578,8.271345977407703,-0.0179657649704279,-0.018129108679783526,133935735.0
2022-02-11 00:00:00-05:00,423.947845988049,426.0231836326423,414.0710421144383,415.5049133300781,153214600,424.60157165527346,421.65551300048827,433.19439208984375,41.244091931785185,-3.0310524504384375,-3.7071177118318124,0.6760652613933749,438.019551790401,405.29147421057553,421.65551300048827,8.53425994460744,-0.019718572907939103,-0.01991557804097281,137037810.0
2022-02-14 00:00:00-05:00,414.9955162101405,416.5803257355876,410.67498861776903,414.146484375,123006300,423.57427368164065,420.4433135986328,432.8778314208984,40.35913363378656,-3.522123793006415,-3.6701189280667332,0.14799513506031836,435.1799816357534,405.70664556151223,420.4433135986328,8.34647974269395,-0.0032693451063934287,-0.0032747010920020103,138393580.0
2022-02-15 00:00:00-05:00,418.5896597934599,420.99517327307245,418.0708037959125,420.82537841796875,88482700,422.92808532714844,419.95324859619143,432.76967468261716,46.44362828721197,-3.333938866599169,-3.6028829157732205,0.26894404917405135,433.93529925792996,405.9711979344529,419.95324859619143,8.239494682363842,0.01612688817834118,0.015998231297503128,137332260.0
2022-02-16 00:00:00-05:00,418.77828888356663,422.67430043142383,416.9010453564432,421.2970275878906,84863600,421.9139892578125,419.71033935546876,432.5699908447266,46.855948320395775,-3.110882493419126,-3.504482831302402,0.39360033788327575,433.41909562639466,406.00158308454286,419.71033935546876,8.063334710407899,0.0011207716884731322,0.0011201440927681855,136107560.0
2022-02-17 00:00:00-05:00,418.1084816308631,421.26868640848454,411.6937608073531,412.2974853515625,102259100,421.0140350341797,419.25328521728517,432.01189575195315,40.45579907873106,-3.6185837755244847,-3.5273030201468187,-0.091280755377666,433.3062966569075,405.20027377766286,419.25328521728517,8.1733298582743,-0.02136151372311934,-0.02159297300662705,135101530.0
2022-02-18 00:00:00-05:00,412.55220911710694,413.80687151261105,407.3544084156553,409.62786865234375,132642900,419.6490173339844,419.07640686035154,431.3770959472656,38.76430476320295,-4.1880788896413605,-3.6594581940457274,-0.5286206955956332,433.515220294699,404.63759342600406,419.07640686035154,8.050410803894403,-0.00647497691367771,-0.006496030506921941,131620115.0
2022-02-22 00:00:00-05:00,407.4204966635997,410.8259516984403,401.7321096953835,405.23193359375,124391800,417.98023986816406,418.5920013427734,430.71397583007814,36.088550426591055,-4.93721000777299,-3.91500855679118,-1.0222014509818096,434.16182973102735,403.0221729545195,418.5920013427734,8.124941603834575,-0.01073153316705766,-0.010789531382178714,125250510.0
2022-02-23 00:00:00-05:00,408.1468368692283,408.71284849771104,397.477628508236,398.04364013671875,132578000,415.2454833984375,418.0014678955078,429.8245556640625,32.17724034748058,-6.041296715043643,-4.340266188441673,-1.7010305266019703,435.6140262977539,400.3889094932617,418.0014678955078,8.347104345666034,-0.017738714205671635,-0.017897930872411424,123479545.0
2022-02-24 00:00:00-05:00,387.73293471716227,404.46786365481387,387.3744884622656,404.0339050292969,213942900,412.4871520996094,417.7618606567383,429.13333923339843,38.189276058497235,-6.359619337969718,-4.744136818347282,-1.6154825196224367,435.9869387090564,399.5367826044202,417.7618606567383,8.971837977586192,0.015049266684729945,0.01493714992143592,124857135.0
2022-02-25 00:00:00-05:00,405.26959895160047,413.0333227139032,403.61874859349035,412.94842529296875,121804500,411.3957061767578,418.0689178466797,428.68076416015623,45.87803559001268,-5.825413288311495,-4.9603921123401244,-0.8650211759713704,435.74403042385507,400.39380526950436,418.0689178466797,9.003461987788096,0.022063792549849248,0.021823909158213427,123453445.0
2022-02-28 00:00:00-05:00,407.55255287050466,413.37299295759,406.29791910816897,411.8919372558594,145615000,411.03440856933594,417.8179901123047,428.0709417724609,45.161054318985215,-5.424767556772508,-5.053267201226602,-0.37150035554590666,435.69312293512553,399.94285728948387,417.8179901123047,8.865719977904734,-0.002558401902997609,-0.0025616802058174215,122511325.0
2022-03-01 00:00:00-05:00,410.39205847249923,412.40138421552143,402.91132456726035,405.6187438964844,137785900,410.1816345214844,416.8779541015625,427.41367919921873,41.057980289718586,-5.549476296550836,-5.152509020291449,-0.396967276259387,435.23644348610617,398.5194647170189,416.8779541015625,8.910315668644474,-0.015230192174114365,-0.015347362760291304,121788050.0
2022-03-02 00:00:00-05:00,407.87329353346485,414.8068717900214,407.11863049118716,413.08056640625,117726500,409.4071533203125,416.1676193237305,426.9989868164063,47.20264728436806,-4.988695578543343,-5.119746331941828,0.13105075339848504,433.9504515820444,398.38478706541656,416.1676193237305,8.93015939899394,0.018396148161412107,0.018228986008632167,121516605.0
2022-03-03 00:00:00-05:00,415.5143088873288,416.11803346129733,409.22219816012046,411.02398681640625,105501700,408.3798492431641,415.1469192504883,426.63542114257814,45.785906343974055,-4.656543865578669,-5.027105838669196,0.37056197309052674,431.600379859843,398.6934586411336,415.1469192504883,8.78485053486415,-0.004978640384213029,-0.004991075103416297,120923640.0
2022-03-04 00:00:00-05:00,407.2884145484183,408.81662588103086,403.63768107861074,407.68463134765625,113978200,407.91856384277344,414.46629943847654,426.05262145996096,43.50271522822461,-4.609632345913155,-4.943611140117988,0.3339787942048327,430.9719280040952,397.96067087285786,414.46629943847654,8.684954477930676,-0.008124478317226735,-0.008157661745434724,120721330.0
2022-03-07 00:00:00-05:00,407.09969537962036,407.80720269087345,395.60034091096946,395.6663818359375,137896600,406.5224151611328,413.0857162475586,425.1421057128906,36.45659836129693,-5.479067642313282,-5.050702440557047,-0.42836520175623516,430.9734142731859,395.1980182219313,413.0857162475586,8.936519285214484,-0.029479280276008435,-0.029922527065687793,121693440.0
2022-03-08 00:00:00-05:00,395.84559581407734,403.0055659240811,391.6005521986846,392.6665344238281,164772700,405.2658752441406,411.62305755615233,424.11669189453124,34.93554774440608,-6.337113692113405,-5.307984690868319,-1.029129001245086,431.0959354428237,392.15017966948096,411.62305755615233,9.112840316656056,-0.007581759658704779,-0.007610647303882214,125708430.0
2022-03-09 00:00:00-05:00,401.05295715574266,405.1753624907321,398.8643939390567,403.1943359375,116990800,405.78094482421875,410.5132141113281,423.1761798095703,43.79779891129181,-6.097329551212454,-5.465853662937146,-0.6314758882753075,429.2365219663325,391.7899062563238,410.5132141113281,9.355410870245192,0.026811048537965343,0.02645793012248729,127507370.0
2022-03-10 00:00:00-05:00,398.5812801406087,402.2697547820951,396.61913933731984,401.37359619140625,93972700,405.51491394042966,409.0010330200195,422.20661193847656,42.71420277187135,-5.9852234427737585,-5.569727618904469,-0.4154958238692892,425.4036613883954,392.59840465164365,409.0010330200195,9.156824136669119,-0.0045157870133770706,-0.004526013979700829,127576510.0
2022-03-11 00:00:00-05:00,403.8640420157582,404.4772092709991,395.7607282684723,396.2701416015625,95636300,403.8470855712891,407.62139587402345,421.12346435546874,39.74589766554257,-6.236296533725067,-5.703041401868589,-0.5332551318564782,423.42243432166947,391.8203574263774,407.62139587402345,9.125371055658952,-0.012714973377097816,-0.012796500464846518,125353140.0
2022-03-14 00:00:00-04:00,397.0437338622443,400.4963446455009,392.23267777731564,393.3741149902344,95729200,401.99530334472655,406.5148559570313,420.00730102539063,38.1267409171326,-6.592959379861497,-5.881024997467171,-0.7119343823943263,423.03581618011543,389.9938957339471,406.5148559570313,9.06382075655369,-0.007308213027667376,-0.007335048844345936,122478870.0
2022-03-15 00:00:00-04:00,395.9872075218258,402.6566515763055,394.7137170949515,402.0246276855469,106219100,401.6358917236328,405.9087631225586,419.08678955078125,45.29549466776072,-6.107193253648745,-5.926258648703486,-0.18093460494525893,422.1524330318109,389.66509321330625,405.9087631225586,9.079443315804934,0.02199054885837426,0.021752244046359427,121639510.0
2022-03-16 00:00:00-04:00,405.53380999874116,410.99574623645054,400.7321679197033,410.93914794921875,144954800,401.4217498779297,405.4144515991211,418.2926849365234,51.528124143935926,-4.945879791808579,-5.730182877324505,0.7843030855159254,420.3623380222427,390.4665651759995,405.4144515991211,9.164024387300815,0.02217406509395392,0.021931795374877796,124463115.0
2022-03-17 00:00:00-04:00,409.02413595065417,416.0803527832031,408.6468044640496,416.0803527832031,102676900,401.92738647460936,405.1536178588867,417.6044219970703,54.73141757379248,-3.569530912820312,-5.298052484423666,1.7285215716033537,419.1346127149145,391.1726230028589,405.1536178588867,9.040418953861725,0.012510866534963583,0.012433252321176518,125353780.0
2022-03-18 00:00:00-04:00,414.4678791360529,420.9593028336933,413.7297868077792,420.6375732421875,106345500,403.2226806640625,405.570622253418,417.1803137207031,57.4177241738184,-2.086977527565068,-4.655837493051947,2.5688599654868787,420.8191058769089,390.32213862992705,405.570622253418,8.91106874472261,0.010952741287832302,0.010893194423354062,125558100.0
2022-03-21 00:00:00-04:00,420.46728690424806,422.47338269242965,417.00392141262006,420.5146179199219,88349800,405.70750427246094,406.1149597167969,416.7620458984375,57.318894248920174,-0.9114580345963077,-3.9069616013608193,2.9955035667645116,422.62869313318396,389.6012263004098,406.1149597167969,8.665239640085966,-0.0002923070360022484,-0.00029234976603095814,123343445.0
2022-03-22 00:00:00-04:00,421.90556943878335,426.37198236705336,421.90556943878335,425.4351806640625,74650400,408.9843688964844,407.1251220703125,416.4770935058594,60.266386541713466,0.41244353104673337,-3.043080574879309,3.455524105926042,425.6486184975288,388.6016256430962,407.1251220703125,8.464677126303503,0.01170128821794636,0.011633357548998156,120856375.0
2022-03-23 00:00:00-04:00,422.8991638853642,424.39426355842147,419.87107662912183,419.95623779296875,79426100,410.6605590820312,408.220751953125,416.0935040283203,55.65738851353412,1.007921468474251,-2.232880166208597,3.240801634682848,427.0555905201064,389.38591338614356,408.220751953125,8.2574933340633,-0.01287844334486321,-0.012962089426637272,118198780.0
2022-03-24 00:00:00-04:00,421.9813008840571,426.29630669485863,420.8647048360825,426.2868347167969,64736900,413.1518829345703,409.3333984375,415.7565313720703,59.510457727069124,1.967982610314266,-1.3927076109040244,3.3606902212182903,429.62058520401695,389.0462116709831,409.3333984375,8.120534446050913,0.015074420508903064,0.01496193050434629,110738480.0
2022-03-25 00:00:00-04:00,426.92088512262796,428.64311034533864,424.3375472885619,428.3686828613281,77101300,416.3617370605469,410.10441131591796,415.4372351074219,60.71925731419092,2.8638134696066118,-0.5414033948018973,3.405216864408509,431.99154978239756,388.21727284943836,410.10441131591796,7.848036489674187,0.004883679192003054,0.004871792714896226,108503320.0
2022-03-28 00:00:00-04:00,427.77248986490883,431.4156494140625,425.8799424500739,431.4156494140625,68529800,420.1658905029297,411.0805969238281,415.30132568359375,62.48458182060789,3.776102061924348,0.32209769654335185,3.4540043653809964,434.8593647839267,387.30182906372954,411.0805969238281,7.682870094982361,0.00711295357163344,0.007087775838904704,104649060.0
2022-03-29 00:00:00-04:00,435.30485728967426,437.24473588066155,432.61744319877937,436.7526550292969,86581500,423.63869323730466,412.6372924804688,415.2685693359375,65.4163544584497,4.873569617098838,1.232392080654449,3.6411775364443884,438.744401521798,386.53018343913953,412.6372924804688,7.550456978669267,0.012370913346520851,0.012295018879544404,102088840.0
2022-03-30 00:00:00-04:00,435.60762945908306,436.4214398536475,431.9455548784965,434.0557556152344,79666900,425.9503540039062,413.686051940918,415.33715087890624,62.747831228561864,5.4627323396368865,2.0784601324509366,3.38427220718595,441.41496052255417,385.9571433592818,413.686051940918,7.354502919535774,-0.0061748895696618344,-0.006194033046851239,100185860.0
2022-03-31 00:00:00-04:00,433.2892715675178,434.1125250531456,426.9208392701977,427.37506103515625,121699900,427.07982482910154,414.5036056518555,415.3615478515625,56.5895126006019,5.329140804301346,2.7285962668210186,2.6005445374803275,442.8281404353019,386.17907086840904,414.5036056518555,7.342873124065211,-0.015391328173056551,-0.01551100423496627,100995770.0
2022-04-01 00:00:00-04:00,428.9553354432427,429.0972707248986,425.0093902232998,428.5863037109375,89048800,427.87469787597655,415.5486892700195,415.50450256347654,57.405735525347495,5.260367469507571,3.234950507358329,2.025416962149242,444.3284610973853,386.76891744265373,415.5486892700195,7.110373651031893,0.002834144493240931,0.0028301358779471695,99749300.0
2022-04-04 00:00:00-04:00,428.7850647544049,432.3619786728985,427.96181114365424,432.25787353515625,59601000,429.0490234375,417.37826385498045,415.8863513183594,59.86893788337609,5.439426780424412,3.675845761971546,1.7635810184528662,445.5147887251219,389.241738984839,417.37826385498045,6.916787499475633,0.008566698917880089,0.008530212980649314,95834520.0
2022-04-05 00:00:00-04:00,430.7627409154782,433.2325015603828,425.6528684021026,426.7978515625,74214500,429.18529052734374,419.08482971191404,416.1239074707031,54.794229669636266,5.082170336396075,3.957110676856452,1.1250596595396232,445.0776436398465,393.0920157839816,419.08482971191404,6.964133617961671,-0.012631399696672485,-0.012711854044496512,91306610.0
2022-04-06 00:00:00-04:00,422.88020528931924,424.8105825604862,419.6439370062825,422.5300598144531,106898000,429.4426727294922,420.0516159057617,416.3774224853516,51.144960622124685,4.403901469163372,4.046468835317836,0.35743263384553625,445.0268043400181,395.0764274715053,420.0516159057617,6.977689399265659,-0.0099995623980359,-0.010049893831413173,90801970.0
2022-04-07 00:00:00-04:00,421.65015787040545,426.47616024110664,419.7008360657591,424.6593017578125,78097200,429.27991943359376,421.21590118408204,416.69408752441404,52.83274940475405,3.99216138383116,4.035607345020501,-0.04344596118934074,444.72781871927316,397.7039836488909,421.21590118408204,6.9632347404143635,0.005039267370218425,0.005026612757915554,90008195.0
2022-04-08 00:00:00-04:00,423.90221584948597,426.4193072695884,421.9812814601947,423.5237121582031,79272700,428.79542236328126,422.5785797119141,417.02841613769533,51.80482769347595,3.533489937133936,3.935183863443188,-0.4016939263092518,443.1209678196647,402.03619160416343,422.5785797119141,6.782862673912888,-0.0026741192172378137,-0.00267770106097493,89190015.0
2022-04-11 00:00:00-04:00,420.24961995400275,421.0918174503352,415.7832355906516,416.2847595214844,89770500,427.28233337402344,423.72411193847654,417.0159014892578,45.70076098505296,2.5563979672809296,3.6594266842107364,-1.1030287169298068,439.66409360167205,407.78413027528103,423.72411193847654,6.851263666315647,-0.017092201520028993,-0.017239959287024136,88892080.0
2022-04-12 00:00:00-04:00,419.2749706687826,421.8015343492119,413.1904372386116,414.7423400878906,84363600,425.0813018798828,424.35999755859376,416.8223590087891,44.49767196179956,1.6386953242059121,3.2552804122097716,-1.6165850880038595,437.56706139133456,411.15293372585296,424.35999755859376,6.976966055193125,-0.0037052027447912472,-0.003712084011398576,87799305.0
2022-04-13 00:00:00-04:00,414.49638095227647,420.2497139145522,414.3165865898938,419.4927062988281,74070400,423.6249969482422,424.78767547607424,416.6664678955078,48.95464349273032,1.2799695286611836,2.8602182355000543,-1.5802487068388706,436.7212066161717,412.8541443359768,424.78767547607424,6.902406145869216,0.01145377684354787,0.011388678947829448,84255085.0
2022-04-14 00:00:00-04:00,419.71974367105213,420.8363687322028,414.1651209368808,414.26922607421875,97869500,422.3144134521484,424.697119140625,416.3230926513672,44.703661161987434,0.5676421264432179,2.401703013688687,-1.8340608872454691,436.9176111741086,412.4766271071414,424.697119140625,6.885894835115844,-0.012451897604361162,-0.012530072106493446,84014715.0
2022-04-18 00:00:00-04:00,413.341833148195,416.1238802748247,412.2062931005156,414.43951416015625,66002500,420.8997344970703,424.38721618652346,416.1859423828125,44.87172674627228,0.01666623553313684,1.9246956580575771,-1.9080294225244403,437.2986055611553,411.47582681189164,424.38721618652346,6.673872859343936,0.00041105656712958627,0.0004109721065234946,81997565.0
2022-04-19 00:00:00-04:00,414.33540185587515,421.8488175877449,414.1650795150678,421.1296691894531,77821000,419.7869140625,424.41796875,416.1429748535156,51.153118186981835,0.11848761980064637,1.5634540504061911,-1.4449664306055447,437.2952010505932,411.5407364494068,424.41796875,6.746006088867733,0.01614265725326458,0.01601374998197996,81471125.0
2022-04-20 00:00:00-04:00,422.9086685500845,423.5237406996165,419.65348460531936,420.8173828125,65224400,419.1888671875,424.18707885742185,416.12092834472656,50.86179523981808,0.1720001885746001,1.285163278039873,-1.1131630894652729,437.14839711431625,411.22576060052745,424.18707885742185,6.540595374969833,-0.0007415444690804796,-0.000741819549178115,80999825.0
2022-04-21 00:00:00-04:00,424.4416483063958,425.83267191463915,413.61627398000866,414.5246887207031,85417300,418.388330078125,423.9155014038086,415.9035980224609,45.267362722714765,-0.29001542086058407,0.9701275382597816,-1.2601429591203657,437.4356015185104,410.3954012891068,423.9155014038086,6.9460098435170226,-0.014953503226839526,-0.015066434078313649,81299385.0
2022-04-22 00:00:00-04:00,413.43650465990896,414.5436288750389,402.58274261879126,403.1505126953125,132471800,416.237451171875,422.75868530273436,415.33426391601563,37.28446933569666,-1.5560301206389227,0.4648960064800408,-2.0209261271189636,438.96215777073564,406.5552128347331,422.75868530273436,7.30421530156921,-0.027439079830186563,-0.02782256260337976,84686130.0
2022-04-25 00:00:00-04:00,400.90780109531795,405.65808479066646,396.33728283967,405.4877624511719,119647700,414.43385620117186,421.61463928222656,414.96676147460937,39.64002853450885,-2.34374216848056,-0.09683162851207933,-2.246910539968481,439.2407476315064,403.98853093294673,421.61463928222656,7.448257205099726,0.005797461945994842,0.005780721334363793,86813450.0
2022-04-26 00:00:00-04:00,402.95173179386785,403.1504700703284,393.71611977901205,393.7445068359375,103996300,412.17983093261716,419.7310821533203,414.53155334472655,32.9446915289639,-3.8709700935776254,-0.8516593215251886,-3.019310772052437,440.53073220573714,398.93143210090346,419.7310821533203,7.757070452746876,-0.028960813870797075,-0.0293884550383741,88586775.0
2022-04-27 00:00:00-04:00,394.82323647876274,400.19809313911514,392.7130645715548,394.85162353515625,122030000,410.1907592773438,417.63603057861326,414.14565612792967,34.07520781589466,-4.9350855677921,-1.6683445707785711,-3.266740997013529,439.56590019729595,395.70616095993057,417.63603057861326,7.737638889519266,0.0028117641770175617,0.002807818562485303,90359200.0
2022-04-28 00:00:00-04:00,399.6019576141651,406.55707558525125,395.1639313315665,404.82537841796875,105449100,408.7240264892578,416.17451171875,413.8256561279297,43.34246667515486,-4.9169268111512,-2.318061018853097,-2.5988657922981027,437.41777228962354,394.9312511478765,416.17451171875,8.021054115274676,0.02525950075503358,0.024945752016208807,91648310.0
2022-04-29 00:00:00-04:00,400.832054296418,402.98955707599237,389.1171818200173,389.86474609375,145491100,406.28357849121096,414.2989959716797,413.1970104980469,35.32163705855139,-6.040107266300197,-3.0624702683425173,-2.9776369979576796,437.7629294625211,390.8350624808383,414.2989959716797,8.57013572118016,-0.03695576691037483,-0.0376559356432161,92837870.0
2022-05-02 00:00:00-04:00,389.93099434604335,393.5741537158079,383.25974771045304,392.2115173339844,158312500,404.06077880859374,412.48025665283205,412.7952911376953,37.28229273713917,-6.6640519995600584,-3.782786614586026,-2.8812653849740326,436.85382500155384,388.10668830411026,412.48025665283205,8.694726455764066,0.00601944972903512,0.006001405217328449,96301055.0
2022-05-03 00:00:00-04:00,392.7130092248286,396.42238550138336,391.15163470929133,394.0093994140625,100028200,401.3487518310547,410.56783294677734,412.4829217529297,38.8126027578954,-6.933533183052987,-4.412935928279419,-2.520597254773568,434.43088103041686,386.70478486313783,410.56783294677734,8.450156765501777,0.0045839604412920565,0.004573486091766651,98322415.0
2022-05-04 00:00:00-04:00,394.67183940897127,406.5759792490273,391.48290152050896,406.0082092285156,144247900,399.8678344726562,409.5283508300781,412.498447265625,47.941933327462316,-6.1084805275647795,-4.752044848136491,-1.3564356794282881,432.2571498391641,386.7995518209922,409.5283508300781,8.92465112000296,0.030453105515494627,0.029998613777740574,101824085.0
2022-05-05 00:00:00-04:00,401.7404848718178,402.16631958492377,387.44230322988835,391.5775146484375,172929100,397.5731170654297,407.98072357177733,412.3691247558594,40.17774201794669,-6.543625957401446,-5.110361069989483,-1.433264887411963,431.1681192964814,384.7933278470733,407.98072357177733,9.61331218276184,-0.03554286404085005,-0.036189889345896224,105125640.0
2022-05-06 00:00:00-04:00,389.01319891928415,392.5143949581733,383.9317127901109,389.24029541015625,151770800,396.1820953369141,406.2097732543945,412.07325256347656,39.07400523674593,-6.996425467507834,-5.487573949493154,-1.50885151801468,429.4415617318688,382.97798477692027,406.2097732543945,9.53969575314045,-0.005968726882542352,-0.005986610931687468,108809320.0
2022-05-09 00:00:00-04:00,383.3354711443122,384.575087347115,375.1975117716512,376.7778015136719,155586100,393.31109924316405,403.87247772216796,411.34984008789064,33.74994195028454,-8.26561063135631,-6.043181285865785,-2.222429345490525,428.99533365612996,378.74962178820596,403.87247772216796,9.86134488780935,-0.03201748134363169,-0.032541251107919,112624990.0
2022-05-10 00:00:00-04:00,382.7582487909865,384.26282054447404,373.60779806565324,377.64837646484375,132497200,391.7014862060547,401.94065856933594,410.6649688720703,34.42214178170754,-9.096343904575917,-6.653813809607811,-2.442530094968106,428.82853574064427,375.0527813980276,401.94065856933594,9.918036144310168,0.0023105791999273873,0.002307913916583776,114761325.0
2022-05-11 00:00:00-04:00,376.68316971112745,382.3324247205916,370.9014225253903,371.64898681640625,142361000,389.3812225341797,399.7859909057617,409.98557373046873,32.01164934736455,-10.122125057491417,-7.347476059184533,-2.7746489983068834,429.0285631830853,370.54341862843813,399.7859909057617,10.026105147945248,-0.01588617884339294,-0.01601371671224183,117661195.0
2022-05-12 00:00:00-04:00,368.4505828254061,374.5351157341159,364.4573066901353,371.2610168457031,125090800,386.0247863769531,397.3744064331055,409.1491827392578,31.85628949531062,-10.841397068891638,-8.046260261125955,-2.795136807765683,427.655241583877,367.093571282334,397.3744064331055,10.029798283376346,-0.0010439150501297956,-0.0010444603089480265,120212215.0
2022-05-13 00:00:00-04:00,375.3962141833524,381.5186058960115,374.35530738560897,380.1370544433594,104174400,385.05201721191406,395.6677978515625,408.53144409179686,39.13424604630621,-10.573320607709604,-8.551672330442685,-2.0216482772669195,425.7944837066038,365.54111199652124,395.6677978515625,10.046069052442919,0.023907809317198492,0.023626492600702254,120527460.0
2022-05-16 00:00:00-04:00,378.49055876588955,382.26618152652463,376.2384227760437,378.5946350097656,78622400,383.69032897949216,393.875553894043,407.94964416503905,38.36738977495011,-10.365837516213162,-8.914505367596782,-1.4513321486163804,423.5839998016585,364.1671079864275,393.875553894043,9.759046888017062,-0.004057535079952546,-0.00406578921059747,121158455.0
2022-05-17 00:00:00-04:00,384.68866921363724,386.6190757634291,380.9508763229202,386.38250732421875,83029700,382.9276397705078,392.13819580078126,407.7639666748047,44.302066933885875,-9.463895564557731,-9.024383406988973,-0.4395121575687586,419.215675279884,365.0607163216785,392.13819580078126,9.63514644984895,0.02057047721833727,0.020361762341568966,121418890.0
2022-05-18 00:00:00-04:00,381.82146421765935,382.1053347959958,369.56720740842707,370.80682373046875,117674500,379.4075012207031,389.6376678466797,407.3267724609375,36.69225508736233,-9.891899899775694,-9.197886705546317,-0.6940131942293775,414.83063647076295,364.4446992225964,389.6376678466797,10.148014554559145,-0.04031156509029077,-0.041146594166073275,124041395.0
2022-05-19 00:00:00-04:00,367.7409001168937,372.96434969897865,366.3120175133911,368.5357666015625,98510700,377.10332641601565,387.33822174072264,406.63360107421875,35.72857853022701,-10.295669678109732,-9.417443300059,-0.8782263780507318,411.39484544713986,363.28159803430543,387.33822174072264,9.898322956775461,-0.006124636828574226,-0.006143469350996947,124696065.0
2022-05-20 00:00:00-04:00,372.1221925167826,375.6991065243165,360.09505993665994,368.6966857910156,131432200,375.04896545410156,385.6155303955078,405.9800628662109,35.85712784128245,-10.48184709413448,-9.630324058874097,-0.8515230352603833,409.8301157880963,361.4009450029193,385.6155303955078,10.305874644695539,0.0004366447005592633,0.0004365493990029372,124644085.0
2022-05-23 00:00:00-04:00,371.7246556441584,376.36141951205695,369.40630258818845,375.5949401855469,76414900,374.93067932128906,384.1208892822266,405.5665588378906,41.27913796394593,-9.957973242235425,-9.695853895546362,-0.26211934668906345,406.89174042488867,361.3500381395645,384.1208892822266,10.117221721577382,0.018709835646424366,0.018536959663400274,122482445.0
2022-05-24 00:00:00-04:00,371.46913169376035,373.9199766517534,366.1699941920025,372.7276916503906,91448800,374.43861083984376,383.0700485229492,405.15363037109375,39.774181324441386,-9.662775967999494,-9.68923831003699,0.026462342037495645,405.90714080825194,360.2329562376465,383.0700485229492,10.067773455289311,-0.0076338848807170345,-0.007663172125413412,121855070.0
2022-05-25 00:00:00-04:00,371.2326698997725,377.98907865192785,370.8352510778718,376.02081298828125,91472900,374.87579345703125,382.12850799560545,404.63355407714846,42.37283096319995,-9.058679809173839,-9.563126609864359,0.5044468006905198,404.4928553404287,359.7641606507822,382.12850799560545,9.859634463772649,0.008835193659234353,0.008796391716703279,120327215.0
2022-05-26 00:00:00-04:00,377.2509375219795,385.1712435361306,377.0427561590206,383.5341796875,82168300,376.1031097412109,381.063948059082,404.08545471191405,47.89668172397629,-7.882795391818036,-9.227060366255094,1.344264974437058,400.8880868275952,361.2398092905688,381.063948059082,9.808977041206699,0.01998125220651792,0.019784246937573642,119163175.0
2022-05-27 00:00:00-04:00,385.9944682150054,393.06313317262965,385.7957588445441,392.9495849609375,84768700,377.3843627929688,381.2181900024414,403.6228393554687,53.86478483653461,-6.120599539976524,-8.60576820099938,2.485168661022856,401.35929670758674,361.0770832972961,381.2181900024414,9.788975358629768,0.024549064391364173,0.02425257861046192,116127055.0
2022-05-31 00:00:00-04:00,391.33152767867176,394.08518796704755,388.0006542200998,390.7448425292969,95937000,378.59938354492186,381.14485626220704,403.0249847412109,52.35257347890789,-4.8460882313429465,-7.853832207068094,3.0077439757251474,401.13544005728465,361.15427246712943,381.14485626220704,9.524372386366764,-0.005610751394125479,-0.005626550785080202,113008280.0
2022-06-01 00:00:00-04:00,392.8644517588874,393.87694263717856,385.06713709140746,387.584228515625,86585800,378.7195556640625,380.82359771728517,402.366376953125,50.17778349702096,-4.044442161779443,-7.091954198010364,3.0475120362309207,400.17313055815,361.47406487642036,380.82359771728517,9.473331897752788,-0.008088690290096179,-0.008121581228548428,112336160.0
2022-06-02 00:00:00-04:00,387.42340710258367,395.01251209671574,385.1712709822698,394.9652099609375,79609600,381.13539428710936,380.2714477539063,401.7569775390625,54.89053264307181,-2.7814851297400196,-6.229860384356295,3.448375254616275,397.19270807360795,363.3501874342046,380.2714477539063,9.499611127516586,0.01904355467089114,0.018864495889359643,109104245.0
2022-06-03 00:00:00-04:00,390.2433012195324,391.79520408065434,387.5085850110212,388.4832458496094,71874300,383.13014221191406,380.11673431396486,401.1275177001953,50.38325136710425,-2.2773708014989893,-5.439362467784834,3.1619916662858447,396.67434892722696,363.55911970070275,380.11673431396486,9.353683543402282,-0.016411481183290055,-0.016547641322387358,104051505.0
2022-06-06 00:00:00-04:00,392.4953952002465,394.22706332553315,388.4926471442496,389.6660461425781,57508900,385.2270782470703,380.1380218505859,400.3951019287109,51.1711729420692,-1.7621020502870124,-4.70391038428527,2.9418083339982575,396.7435265676754,363.5325171334964,380.1380218505859,9.095835967153816,0.0030446623003830275,0.0030400367026650194,99338410.0
2022-06-07 00:00:00-04:00,386.17432268656637,393.8580609068562,385.71062891259504,393.4038391113281,59272400,387.0079681396484,380.9693237304688,399.69580505371096,53.67475001140159,-1.04014900780993,-3.971158108990202,2.931009101180272,398.45979831018946,363.4788491507481,380.9693237304688,9.028092826232912,0.009592298343033878,0.009546584351620271,94522725.0
2022-06-08 00:00:00-04:00,391.6910721501235,393.47954333395916,388.33181201108613,389.1266784667969,64350000,388.6478668212891,381.5432388305664,398.85002563476564,50.4848936895135,-0.8038607324095324,-3.3376986336740684,2.533837901264536,399.3112419813434,363.7752356797894,381.5432388305664,8.750924147421491,-0.010872188370589009,-0.01093172251476379,91115365.0
2022-06-09 00:00:00-04:00,387.34765697732666,389.61870798841755,379.8721008300781,379.8721008300781,86289800,389.0329956054687,381.95439453125,397.71241455078126,44.344122925952966,-1.347830690139915,-2.939725044967238,1.591894354827323,399.15919141423,364.74959764826997,381.95439453125,8.822044362487059,-0.023782943059013184,-0.02407032288826598,88311805.0
2022-06-10 00:00:00-04:00,373.6645695586442,374.5162101273659,368.8101807755536,368.85748291015625,132893900,387.56532592773436,381.83421783447267,396.4084490966797,38.36313356135201,-2.637317064422291,-2.8792434488582486,0.2419263844359576,399.36657134356557,364.30186432537977,381.83421783447267,8.982035483346879,-0.028995595875172864,-0.029424275042161923,88701960.0
2022-06-13 00:00:00-04:00,359.4420637467876,361.2967520769685,353.2439538052529,354.8526306152344,170004900,383.75563049316406,380.5699966430664,394.95800048828124,32.38257066639481,-4.734739710940175,-3.2503427012746338,-1.4843970096655417,401.689076541188,359.45091674494483,380.5699966430664,9.455713599172343,-0.03796819352674774,-0.03870776600098635,91993485.0
2022-06-14 00:00:00-04:00,356.6032925923492,357.63472758428236,350.6796092755737,353.78338623046875,104011800,380.0594848632812,379.3294342041016,393.4619421386719,31.972752558754394,-6.409358262854937,-3.8821458135906948,-2.5272124492642423,403.4662037444968,355.19266466370635,379.3294342041016,9.277099649853511,-0.0030132068710094773,-0.003017755718877849,93262955.0
2022-06-15 00:00:00-04:00,357.0858572117837,363.2744957746672,352.12739188091416,358.8270263671875,125666800,377.1837646484375,377.95166015625,391.9933251953125,36.081933349543874,-7.24599856170687,-4.5549163632139305,-2.691082198492939,403.42932048590154,352.47399982659846,377.95166015625,9.410671381560618,0.014256294481372667,0.014155629130390309,95394810.0
2022-06-16 00:00:00-04:00,350.6038951062925,351.0107858866292,344.51933296816924,346.9512634277344,134473300,372.3823699951172,376.7588821411133,390.3963934326172,31.289337288853616,-8.766264801712964,-5.397186050913737,-3.3690787507992273,405.48892704630555,348.02883723592106,376.7588821411133,9.76045866852188,-0.03309606597832093,-0.033656132805412194,96234750.0
2022-06-17 00:00:00-04:00,347.36661545178714,351.04450954430285,344.1924117569051,347.69921875,111113900,368.30396728515626,375.71705474853513,388.89977661132815,31.90282930484254,-9.79779017997896,-6.277306876726782,-3.5204833032521785,406.9651386007693,344.46897089630096,375.71705474853513,9.552718605584444,0.002155793626102298,0.0021534732372776684,96864910.0
2022-06-21 00:00:00-04:00,353.4299145965904,357.8395764065463,353.3538694431423,356.4520568847656,76811900,364.982568359375,375.10482330322264,387.5356317138672,38.7903454518643,-9.796077503425693,-6.981061002066564,-2.8150165013591284,407.343221953652,342.8664246527933,375.10482330322264,9.59469282351029,0.025173591606655332,0.02486195591601071,94133895.0
2022-06-22 00:00:00-04:00,352.22296583921377,359.92089960070416,351.80480446926504,355.80584716796875,90059400,361.22276916503904,374.11536865234376,386.1812744140625,38.48089720869929,-9.734648945033939,-7.531778590660039,-2.2028703543739,407.4296346442814,340.8011026604061,374.11536865234376,9.489078702648063,-0.001812893780006375,-0.0018145390607153095,94816120.0
2022-06-23 00:00:00-04:00,357.9441735497339,360.0254385770398,354.3803178822355,359.2936706542969,79292100,358.2394683837891,373.44366760253905,385.04145263671876,41.20708077720909,-9.297354053423987,-7.884893683212829,-1.412460370211158,407.37870858081175,339.50862662426636,373.44366760253905,9.214510273516366,0.009802603060319104,0.009754869237255444,94208285.0
2022-06-24 00:00:00-04:00,362.4678495923808,370.7264928757993,362.43933990911876,370.71697998046875,98050300,357.32395629882814,373.17847595214846,384.1609454345703,49.15439911635737,-7.937530200035894,-7.895420986577443,-0.04210921345845087,407.11170935483375,339.24524254946317,373.17847595214846,9.37296112694394,0.03179379504617841,0.031298836092728155,94537155.0
2022-06-27 00:00:00-04:00,371.63881476677494,371.93342448126845,368.20802402579585,369.3009338378906,66009600,357.36830139160156,372.466813659668,383.15710998535155,48.283112594363715,-6.89464590234445,-7.695265969730845,0.8006200673863946,406.09711878593254,338.83650853340345,372.466813659668,8.969563936124558,-0.003819749887509105,-0.0038270637628342436,93729220.0
2022-06-28 00:00:00-04:00,370.859513206885,373.6440649503389,361.6409966809316,361.7550354003906,86548900,358.0585418701172,370.90708618164064,382.106826171875,43.825114322133985,-6.600951858969779,-7.476403147578632,0.8754512886088532,403.46942759502735,338.3447447682539,370.90708618164064,9.186242817073323,-0.020432925416896897,-0.020644565551979376,93818230.0
2022-06-29 00:00:00-04:00,362.3062236029839,363.2945784041764,359.63571085622056,361.46038818359375,65676000,358.8262420654297,369.44286346435547,381.04724365234375,43.655617778780545,-6.319129786908206,-7.244948475444548,0.9258186885363413,400.92096682034196,337.964760108369,369.44286346435547,8.791430297850644,-0.0008144937539591446,-0.0008148256342185997,92305180.0
2022-06-30 00:00:00-04:00,357.563929508268,361.76453925396646,354.06660685286846,358.5238037109375,112508300,358.79591979980466,367.9898422241211,379.7951263427734,41.91565913298677,-6.2605735939446845,-7.048073499144575,0.7874999051998905,398.6565873397497,337.3230971084925,367.9898422241211,8.713323305225455,-0.008124222096404954,-0.008157403425934861,93601305.0
2022-07-01 00:00:00-04:00,357.8681111996678,362.7529830546203,355.2451042734922,362.3157958984375,74839700,360.332373046875,366.3573715209961,378.6250946044922,44.965940861976435,-5.840855563486741,-6.806629912013009,0.965774348526268,394.47665815907754,338.2380848829146,366.3573715209961,8.627220124932787,0.010576681794209009,0.010521139984108812,93362810.0
2022-07-05 00:00:00-04:00,357.22181596212545,363.01902578805715,354.3897288005455,363.0,81438000,361.862451171875,365.0832092285156,377.59460083007815,45.52185297618891,-5.390873810000585,-6.523478691610524,1.1326048816099394,391.3233282943497,338.8430901626815,365.0832092285156,8.627368472259848,0.001888419189303825,0.0018866383673929474,93840995.0
2022-07-06 00:00:00-04:00,363.1425568197513,366.7159247303021,360.75716958402745,364.2259826660156,70426200,362.63984375,363.8112060546875,376.8161102294922,46.56344203141253,-4.879090356732377,-6.1946010246348955,1.3155106679025188,387.5041517056496,340.1182604037254,363.8112060546875,8.436753234689478,0.003377362716296517,0.003371672235782716,94486860.0
2022-07-07 00:00:00-04:00,366.00319713599873,370.47939144659864,364.24502265222054,369.68109130859375,64525900,364.0273681640625,362.6250686645508,376.0999768066406,51.04827089146905,-3.987352883604615,-5.75315139642884,1.765798512824225,382.3094358202439,342.94070150885767,362.6250686645508,8.28080005939616,0.014977263847703925,0.014866212092818153,94749535.0
2022-07-08 00:00:00-04:00,368.0463632374746,371.2491047720084,366.51629566106016,369.37689208984375,72397800,365.0356903076172,361.6375793457031,375.61262451171876,50.792268288801296,-3.2675248536343133,-5.256026087869936,1.9885012342356223,377.51914504911974,345.75601364228646,361.6375793457031,8.027372134507024,-0.0008228692943780258,-0.0008232080371559429,95151925.0
2022-07-11 00:00:00-04:00,366.6968987191373,367.6662567653329,364.46354395303933,365.1573181152344,58366900,364.47972412109374,360.90184020996094,375.0187384033203,47.252435585911925,-3.002924465123499,-4.805405763320649,1.8024812981971499,374.54137973066355,347.2623006892583,360.90184020996094,7.804941848956838,-0.011423492007678338,-0.011489241296413403,93755780.0
2022-07-12 00:00:00-04:00,364.60617377885575,366.9915903599883,360.1774858287248,361.9261474609375,62219200,363.74224548339845,360.5552734375,374.1607537841797,44.68431054930639,-3.019152310192794,-4.448155072695078,1.429002762502284,373.71232459419764,347.3982222808023,360.5552734375,7.7341677548358865,-0.0088487084716653,-0.008888090786346675,90222045.0
2022-07-13 00:00:00-04:00,356.4805310045145,362.9620020597862,356.0623697104502,360.0253601074219,84224600,363.56927795410155,360.81390991210935,373.5639660644531,43.19699266542436,-3.149089900083709,-4.188342038172805,1.039252138089096,373.71323386461853,347.9145859596002,360.81390991210935,7.674558083014467,-0.005251865240603504,-0.005265704761655703,85933030.0
2022-07-14 00:00:00-04:00,355.064490796516,360.234458871572,352.6220841639683,359.15106201171875,89704800,363.3383453369141,361.08229370117186,372.9027569580078,42.49632703269083,-3.2847503681730927,-4.007623704172863,0.7228733359997701,373.60314826382836,348.56143913851537,361.08229370117186,7.670116413342269,-0.002428434750936015,-0.0024313881810495534,85217680.0
2022-07-15 00:00:00-04:00,363.5606860012762,366.12667298735175,361.6504796031944,366.01263427734375,79060400,364.0872283935547,361.4415740966797,372.34282165527344,49.42909719899958,-2.806242116932026,-3.767347386724696,0.9611052697926699,374.0946320218879,348.7885161714715,361.4415740966797,7.6205088820773215,0.019104975569865124,0.018924767158191382,82887360.0
2022-07-18 00:00:00-04:00,369.10129418165167,369.7760425251106,361.7645044246578,362.990478515625,63203600,364.1546966552734,362.24353485107423,371.48246704101564,46.75534957588508,-2.6404461732542472,-3.541967144030606,0.901520970776359,373.0144823941465,351.47258730800195,362.24353485107423,7.6484395405327135,-0.008256971149877668,-0.008291248752687073,79323875.0
2022-07-19 00:00:00-04:00,366.91553906146305,373.36850148412316,366.2598163377438,372.79827880859375,78506000,365.1345245361328,363.4984878540039,371.10688232421876,55.22085649671698,-1.6980698843439086,-3.173187692093267,1.4751178077493585,372.96879833727394,354.02817737073383,363.4984878540039,7.843409785387387,0.027019442308998665,0.02666086193470568,77693480.0
2022-07-20 00:00:00-04:00,372.98828349436786,376.59016077722407,371.6197609648057,375.1741027832031,71843800,366.2293365478516,364.4345901489258,370.8255584716797,57.004181661832405,-0.7508652396807065,-2.688723201610755,1.9378579619300487,374.6088316212639,354.2603486765877,364.4345901489258,7.63819478731817,0.006372947810280083,0.006352726446044211,77445075.0
2022-07-21 00:00:00-04:00,374.5944510061109,379.04213537491796,372.1900378364041,378.99462890625,64903900,367.1606903076172,365.59402923583986,370.86989501953127,59.7782031455468,0.30457484489591025,-2.090063592309422,2.3946384372053324,376.80321735046545,354.38484112121427,365.59402923583986,7.582044983832149,0.010183341799725909,0.010131840913602438,76187300.0
2022-07-22 00:00:00-04:00,379.1181101586879,380.3155455725048,373.25436867758987,375.47821044921875,72197300,367.7708221435547,366.40325622558595,370.82649169921876,56.18512227574217,0.8475036400017188,-1.5025501458471942,2.350053785848913,378.0061441810007,354.8003682701712,366.40325622558595,7.544840120338061,-0.009278280452626353,-0.009321591808145343,75832560.0
2022-07-25 00:00:00-04:00,376.1055368569356,376.7897982483448,373.69161069797406,375.9344787597656,53631500,368.8485382080078,366.6641311645508,370.9122015380859,56.550059163381206,1.2996145140456292,-0.9421172138686296,2.241731727914259,378.8625730340402,354.46568929506134,366.6641311645508,7.227222079626111,0.0012151658813996935,0.001214428164911493,73611620.0
2022-07-26 00:00:00-04:00,374.29030390175836,374.4993845551237,370.59341339787153,371.48675537109375,52946400,369.8045989990234,366.77342224121094,370.9167163085938,52.003037550043324,1.2842178685273211,-0.4968501973894394,1.7810680659167606,379.10286671634617,354.4439777660757,366.77342224121094,7.09249659978811,-0.011831113239054947,-0.011901657825356515,72958460.0
2022-07-27 00:00:00-04:00,374.78452854217437,382.88162668042236,374.48991881207405,381.1329650878906,82342100,371.9153594970703,367.74231872558596,370.9366345214844,59.591742842897574,2.0270182191787285,0.007923485924194174,2.0190947332545344,381.32402010398516,354.16061734718676,367.74231872558596,7.399809079041003,0.025966496994383803,0.025635092213849034,72748120.0
2022-07-28 00:00:00-04:00,381.9407954687544,386.6070448907336,378.3864237526016,385.9132995605469,73966600,374.5915832519531,368.96496429443357,371.0830078125,62.73607755164639,2.967221606035764,0.5997831099465082,2.367438496089256,384.34766698992706,353.5822615989401,368.96496429443357,7.458438511833218,0.01254243245937503,0.012464427722268115,73162650.0
2022-07-29 00:00:00-04:00,387.3483007860886,392.5277822061919,386.5785103442153,391.5393981933594,87003700,377.1442596435547,370.61574401855466,371.1861456298828,66.08134618293815,4.118839288885624,1.3035943457343315,2.815244943151293,388.1041600055156,353.1273280315937,370.61574401855466,7.398155949962631,0.014578659608827094,0.014473412624328445,71887420.0
2022-08-01 00:00:00-04:00,388.84030221771746,392.88885045045953,388.1275312754867,390.3798828125,69997500,379.88320007324216,372.0189483642578,371.5776068115234,64.79040346861609,4.8816685622876435,2.019209189044994,2.8624593732426495,391.0535267069407,352.98437002157493,372.0189483642578,7.209810466034787,-0.0029614270906315188,-0.0029658207924004886,71645310.0
2022-08-02 00:00:00-04:00,388.81185464934134,392.49926155328086,386.6260350117583,387.8044738769531,63435400,381.3838195800781,373.2591720581055,371.9629809570313,61.89799872865654,5.218249547304936,2.6590172606969826,2.559232286607953,393.0007735803623,353.5175705358487,373.2591720581055,7.114340185712486,-0.006597186609597516,-0.006619044230752618,70745180.0
2022-08-03 00:00:00-04:00,389.9332658563709,395.04621476373677,389.6481690410905,393.8772888183594,67820600,383.25413818359374,374.74173736572266,372.46659301757813,65.77760226611369,5.906926444883027,3.3085990975341915,2.5983273473488353,395.9464650632762,353.5370096681691,374.74173736572266,7.123440235788997,0.015659476232172453,0.015538131788419222,70614900.0
2022-08-04 00:00:00-04:00,393.80123040665455,394.48549174301655,391.96703995040895,393.6111755371094,45656600,384.7157928466797,375.93824157714846,372.82691772460936,65.46304699899423,6.357944305793183,3.9184681391859897,2.439476166607193,398.5214897733936,353.3549933809033,375.93824157714846,6.794512489847469,-0.0006756248425705547,-0.0006758531798872055,69671435.0
2022-08-05 00:00:00-04:00,389.3250180600784,393.59213106466996,389.2679987016488,392.9458923339844,56814900,386.4625610351562,377.11669158935547,373.23128173828127,64.63093070685699,6.585779647216555,4.451930440792103,2.1338492064244514,400.6473077479374,353.5860754307735,377.11669158935547,6.61941708596269,-0.0016902040502716487,-0.0016916340566996923,68892290.0
2022-08-08 00:00:00-04:00,394.63754145835884,396.88989316531894,391.387292955347,392.4897155761719,53886100,388.1180847167969,378.48331146240236,373.56065979003904,64.02992022124445,6.652841331216052,4.892112618876894,1.7607287123391586,402.2505146595402,354.7161082652645,378.48331146240236,6.53964445196335,-0.0011609149420113152,-0.0011615893257479035,68668250.0
2022-08-09 00:00:00-04:00,391.7580232530995,392.26171369385696,389.8573002309609,390.93121337890625,44931800,390.0625305175781,379.9335647583008,373.7086004638672,61.91168959288941,6.505241719397134,5.214738438980942,1.2905032804161918,403.0123239492817,356.8548055673199,379.9335647583008,6.260556658623895,-0.0039708102796470746,-0.003978714878833525,67803880.0
2022-08-10 00:00:00-04:00,397.9923437821938,399.28485036063125,396.03460162898654,399.14227294921875,68665700,391.86346130371095,381.8894104003906,373.8324542236328,67.93106334100156,6.970480488174758,5.565886848819706,1.4045936393550518,404.5136312418047,359.2651895589765,381.8894104003906,6.410062395988261,0.02100384745270767,0.02078630749345747,67025935.0
2022-08-11 00:00:00-04:00,401.993357133819,403.85608634972215,398.40099222133176,399.14227294921875,59489700,393.1863586425781,383.88897094726565,374.0004028320312,67.93106334100156,7.255548121967195,5.903819103449204,1.3517290185179904,405.14898399748347,362.6289578970478,383.88897094726565,6.341850376874127,0.0,0.0,65515180.0
2022-08-12 00:00:00-04:00,401.0810138483799,406.0038788583054,400.130652464098,405.89935302734375,61694500,394.6223541259766,385.8833068847656,374.3667053222656,72.13408930300648,7.93523373163265,6.310102029085894,1.6251317025467555,407.5410388270523,364.2255749424789,385.8833068847656,6.378975772032166,0.016929001351316808,0.016787302782183027,64646885.0
2022-08-15 00:00:00-04:00,403.6849557261061,408.0946460440883,403.6279363687809,407.5719299316406,54048300,396.3415588378906,388.1123794555664,374.6188397216797,73.07478342689433,8.510745871381289,6.750230797544973,1.7605150738363156,409.05146373751313,367.17329517361964,388.1123794555664,6.242385336551822,0.004120669057051218,0.004112202351337802,64189120.0
2022-08-16 00:00:00-04:00,406.49802644193505,410.2994714282671,405.69021358179475,408.3702392578125,59289000,398.39813537597655,389.89097747802737,375.01657958984373,73.53401635525587,8.928339934282008,7.18585262489238,1.7424873093896274,411.3610368140617,368.420918141993,389.89097747802737,6.125733372974717,0.0019586955517416627,0.0019567798087730516,63228270.0
2022-08-17 00:00:00-04:00,404.76839107782297,408.1801847177208,403.4664007169476,405.4716491699219,63563400,399.5575714111328,391.4058547973633,375.33269165039064,68.93649954627104,8.922540746531695,7.533190249220244,1.389350497311451,412.78383928233694,370.02787031238967,391.4058547973633,6.03845517068116,-0.007097946444771908,-0.007123256704997259,62814250.0
2022-08-18 00:00:00-04:00,405.671185528094,407.3343177003201,404.3787081612712,406.65008544921875,49023200,400.86146240234376,392.7886276245117,375.5976165771484,69.76417642966739,8.91032216021506,7.808616631419207,1.1017055287958524,414.35340413351184,371.2238511155116,392.7886276245117,5.818251911278856,0.0029063345901232385,0.0029021193650097337,62020215.0
2022-08-19 00:00:00-04:00,403.8845695793236,404.1506695923492,400.3112016877868,401.185546875,68016900,401.6854278564453,394.0739944458008,375.8387939453125,61.57155929287058,8.363289453787502,7.919551195892867,0.44373825789463517,414.386612604112,373.7613762874896,394.0739944458008,5.8554399005755045,-0.013437937848167825,-0.013529044041814844,61811195.0
2022-08-22 00:00:00-04:00,396.34816754384633,396.5192546194772,391.92899331076484,392.83184814453125,77695600,401.7196411132812,394.9188629150391,376.0979888916016,51.59640490306537,7.173002512089909,7.770241459132275,-0.5972389470423662,413.472768841988,376.36495698809017,394.9188629150391,6.098376590836908,-0.020822531607978312,-0.02104237770938069,63014400.0
2022-08-23 00:00:00-04:00,392.4041568162922,394.7990857432436,391.33024395653683,391.8814697265625,49105200,401.8146667480469,395.9385986328125,376.5584686279297,50.59219287705452,6.082884236539144,7.4327700146136495,-1.3498857780745057,411.17409665866444,380.70310060696056,395.9385986328125,5.910552676256185,-0.0024193008343332822,-0.002422232071247101,62822340.0
2022-08-24 00:00:00-04:00,391.6534263650644,394.50451059223457,390.9691939931629,393.1360168457031,49177800,401.2140411376953,396.53875122070315,377.3241363525391,51.9224136565924,5.259560181306426,6.998128047952205,-1.738567866645779,410.2649744296604,382.8125280117459,396.53875122070315,5.740892956457293,0.003201343304178206,0.003196229914939105,61164125.0
2022-08-25 00:00:00-04:00,394.6280346959815,398.73360265745475,393.5351249523274,398.68609619140625,50942300,401.1684234619141,397.1773910522461,378.2221905517578,57.38822538163316,4.997309086621158,6.597964255685996,-1.6006551690648383,410.02729119709403,384.32749090739816,397.1773910522461,5.7306567318354595,0.014117453267787017,0.014018730086063238,60012910.0
2022-08-26 00:00:00-04:00,398.5720522592657,399.1137361754967,385.13392912672487,385.1909484863281,103087000,399.0975830078125,396.8599685668945,378.7494689941406,44.223115685796294,3.658356314179173,6.010042667384631,-2.3516863532054586,410.53821677262516,383.18172036116385,396.8599685668945,6.319881754473771,-0.03384905526928439,-0.03443519949133545,60817075.0
2022-08-29 00:00:00-04:00,382.2353335276929,385.69463364222986,381.28497221012304,382.64398193359375,65370800,396.6047882080078,396.4731735229492,379.4633233642578,42.25300957620141,2.3644517524845696,5.280924484404619,-2.9164727319200496,411.2554800164659,381.69086702943247,396.4731735229492,6.183437445733275,-0.006612218077146181,-0.006634175636734114,60585740.0
2022-08-30 00:00:00-04:00,383.80334904686,384.0409393299145,376.34300835840315,378.44329833984375,85652400,393.6120941162109,396.00511474609374,380.07820495605466,39.15482703129557,0.9886662764134257,4.422472842806381,-3.4338065663929553,412.3644019648901,379.6458275272974,396.00511474609374,6.291615554717424,-0.01097804693679727,-0.011038750373016739,61696590.0
2022-08-31 00:00:00-04:00,380.07809068864566,381.3230620086155,375.4308377544014,375.5638732910156,76029700,390.62131652832034,395.0894439697266,380.4604412841797,37.144290743884994,-0.33019290419167646,3.4719396934067697,-3.802132597598446,413.71565690294284,376.4632310365103,395.0894439697266,6.263087604681473,-0.007608603617661025,-0.007637696707977404,62107045.0
2022-09-01 00:00:00-04:00,373.3874742240931,377.08436469022797,370.678938652205,376.74224853515625,78740100,387.6305328369141,394.2459976196289,380.8791693115234,38.53525260539819,-1.2657228079343668,2.5244071931385426,-3.7901300010729093,414.51856681553073,373.97342842372706,394.2459976196289,6.273254635634439,0.0031376160699767564,0.00313270402473483,63761220.0
2022-09-02 00:00:00-04:00,380.4106274783638,381.62708880615634,370.95452075647603,372.76971435546875,99632100,384.78894958496096,393.2371887207031,381.14869018554685,35.66951507050541,-2.301160954170143,1.5592935636768055,-3.8604545178469487,415.57134135836,370.90303608304623,393.2371887207031,6.587491308066286,-0.010544435074997471,-0.010600421542084884,65902080.0
2022-09-06 00:00:00-04:00,373.61557203339373,374.5564205138696,369.1393780774377,371.36322021484375,76637400,382.6420867919922,392.18086395263674,381.1616149902344,34.68598597066466,-3.1983765733601217,0.6077595362694201,-3.806136109629542,416.4694094504292,367.89231845484426,392.18086395263674,6.5038878172352605,-0.003773091231558001,-0.0037802272959487904,67039645.0
2022-09-07 00:00:00-04:00,371.0495374683232,378.80448878191197,370.8309729416289,378.0346984863281,70964200,381.2574096679688,391.5360382080078,381.33629028320314,42.74972425092848,-3.332676850802386,-0.1803277411449411,-3.152349109657445,416.59558161173607,366.4764948042796,391.5360382080078,6.608861247452962,0.017964833102278588,0.01780537244546542,68341265.0
2022-09-08 00:00:00-04:00,375.7633523475096,380.96180059480923,374.5563749860969,380.5056457519531,80821700,379.99437255859374,390.60420684814454,381.7113024902344,45.43665881104599,-3.202806040135499,-0.7848234009430528,-2.4179826391924464,415.8484225624359,365.35999113385316,390.60420684814454,6.59433013040006,0.0065362975290861325,0.00651502856626433,68949065.0
2022-09-09 00:00:00-04:00,382.74846080000646,387.2817022904019,382.4823608238422,386.4168701171875,76706900,378.7674499511719,389.96793670654296,382.21043212890623,51.32247439567354,-2.5930055292508314,-1.1464598266046084,-1.446545702646223,414.9594975118972,364.9763759011887,389.96793670654296,6.607310588117825,0.01553518175414359,0.015415746198544513,69809925.0
2022-09-12 00:00:00-04:00,388.48874399097315,391.2923218090903,388.1846213728781,390.5700378417969,69256300,379.30535888671875,389.20147094726565,382.85135681152343,54.99569071224945,-1.754384848625989,-1.2680448310088845,-0.48634001761710444,413.1083472050543,365.294594689477,389.20147094726565,6.483606381245323,0.010747894426425653,0.010690546357177536,70188015.0
2022-09-13 00:00:00-04:00,381.8836405980916,383.090617922909,372.46558632358233,373.5870056152344,122947100,378.3996612548828,387.5022247314453,383.0767810058594,41.27856665905975,-2.4321246656556355,-1.500860797938235,-0.9312638677174006,410.7671454160085,364.2373040468822,387.5022247314453,7.313666748171697,-0.0434826806490507,-0.04445638326006221,73632955.0
2022-09-14 00:00:00-04:00,374.88902163325827,376.53315711649486,371.7053054907733,375.0125732421875,85023700,378.0565887451172,385.83434143066404,383.3170324707031,42.573373496610266,-2.8216803849315397,-1.7650247153368959,-1.0566556695946439,407.6112252400845,364.0574576212436,385.83434143066404,7.1361085251395435,0.0038158918953978826,0.0038086298481812674,74919690.0
2022-09-15 00:00:00-04:00,373.4539971854713,376.30508130578556,369.4814936051546,370.7549743652344,87633800,377.57569885253906,384.0985076904297,383.4476123046875,39.754011163523934,-3.4343694727259617,-2.098893666814709,-1.3354758059112526,404.84779405222,363.3492213286394,384.0985076904297,7.113785609103218,-0.011353216347238404,-0.011418156092464531,76123210.0
2022-09-16 00:00:00-04:00,366.5714428970576,368.58492846304785,364.6342566105422,367.9264831542969,103084800,376.6941223144531,382.1623275756836,383.4125201416016,37.955700918309574,-4.100893048676937,-2.499293543187155,-1.6015995054897822,401.2968475438964,363.02780760747083,382.1623275756836,7.042852190931001,-0.007629004076830315,-0.007658253787503998,78826290.0
2022-09-19 00:00:00-04:00,364.77744712887517,370.7797546386719,364.701089599931,370.7797546386719,73278500,376.49512634277346,380.6420379638672,383.4405773925781,40.86189116703489,-4.348752905170727,-2.8691854155838694,-1.4795674895868576,398.2607993059719,363.02327662176253,380.6420379638672,6.9739816800602785,0.007755004369115914,0.0077250888863268,79089370.0
2022-09-20 00:00:00-04:00,367.4493811490609,368.4609000016925,363.7659311992638,366.52374267578125,77274900,376.0111785888672,379.3266326904297,383.46790588378906,38.002468267303186,-4.8328975885781915,-3.261927850182734,-1.5709697383954575,397.03670171956344,361.6165636612959,379.3266326904297,6.976827520013694,-0.011478544633695353,-0.011544931633515084,79068335.0
2022-09-21 00:00:00-04:00,368.45132204995605,371.50498233585387,360.1206054997159,360.1301574707031,106746600,374.22072448730466,377.7390670776367,383.4319860839844,34.13772376050642,-5.667167056740482,-3.7429756914942836,-1.9241913652461982,396.333185295195,359.14494886007844,377.7390670776367,7.291652471165428,-0.01744385004475346,-0.017597786790048586,81950405.0
2022-09-22 00:00:00-04:00,359.35721571534805,360.9985532046951,356.36083780125125,357.10516357421875,89472600,371.88067626953125,375.9375244140625,383.3735821533203,32.455948285094024,-6.497523935997549,-4.293885340394937,-2.2036385956026123,395.18583319014505,356.68921563798,375.9375244140625,7.102085537756744,-0.008399723915735846,-0.008435200398122872,83965145.0
2022-09-23 00:00:00-04:00,353.63154945078173,353.6697282090651,346.67497780988714,351.1218566894531,122346900,368.35117492675784,373.55931243896487,383.212998046875,29.3735333169176,-7.551343419829834,-4.945376956281916,-2.605966463547918,392.7305875996648,354.38803727826496,373.55931243896487,7.3398069825120915,-0.016755027636339626,-0.01689698096713503,87535375.0
2022-09-26 00:00:00-04:00,349.652370039799,353.2785667174396,346.4269485005134,347.6484069824219,92581200,364.0590118408203,371.6821853637695,382.84571350097656,27.72723767928656,-8.5680145770134,-5.6699044804282135,-2.898110096585187,393.14516232293005,350.219208404609,371.6821853637695,7.304936356398815,-0.00989243375442539,-0.009941688982478799,87010085.0
2022-09-27 00:00:00-04:00,351.18873199675016,353.4598882434016,344.3657404059386,346.7609558105469,108294100,361.37640686035155,369.8880340576172,382.521123046875,27.306142638361862,-9.33770444234085,-6.403464472810741,-2.9342399695301093,393.29668211753767,346.4793859976967,369.8880340576172,7.43273717647483,-0.002552726128038474,-0.0025559898888890924,89156250.0
2022-09-28 00:00:00-04:00,347.71516751010176,355.27293178744674,346.01657657366974,353.5838928222656,110802200,359.23353881835936,368.64506378173826,382.13683532714845,35.42590681061843,-9.290045350795424,-6.980780648407678,-2.309264702387746,392.73471713049054,344.555410432986,368.64506378173826,7.562995607710699,0.019676197384363103,0.019485123352394603,90413740.0
2022-09-29 00:00:00-04:00,350.0340115514208,350.32027945929735,343.249200037984,346.1978759765625,112952300,356.7778289794922,367.1767639160156,381.55731079101565,31.344327223758143,-9.736034069033394,-7.531831332532821,-2.204202736500573,392.9233956092557,341.4301322227755,367.1767639160156,7.760973977465765,-0.020889008225880468,-0.021110270279121972,92259870.0
2022-09-30 00:00:00-04:00,345.25315265968237,349.17519794486384,340.7108699138818,340.8444519042969,153711200,354.0696258544922,365.38187408447266,380.79430725097654,28.758062623245834,-10.401557246420111,-8.105776515310279,-2.295780731109833,393.1376114642387,337.6261367047066,365.38187408447266,7.811213552716926,-0.0154634804074536,-0.015584287032744455,96008425.0
2022-10-03 00:00:00-04:00,344.56611454293574,351.6944777642895,342.7816430249758,349.84320068359375,89756500,351.97597045898436,364.2355484008789,380.28160705566404,38.016269430994164,-10.086593368856938,-8.501939886019612,-1.5846534828373269,392.5639571920722,335.90713960968554,364.2355484008789,8.02827157466519,0.02640133565038516,0.026058835614609303,95514645.0
2022-10-04 00:00:00-04:00,355.36842016959133,360.71231209913736,349.8050658415785,360.6836853027344,103602800,351.3919647216797,363.7015716552734,379.9765911865234,46.95871748944361,-8.860111861332143,-8.573574281082118,-0.28653758025002496,391.8746195056151,335.52852380493175,363.7015716552734,8.233912623443311,0.030986695176462797,0.03051630017605874,96862915.0
2022-10-05 00:00:00-04:00,356.3131988470105,362.10556813395476,353.9847887637613,359.8439636230469,88065700,351.36334533691405,362.7920349121094,379.7437353515625,46.40028495270311,-7.865209710382317,-8.431901366942158,0.5666916565598417,390.220124889795,335.3639449344238,362.7920349121094,8.225831676782608,-0.0023281387928114627,-0.002330853121638618,97717990.0
2022-10-06 00:00:00-04:00,358.44114174816866,361.3993701215644,355.6355993235401,356.1318359375,82333500,351.26601257324216,361.5733444213867,379.2437127685547,43.914114825085484,-7.292220094549123,-8.203965112463552,0.9117450179144289,387.8882934438434,335.25839539893,361.5733444213867,8.04997018544273,-0.010315937074980353,-0.010369515144358321,97793580.0
2022-10-07 00:00:00-04:00,352.09522785371945,356.21766045831674,344.43247955302377,346.1978759765625,107789500,350.77361450195315,359.5623947143555,378.449404296875,38.04008839663892,-7.55264702951763,-8.073701495874367,0.5210544663567376,384.060184805252,335.064604623459,359.5623947143555,8.316770951146319,-0.02789405202931894,-0.028290480491926565,99347710.0
2022-10-10 00:00:00-04:00,347.3144037026543,347.5529700367685,341.31209570408595,343.5545959472656,76042800,350.3642333984375,357.2116226196289,377.4897082519531,36.635841765871206,-7.88147512016883,-8.03525622073326,0.15378110056443006,378.1159843506652,336.30726088859257,357.2116226196289,8.16849262125605,-0.007635171133966834,-0.007664468274147019,99687035.0
2022-10-11 00:00:00-04:00,341.85591672497,346.4268546628964,339.4416272107152,341.3787841796875,92482800,349.8260162353516,355.60121154785156,376.5096862792969,35.4749635521127,-8.222855615726132,-8.072776099731835,-0.1500795159942978,376.17118396066985,335.0312391350333,355.60121154785156,8.083973680607848,-0.006333234348325001,-0.006353374356271171,98163820.0
2022-10-12 00:00:00-04:00,341.7891591233935,343.3636907851623,340.0046588434037,340.2527770996094,76991800,348.49290466308594,353.8632217407227,375.55865234375,34.85935545643079,-8.486435137257502,-8.155507907236968,-0.33092723002053326,373.42839555089097,334.2980479305544,353.8632217407227,7.7464778421186145,-0.003298409661818491,-0.003303861406325854,97762225.0
2022-10-13 00:00:00-04:00,333.2389867095814,350.7020596679561,332.1892890254387,349.23248291015625,147254500,348.79636535644534,352.78709716796874,374.66575622558594,43.30838560588736,-7.879901989613074,-8.10038672371219,0.22048473409911473,370.8255654209995,334.74862891493797,352.78709716796874,8.515498756432814,0.026391278528545392,0.026049037136409037,100743260.0
2022-10-14 00:00:00-04:00,351.6944557677686,353.32627035722425,340.6345247152281,341.2738952636719,123737000,348.8393096923828,351.4544677734375,373.6190106201172,38.537520323916915,-7.949771592293644,-8.07026369742848,0.12049210513483644,368.7447336624322,334.1642018844428,351.4544677734375,8.813802105401622,-0.022788795532893813,-0.02305247377490031,101775870.0
2022-10-17 00:00:00-04:00,347.362126415413,351.15056087847387,340.9399103655982,350.0436096191406,93168200,348.8593505859375,350.41766052246095,372.76096496582034,45.64330913685382,-7.214338693190712,-7.8990786965809265,0.6847400033902149,365.2621268002027,335.5731942447192,350.41766052246095,8.913576991649768,0.025696997271628996,0.025372378835112182,102770355.0
2022-10-18 00:00:00-04:00,357.97352458781444,358.27889645424324,350.71155095897484,354.1564636230469,97162900,348.2066284179688,349.7992965698242,371.99429992675783,48.64213800607988,-6.2278392227193535,-7.564830801808612,1.3369915790892586,362.82785122559545,336.77074191405296,349.7992965698242,8.865127694753543,0.01174954745890422,0.011681057488246611,103764755.0
2022-10-19 00:00:00-04:00,352.11433970586495,354.8435535760599,348.8316647816131,351.6467590332031,79746900,347.38690795898435,349.37512664794923,371.20861083984374,46.94033663960145,-5.584172605184108,-7.168699162483712,1.5845265572996041,361.55547319671297,337.1947800991855,349.37512664794923,8.661324916160204,-0.00708642887431532,-0.0071116568663077365,102414770.0
2022-10-20 00:00:00-04:00,351.1982293100266,355.6260339289677,347.9346294295258,348.69805908203125,88283100,346.6435302734375,348.9547714233398,370.1997265625,44.95047377554289,-5.251462030796347,-6.78525173614624,1.5337897053498928,360.60788422250295,337.3016586241767,348.9547714233398,8.592044886394609,-0.008385403463631702,-0.008420758743512375,102355295.0
2022-10-21 00:00:00-04:00,348.42140049601363,357.65868317017765,346.91367388110444,357.1720275878906,131038400,347.74094543457034,349.25727996826174,369.3603216552734,51.33507727499746,-4.254959540072889,-6.27919329693157,2.0242337568586812,361.42257488025075,337.09198505627273,349.25727996826174,8.745828058014508,0.024301736947339503,0.02401114819975126,102789870.0
2022-10-24 00:00:00-04:00,358.69884913927166,362.6781197038341,356.04596326707,361.54254150390625,85436900,349.53973999023435,349.9519866943359,368.4731854248047,54.28027400816475,-3.0770894182562074,-5.638772521196499,2.5616831029402913,363.2083725629496,336.69560082572224,349.9519866943359,8.594851513639478,0.012236439526161158,0.01216217947207447,102432655.0
2022-10-25 00:00:00-04:00,361.46620527093705,367.6307517074169,361.3516980804559,367.31585693359375,78846300,352.133447265625,350.97973175048827,367.6680639648437,57.90447030921155,-1.6586407766498041,-4.84274617228716,3.1841053956373555,366.1379304895436,335.82153301143296,350.97973175048827,8.42943737887673,0.01596856460009466,0.015842408323389977,100960265.0
2022-10-26 00:00:00-04:00,364.1667310883198,369.8541443090124,363.90908993272876,364.5484313964844,104087300,354.5630126953125,351.52795867919923,366.7916278076172,55.62812643869215,-0.7491820173640349,-4.024033341302535,3.2748513239385,367.77709308661747,335.278824271781,351.52795867919923,8.251981450120079,-0.007534184775501496,-0.007562710112710781,100624520.0
2022-10-27 00:00:00-04:00,365.55039117436706,367.3921160917615,361.9814193866082,362.6017150878906,81971800,355.8999359130859,352.3481506347656,365.9342291259766,54.01938295555825,-0.18339902524888885,-3.255906478091806,3.0725074528429173,369.0869429893788,335.6093582801524,352.3481506347656,8.04903253976531,-0.005340075943096045,-0.005354385112737458,99075495.0
2022-10-28 00:00:00-04:00,362.49674993223925,371.70540412790007,362.31543719795053,371.228271484375,100302000,358.89537353515624,353.86734161376955,365.22579284667967,59.59560949947137,0.9501266101761985,-2.4146998604382053,3.3648264706144038,371.6375464615198,336.09713676601933,353.86734161376955,8.144813567635612,0.023790721437689344,0.02351213213418027,96405035.0
2022-10-31 00:00:00-04:00,368.7662444084812,370.63659603718315,367.6402184672529,368.5467529296875,96631300,360.7456878662109,354.8025192260742,364.5730169677734,57.27059670923716,1.6134785297487042,-1.6090641824008234,3.2225427121495276,373.56791911352616,336.03711933862223,354.8025192260742,7.819330671170361,-0.0072233683710707375,-0.0072495832123032405,96748775.0
2022-11-01 00:00:00-04:00,372.29707747025043,372.5356437948338,365.76035435229414,366.93408203125,85407600,362.02344970703126,355.1150390625,364.0550616455078,55.859179974742595,1.9861653633874994,-0.8900182732431587,2.876183636630658,374.4610179386974,335.76906018630257,355.1150390625,7.744756297696738,-0.004375756632280403,-0.004385358275205532,95839015.0
2022-11-02 00:00:00-04:00,366.34251046952323,370.8561966555853,357.62053916088735,357.7254943847656,126990400,362.6313232421875,355.0091156005859,363.3719421386719,48.507826134706505,1.5209339209246764,-0.4078278344095918,1.9287617553342682,374.2733926297708,335.74483857140103,355.0091156005859,8.136963526053966,-0.02509602704526126,-0.02541630211186825,97785250.0
2022-11-03 00:00:00-04:00,354.4809766440454,357.08613172387004,351.9235523083306,354.0420227050781,87100100,363.1657196044922,354.90462493896484,362.5900622558594,45.90535957849617,0.8452655750778604,-0.15720915251210138,1.0024747275899617,374.1660799672445,335.6431699106852,354.90462493896484,7.9701762796526125,-0.010296922465709457,-0.01035030252153905,98023580.0
2022-11-04 00:00:00-04:00,359.75796183612107,361.5424330085425,353.07810578080847,359.1376953125,103505200,363.36228637695314,355.5516159057617,361.79909423828127,49.909058448402426,0.7127555340511549,0.016783784800549872,0.695971749250605,374.46593698849097,336.63729482303245,355.5516159057617,8.005472775944142,0.014392846839163642,0.014290253058417924,97809365.0
2022-11-07 00:00:00-05:00,360.4354853214063,363.164698821556,358.3551942624768,362.57305908203125,68286900,363.4653381347656,356.5025390625,361.3467364501953,52.46346816668094,0.8748606683198545,0.1883991615044108,0.6864615068154437,374.8112516851586,338.19382643984136,356.5025390625,7.77718933188236,0.009565589506114192,0.009520128929702084,97421570.0
2022-11-08 00:00:00-05:00,363.6800782301254,367.50669186220006,360.445133617555,364.5293884277344,84641100,363.1866912841797,357.66006927490236,360.9844445800781,53.905047849844784,1.1479566538763493,0.38031065997879854,0.7676459938975507,374.8934648464071,340.4266737033976,357.66006927490236,7.7260728256511255,0.005395683150469566,0.005381178603373811,97029485.0
2022-11-09 00:00:00-05:00,362.5539832992573,363.7086651999319,356.52302003221314,357.0192565917969,78495500,362.43377380371095,358.4983932495117,360.5559637451172,47.89974841863267,0.7497397820993115,0.45419648440290117,0.2955432976964103,373.7842736161149,343.2125128829085,358.4983932495117,7.746093937784705,-0.020602267126745955,-0.02081745452846972,97104670.0
2022-11-10 00:00:00-05:00,370.3026114178393,376.9729451885855,368.00285783726986,376.6389465332031,141455800,363.8374969482422,359.86871643066405,360.57746520996096,60.332545061125664,1.994305934498982,0.7622183744221174,1.2320875600768646,376.4455530379057,343.2918798234224,359.86871643066405,8.618064984856415,0.0549541504531188,0.05349730669750436,96814735.0
2022-11-11 00:00:00-05:00,377.4977734770305,381.08582000984256,375.60831786460767,380.28424072265625,93839900,364.7430938720703,361.8192337036133,360.64830505371094,62.1402672176282,3.2374589415548485,1.2572664878486637,1.9801924537061848,378.36549288663707,345.2729745205895,361.8192337036133,8.393739067740592,0.00967848445575381,0.009631947952685021,95319880.0
2022-11-14 00:00:00-05:00,378.5188319106351,381.877834879153,376.77251031322436,377.04925537109375,71903500,365.5933441162109,363.1695159912109,360.73389587402346,59.54680327589439,3.9164835892197516,1.7891099081228812,2.1273736810968704,380.0557023993264,346.28332958309545,363.1695159912109,8.158852317611167,-0.008506756276344896,-0.008543145242522691,94256645.0
2022-11-15 00:00:00-05:00,382.80348568869397,383.9104368342091,376.4480758536066,380.26513671875,93194500,366.92644958496095,364.4749496459961,360.91193420410156,61.27697326771037,4.660388208836139,2.363365568265533,2.297022640570606,382.37834849412445,346.57155079786776,364.4749496459961,8.109102936396264,0.008529074920174962,0.008492907862868118,94058225.0
2022-11-16 00:00:00-05:00,378.6334179598029,379.58768334395705,376.73443916433405,377.3642578125,68508500,368.89032592773435,365.7608245849609,360.898525390625,58.83259615410786,4.958700482865083,2.882432551185443,2.07626793167964,383.4874190408378,348.03423012908405,365.7608245849609,7.782073980540527,-0.007628569190647472,-0.007657815558163016,93496305.0
2022-11-17 00:00:00-05:00,372.6023818822728,376.88705243365007,372.2970391508522,376.2095031738281,74496300,371.10707397460936,367.13639678955076,360.8126025390625,57.84342889801366,5.0437943391149815,3.314704908771351,1.7290894303436306,383.5763097750888,350.6964838040127,367.13639678955076,7.5881557434767615,-0.00306005302506851,-0.00306474456066971,92806965.0
2022-11-18 00:00:00-05:00,379.5494183386701,379.6162238896307,375.0643895252909,377.9176330566406,92922500,372.9850677490234,368.1736770629883,360.6426177978516,58.94307760665135,5.189245250314343,3.6896129770799497,1.4996322732343934,384.58575243088063,351.761601695096,368.1736770629883,7.371275644966979,0.00454036877963504,0.004530092399271015,90901170.0
2022-11-21 00:00:00-05:00,376.59124880158924,377.7172747970653,374.7017931399619,376.54351806640625,51243200,374.3821136474609,368.9237258911133,360.3620874023438,57.640500905788606,5.134449808297347,3.9785803433234297,1.1558694649739176,385.4259191037444,352.4215326784822,368.9237258911133,7.074458807232102,-0.003636017137174541,-0.0036426435147768623,89191485.0
2022-11-22 00:00:00-05:00,378.49018967584743,381.7728641092099,377.07786677530646,381.6106262207031,60429000,376.0902374267578,369.6384643554687,360.52255981445313,61.05801535206874,5.437220413802891,4.270308357419323,1.166912056383568,387.0152711972038,352.26165751373367,369.6384643554687,6.942665038344354,0.013456899166176095,0.013367159282568389,88270620.0
2022-11-23 00:00:00-05:00,381.27670641341655,384.5021279345099,381.04769204993397,384.0154724121094,68261600,378.78985900878905,370.61181640625,360.7026177978516,62.60021453427871,5.804310807586887,4.577108847452836,1.2272019601340514,388.89628369910173,352.32734911339827,370.61181640625,6.693505813075179,0.00630183235520132,0.0062820588391271,86479335.0
2022-11-25 00:00:00-05:00,383.45243275471506,384.4830556409012,383.17571677097555,383.9295654296875,30545400,379.5189208984375,371.67820892333987,360.96610961914064,62.50498692126057,6.018918270699203,4.865470732102109,1.153447538597094,390.450878295742,352.90553955093776,371.67820892333987,6.3087796028502146,-0.00022370708628549618,-0.00022373211244814623,83908015.0
2022-11-28 00:00:00-05:00,380.837748913633,382.4790864541177,377.0397623978261,377.8031921386719,67881600,379.27081604003905,372.0069549560547,361.1636437988281,55.966531809182065,5.629752820911904,5.018327149864068,0.6114256710478356,390.96594793266723,353.04796197944216,372.0069549560547,6.350281276351013,-0.015957024002981046,-0.016085708089881214,82286995.0
2022-11-29 00:00:00-05:00,377.93671115122805,379.1295426207394,375.3124819183031,377.15423583984375,52310000,379.28131408691405,372.4373291015625,361.29113342285154,55.30654735612175,5.20892579429551,5.056446878750356,0.1524789155451538,391.45329154245485,353.4213666606702,372.4373291015625,6.169336949642821,-0.0017177099408676177,-0.0017191868961509323,80070930.0
2022-11-30 00:00:00-05:00,377.4023849238339,389.0348815917969,375.4843314190897,389.0348815917969,144566700,380.1582885742188,373.54236907958983,361.74135620117187,63.737431957053325,5.767600852865314,5.198677673573348,0.568923179291966,393.6858786598768,353.3988594993029,373.54236907958983,6.696566465575989,0.031500761818298084,0.031014792082748485,83028885.0
2022-12-01 00:00:00-05:00,390.07504041496463,391.2487972907091,386.2389041546695,388.7486267089844,76398200,381.2967254638672,375.0935256958008,362.3137255859375,63.426975439679204,6.116746439692918,5.382291426797263,0.7344550128956548,394.90130144208297,355.2857499495186,375.0935256958008,6.576089799180531,-0.0007358077549274311,-0.0007360785943188362,80499275.0
2022-12-02 00:00:00-05:00,383.8531695839399,389.20658327820155,383.7482143923798,388.300048828125,85342700,382.5057800292969,376.8064270019531,362.9376232910156,62.90985165173463,6.284803049250684,5.5627937512879475,0.7220092979627362,394.88572874432623,358.72712525958,376.8064270019531,6.496252591083476,-0.0011539021620652345,-0.0011545684197451435,80411405.0
2022-12-05 00:00:00-05:00,385.47549236036787,386.41065374736974,379.9598399084257,381.31488037109375,77289800,382.8455047607422,377.9152862548828,363.54148376464843,55.343127155928805,5.787628230545522,5.607760647139463,0.17986758340605924,394.1501650833223,361.6804074264433,377.9152862548828,6.627963757413178,-0.0179891001253083,-0.01815287102054321,79100635.0
2022-12-06 00:00:00-05:00,381.1526980591558,381.69660720336174,373.72851442805074,375.8183288574219,77972200,382.7729858398437,378.57754974365236,364.1048822021484,50.223970654875465,4.893676576844939,5.464943833080558,-0.5712672562356191,393.26154027758287,363.89355920972184,378.57754974365236,6.723687258691593,-0.014414731227699984,-0.014519632771257238,79584900.0
2022-12-07 00:00:00-05:00,374.9689850432598,377.54551283524984,374.0433465972937,375.1789245605469,65927900,382.12981567382815,379.11002655029296,364.6732415771484,49.64864722266153,4.086512099957304,5.189257486455908,-1.1027453864986043,392.42638548047944,365.7936676201065,379.11002655029296,6.493578614353346,-0.001701365387949405,-0.0017028143537544656,78649240.0
2022-12-08 00:00:00-05:00,377.068403979044,379.18684498444895,375.2839034087124,378.1180725097656,60737900,381.5400756835937,380.1649673461914,365.16392517089844,52.35066641766754,3.6420102852399623,4.87980804621272,-1.2377977609727573,388.8523251676479,371.47760952473493,380.1649673461914,6.3160316007496835,0.007833990015994052,0.007803463641436698,77761360.0
2022-12-09 00:00:00-05:00,376.8775715745364,379.43499580414664,375.16942838990695,375.2934875488281,81447700,380.6764678955078,380.09769439697266,365.74583740234374,49.59616343388143,3.0269264701559564,4.509231731001367,-1.4823052608454104,388.9131230222712,371.28226577167413,380.09769439697266,6.1695698731418265,-0.007470113613425755,-0.007498154645869226,74760955.0
2022-12-12 00:00:00-05:00,376.08549280299235,380.70416259765625,375.41752454941917,380.70416259765625,75405800,380.96656494140626,380.11869049072266,366.54303161621095,54.53146286925253,2.9421491092969063,4.195815206660475,-1.2536660973635687,388.9377958497307,371.2995851317146,380.11869049072266,6.1153630999765625,0.014417183426675306,0.014314244055258218,73839250.0
2022-12-13 00:00:00-05:00,391.4587178854205,391.71635903607296,380.8186654692543,383.5860290527344,123782500,381.6097442626953,380.4455291748047,367.21788818359374,56.94935361150588,3.0720918160454858,3.9710705285374774,-0.8989787124919917,389.2699003241635,371.6211580254459,380.4455291748047,6.465136909865144,0.007569831743930333,0.007541324341387413,76433200.0
2022-12-14 00:00:00-05:00,383.2424323385713,386.9545379387217,378.1848384359595,381.1335144042969,108111300,380.8196075439453,380.488948059082,367.626884765625,54.30286008345223,2.9432469924996667,3.7655058213299153,-0.8222588288302486,389.3178858112212,371.66001030694287,380.488948059082,6.629748523643509,-0.006393649566679982,-0.00641417648546478,77179040.0
2022-12-15 00:00:00-05:00,376.2667660559643,377.17332966722427,370.1499515992905,371.81036376953125,117705900,379.12578125,380.2112533569336,367.8662127685547,45.62318593646679,2.065031800993893,3.425411017262711,-1.360379216268818,389.7376646260051,370.6848420878621,380.2112533569336,6.940735258026572,-0.024461639510599098,-0.02476579576655889,79638910.0
2022-12-16 00:00:00-05:00,369.2517657317392,370.59386612148,365.2829810609633,367.4207458496094,119858000,377.03785095214846,379.77181549072264,368.09199096679686,42.20283225155315,1.0032693889543793,2.940982691601045,-1.9377133026466655,390.7032703192365,368.8403606622088,379.77181549072264,6.911210075922383,-0.011806066607231047,-0.011876311637328862,81906995.0
2022-12-19 00:00:00-05:00,367.6124286419873,367.9479610000422,362.6370475272463,364.3050842285156,79878100,375.3368713378906,379.09118804931643,368.4541351318359,39.91547023299438,-0.08857182545392561,2.335071788190051,-2.4236436136439767,391.9286350891118,366.25374100952104,379.09118804931643,6.796903175699063,-0.008479819542821954,-0.008515977767813612,81254775.0
2022-12-20 00:00:00-05:00,363.5478242860952,366.42376617165866,362.224886337841,364.80364990234375,74427200,374.2354034423828,378.50419464111326,368.8791162109375,40.47147079803584,-0.9032219901071699,1.687413032530607,-2.590635022637777,392.75026168596213,364.2581275962644,378.50419464111326,6.611330079850392,0.0013685388851598645,0.0013676032893220127,82413975.0
2022-12-21 00:00:00-05:00,367.40152173062785,371.3894974015058,366.8646816648933,370.25830078125,78167400,373.74334106445315,377.93657836914065,369.45670654296873,46.323737415316685,-1.0960586929841725,1.1307186874276511,-2.2267773804118236,392.54242113823096,363.33073560005033,377.93657836914065,6.6095098955155125,0.014952292501367426,0.014841608927393368,83300895.0
2022-12-22 00:00:00-05:00,367.209831595386,370.23916053307846,359.2722332289845,364.9761962890625,100120900,372.4291534423828,376.98461456298827,369.9511749267578,42.016097650057155,-1.6560153434128893,0.5733718812595431,-2.229387224672432,392.34395741408974,361.6252717118868,376.98461456298827,6.922121156711943,-0.014265998847405092,-0.014368736482821146,84893860.0
2022-12-23 00:00:00-05:00,363.9503928993597,367.2193832656584,362.3973891620379,367.0755920410156,59857300,371.60736389160155,376.1419158935547,370.308037109375,44.23564531641659,-1.9083826836965159,0.07702096826833132,-1.9854036519648472,391.7323015715243,360.5515302155851,376.1419158935547,6.772112081491126,0.005752144313242891,0.0057356638994204975,86359455.0
2022-12-27 00:00:00-05:00,366.96058546509136,367.3056844290648,363.9504190865602,365.6280517578125,51638200,370.09975280761716,375.53315887451174,370.7951202392578,43.0130621129993,-2.199831731482618,-0.37834957168185857,-1.8214821598007596,391.7545671122497,359.3117506367738,375.53315887451174,6.528051600134945,-0.0039434392114019445,-0.003951235069553368,85547285.0
2022-12-28 00:00:00-05:00,365.5609421925815,367.53578243852644,360.8540099500132,361.0840759277344,70911500,367.8495574951172,374.7296508789062,371.0159295654297,39.33766188110827,-2.765588097458192,-0.8557972768371253,-1.9097908206210668,392.1015018543897,357.35779990342274,374.7296508789062,6.539031663590536,-0.012427864350758266,-0.012505736116064963,86477360.0
2022-12-29 00:00:00-05:00,363.93123576240765,368.45605164881476,363.4039622569558,367.58367919921875,66970900,366.49457397460935,373.65709075927737,371.28447387695314,46.393624060031,-2.6588409654123097,-1.2164060145521622,-1.4424349508601475,389.9808379569371,357.33334356161765,373.65709075927737,6.598527667696954,0.018000248985738043,0.01784016271154082,82597570.0
2022-12-30 00:00:00-05:00,364.89946016973596,366.7592086998613,362.78082893352615,366.61541748046875,84022200,365.97507934570314,372.55043029785156,371.58384704589844,45.54374633355521,-2.622147241625157,-1.4975542599667613,-1.124592981658396,387.58146732509647,357.51939327060666,372.55043029785156,6.4702649961252146,-0.0026341259787685534,-0.0026376013930655405,82978770.0
2023-01-03 00:00:00-05:00,368.4751764259672,370.449987086223,362.2056162807152,365.0719909667969,74850700,365.7402038574219,371.38902740478517,371.91132568359376,44.15520772887,-2.6866389207557972,-1.7353711921245685,-0.9512677286312288,384.8839139026457,357.89414090692463,371.38902740478517,6.596986839652542,-0.004209933461824744,-0.004218820182138648,82454170.0
2023-01-04 00:00:00-05:00,367.33444063245616,369.9227998702252,364.2859494452824,367.8904724121094,85934100,366.09874267578124,370.7178070068359,372.1256945800781,47.31411853990888,-2.4817134951408093,-1.8846396527278166,-0.5970738424129927,383.4870387881627,357.94857522550916,370.7178070068359,6.528405667173274,0.007720344247304389,0.007690694894022468,82886385.0
2023-01-05 00:00:00-05:00,365.93488176571645,366.0499147712704,363.09729369153195,363.691650390625,76970500,365.9875427246094,370.1114730834961,372.1686767578125,43.37755951030429,-2.6278265167273958,-2.0332770255277324,-0.5945494911996634,383.0053874506817,357.21755871631046,370.1114730834961,6.404460885273571,-0.011413239364298833,-0.011478870232432723,82836300.0
2023-01-06 00:00:00-05:00,366.78802795358683,373.153460042991,363.72037415912655,372.0318298339844,104189600,366.16489562988284,369.954118347168,372.2629962158203,51.93238576432167,-2.047042329990461,-2.0360300864202783,-0.011012243570182711,382.6724408297721,357.2357958645639,369.954118347168,6.622842940065889,0.022932006919602177,0.022673020361417516,84749385.0
2023-01-09 00:00:00-05:00,374.2271676198182,377.419479732033,371.63883728473166,371.8209533691406,73978100,366.8493713378906,369.6392623901367,372.40844665527345,51.71961337025215,-1.5855059207113413,-1.945925253278491,0.36041933256714964,381.8345965291775,357.44392825109594,369.6392623901367,6.562685762011276,-0.0005668237175777691,-0.0005669844228717576,85411395.0
2023-01-10 00:00:00-05:00,371.2361537559992,374.4955486092587,370.29666890331214,374.4284362792969,65358100,367.58465576171875,369.5960098266602,372.64498107910157,54.21740089158921,-0.9978305425945564,-1.756306311141704,0.7584757685471477,381.7167307831442,357.47528887017614,369.5960098266602,6.39384247229237,0.00701273794962165,0.006988263060217294,84606915.0
2023-01-11 00:00:00-05:00,376.010165101327,379.2408011692247,375.195309209713,379.1640930175781,68881100,368.9382598876953,369.5190063476563,372.80369750976564,58.424349732970306,-0.14825663996106186,-1.4346963769055758,1.286439736944514,381.3731022623494,357.66491043296315,369.5190063476563,6.28087978783776,0.01264769520536313,0.012568381168065593,84280680.0
2023-01-12 00:00:00-05:00,380.26666054687666,382.011376504994,376.19240927348505,380.5446472167969,90157700,370.8843170166016,369.3669372558594,373.0436553955078,59.590118179801955,0.6291831530936065,-1.0219204709057395,1.651103623999346,380.5546008045205,358.1792737071983,369.3669372558594,6.247886033814274,0.0036410467780101374,0.0036344342134341377,82599440.0
2023-01-13 00:00:00-05:00,377.3427317250366,382.5961292686462,377.07431166109114,382.02093505859375,63903900,372.3280426025391,369.4113082885742,373.3453924560547,60.85415911191649,1.3488847771618566,-0.5477594212922202,1.896644198454077,380.79068459152506,358.0319319856234,369.4113082885742,6.19602400336719,0.003879407718894612,0.0038719022217631764,80389070.0
2023-01-17 00:00:00-05:00,382.00185828445825,383.6794913741159,380.64056599067237,381.3211975097656,62677300,373.7986206054687,369.88684997558596,373.8173065185547,59.897773451965,1.8415621450905064,-0.06989510801567489,1.9114572531061813,382.3689829772762,357.40471697389575,369.88684997558596,5.970516959086929,-0.0018316733053407308,-0.001833352870145519,77637640.0
2023-01-18 00:00:00-05:00,382.50988909217506,383.5739736096775,375.09953453290353,375.30084228515625,99632300,374.8215057373047,370.2808547973633,374.24248291015624,52.28425606166639,1.7263202115034915,0.28934795588815837,1.436972255615333,382.92318898481204,357.63852060991456,370.2808547973633,6.149368538921719,-0.015788147273022246,-0.015914107616295498,76626355.0
2023-01-19 00:00:00-05:00,373.2588930285292,374.9077675297641,371.2457571335137,372.5686950683594,86958900,375.28932800292966,370.6940353393555,374.51110290527345,49.22625172844642,1.398408716766255,0.5111601080637778,0.8872486087024773,383.0653981142817,358.32267256442924,370.6940353393555,5.99977686840178,-0.0072798856516314014,-0.00730651332885008,76980395.0
2023-01-20 00:00:00-05:00,373.96829741871426,379.66266441415144,372.31942298138915,379.50927734375,91806400,376.8710906982422,371.42931671142577,374.84982727050783,56.22985646425312,1.6792264027808983,0.7447733670072019,0.9344530357736964,384.05826885815094,358.8003645647006,371.42931671142577,6.095738622998958,0.018629000147522223,0.01845760565755268,77849355.0
2023-01-23 00:00:00-05:00,380.31458203818664,385.99935386476415,379.3559346776604,384.0628967285156,84178800,378.07419738769534,372.1195465087891,375.2404974365234,60.1168788654809,2.243355464935746,1.0444897865929108,1.1988656783428353,385.8757079202985,358.36338509727966,372.1195465087891,6.134858663292158,0.011998703738251626,0.011927289973397754,78149925.0
2023-01-24 00:00:00-05:00,382.38524381226813,384.56136267462904,381.1965305092897,383.6506652832031,59524900,379.2571685791016,373.0532699584961,375.77312561035154,59.60086578070204,2.6268870597052683,1.3609692412153824,1.2659178184898858,387.27059982113093,358.8359400958613,373.0532699584961,5.9369996277240995,-0.0010733435820641235,-0.0010739200278065105,76120125.0
2023-01-25 00:00:00-05:00,379.57639153162364,384.12996598342204,377.2852105542449,383.79443359375,84800300,380.1937683105469,373.8892120361328,375.9162353515625,59.73068686946233,2.9089074386741913,1.6705568807071445,1.2383505579670468,388.5611329868859,359.21729108537966,373.8892120361328,6.001839327827889,0.00037473755047634505,0.0003746673538967919,77367275.0
2023-01-26 00:00:00-05:00,386.4594777963223,388.1754645974599,383.4876654146606,388.0124816894531,72287400,381.0786071777344,375.00843353271483,376.07080017089845,63.442473739941846,3.43319610289484,2.0230847251446837,1.4101113777501562,390.3869455759122,359.62992148951747,375.00843353271483,5.907979317468701,0.010990383722365271,0.010930428343608004,78399735.0
2023-01-27 00:00:00-05:00,386.967565239786,391.28147800741476,386.7566616675893,388.9040222167969,68346200,381.9145446777344,376.399430847168,376.3078955078125,64.19371989105767,3.875958875016579,2.3936595551190627,1.4822993198975163,391.5189238472877,361.2799378470483,376.399430847168,5.809181961922755,0.0022977109485289304,0.002295075247341636,78271470.0
2023-01-30 00:00:00-05:00,386.14307720021804,388.37674154050546,383.72729680861056,384.02447509765625,74202000,382.1148986816406,377.22147064208986,376.3830822753906,57.25838177723703,3.789430691248697,2.67281378234499,1.116616908903707,392.12049193288766,362.32244935129205,377.22147064208986,5.764006493798724,-0.012546918623589032,-0.012626295865832877,78633025.0
2023-01-31 00:00:00-05:00,384.5421906397612,389.7188801347345,384.19706240377985,389.67095947265625,86811800,382.9498748779297,378.3742477416992,376.62921630859375,62.33007678480559,4.128885361330845,2.964028098142161,1.1648572631886838,393.3797646256045,363.36873085779393,378.3742477416992,5.759034961175833,0.014703449236052268,0.014596401563952525,78772505.0
2023-02-01 00:00:00-05:00,388.4534215519607,396.56359788271243,385.71170461794947,393.812255859375,101459200,384.80101623535154,379.81126098632814,376.9812713623047,65.55806932523659,4.678146876018616,3.3068518537174523,1.3712950223011635,394.9500165679277,364.67250540472855,379.81126098632814,6.1228105542892,0.010627675186067664,0.010571598406774851,80102930.0
2023-02-02 00:00:00-05:00,397.70436739497256,401.01171197085296,395.80626464324223,399.54498291015625,101654500,387.49864501953124,381.3939865112305,377.413818359375,69.45949737524404,5.512479316066845,3.747977346187331,1.7645019698795137,397.7837624815681,365.00421054089287,381.3939865112305,6.199713808374112,0.014557005185811933,0.014452069129764048,80888950.0
2023-02-03 00:00:00-05:00,394.56960600643197,399.72713273402843,394.09028239614366,395.2981872558594,94736800,389.07753601074216,382.9743133544922,377.7889117431641,63.70272682511524,5.764562579396397,4.151294392829144,1.613268186567253,398.2918145696296,367.6568121393548,382.9743133544922,6.159509274767729,-0.010629080168557237,-0.010685972341271615,81777265.0
2023-02-06 00:00:00-05:00,392.84412145755863,394.2820925400618,391.22400503082395,392.8824462890625,60295300,389.95949096679686,384.01684417724607,378.01434814453125,60.62471234943598,5.703662009674872,4.461767916198291,1.2418940934765814,399.0489761597919,368.98471219470025,384.01684417724607,6.0105573426439936,-0.0061111865540462995,-0.00612993628234992,79582550.0
2023-02-07 00:00:00-05:00,391.96206429093394,399.2669510561357,390.71583467034515,398.0207214355469,90990700,391.39649658203126,385.3268325805664,378.294453125,64.5484465564616,6.00083978571314,4.769582290101261,1.231257495611879,400.4455123710048,370.20815279012805,385.3268325805664,6.192025845725893,0.01307840346398148,0.012993619570623179,80433180.0
2023-02-08 00:00:00-05:00,396.0459739638543,397.38807436741587,392.9782908223468,393.66851806640625,76227500,392.3839050292969,386.28883666992186,378.4892321777344,59.17003336738482,5.818101423695282,4.979286116820066,0.8388153068752162,400.95288815970787,371.62478518013586,386.28883666992186,6.109911900545476,-0.010934615045778195,-0.010994837356446314,80976650.0
2023-02-09 00:00:00-05:00,397.27301170174235,397.42639877292254,389.02863947326034,390.2557067871094,78694900,392.6082275390625,386.8434173583984,378.7382824707031,55.28024390952828,5.33638013859553,5.050704921175159,0.28567521742037094,401.2239244571754,372.4629102596214,386.8434173583984,6.273329571910956,-0.008669251216885887,-0.008707047779025017,81467340.0
2023-02-10 00:00:00-05:00,389.0765695741987,391.54989593055205,388.26174279369724,391.16644287109375,70769700,392.8344696044922,387.37450714111327,379.0185266113281,56.109445829529406,4.970801040005028,5.034724144941133,-0.0639231049361042,401.5686456442454,373.18036863798113,387.37450714111327,6.06010268369266,0.0023336906242377164,0.0023309717973851213,80497940.0
2023-02-13 00:00:00-05:00,391.8183051444725,395.8925559564968,391.358143932513,395.7583312988281,64913500,394.0078552246094,388.061376953125,379.15299560546873,60.12415624808536,4.994035853976982,5.026586486748303,-0.0325506327713212,402.48052956291576,373.6422243433342,388.061376953125,5.964817712386258,0.011738963071654895,0.011670595963810631,80548420.0
2023-02-14 00:00:00-05:00,394.23410329587506,397.88654714068605,391.6170149103328,395.57623291015625,88389300,394.5983825683594,388.77412872314454,379.2895477294922,59.89019799570073,4.9408013113660445,5.009429451671852,-0.06862814030580733,403.1994020261716,374.3488554201175,388.77412872314454,5.986583035098186,-0.00046012521852478727,-0.00046023110861619527,81834020.0
2023-02-15 00:00:00-05:00,393.3808847880114,396.93745771221506,392.5372705702228,396.86077880859375,61555700,394.9032348632812,389.8521255493164,379.46076232910156,61.04183619150054,4.945258806217339,4.99659532258095,-0.051336516363610585,403.2764725975331,376.4277785010997,389.8521255493164,5.873269042733477,0.0032472777471674874,0.0032420167270362297,79930190.0
2023-02-16 00:00:00-05:00,391.8854343728946,395.83505653186137,391.2623194847148,391.3965148925781,76431500,394.08838806152346,390.7935165405273,379.66239501953123,53.94617424266292,4.4564992227722655,4.888576102619213,-0.43207687984694765,401.6287304068216,379.95830267423304,390.7935165405273,5.8536397771010105,-0.01376871741374841,-0.013864385368429353,79403820.0
2023-02-17 00:00:00-05:00,389.2682823043391,390.6583324559055,387.34139205761664,390.4186706542969,89257800,393.6004364013672,391.3389862060547,379.95440185546875,52.7641484356899,3.944776940691497,4.69981627023367,-0.7550393295421731,400.86647286004495,381.81149955206445,391.3389862060547,5.725174281233902,-0.002498346819847508,-0.002501472896030744,79276390.0
2023-02-21 00:00:00-05:00,386.392440449129,387.44695849959504,382.32778460616737,382.58660888671875,82655900,392.5708526611328,391.26517181396486,380.10255554199216,44.37698336642352,2.8741203457423126,4.334677085335398,-1.4605567395930859,401.0367496709447,381.493593956985,391.26517181396486,5.894153693155017,-0.02006067423582092,-0.02026462171970804,79200245.0
2023-02-22 00:00:00-05:00,382.9987818589444,384.54221931792307,380.6021634644275,382.059326171875,83742300,390.97471313476564,391.18560485839845,380.1813806152344,43.87138033376668,1.9604708841764023,3.8598358451035994,-1.8993649609271972,401.22611216974184,381.14509754705506,391.18560485839845,5.7545752760364834,-0.0013782048367507738,-0.0013791554345495035,80411115.0
2023-02-23 00:00:00-05:00,384.95439045031753,385.567938737912,379.86397585252666,384.09161376953125,96242400,390.01702270507815,391.2004638671875,380.35734313964844,46.405897357964,1.3844269162763112,3.364754059338142,-1.9803271430618308,401.19796171863436,381.2029660157407,391.2004638671875,5.750960105275689,0.005319298492250324,0.005305200994460208,80983220.0
2023-02-24 00:00:00-05:00,379.0683237378521,380.8226354035622,377.36193273433554,379.9886169433594,108194400,388.9903137207031,390.7992706298828,380.3430322265625,42.25719556021869,0.5900288821724757,2.8098090239050086,-2.219780141732533,401.86338358350935,379.7351576762563,390.7992706298828,5.820868743127119,-0.010682339002157537,-0.01073980479790897,82778570.0
2023-02-27 00:00:00-05:00,383.3342657519672,384.69555770016393,380.3432910551879,381.28277587890625,80444700,388.0019470214844,390.41820831298827,380.2969671630859,43.959024286447026,0.06415103399035615,2.2606774259220783,-2.196526391931722,402.2177041773373,378.61871244863926,390.41820831298827,5.741302458389794,0.0034057834309804136,0.0033999968853497212,83383495.0
2023-02-28 00:00:00-05:00,380.803515853838,382.76873131447655,379.7681602824562,379.8736267089844,96438600,386.4134765625,390.2106658935547,380.2717694091797,42.490556468086,-0.4610033510349467,1.7163412705306735,-2.17734462156562,402.5847308111258,377.8366009759836,390.2106658935547,5.545535927934833,-0.0036958112431740853,-0.0037026576273813607,84495325.0
2023-03-01 00:00:00-05:00,379.058688324708,380.2857555557943,377.1126357022291,378.4163818359375,99706800,384.69749145507814,389.64793701171874,380.4038897705078,40.9664849701358,-0.9834429491064611,1.1763844266032466,-2.1598273757097077,403.04993679117905,376.2459372322584,389.64793701171874,5.376077636908431,-0.003836130677645766,-0.0038435074986098447,85140075.0
2023-03-02 00:00:00-05:00,376.4415712731506,382.20305024263513,376.1060389057773,381.35943603515625,85127800,383.14735717773436,389.0252960205078,380.68266357421874,45.23855377885869,-1.1467808411153442,0.7117513730595285,-1.8585322141748728,402.7487944909276,375.30179755008805,389.0252960205078,5.42757290119053,0.007777290678960824,0.007747203451199387,84323505.0
2023-03-03 00:00:00-05:00,383.1809267997028,387.724935164796,382.5290536184137,387.4756774902344,90120000,382.7552734375,388.42183074951174,381.1460754394531,52.87153109846933,-0.7737780952344337,0.41464547940073615,-1.18842357463517,401.27582740428977,375.5678340947337,388.42183074951174,5.494567631794047,0.01603799690566543,0.01591074698618085,83746780.0
2023-03-06 00:00:00-05:00,388.3000821585358,390.60085911261217,387.3031100177366,387.74407958984375,72795900,382.48781433105466,388.04412536621095,381.6048840332031,53.179947121607135,-0.4513104989745216,0.24145428372568464,-0.6927647827002062,400.50565007794484,375.58260065447706,388.04412536621095,5.337652022014154,0.0006926940584963681,0.0006924542567001596,82649735.0
2023-03-07 00:00:00-05:00,387.69611880425083,387.93578060753197,381.18689603557027,381.8004150390625,108310600,382.40919494628906,387.4900238037109,381.8357263183594,46.00081146014321,-0.6676602894431198,0.059631369091923764,-0.7272916585350436,400.0270249536774,374.9530226537444,387.4900238037109,5.438454347010407,-0.015328833794363672,-0.015447534963096516,85050500.0
2023-03-08 00:00:00-05:00,381.91547162159134,383.1808636899206,380.1898891101756,382.4235534667969,74746600,382.44561767578125,386.7101654052734,382.1846734619141,46.81150532250801,-0.7798473984019552,-0.10826438440685203,-0.6715830139951031,398.44466101267557,374.97566979787126,386.7101654052734,5.263634363634307,0.0016321051606782433,0.0016307747244616476,84238295.0
2023-03-09 00:00:00-05:00,383.20967866619384,384.87774493306273,374.38054484861016,375.3679504394531,111945300,381.57325134277346,385.7951370239258,382.3505206298828,39.56801051736163,-1.4216962591873994,-0.3709507593629615,-1.0507454998244379,398.05868924668283,373.5315848011688,385.7951370239258,5.637460486549898,-0.018449708349243532,-0.01862202699528113,86024185.0
2023-03-10 00:00:00-05:00,374.82148382483746,376.901761257044,368.4273229667233,369.9515686035156,189253000,380.5695465087891,384.7799301147461,382.4369909667969,35.0803565393696,-2.3404436753854725,-0.7648493425674637,-1.5755943328180089,398.65424193128314,370.90561829820905,384.7799301147461,5.840101758247811,-0.014429526627396938,-0.01453464467455934,91552090.0
2023-03-13 00:00:00-04:00,366.02116036617707,374.2463714168759,364.9091258748091,369.4243469238281,157790000,379.3837036132812,383.6928253173828,382.6037963867187,34.668187884401505,-3.0756458742007453,-1.22700864889412,-1.8486372253066252,398.7517302911828,368.6339203435828,383.6928253173828,6.0898977428063095,-0.0014251099993376481,-0.0014261264343953686,95903105.0
2023-03-14 00:00:00-04:00,374.35173718346283,377.17975816787913,371.0443925918974,375.5308837890625,149752400,378.9494293212891,382.6814529418945,382.76274047851564,43.018978578384036,-3.1294777515535657,-1.6075024694260094,-1.5219752821275563,397.065030162705,368.29787572108404,382.6814529418945,6.208862992895216,0.016529871179534084,0.016394739959988698,100145050.0
2023-03-15 00:00:00-04:00,369.9323910671056,373.38349766674736,367.8425178859198,373.18218994140625,172996900,378.42601013183594,381.561750793457,382.8940759277344,40.85589295259695,-3.3233503526936374,-1.9506720460795353,-1.3726783066141022,395.2242722110675,367.8992293758465,381.561750793457,6.314541772198608,-0.006254329401508052,-0.006273969653533892,104375430.0
2023-03-16 00:00:00-04:00,370.8239247170232,380.074864540284,370.3158428605711,379.729736328125,143254200,378.26304016113284,380.70519866943357,383.1872308349609,48.613061351005555,-2.91506050960146,-2.1435497387839204,-0.7715107708175397,392.43503110986666,368.9753662290005,380.70519866943357,6.560576051306774,0.017545173813752424,0.017393034217653952,108460355.0
2023-03-17 00:00:00-04:00,378.3979930571189,379.533507168689,373.9040108000652,375.28973388671875,140553400,377.04444580078126,379.8998596191406,383.3352160644531,44.363832642557256,-2.916143471056216,-2.29806848523838,-0.6180749858178363,390.7626073554566,369.0371118828246,379.8998596191406,6.508086728217706,-0.011692532916541598,-0.01176142814593648,111666450.0
2023-03-20 00:00:00-04:00,376.06913373609086,379.3121292855333,375.3666692245707,378.8983154296875,93055800,376.1598693847656,379.32384185791017,383.63934936523435,48.31782576557892,-2.5958954861920915,-2.3576338854291223,-0.2382616007629692,389.05747651161715,369.5902072042032,379.32384185791017,6.33053734754605,0.00961545498619465,0.009569520716760122,111856350.0
2023-03-21 00:00:00-04:00,382.26637985609574,384.3545965453815,380.6689485650316,383.8734436035156,91524200,376.36717224121094,379.38818359375,383.876181640625,53.250763781498364,-1.9185297692416725,-2.2698130621916324,0.35128329294995986,389.22371762133736,369.55264956616264,379.38818359375,6.268090473842334,0.013130510142770335,0.013045052252071204,112299765.0
2023-03-22 00:00:00-04:00,383.70026302343734,387.31851343521214,377.29130185553555,377.32977294921875,111746600,375.8577941894531,379.1517059326172,383.9863580322266,46.908834851510065,-1.8879687637772236,-2.1934442025087506,0.30547543873152705,388.9463194121139,369.35709245312046,379.1517059326172,6.536599124259067,-0.01704642705384829,-0.017193389913563416,113699980.0
2023-03-23 00:00:00-04:00,380.19749521054143,384.2391923827506,375.6361739137841,378.3498840332031,119351300,376.15598754882814,378.86461944580077,384.0647869873047,47.94954731881112,-1.7611332597618912,-2.106982013959379,0.34584875419748773,388.3962942405744,369.33294465102716,378.86461944580077,6.684200506023886,0.0027035001134714243,0.0026998522302623404,114855425.0
2023-03-24 00:00:00-04:00,377.0699305533351,380.9191540535127,374.7219018688471,380.8325500488281,107682400,377.24408569335935,378.90681610107424,384.0981561279297,50.49303879576703,-1.4436433877369268,-1.9743142887148886,0.5306709009779618,388.46545503448,369.3481771676685,378.90681610107424,6.649418483069724,0.006561825760747819,0.006540390699751729,114829825.0
2023-03-27 00:00:00-04:00,383.11324113581304,383.88310351821207,380.6497402466303,381.544677734375,74010400,378.45611877441405,378.91991119384767,384.11815673828124,51.2292283602157,-1.1216380784687203,-1.8037790466656551,0.6821409681969348,388.4922420573059,369.34758033038946,378.91991119384767,6.405414539392012,0.0018699233704040363,0.001868177240112812,114508110.0
2023-03-28 00:00:00-04:00,380.85183851528325,381.54470001628135,378.850254938649,380.6882629394531,62871700,378.97185668945315,378.9606430053711,384.09150329589846,50.26124562957087,-0.9248905055205796,-1.6280013384366403,0.7031108329160607,388.5557657643622,369.36552024637996,378.9606430053711,6.140345292123464,-0.002244598981192225,-0.0022471218694406774,112829765.0
2023-03-29 00:00:00-04:00,384.8550092196648,386.46207306808367,383.6521267894026,386.22149658203125,77497900,380.2757873535156,379.3508987426758,384.18950927734375,56.040620667053176,-0.31880592838382427,-1.3661622564260771,1.0473563280422529,389.44752874908596,369.2542687362656,379.3508987426758,6.114164209016827,0.014534815441520799,0.014430197527832148,111719320.0
2023-03-30 00:00:00-04:00,388.85822473969705,389.1084336951085,386.61606470017716,388.4829406738281,69840000,381.15110778808594,379.7070739746094,384.45315124511717,58.179408355553754,0.3400798750249123,-1.0249138301358793,1.3649937051607917,390.5378859413263,368.8762620078925,379.7070739746094,5.883647987878285,0.005855303528700784,0.005838227862045505,110954930.0
2023-03-31 00:00:00-04:00,389.4067476454537,394.25677808538353,389.3008787149844,393.9584655761719,112062600,383.0179809570312,380.0312133789063,384.8809466552734,62.88765404910594,1.289219401244054,-0.5620871838598926,1.8513065851039467,392.0909154832009,367.97151127461166,380.0312133789063,5.875804375283793,0.014094634098594794,0.013996228327657078,112052060.0
2023-04-03 00:00:00-04:00,393.4387769608017,395.86377728046097,393.04422801384897,395.4596252441406,67391100,384.6741119384766,380.41699066162107,385.19995361328125,64.08156560633213,2.137905904971717,-0.022088566093570683,2.159994471065288,393.8539038449378,366.98007747830434,380.41699066162107,5.657500438950094,0.003810451606296228,0.0038032102250334866,111781820.0
2023-04-04 00:00:00-04:00,396.10434874148575,396.39305813101834,391.8894442126204,393.26556396484375,66601500,385.6133239746094,380.99024810791013,385.38400695800783,60.99311194675452,2.603442796951583,0.5030177065154601,2.100425090436123,395.54602132959525,366.434474886225,380.99024810791013,5.5750799731963685,-0.005548129667958812,-0.005563577704333759,109696365.0
2023-04-05 00:00:00-04:00,392.5341828254698,393.29441266985214,390.5807031245207,392.2358703613281,65200200,387.1039337158203,381.4808639526367,385.5557110595703,59.54273561249595,2.8563700140690003,0.9736881680261681,1.882681846042832,396.83630759896914,366.12542030630425,381.4808639526367,5.370696371206016,-0.0026183162164884477,-0.002621750001526216,109219045.0
2023-04-06 00:00:00-04:00,391.437167451645,394.0450376322365,390.3882575257403,393.7659606933594,63743300,388.6455413818359,382.40076446533203,385.7551416015625,61.02583571059655,3.144039626456049,1.4077584597121444,1.7362811667439046,398.37311431826583,366.4284146123982,382.40076446533203,5.248273780869598,0.0039009444256634662,0.003893355471613616,106808945.0
2023-04-10 00:00:00-04:00,391.28318728502614,394.2471058980047,390.66732678096605,394.17010498046875,63681000,389.979296875,383.6116912841797,385.8782940673828,61.42804276456132,3.3658317203014008,1.7993731118299958,1.566458608471405,399.29472557264484,367.92865699571456,383.6116912841797,5.129095590595958,0.001026356586023125,0.001025830242215791,100530345.0
2023-04-11 00:00:00-04:00,394.7956544202573,395.6809594619992,393.5061679518089,394.2760009765625,59297900,391.25242919921874,384.8542739868164,385.9857336425781,61.54004055959244,3.509690942001896,2.141436677864376,1.3682542641375202,399.7630254316819,369.9455225419509,384.8542739868164,4.918073870566983,0.00026865557472710577,0.00026861949328036637,95605740.0
2023-04-12 00:00:00-04:00,396.3449304189456,396.63363981226826,392.0819222861502,392.6689147949219,86420400,392.45049438476565,385.7111755371094,386.15862243652344,58.75196522413147,3.4542040733799695,2.4039901569674944,1.050213916412475,400.34546232578583,371.07688874843296,385.7111755371094,4.891905560249204,-0.004076043628473691,-0.004084373336845933,92439140.0
2023-04-13 00:00:00-04:00,393.75631259262076,398.2406615136449,392.6111662470231,397.8846130371094,85814800,393.61680603027344,386.94629669189453,386.3228955078125,64.3905483339951,3.7874344027722486,2.6806790061284453,1.1067553966438033,401.3095718353656,372.58302154842346,386.94629669189453,4.944590539275818,0.013282686878617556,0.013195245446980287,88080035.0
2023-04-14 00:00:00-04:00,397.24953269593004,399.44358917464797,394.6031912280039,396.9127197265625,78161500,394.45978393554685,387.8054458618164,386.38490478515627,62.67134764273316,3.927820699856227,2.930107344874002,0.997713354982225,402.39315618889486,373.2177355347379,387.8054458618164,4.937148211230694,-0.0024426511574002774,-0.0024456392967184127,84825400.0
2023-04-17 00:00:00-04:00,396.8260867230395,398.35614960865223,395.59433632263926,398.3369140625,66436400,394.8976287841797,388.95780487060546,386.3607434082031,64.18058746944388,4.106659418673644,3.16541775963393,0.9412416590397137,403.04124630691234,374.8743634342986,388.95780487060546,4.781767145143713,0.003588180134208363,0.0035817579738645043,81119550.0
2023-04-18 00:00:00-04:00,399.91503394298456,400.0497708521034,397.2205894330338,398.5966796875,63560000,395.2113342285156,389.9427230834961,386.4267132568359,64.46281287389598,4.220697730639756,3.3764737538350955,0.8442239768046607,403.8281824972252,376.057263669767,389.9427230834961,4.642296736138419,0.0006521254140139376,0.0006519128726335402,79644760.0
2023-04-19 00:00:00-04:00,396.68177851295354,399.43395956292494,396.6240425026219,398.5294189453125,55227300,395.7377197265625,390.67552185058594,386.53965270996093,64.321494565248,4.256579337724872,3.5524948706130512,0.7040844671118212,404.74808542235814,376.60295827881373,390.67552185058594,4.51141247357875,-0.00016874385968346228,-0.00016875809853038724,77829915.0
2023-04-20 00:00:00-04:00,395.709795357126,398.1059569841909,394.805225474454,396.35455322265625,75840400,396.1495880126953,391.6267608642578,386.50632934570314,59.759530771407476,4.062690119386218,3.654533920367685,0.4081561990185332,404.4815692857929,378.7719524427227,391.6267608642578,4.455182544813018,-0.005457227545238474,-0.005472172608685775,76034605.0
2023-04-21 00:00:00-04:00,396.65290416377644,397.1244246963598,394.7090566567866,396.66253662109375,73457400,396.4392456054687,392.54239349365236,386.5662097167969,60.190122899194066,3.8890526254704696,3.7014376613882423,0.18761496408222733,404.01885997613516,381.06592701116955,392.54239349365236,4.3094815087244625,0.0007770401423001783,0.0007767384029077683,73739910.0
2023-04-24 00:00:00-04:00,396.46043453439125,397.4997414469219,395.12284448225694,397.0763244628906,64332100,396.72986755371096,393.35458221435545,386.7026220703125,60.79707803389587,3.7417008825690345,3.709490305624401,0.03221057694463347,403.6384482265956,383.0707162021153,393.35458221435545,4.171439755577357,0.001043173487775384,0.0010426297604143769,71572395.0
2023-04-25 00:00:00-04:00,395.10363191354855,395.66178590610525,390.71551837699116,390.77325439453125,97766700,396.3795928955078,393.8160110473633,386.69475830078125,48.63352183487031,3.080804886152407,3.583753221730002,-0.502948335577595,402.667232193816,384.9647899009106,393.8160110473633,4.327823064886078,-0.015873699034776978,-0.016001035527181264,72760210.0
2023-04-26 00:00:00-04:00,391.3890687387205,392.46684668077467,388.55988695720504,389.1180114746094,80447000,396.0245025634766,394.2374984741211,386.56195190429685,46.029138017479966,2.3958578197222096,3.3461741413284436,-0.950316321606234,401.1353383606307,387.33965858761144,394.2374984741211,4.297761397649189,-0.004235814251122516,-0.004244810726227023,73638975.0
2023-04-27 00:00:00-04:00,391.65854499949717,397.1340685308111,391.40833604006144,396.8646240234375,92968400,395.92250366210936,394.76965484619143,386.5877197265625,57.49993599829029,2.449878551403117,3.1669150233433787,-0.7170364719402618,400.68375105323446,388.8555586391484,394.76965484619143,4.563353944688654,0.019908131518948213,0.019712556101605386,74412500.0
2023-04-28 00:00:00-04:00,395.9792514788031,400.2615245465103,395.92151547329547,400.25189208984375,89433100,396.2564208984375,395.3581024169922,386.6555419921875,61.36646394171497,2.734493060992861,3.0804306308732756,-0.3459375698804146,400.98818960938763,389.7280152245968,395.3581024169922,4.547400739583382,0.008535071813823958,0.00849885402343889,75392155.0
2023-05-01 00:00:00-04:00,399.8092778572073,401.8782298985706,399.6168049089298,399.8477783203125,62122300,396.4075073242187,395.6525680541992,386.8245672607422,60.65745047261534,2.894082326936882,3.043160970085997,-0.14907864314911512,401.56786035755385,389.73727575084456,395.6525680541992,4.3841167574446285,-0.0010096486175773522,-0.0010101586560781854,72895140.0
2023-05-02 00:00:00-04:00,399.1355841651367,399.18371707766147,392.4475761726746,395.3537292480469,103998500,396.0832122802734,395.6472732543945,386.9232684326172,53.28447300840214,2.627636015835492,2.9600559792358965,-0.3324199634004046,401.56343640590825,389.7311101028808,395.6472732543945,4.599551428172721,-0.011239399881485701,-0.011303039231050445,74725510.0
2023-05-03 00:00:00-04:00,395.8541741351487,398.26957154429016,392.3994991884123,392.64007568359375,91531800,395.49427795410156,395.61599884033205,387.1243377685547,49.38126045851885,2.1724634248927828,2.802537468367274,-0.6300740434744911,401.5885371363506,389.6434605443135,395.61599884033205,4.690302923008804,-0.006863862317966318,-0.006887526970370419,75972025.0
2023-05-04 00:00:00-04:00,391.5911170748567,391.9182975436162,388.5213590280541,389.8589782714844,94901900,394.8447204589844,395.49715423583984,387.2803308105469,45.687526170860465,1.569235380026953,2.55587705069921,-0.9866416706722569,401.81841368285296,389.1758947888267,395.49715423583984,4.649475332475291,-0.007083070690803606,-0.007108274721143804,77457110.0
2023-05-05 00:00:00-04:00,393.4965450134205,398.125234465571,393.2367329689119,397.0763244628906,87891800,394.88609924316404,395.6626724243164,387.54002502441404,55.07837693472589,1.6544805068108985,2.3755977419215477,-0.7211172351106492,401.9672806927564,389.3580641558764,395.6626724243164,4.9078168225903855,0.018512709963499407,0.01834343570700683,78664535.0
2023-05-08 00:00:00-04:00,397.40353090526224,397.6633429667236,395.77723133030975,397.18218994140625,50046800,394.8966857910156,395.81327667236326,387.883896484375,55.20073644778929,1.7108586299926287,2.242649919535764,-0.5317912895431354,402.111974477658,389.5145788670685,395.81327667236326,4.691980737863489,0.00026661241679115655,0.0002665768820166307,77982825.0
2023-05-09 00:00:00-04:00,395.6328415851866,396.55664705489033,395.20942462672946,395.44036865234375,49220100,395.3633972167969,395.87149505615236,388.16704833984375,52.65923277999334,1.5965838529591565,2.1134367062204427,-0.5168528532612862,402.13369956310356,389.60929054920115,395.87149505615236,4.497751064778725,-0.004385446611590127,-0.00439509088922007,77478935.0
2023-05-10 00:00:00-04:00,398.27919887504333,398.914324338217,393.4580365761441,397.28802490234375,96142900,396.18039855957034,396.1024505615234,388.5153363037109,55.02472726106217,1.6362490264747294,2.0179991702713003,-0.3817501437965709,402.2140666162295,389.99083450681735,396.1024505615234,4.566217971728309,0.004672401698128992,0.004661519912199483,77965060.0
2023-05-11 00:00:00-04:00,396.4219457866343,396.8838338451928,394.5165694433399,396.59515380859375,70157100,396.15345153808596,396.03797760009763,388.87891174316405,53.93633847412331,1.5934072486567175,1.9330807859483838,-0.3396735372916664,402.1000361967444,389.9759190034509,396.03797760009763,4.438020649390848,-0.0017440019590831968,-0.0017455245009680368,77182175.0
2023-05-12 00:00:00-04:00,397.8365061605119,398.04821462684833,393.65046974768575,396.0754699707031,70481500,395.7358093261719,395.99611511230466,389.173232421875,53.088144548643506,1.500227005478564,1.84651002985442,-0.3462830243758559,402.0449820256736,389.9472481989357,395.99611511230466,4.435143808660258,-0.0013103635606738218,-0.00131122283772998,76798175.0
2023-05-15 00:00:00-04:00,396.6816952493689,397.84607703631826,394.7667161184098,397.4419250488281,54289400,395.49522399902344,395.9513656616211,389.3725573730469,55.08808075775428,1.5191309008962435,1.781034204062785,-0.2619033031665414,401.9432757253459,389.95945559789624,395.9513656616211,4.338302173606557,0.003449986635693625,0.0034440490841969665,76190825.0
2023-05-16 00:00:00-04:00,396.3353398421656,397.2591747577228,394.77640880213,394.7860412597656,57705500,395.43845520019534,395.7608337402344,389.5133966064453,50.57505044898995,1.304764238624216,1.6857802109750712,-0.38101597235085527,401.64554575465843,389.8761217258103,395.7608337402344,4.21881746454167,-0.006682444960320222,-0.006704872465193497,75898100.0
2023-05-17 00:00:00-04:00,396.80689259108277,400.1845667461961,395.1613575223225,399.5783386230469,87287000,396.1322814941406,395.8132797241211,389.868955078125,57.36270358034422,1.5042355693723266,1.6494712826545224,-0.14523571328219576,401.8133204795083,389.8132389687339,395.8132797241211,4.303082323248011,0.012138973677967346,0.012065887205696017,77501085.0
2023-05-18 00:00:00-04:00,399.26074988190857,403.850968255046,399.03943829896787,403.42755126953125,97177200,397.4891387939453,396.1669296264648,390.2890350341797,61.88987191518771,1.950433939115328,1.7096638139466835,0.2407701251686445,403.02528561649643,389.3085736364332,396.1669296264648,4.339400011307305,0.009633186472892463,0.009587083176711024,78567925.0
2023-05-19 00:00:00-04:00,404.33207636027197,404.8613328497813,401.61836671819003,402.8404846191406,103793300,398.0655548095703,396.4758270263672,390.83848571777344,60.829036256272026,2.2309608613715,1.813923223431647,0.41703763793985305,403.9265664836805,389.0250875690539,396.4758270263672,4.261083305613304,-0.0014551972182941242,-0.0014562570460632503,80084720.0
2023-05-22 00:00:00-04:00,402.85981035962357,404.54384591155565,401.61842735851235,403.004150390625,60745400,398.6477508544922,396.77221832275393,391.4995373535156,61.02958442387495,2.438378815150827,1.938814341775483,0.49956447337534393,404.7480448638642,388.79639178164365,396.77221832275393,4.165678680429732,0.0004062793530772435,0.0004061968439679503,79905385.0
2023-05-23 00:00:00-04:00,401.35854756315524,402.9367433972177,398.08671324851565,398.48126220703125,86383500,398.95184020996095,397.1576187133789,392.0806756591797,52.960098022112,2.2122977692479253,1.9935110272699716,0.21878674197795367,404.66803333087887,389.6472040958789,397.1576187133789,4.219375713406848,-0.011222932019955056,-0.011286384315397831,79336225.0
2023-05-24 00:00:00-04:00,396.8742437459542,397.25916026310097,394.42997834283796,395.5943603515625,89213700,398.7824737548828,397.48143615722654,392.4819451904297,48.54769709755744,1.7796632089817876,1.950741463612335,-0.17107825463054738,404.08057210138014,390.88230021307294,397.48143615722654,4.207369152748737,-0.0072447618728150864,-0.007271132603749478,79774560.0
2023-05-25 00:00:00-04:00,399.10674560980397,400.4732329300767,396.86458575045214,399.0201416015625,90961600,399.0249725341797,397.58921203613284,392.9987042236328,53.49880706911149,1.6937051408646084,1.8993341990627899,-0.20562905819818145,404.21488665056506,390.9635374217006,397.58921203613284,4.255333683160554,0.008659833388311,0.008622552109651956,79674220.0
2023-05-26 00:00:00-04:00,399.6745569554337,404.90950419232723,399.5975853933837,404.1877746582031,93830000,399.83620300292966,397.78600616455077,393.48786499023436,59.785185831521616,2.0192904294408436,1.9233254451384005,0.09596498430244305,404.9298766212572,390.6421357078443,397.78600616455077,4.37205003370371,0.01295080753542699,0.012867662918043385,79894065.0
2023-05-30 00:00:00-04:00,406.1219771957275,406.6512337191027,402.955982410714,404.3417053222656,72216000,400.52618103027345,398.0107025146484,394.0689044189453,59.958830463674786,2.2636461309635365,1.991389582303428,0.2722565486601085,405.6643414340156,390.3570635952812,398.0107025146484,4.323707267609782,0.00038083948529288314,0.00038076698434300293,80398750.0
2023-05-31 00:00:00-04:00,402.51333285149997,403.41790279671176,400.5309849376734,402.09954833984375,110811800,401.2575317382813,398.3479934692383,394.5329290771484,56.15526140281459,2.2504348428925027,2.043198634421243,0.2072362084712598,406.0975069123143,390.5984800261623,398.3479934692383,4.287065347394242,-0.005545203358715778,-0.005560635073297694,80739415.0
2023-06-01 00:00:00-04:00,402.33050994129945,406.9784643429913,401.07952389464964,405.919921875,88865000,401.8916900634766,399.0119857788086,394.97385864257814,60.72676743955521,2.5191972799103723,2.1383983635190686,0.3807989163913037,406.9644803762668,391.0594911813504,399.0119857788086,4.4021992831762,0.00950106398012518,0.009456212737634263,80606075.0
2023-06-02 00:00:00-04:00,408.49887873292437,412.5790465929496,407.9696222034908,411.78997802734375,91426200,402.7279327392578,400.10853576660156,395.66306274414063,66.50554342823051,3.169323927562459,2.344583476327747,0.8247404512347121,408.73015920506054,391.4869123281426,400.10853576660156,4.563408242802874,0.014461118649287119,0.014357553920195634,80432290.0
2023-06-05 00:00:00-04:00,412.1363990044285,413.4258854781173,410.29839108056865,411.0008850097656,65460200,403.5439727783203,400.8047637939453,396.3160827636719,65.11842442203132,3.579617169448227,2.591590214951843,0.9880269544963838,410.5147200337689,391.0948075541217,400.8047637939453,4.4608429681418595,-0.001916251146660275,-0.001918089504768112,79310710.0
2023-06-06 00:00:00-04:00,410.5870909976928,412.4250695118066,409.9327006351518,411.89581298828125,64022200,404.4331390380859,401.5404449462891,396.9373480224609,65.98493087739118,3.931668896625524,2.8596059512865795,1.0720629453389448,412.22201830092416,390.858871591654,401.5404449462891,4.320237675892787,0.0021774356483303947,0.002175068470957222,80009480.0
2023-06-07 00:00:00-04:00,412.29042176844786,413.4259359016037,410.04823214277036,410.4716491699219,85373300,405.632177734375,402.292008972168,397.51588745117186,63.29047777632004,4.049079046121847,3.097500570253633,0.9515784758682138,413.26231940573933,391.32169853859665,402.292008972168,4.252913824674254,-0.0034575826542813104,-0.0034635739073418477,81817140.0
2023-06-08 00:00:00-04:00,410.5389484373123,413.4066306619177,409.76911544531237,412.954345703125,61952800,407.36817626953126,403.07532501220703,398.1612091064453,65.90428770608489,4.292973569930041,3.3365951701889145,0.9563783997411264,414.72103188355004,391.429618140864,403.07532501220703,4.208956781240759,0.006048399538004068,0.0060301813930240065,80107635.0
2023-06-09 00:00:00-04:00,413.7530179844528,415.7064976991499,412.7041081245656,413.6952819824219,85742800,408.8356903076172,403.9303314208984,398.71068481445315,66.6670872807054,4.4942422753085225,3.568124591212836,0.9261176840956864,416.0487685372038,391.81189430459307,403.9303314208984,4.122773409336726,0.001794232914622329,0.001792625201533604,80886920.0
2023-06-12 00:00:00-04:00,414.6768867959098,417.5253041431819,413.9551573440261,417.44830322265625,76104300,410.1617431640625,404.9989730834961,399.2899920654297,70.29253103710236,4.900101305520536,3.8345199340743763,1.06558137144616,417.9023013663834,392.09564480060874,404.9989730834961,4.101862605866963,0.009071945955607674,0.009031043047095849,81168060.0
2023-06-13 00:00:00-04:00,418.91104452208407,420.84525956412307,418.2470510492617,420.2005310058594,95899700,411.74762573242185,406.1369033813477,399.81483337402346,72.64245128763012,5.381791351149843,4.14397421748947,1.2378171336603732,420.14090341628855,392.1329033464068,406.1369033813477,4.05151215840981,0.006592978728039434,0.006571340100388619,83248575.0
2023-06-14 00:00:00-04:00,420.53735216092747,422.5100677032549,417.2462527373111,420.700927734375,100612100,413.607763671875,407.4326477050781,400.3196594238281,73.05970914381902,5.7377705692179575,4.462733487835168,1.2750370813827896,421.78708780071355,393.0782076094427,407.4326477050781,4.138105216090807,0.0011908522041079728,0.0011901437020470018,85393905.0
2023-06-15 00:00:00-04:00,419.88297886631347,427.1676425913594,419.78677175671936,425.9166564941406,110303100,415.60743713378906,408.7495635986328,400.9726812744141,76.99777061550807,6.367353497894044,4.843657489846944,1.5236960080471,424.72161927496984,392.77750792229574,408.7495635986328,4.369731331701468,0.012397711571149106,0.012321489286384997,86544710.0
2023-06-16 00:00:00-04:00,427.904413934663,428.474279953013,423.9926092848296,424.46588134765625,114165800,416.8750274658203,409.8014801025391,401.6172814941406,73.76766986656062,6.672322692460398,5.209390530369635,1.4629321620907625,426.9600410816737,392.64291912340445,409.8014801025391,4.377726998593036,-0.003406241865312798,-0.0034120563145035227,87394140.0
2023-06-20 00:00:00-04:00,422.5245090371962,423.41310274296666,420.187064856413,422.2637023925781,76160400,418.0013092041016,410.77264099121095,402.187236328125,69.03359019917299,6.65954841039121,5.499422106373951,1.1601263040172594,428.436556362533,393.1087256198889,410.77264099121095,4.3706619623537675,-0.005188117707096596,-0.005201622720418094,86012495.0
2023-06-21 00:00:00-04:00,421.2784731312149,422.08014103507514,419.5108951805997,420.10009765625,76982300,418.8217376708984,411.6274383544922,402.7058361816406,64.64415389695557,6.401052530539914,5.679748191207144,0.7213043393327698,429.35937542976666,393.89550127921774,411.6274383544922,4.255100908755531,-0.005123823629805235,-0.005136995426673426,86824340.0
2023-06-22 00:00:00-04:00,419.14386433493524,421.7227488220665,418.80580025695025,421.61651611328125,70637200,419.93622436523435,412.78420104980466,403.252646484375,66.26326681949736,6.24654865508586,5.793108283982888,0.453440371102972,429.94407104181334,395.624331057796,412.78420104980466,4.159518598495581,0.003609659853666791,0.003603160666744423,86037025.0
2023-06-23 00:00:00-04:00,418.1586317913709,420.21596194306784,417.71433502111864,418.4290771484375,92074500,420.48369750976565,413.9259368896484,403.7678497314453,60.03940706724261,5.8000442351831225,5.794495474222935,0.0055487609601874155,429.3051987645987,398.54667501469817,413.9259368896484,4.141137348043226,-0.007560042937187372,-0.00758876491294197,86180065.0
2023-06-26 00:00:00-04:00,417.8592755318311,419.781368562751,416.47807329831915,416.71954345703125,72823600,420.78612365722654,414.8109069824219,404.14454833984377,56.94982443878831,5.247748406769006,5.68514606073215,-0.4373976539631439,428.61356283028266,401.00825113456114,414.8109069824219,4.08129148492813,-0.004085599650618388,-0.004093968515202174,85273165.0
2023-06-27 00:00:00-04:00,417.59847607026,421.90629521825156,417.1445110170716,421.28814697265625,72813700,421.17010803222655,415.66592559814455,404.63205688476563,62.503100545075476,5.119681603340382,5.572053169253797,-0.4523715659134151,428.8344418632445,402.49740933304463,415.66592559814455,4.160252933234714,0.010963257153059569,0.010903596304772945,84222350.0
2023-06-28 00:00:00-04:00,420.20636537536024,422.5148342796088,419.5882170864921,421.50067138671875,75636000,421.3001220703125,416.5238739013672,405.09533203125,62.743859386826905,4.977953928803458,5.45323332116373,-0.47527939236027184,428.8375564607124,404.21019134202203,416.5238739013672,4.072136094654858,0.0005044633123187925,0.0005043361134783557,84393350.0
2023-06-29 00:00:00-04:00,421.08528892018165,423.3261389375307,420.67963558379535,423.16192626953125,67882300,421.5462219238281,417.5769927978516,405.5866369628906,64.65430859061603,4.94270666528746,5.351127989988477,-0.4084213247010169,428.27236819095145,406.8816174047517,417.5769927978516,3.970305184589178,0.003941286445279024,0.003933539923360592,82246875.0
2023-06-30 00:00:00-04:00,426.3783009507995,429.1407051013052,426.0595438710738,428.155517578125,104964000,421.7701080322266,418.6887725830078,406.17915893554687,69.68628108453692,5.257113310622401,5.332325054115262,-0.07521174349286053,428.9186510985079,408.4588940675077,418.6887725830078,4.113767587959517,0.011800663052594862,0.01173157819530492,83051825.0
2023-07-03 00:00:00-04:00,427.8078209721531,428.92821645735074,427.5277073626863,428.64813232421875,32793400,422.18833312988284,419.53168029785155,406.8250305175781,70.13792980578734,5.482830083030535,5.362426059898317,0.12040402313221854,430.12070937542217,408.94265122028094,419.53168029785155,3.9199634098670133,0.0011505509700779903,0.0011498895935602698,80120185.0
2023-07-05 00:00:00-04:00,426.83224475721846,428.7446987114959,426.8225765200303,428.0106201171875,58418400,422.7630249023438,420.38216705322264,407.4519921875,68.71115769375419,5.546335639393021,5.399207975797258,0.14712766359576346,430.8252420967109,409.9390920097344,420.38216705322264,3.7772604656954862,-0.001487262299673442,-0.0014883693720549526,79768095.0
2023-07-06 00:00:00-04:00,424.4271947095155,425.08398633253137,422.147701549894,424.65899658203125,80658300,423.2189147949219,421.0203262329102,408.00364562988284,61.614761557746,5.265518620754108,5.372470104788627,-0.1069514840345196,430.85310004857575,411.1875524172446,421.0203262329102,3.9262360443810578,-0.007830701804171558,-0.007861522754764013,80599900.0
2023-07-07 00:00:00-04:00,423.664201015191,427.5373915505045,423.3454439189286,423.5869140625,86134200,423.41595458984375,421.67608947753905,408.6599188232422,59.498006216097714,4.899977124584268,5.277971508747756,-0.37799438416348785,430.27991980127103,413.07225915380707,421.67608947753905,3.9452154434664024,-0.002524572723432539,-0.0025277648307536612,80637945.0
2023-07-10 00:00:00-04:00,423.22948292340993,424.83284798641813,422.6596170025875,424.65899658203125,62443500,424.0389465332031,422.2613220214844,409.3707385253906,60.943011160834075,4.643266271598009,5.151030461317807,-0.507764189719798,429.95688514468065,414.5657588982881,422.2613220214844,3.8186451249209914,0.0025309623218743305,0.0025277648307536135,80662480.0
2023-07-11 00:00:00-04:00,425.4220646553444,427.85607282742535,424.44651594855435,427.36346435546875,64463800,425.10333862304685,422.9447311401367,409.98071533203125,64.39407854550271,4.604965838545752,5.041817536763396,-0.43685169821764447,429.8645911516075,416.0248711286659,422.9447311401367,3.7894245359174206,0.006368563471409017,0.00634836986190611,79598530.0
2023-07-12 00:00:00-04:00,431.15940249157063,432.21220867974904,429.72988876678727,430.802001953125,91924500,426.0547241210937,423.61241607666017,410.5917175292969,68.23693162811311,4.796779429117919,4.992809915234301,-0.19603048611638219,430.8516457895389,416.37318636378143,423.61241607666017,3.8650902350861966,0.008045932524536559,0.00801373659167901,80389540.0
2023-07-13 00:00:00-04:00,432.61791761555475,435.0133121303779,432.1832890285731,434.2212829589844,72425200,427.3267852783203,424.3134536743164,411.2791876220703,71.5277168980783,5.165159736396902,5.027279879466821,0.13787985693008054,432.7171463948185,415.9097609538143,424.3134536743164,3.8898202309552485,0.007937012804855481,0.007905680399994054,79215815.0
2023-07-14 00:00:00-04:00,435.109843497716,435.9597935487755,433.1877213239847,433.9507751464844,69815800,428.4056701660156,424.9759460449219,412.0511285400391,70.9018751669528,5.373335596243464,5.09649102282215,0.2768445734213145,434.1863744320497,415.7655176577941,424.9759460449219,3.809981087657788,-0.0006229722565799234,-0.0006231663844245188,77676000.0
2023-07-17 00:00:00-04:00,433.80590268905246,436.51035622999115,433.75759097947645,435.4575500488281,52680200,429.13587341308596,425.45299072265624,412.90747802734376,72.35295759460413,5.5954003151563825,5.196272881288997,0.3991274338673856,435.734893360071,415.1710880852415,425.45299072265624,3.734465670718996,0.0034722253966135153,0.0034662111398934656,74794855.0
2023-07-18 00:00:00-04:00,435.12919667930265,439.3404218148386,434.69453863237396,438.69329833984375,80668200,430.14039001464846,426.16436157226565,413.88416442871096,75.21175805117608,5.963739769825565,5.34976625899631,0.613973510829255,437.9354957605454,414.3932273839859,426.16436157226565,3.7995669215579686,0.007430685931735015,0.007403214389359211,73119975.0
2023-07-19 00:00:00-04:00,439.4853035858035,440.85683741354967,438.61598753921226,439.6688232421875,65891700,431.30621032714845,427.0346176147461,414.7360144042969,76.01692931125324,6.262181616607165,5.532249330518481,0.7299322860886841,440.0331285430122,414.03610668647997,427.0346176147461,3.6882299896136432,0.0022237059604863774,0.002221237185595913,72606540.0
2023-07-20 00:00:00-04:00,438.6740145693688,439.57227647249636,436.0371498627965,436.75189208984375,70591600,432.5154998779297,427.8672073364258,415.5274084472656,68.81876261762615,6.191950018695195,5.6641894681538245,0.5277605505413705,441.1131891802752,414.6212254925764,427.8672073364258,3.6841902317405952,-0.00663438251280557,-0.006656487852902351,72287005.0
2023-07-21 00:00:00-04:00,438.4711584160143,438.6740145693688,436.742253327544,436.75189208984375,71275600,433.8319976806641,428.6239761352539,416.3536389160156,68.81876261762615,6.066361729519713,5.744623920427003,0.3217378090927099,442.08274782616877,415.165204444339,428.6239761352539,3.5590167324608957,0.0,0.0,72318925.0
2023-07-24 00:00:00-04:00,437.9012445599851,439.5142779903244,436.867745334165,438.70294189453125,54023400,435.23639221191405,429.6376693725586,417.1819372558594,70.95245842205972,6.054473319519502,5.806593800245503,0.2478795192739991,442.9251882002329,416.3501505448843,429.6376693725586,3.5021145301765917,0.004467181115923147,0.004457232878411499,70416370.0
2023-07-25 00:00:00-04:00,438.43244612728506,441.15620646563485,438.38413442126745,439.90057373046875,55191200,436.49010314941404,430.79672088623045,418.04804565429686,72.20957071375803,6.071699773588193,5.8596149949140415,0.21208477867415176,443.40125977856826,418.19218199389263,430.79672088623045,3.4499686383330785,0.0027299380094547576,0.002726218496509113,69534750.0
2023-07-26 00:00:00-04:00,438.96370723872633,441.39771546076753,437.91090104233945,439.9682312011719,71052900,437.40672607421874,431.73072509765626,418.92590087890625,72.28254923935155,6.021400300523283,5.89197205603589,0.12942824448739287,444.1454610971871,419.31598909812544,431.73072509765626,3.452600479768436,0.00015380173326295932,0.0001537899069889674,69446710.0
2023-07-27 00:00:00-04:00,443.35846818342566,443.7641509737044,436.14333947921443,437.05126953125,92194400,437.6897247314453,432.5082550048828,419.7180877685547,64.42714782350222,5.680679835985529,5.849713612025818,-0.16903377604028869,444.188935538985,420.82757447078063,432.5082550048828,3.7503298379628296,-0.006629937034222211,-0.00665201269435247,70274630.0
2023-07-28 00:00:00-04:00,440.3256151682766,442.16078225681895,437.05126606431355,441.33013916015625,80011800,438.4276611328125,433.4166656494141,420.6489697265625,69.63942937709575,5.690330840309059,5.817837057682467,-0.12750621737340762,444.8723111566443,421.9610201421839,433.4166656494141,3.8474145775730126,0.009790315066457778,0.009742700454377282,70881105.0
2023-07-31 00:00:00-04:00,441.80343186125066,442.52784228350436,440.48981896786944,442.17047119140625,62040400,439.0989532470703,434.11741333007814,421.50081237792966,70.5520102862349,5.700080127211379,5.794285671588249,-0.09420554437687034,445.90967821971213,422.32514844044414,434.11741333007814,3.7181723445774346,0.0019040893804560532,0.0019022789001182968,68734925.0
2023-08-01 00:00:00-04:00,440.7023562416477,441.64892989588066,439.9489705091238,440.90521240234375,55291500,439.3201446533203,434.7302673339844,422.25036560058595,67.27319729992024,5.5418279542642495,5.74379412812345,-0.20196617385920046,446.5956534386064,422.86488122936237,434.7302673339844,3.6112672258420786,-0.0028614728289144686,-0.0028655746690278722,69859830.0
2023-08-02 00:00:00-04:00,437.7853934206833,438.0461705780349,434.01846487725106,434.7718505859375,93933400,438.8304473876953,435.0683288574219,422.88899291992186,54.13856548385553,4.865415446466784,5.568118391792117,-0.7027029453253331,446.52694391889287,423.6097137959509,435.0683288574219,3.845230104359979,-0.013910839890024507,-0.014008502392666851,71635580.0
2023-08-03 00:00:00-04:00,432.75315569310766,435.4093273640729,432.1060027164115,433.5258483886719,64276100,438.5078430175781,435.5116714477539,423.49942687988283,51.92076818495052,4.180620110416612,5.2906187355170164,-1.1099986251004044,445.96722777120016,425.0561151243076,435.5116714477539,3.8065225717386504,-0.0028658759659494493,-0.002869990451425858,70816470.0
2023-08-04 00:00:00-04:00,435.3416597654818,437.44727217935485,431.0434797536367,431.5650634765625,100128900,437.98916015625,435.910578918457,424.1611029052734,48.55020838952232,3.4400412631387667,4.9205032410413665,-1.4804619779025998,445.0406021664146,426.78055567049944,435.910578918457,3.9920418470229015,-0.004522878899602456,-0.0045331380620262825,71516205.0
2023-08-07 00:00:00-04:00,433.40023969323573,435.4865451527169,432.7048045400754,435.3320007324219,58357500,437.6520660400391,436.44422912597656,424.95585571289064,54.64215950333223,3.121109340375483,4.5606244609081905,-1.4395151205327075,443.9917799778159,428.89667827413723,436.44422912597656,3.9870018348180065,0.008728550048778372,0.008690676483776558,71311905.0
2023-08-08 00:00:00-04:00,432.7917203880473,435.3223520518387,430.0775985479417,433.4388732910156,71361300,437.0058959960937,436.7479995727539,425.6442303466797,51.35136381562786,2.684646991427428,4.185428967012038,-1.5007819755846104,443.2218541354736,430.27414501003415,436.7479995727539,4.0775304312224465,-0.0043486980929984265,-0.004358181183267802,71656780.0
2023-08-09 00:00:00-04:00,433.7093468244431,433.87355948928627,429.77820586959297,430.541259765625,78789600,436.0631988525391,436.7349624633789,426.17130004882813,46.71405590130865,2.080946385623008,3.7645324507342326,-1.6835860651112244,443.25752785611485,430.21239707064296,436.7349624633789,4.078803516113221,-0.006685172244449644,-0.006707618100624635,71000035.0
2023-08-10 00:00:00-04:00,432.8980072622996,436.28825743462227,429.527093565885,430.69580078125,93005500,435.4276519775391,436.5586883544922,426.6983819580078,46.989014820567014,1.59657515000697,3.33094099058878,-1.7343658405818099,443.51930232820723,429.5980743807771,436.5586883544922,4.270400684157794,0.0003589458898993758,0.00035888148423507605,72029050.0
2023-08-11 00:00:00-04:00,428.8219993419041,431.4588639187083,428.2231581026232,430.4446716308594,68690900,434.3391052246094,436.3833831787109,427.2652844238281,46.56849602854528,1.1788543334674273,2.9005236591645094,-1.721669325697082,443.7619478841077,429.0048184733141,436.3833831787109,4.196493907866887,-0.0005830777777148244,-0.0005832478336693685,71972805.0
2023-08-14 00:00:00-04:00,429.5271431380979,432.8207702636719,429.21805425124865,432.8207702636719,47867400,433.4041351318359,436.2515441894531,427.80330139160156,51.033672446228934,1.0276922817196237,2.5259573836755322,-1.4982651019559086,443.78418647453316,428.71890190437307,436.2515441894531,4.1540812010494825,0.005520102325369702,0.005504922398074254,71732165.0
2023-08-15 00:00:00-04:00,431.0435212704258,431.40092184966306,427.2089741403311,427.77886962890625,75707500,432.0915008544922,435.70582275390626,428.1230792236328,42.850659545240404,0.4953459822011723,2.11983510338066,-1.6244891211794878,443.99522939308815,427.41641611472437,435.70582275390626,4.2582036954988585,-0.01164893411121215,-0.011717314502017458,71484130.0
2023-08-16 00:00:00-04:00,427.3634700312785,429.0247856402229,424.53344729188865,424.63970947265625,80107200,431.0782867431641,434.95436706542966,428.39585571289064,38.690892271912396,-0.17779675475424028,1.6603087317536802,-1.8381054865079205,444.3248642709896,425.5838698598697,434.95436706542966,4.274856170701385,-0.007338277739087906,-0.0073653353512909275,72194905.0
2023-08-17 00:00:00-04:00,426.1078247958852,426.368601907091,420.8824080004751,421.40399169921875,95711300,429.86610107421876,434.1869720458984,428.58601928710937,34.92717628705768,-0.9612815504806349,1.1359906753068172,-2.097272225787452,445.21089841928125,423.1630456725156,434.1869720458984,4.3613802946952775,-0.0076199133082862636,-0.007649093174242473,73450890.0
2023-08-18 00:00:00-04:00,418.5836616313642,422.6403718520157,418.23595877170976,421.60687255859375,98852000,428.8702819824219,433.4297210693359,428.8087237548828,35.351814975350294,-1.5479839110514604,0.5991957580351617,-2.147179669086622,445.65957201591243,421.1998701227594,433.4297210693359,4.364454065096037,0.0004814402885859881,0.00048132443339366453,74829710.0
2023-08-21 00:00:00-04:00,422.6210410735604,425.09369303000517,420.4671462190992,424.3499755859375,68719000,427.77207946777344,432.7120727539062,429.03663635253906,40.961529158747204,-1.7711871268552386,0.12511918105708164,-1.8963063079123201,445.2992154714306,420.12493003638184,432.7120727539062,4.383174975511031,0.0065063052950176115,0.0064852306533650554,75564490.0
2023-08-22 00:00:00-04:00,426.12717844156236,426.12717844156236,422.64036376815267,423.2005615234375,64994200,426.7482482910156,431.8770721435547,429.2267419433594,39.41805740727672,-2.017568122834234,-0.3034182797211815,-1.7141498431130526,444.6601123779292,419.0940319091802,431.8770721435547,4.31914923964665,-0.0027086464678427458,-0.002712321488407705,76054640.0
2023-08-23 00:00:00-04:00,424.2630351692306,428.5322402058597,424.1181589807745,427.9140625,68441000,426.48552856445315,431.2743637084961,429.43605712890627,48.06110677769617,-1.8116036614642894,-0.6050553560698031,-1.2065483053944863,443.60322439838643,418.94550301860573,431.2743637084961,4.391472771273475,0.011137747453819236,0.011076179475242897,75924045.0
2023-08-24 00:00:00-04:00,429.5174072282619,430.0293227205553,421.9545463127507,421.9835510253906,88517300,425.6143035888672,430.52097778320314,429.4717175292969,40.27541727552231,-2.102679672194938,-0.9045802192948301,-1.198099452900108,443.18272159622205,417.8592339701842,430.52097778320314,4.654565888168553,-0.01385911797327155,-0.013956052206167534,75740190.0
2023-08-25 00:00:00-04:00,423.71247141677657,426.24307373449807,420.1580380770201,424.9584655761719,102325100,425.06568298339846,429.70239410400393,429.55686828613284,45.08147726440024,-2.069453395386688,-1.1375548545132017,-0.9318985408734863,441.5539827697985,417.85080543820936,429.70239410400393,4.756742300262084,0.0070498353396770685,0.0070251014291454516,76855855.0
2023-08-28 00:00:00-04:00,427.15101303461915,428.27143803085545,424.95847475635645,427.6532897949219,61595400,424.54893493652344,428.9765350341797,429.59160095214844,49.07885212999239,-1.804866165105068,-1.2710171166315751,-0.5338490484734928,439.37373873462843,418.5793313337309,428.9765350341797,4.653615882720762,0.006341382598641143,0.006321360632063928,76833605.0
2023-08-29 00:00:00-04:00,427.5470082557006,434.1150135078099,427.3634885979469,433.83489990234375,83081900,425.1545379638672,428.6230194091797,429.7789813232422,56.839505614957005,-1.083880307567597,-1.2335897548187795,0.14970944725118263,437.7807497332197,419.46528908513966,428.6230194091797,4.803466527516636,0.014454723615913823,0.01435125002799853,78223125.0
2023-08-30 00:00:00-04:00,434.17297483140425,436.25928035352985,433.4678714194492,435.6217956542969,69053900,426.25274658203125,428.66551666259767,430.04614318847655,58.79446592811151,-0.36410904515230413,-1.0596936128854846,0.6955845677331804,437.94408063766616,419.3869526875292,428.66551666259767,4.659748127985495,0.0041188381855754574,0.004110378991654698,76979150.0
2023-08-31 00:00:00-04:00,436.2399468961714,437.3796788770793,434.8007943012341,434.98431396484375,66084600,427.61077880859375,428.7384399414062,430.3438275146484,57.78881216201155,0.1531104592355632,-0.8171327984612751,0.9702432576968383,438.1899664420805,419.28691344073195,428.7384399414062,4.511115017118333,-0.001463383365599591,-0.0014644551567921619,77069575.0
2023-09-01 00:00:00-04:00,437.7081390777522,438.19107939386777,434.3371956273561,435.7956848144531,58944100,429.0296600341797,428.9499710083008,430.6274108886719,58.755778844867635,0.6213193072662762,-0.5294423773157648,1.150761684582041,438.8249572129307,419.0749848036709,428.9499710083008,4.4641699277892855,0.0018652876059226386,0.001863550117271419,75010335.0
2023-09-05 00:00:00-04:00,435.35132185994263,435.670049450585,433.8445506606034,433.9121398925781,55166200,429.9858764648437,428.8789779663086,430.9370721435547,55.57312073672059,0.8308147436391664,-0.25739095312477855,1.088205696763945,438.5884452957191,419.16951063689805,428.8789779663086,4.28466737250789,-0.004322082543513406,-0.004331449742551924,74850770.0
2023-09-06 00:00:00-04:00,433.1008212089274,433.20708339429626,428.6674331394679,430.9952087402344,70758500,430.7653411865234,428.75679473876954,431.22258544921874,50.96867242938786,0.7527917059251195,-0.05535442131479895,0.8081461272399184,438.2936285068379,419.2199609707012,428.75679473876954,4.353241613979486,-0.0067224004220436395,-0.0067450975323249986,74820630.0
2023-09-07 00:00:00-04:00,427.9912839614794,430.3480346831722,427.6435811384425,429.67193603515625,70355400,430.9411285400391,428.7133285522461,431.39026123046875,48.98581708675215,0.5775235066736286,0.07122116428288658,0.506302342390742,438.22512516037125,419.2015319441209,428.7133285522461,4.281697755966083,-0.0030702724258721004,-0.003074995381908557,74398920.0
2023-09-08 00:00:00-04:00,429.72022009729625,431.85480770691146,429.3628490355431,430.3190612792969,61659700,431.77467956542966,428.6944915771484,431.56662902832034,50.01003926666574,0.4852461790813436,0.154026167242578,0.3312200118387656,438.1919908100101,419.19699234428674,428.6944915771484,4.153859249923388,0.0015060914848479268,0.0015049584665443752,72831630.0
2023-09-11 00:00:00-04:00,432.94628326819304,433.4581987746905,431.23668532604137,433.1491394042969,60180100,432.5937469482422,428.8297149658203,431.7663732910156,54.32862998357289,0.6331804745109935,0.2498570286962611,0.3833234458147323,438.49850504666983,419.16092488497077,428.8297149658203,4.081379124599835,0.006576697106064566,0.006555164988900833,72406090.0
2023-09-12 00:00:00-04:00,431.7003378706483,433.2264162204621,430.1935665209915,430.7730712890625,67565400,432.9057250976563,428.72733001708986,431.8187243652344,50.392492691858564,0.5523237853900014,0.3103503800350092,0.24197340535499218,438.26741351768584,419.1872465164939,428.72733001708986,4.006484165662033,-0.005485565822668237,-0.005500666789081585,73390990.0
2023-09-13 00:00:00-04:00,430.99521597971284,432.4343685526933,429.8940980148542,431.27532958984375,60199300,432.64976806640624,428.9021530151367,431.8712683105469,51.19738449120427,0.5227464286151644,0.3528295897510403,0.16991683886412412,438.4943105314997,419.30999549877373,428.9021530151367,3.9017546208175373,0.001165946374684701,0.0011652671870899937,72615580.0
2023-09-14 00:00:00-04:00,433.74799281245487,435.6893927060478,432.4440481531944,434.99395751953125,83430800,432.5869842529297,429.4198654174805,432.01093505859376,56.787716501229205,0.7902587454349259,0.4403154208878174,0.3499433245471085,439.15257895101996,419.687151883941,429.4198654174805,3.9383480847737156,0.008622398905182127,0.008585438330990841,72781760.0
2023-09-15 00:00:00-04:00,433.40728505412073,433.7368392986662,429.31689007252186,429.7530517578125,111848900,432.06385803222656,429.83731842041016,432.11281616210937,48.376855658058574,0.5727644172741293,0.46680522016507975,0.10595919710904955,438.8484227379383,420.82621410288203,429.83731842041016,4.062542324933407,-0.012048226581362176,-0.012121394754943695,73588640.0
2023-09-18 00:00:00-04:00,429.4428320631367,431.3038771522312,428.96789063501143,430.0050354003906,55752200,431.4847930908203,430.2572265625,432.2411785888672,48.76973871061337,0.4159369075273389,0.4566315576375316,-0.04069465011019269,438.43966431725363,422.0747888077464,430.2572265625,3.9392169100967203,0.0005863452081316112,0.0005861733749458241,71433650.0
2023-09-19 00:00:00-04:00,429.08420380682946,429.6754845917088,426.42836539622306,429.11328125,66514600,431.0049072265625,430.4953918457031,432.33026428222655,47.39503482100583,0.2171892464976395,0.4087430954095532,-0.19155384891191374,438.2418746706697,422.74890902073656,430.4953918457031,3.9133207025303522,-0.0020738225764269647,-0.0020759759240886132,71323430.0
2023-09-20 00:00:00-04:00,430.3734047367829,430.79019131325117,424.9647632633325,425.1683349609375,82562600,430.42221984863284,430.5937805175781,432.28636169433594,41.78392687030564,-0.2556963941374306,0.27585519750015647,-0.531551591637587,438.01010521105434,423.1774558241019,430.5937805175781,4.049899798772376,-0.009193251436009908,-0.009235770162847785,72201850.0
2023-09-21 00:00:00-04:00,422.31858757052555,422.5802845540439,417.98587113932,418.1409606933594,104095800,429.2691223144531,430.1051254272461,432.03314086914065,34.050442526529196,-1.1838651835684004,-0.01608887871355491,-1.1677763048548455,439.24980165738026,420.9604491971119,430.1051254272461,4.273654371832741,-0.016528451650153486,-0.016666570549769614,73984590.0
2023-09-22 00:00:00-04:00,419.16842775985725,420.7677463582612,416.78395900410345,417.2007751464844,100829700,427.95729370117186,429.8659866333008,431.69273071289064,33.166010695989726,-1.972572168388183,-0.40738553664848054,-1.5651866317397025,440.0399146349945,419.6920586316071,429.8659866333008,4.252949584855957,-0.002248489469474535,-0.00225102111755633,74600210.0
2023-09-25 00:00:00-04:00,415.9891218304828,418.993889361631,415.55293063128704,418.95513916015625,70874500,426.5378936767578,429.5658203125,431.39281799316404,36.48139138239117,-2.4280762702944116,-0.8115236833776668,-1.616552586916745,440.61756124478245,418.5140793802176,429.5658203125,4.194950238105098,0.004205083303250978,0.004196266648327733,73027680.0
2023-09-26 00:00:00-04:00,415.91157553365485,416.6191660672769,411.96656825523684,412.8001708984375,96168400,424.7406036376953,428.82316436767576,430.9396704101562,30.723120028598572,-3.2482769377336354,-1.2988743342488607,-1.9494026034847747,442.06781127439524,415.5785174609563,428.82316436767576,4.394494571448978,-0.014691234660725416,-0.014800219581155561,74756330.0
2023-09-27 00:00:00-04:00,413.9730331962355,414.5352365633177,409.320464597115,412.9649658203125,104705800,422.90956726074216,427.77966766357423,430.42510375976565,31.036982708102883,-3.840720863609306,-1.8072436401209497,-2.0334772234883562,442.488104827917,413.07123049923143,427.77966766357423,4.453085813931387,0.0003992123392688729,0.00039913267522416853,75837525.0
2023-09-28 00:00:00-04:00,412.4124874162186,417.0359784928409,411.8212066146307,415.3591003417969,92258300,420.9460815429687,426.7665328979492,429.9389093017578,35.601712591335556,-4.070132343836633,-2.2598213808640866,-1.8103109629725465,441.9581970542731,411.5748687416253,426.7665328979492,4.507491961379875,0.005797427674593791,0.005780687260504063,76997745.0
2023-09-29 00:00:00-04:00,418.4123608156291,418.5868254716406,412.8292551807975,414.3510437011719,115111300,419.4058807373047,425.7348693847656,429.4908923339844,34.56430893033831,-4.28390218322312,-2.6646375413358934,-1.6192646418872263,441.35062523221586,410.11911353731534,425.7348693847656,4.596783270627252,-0.002426952099509716,-0.0024299019214405735,79449080.0
2023-10-02 00:00:00-04:00,413.51743802249865,415.436637965525,411.4237734247356,414.1862487792969,83798600,417.8240020751953,424.65439758300784,429.0395794677734,34.38789775779546,-4.415712311174389,-3.0148524953035927,-1.4008598158707959,440.3264197749704,408.98237539104525,424.65439758300784,4.555074789924547,-0.00039771812906030934,-0.00039779723989197095,80691805.0
2023-10-03 00:00:00-04:00,412.00536625897985,414.2444181473067,407.27523825202337,408.6419372558594,103760600,415.77686767578126,423.39088745117186,428.438359375,29.021252976142094,-4.910942107750316,-3.3940704177929373,-1.5168716899573784,439.92464282567704,406.8571320766667,423.39088745117186,4.727510868878746,-0.013386034760395571,-0.013476435367207298,83121525.0
2023-10-04 00:00:00-04:00,409.1071941153402,412.3639860114544,407.64356048210016,411.6176452636719,87453000,414.4217987060547,422.42200927734376,427.87270080566407,34.8940535410094,-5.0055990918205,-3.71637615259845,-1.28922293922205,439.3266498529001,405.5173687017874,422.42200927734376,4.727004773198426,0.007281944745552105,0.00725555939957226,83956250.0
2023-10-05 00:00:00-04:00,411.32680997189277,412.3057997665852,408.2348102060782,411.4625244140625,70142700,413.753955078125,421.51153869628905,427.3025866699219,34.73272162770945,-5.035090995071471,-3.980119121093054,-1.0549718739784169,438.71505055776237,404.30802683481573,421.51153869628905,4.680146543720469,-0.00037685665664310974,-0.00037692768495849405,83945615.0
2023-10-06 00:00:00-04:00,409.01029452111743,417.8889725902115,407.6823752264937,416.3478088378906,113273300,413.6686584472656,420.81297607421874,426.8885174560547,43.57994035616242,-4.611107933950564,-4.106316883664556,-0.5047910502860073,437.66014770093705,403.96580444750043,420.81297607421874,5.074893030863135,0.011872975384052076,0.011803044591975339,86526295.0
2023-10-09 00:00:00-04:00,414.44794019758774,419.5851817448939,413.89546879833836,419.0133056640625,80374400,413.6744750976562,420.106184387207,426.44218078613284,47.742255170006146,-4.013747008945131,-4.087802908720671,0.07405589977553984,435.981969452537,404.23039932187703,420.106184387207,5.118808739126877,0.006402091639708063,0.006381685300221954,87536010.0
2023-10-10 00:00:00-04:00,419.6433174894524,423.79186665669647,419.2459060791411,421.1941833496094,78607300,414.5138763427734,419.6272399902344,426.02265502929686,50.93187325200669,-3.326015334849444,-3.935445393946426,0.6094300590969817,434.74687138825567,404.5076085922131,419.6272399902344,5.0945053286630975,0.00520479339454516,0.005191295273766745,88088105.0
2023-10-11 00:00:00-04:00,422.26047769195304,423.17158085104415,419.8760088222951,422.9195861816406,62451700,415.50933837890625,419.2094528198242,425.66294250488284,53.35744557662115,-2.611651941651246,-3.67068670348739,1.059034761836144,433.4550619523851,404.9638436872633,419.2094528198242,4.966010092954952,0.004096454557633633,0.004088086931611499,88200725.0
2023-10-12 00:00:00-04:00,423.53024266819244,423.9082494629408,417.98591622949925,420.3412780761719,81154200,416.00755615234374,418.47681884765626,425.3743310546875,49.42560638516248,-2.227880107055853,-3.3821253842010828,1.1542452771452298,430.77382894638237,406.17980874893016,418.47681884765626,5.034318888703993,-0.006096449986502606,-0.0061151092130695885,88086895.0
2023-10-13 00:00:00-04:00,421.8436992963105,423.0456361807538,416.67740877681473,418.2476501464844,95143100,416.397216796875,417.9015487670898,425.06876708984373,46.433471005744885,-2.0688282754014153,-3.1194659624411494,1.050637687039734,429.0582746593798,406.74482287479987,417.9015487670898,5.12959806836364,-0.004980781186348593,-0.004993226619479608,87251605.0
2023-10-16 00:00:00-04:00,420.4963128780658,423.71435449669224,420.25399100160854,422.64813232421875,75433200,417.2434051513672,417.53370361328126,424.8904284667969,52.88906754090461,-1.5696030110619859,-2.809493372165317,1.2398903611033312,427.4905317107948,407.5768755157677,417.53370361328126,5.15367708849537,0.010521235866341794,0.010466272847394027,88235655.0
2023-10-17 00:00:00-04:00,419.51728827351457,424.68360681651455,419.16835899887315,422.6286926269531,75324700,418.64208068847654,417.20947418212893,424.6363623046875,52.858761181522105,-1.1621356372324385,-2.480021825178741,1.3178861879463026,425.9897011625812,408.4292472016767,417.20947418212893,5.179503569148658,-4.5994991528131024e-05,-4.599604933018972e-05,88676160.0
2023-10-18 00:00:00-04:00,420.85496751569167,421.81455273319096,415.91159504982164,416.9971923828125,93559800,419.18003540039064,416.80091705322263,424.3075286865234,44.84241998222939,-1.2788875930270933,-2.2397949787484115,0.9609073857213182,424.7862179148755,408.81561619156975,416.80091705322263,5.289331712576002,-0.013324935912743308,-0.013414509469111536,89226020.0
2023-10-19 00:00:00-04:00,417.714450283055,419.5270131332278,412.65476846702256,413.333251953125,121323000,419.3671081542969,416.56053161621094,423.96336853027344,40.53516897642503,-1.6480658537183785,-2.121449153742405,0.4733833000240266,424.65866017011757,408.4624030623043,416.56053161621094,5.402396923549519,-0.008786487047433011,-0.008825315837848721,90087380.0
2023-10-20 00:00:00-04:00,412.8971069121286,413.4399055549237,408.14757441721036,408.25421142578125,123919900,418.55774841308596,416.11320343017576,423.51453674316406,35.45163873159507,-2.323692329618325,-2.161897788917589,-0.16179454070073573,424.9730163354853,407.25339052486623,416.11320343017576,5.3945350817040785,-0.012288003695187233,-0.01236412544492936,91241890.0
2023-10-23 00:00:00-04:00,406.72273053416484,411.4141082592817,404.9683224528733,407.546630859375,92035100,417.4110809326172,415.5427780151367,423.0565759277344,34.79692242068194,-2.882993661280352,-2.306116963390142,-0.57687669789021,425.0431284025746,406.0424276276988,415.5427780151367,5.469624419182961,-0.0017331862026238598,-0.0017346899075486066,92299920.0
2023-10-24 00:00:00-04:00,409.66935030950145,411.7727171708306,407.8180076603951,410.6192626953125,78564200,416.3535888671875,415.4337326049805,422.6125457763672,39.980488231778196,-3.0432278497580683,-2.4535391406637275,-0.5896887090943408,425.1060082286267,405.7614569813343,415.4337326049805,5.380800268631008,0.007539338086192338,0.007511059323296216,91419710.0
2023-10-25 00:00:00-04:00,408.93271643497314,408.9617938766799,404.21226147565824,404.7259826660156,94223200,414.534228515625,415.02178344726565,422.1514880371094,34.34139037079511,-3.6042060014750064,-2.683672512825983,-0.9205334886490233,425.72628377046044,404.31728312407085,415.02178344726565,5.454100336561241,-0.014352176248657367,-0.01445616490507655,90895580.0
2023-10-26 00:00:00-04:00,403.65979204119725,404.5127401955018,398.95874174042217,399.8795471191406,115156800,412.48805541992186,414.2478057861328,421.6562847900391,30.52801036226178,-4.389255468793465,-3.0247891040194794,-1.3644663647739854,426.8186000790738,401.6770114931918,414.2478057861328,5.476467521492113,-0.01197460937632544,-0.012046882552666827,92040505.0
2023-10-27 00:00:00-04:00,401.4692254760225,401.86663693380547,396.6421626745101,398.0670166015625,107367700,410.46999206542966,413.43360443115233,421.1895452880859,29.22112724960205,-5.098892038963243,-3.4396096910082323,-1.6592823479550103,427.8466065432493,399.02060231905534,413.43360443115233,5.458468002763776,-0.004532691233238073,-0.004542995025875696,91653325.0
2023-10-30 00:00:00-04:00,400.85854988329856,403.88272225418063,399.5597081383843,402.8262023925781,86562700,408.4877990722656,412.86560211181643,420.8139318847656,36.86385393883788,-5.217117926405933,-3.7951113380877723,-1.422006588318161,427.9928696854022,397.7383345382307,412.86560211181643,5.483984977753373,0.01195574009533984,0.01188483482521086,91791530.0
2023-10-31 00:00:00-04:00,403.3981296223901,405.67596153032116,401.4886317566324,405.3561096191406,79665200,406.7605407714844,412.7013107299805,420.4340545654297,40.53946954191832,-5.048474749760317,-4.045784020422282,-1.0026907293380347,428.07781501888496,397.324806441076,412.7013107299805,5.391366748891615,0.006280393905699677,0.00626075441814721,90586760.0
2023-11-01 00:00:00-04:00,406.32535052662286,410.4932751362608,405.7922246289102,409.6790771484375,98068100,406.0287292480469,412.60438232421876,420.1636248779297,46.293126325594926,-4.51396231843006,-4.139419680023838,-0.37454263840622204,428.031346273066,397.17741837537153,412.60438232421876,5.3732095180508,0.01066461668323826,0.010608150762239033,91117515.0
2023-11-02 00:00:00-04:00,413.4786596174057,417.68539350879695,413.4592845158063,417.5303039550781,94938900,406.4484344482422,412.9077713012695,419.95594970703127,54.84003399262307,-3.417434915366016,-3.995022727092274,0.5775878117262581,428.4710360641245,397.3445065384145,412.9077713012695,5.561288578215703,0.019164334340159517,0.01898301144418693,92357325.0
2023-11-03 00:00:00-04:00,419.8372157670484,422.8904655764815,419.71120365505175,421.339599609375,100167800,407.75697326660156,413.15736083984376,419.9430706787109,58.306886082851186,-2.2155116850971126,-3.6391205186932423,1.4236088335961297,429.08904011104624,397.2256815686413,413.15736083984376,5.546922367014823,0.009123399231655949,0.009082032438367731,91702050.0
2023-11-06 00:00:00-05:00,422.0955629730948,422.7546712710186,420.36053033622545,422.3088073730469,67831700,409.2331909179687,413.32213592529297,419.89007751464845,59.16582519116793,-1.1712702251336964,-3.145550459981333,1.9742802348476367,429.5579351929139,397.08633665767206,413.32213592529297,5.321723693284703,0.0023003006709325646,0.0022976590296148146,91074915.0
2023-11-07 00:00:00-05:00,422.308896123232,424.1505365569555,421.1651439105342,423.51080322265625,64256100,410.5223449707031,413.43796691894534,419.80722778320313,60.259289076442826,-0.24389881151682857,-2.5652201302884325,2.321321318771604,429.92782661244337,396.9481072254473,413.43796691894534,5.154842904223031,0.0028462485949234395,0.00284220569896588,90357355.0
2023-11-08 00:00:00-05:00,424.1117888599285,424.63521246037624,421.5141051219166,423.8210144042969,61746000,412.4318481445313,413.4830383300781,419.60695007324216,60.55287496708876,0.5101998981032807,-1.95013612461009,2.4603360227133706,430.080889432884,396.8851872272722,413.4830383300781,5.009576078097075,0.0007324752504072052,0.0007322071213349263,90322070.0
2023-11-09 00:00:00-05:00,424.9647121167065,425.0034918992464,420.0891971681386,420.51568603515625,83174400,414.49546203613284,413.4917587280273,419.30482788085936,55.820942281348565,0.8315308132519021,-1.3938027370376918,2.225333550289594,430.1041906184918,396.8793268375628,413.4917587280273,5.002770267597842,-0.007798877962166273,-0.007829448257297691,90423080.0
2023-11-10 00:00:00-05:00,422.59001262842264,427.38796843360757,420.5060206531149,427.0777893066406,89462200,417.39653930664065,413.93326568603516,419.1466973876953,62.145553371185926,1.5972822947745158,-0.7955857306752503,2.392868025449766,431.47138201816205,396.39514935390827,413.93326568603516,5.136997232804616,0.015604895344940362,0.015484390987360569,90139035.0
2023-11-13 00:00:00-05:00,425.7401770580696,427.7756572288507,424.9550565166978,426.6706848144531,52236100,419.78098754882814,414.1343933105469,418.9641973876953,61.55678989937178,2.1465518174478575,-0.20715822105062875,2.353710038498486,432.15333624014687,396.1154503809469,414.1343933105469,4.97154033847235,-0.0009532326484326115,-0.0009536872635992709,88979180.0
2023-11-14 00:00:00-05:00,432.61240832792026,436.23753414765645,432.3894615518305,434.9483947753906,97176900,422.74021606445314,414.75037841796876,418.98492248535155,68.16173466123722,3.2127591974240204,0.4768252626443011,2.735933934779719,434.63450427027317,394.86625256566435,414.75037841796876,5.299776695238847,0.019400700014197803,0.01921490561593442,90071790.0
2023-11-15 00:00:00-05:00,436.28601873814944,437.51703289700214,435.01625437389265,435.8692321777344,77327600,425.35923156738284,415.69398040771483,419.08240295410155,68.80384265418648,4.084951334088942,1.1984504769332294,2.8865008571557125,437.6030763333074,393.78488448212227,415.69398040771483,5.104695368551181,0.0021171187511090928,0.0021148808133026977,89260180.0
2023-11-16 00:00:00-05:00,435.42338430911985,436.7222261657172,434.3571620148054,436.4023742675781,66665800,427.24643859863284,416.8474365234375,419.21701171875,69.1912584637862,4.764270453069344,1.9116144721604522,2.8526559809088914,440.49779693754124,393.1970761093338,416.8474365234375,4.909007424434082,0.0012231698190303675,0.0012224223562811033,86527320.0
2023-11-17 00:00:00-05:00,436.41203399072475,437.55581582516845,435.4912285306581,436.9451599121094,83133200,428.80699462890624,418.28198394775393,419.34953369140624,69.60511216976634,5.285505991400385,2.586392776008439,2.6991132153919457,443.1239411176765,393.44002677783135,418.28198394775393,4.705834558010959,0.0012437733535299866,0.00124300050821574,84487985.0
2023-11-20 00:00:00-05:00,436.69314036041027,441.1518692274426,436.6834380187307,440.30859375,69936200,430.6069732666016,419.92008209228516,419.4927227783203,72.10562318781979,5.901955839082348,3.249505388623221,2.652450450459127,446.00406416169784,393.8361000228725,419.92008209228516,4.688877175918167,0.007697610928033116,0.0076681354847308505,83383040.0
2023-11-21 00:00:00-05:00,439.2617056622207,440.1825406267048,438.0791737195552,439.34893798828125,49244600,432.19078674316404,421.35656585693357,419.6642401123047,70.32786403072991,6.24111687448999,3.8478276857965747,2.393289188693415,448.3809107734621,394.332220940405,421.35656585693357,4.513201665527214,-0.002179507225933519,-0.0021818858085278807,81917060.0
2023-11-22 00:00:00-05:00,441.0064463302394,442.3634429416601,439.94992648347943,441.0451965332031,59394900,433.9132049560547,423.17252655029296,419.85963745117186,71.65799854403188,6.571031565364535,4.392468461710167,2.1785631036543682,450.3632886090417,395.9817644915442,423.17252655029296,4.406151900373758,0.0038608458977704707,0.003853411960295107,80175645.0
2023-11-24 00:00:00-05:00,441.09367216063396,441.51045868866237,440.7641179584505,441.31658935546875,29737400,435.99329528808596,425.2443786621094,419.9860900878906,71.87523199077376,6.776277755542594,4.869230320476653,1.907047435065941,451.3115242960708,399.177233028148,425.2443786621094,4.144736816790764,0.0006153401610513587,0.0006151509169234859,75904675.0
2023-11-27 00:00:00-05:00,440.68655185927656,441.5007498020653,440.1340508901427,440.52178955078125,50506000,437.3376953125,427.3671173095703,420.20146484375,70.17876285546527,6.796457803250632,5.254675817031449,1.541781986219183,451.0405213533216,403.693713265819,427.3671173095703,3.9463055378716083,-0.0018009742299700537,-0.0018025979338506571,73061590.0
2023-11-28 00:00:00-05:00,440.13410742327716,442.25684966761025,439.57193362163355,440.9580078125,62115000,438.7664276123047,429.2737075805664,420.4205242919922,70.58906735003293,6.769613909332804,5.557663435491721,1.2119504738410836,450.7767509259346,407.7706642351982,429.2737075805664,3.8562062884505437,0.0009902308400309145,0.0009897408848917567,71839205.0
2023-11-29 00:00:00-05:00,443.10976458954195,444.24384395397783,440.2503842780265,440.64776611328125,63146000,439.33636474609375,431.0382904052734,420.6512139892578,69.85295112927669,6.646687145677902,5.775468177528957,0.8712189681489448,450.0485351691901,412.02804564135675,431.0382904052734,3.866010101843457,-0.000703562910123301,-0.0007038105266569029,71013245.0
2023-11-30 00:00:00-05:00,441.491084558086,442.7317713844543,439.4167950935211,442.3828125,79752700,439.9877227783203,432.67347717285156,420.99550354003907,71.63448938624423,6.613039539524948,5.942982449928156,0.6700570895967921,449.56106140049985,415.7858929452033,432.67347717285156,3.826650543921296,0.0039374904859332815,0.0039297588590957964,70097475.0
2023-12-01 00:00:00-05:00,441.7721038330207,445.5329436453829,441.18085272267393,444.9998474121094,89183400,440.84747009277345,434.0469543457031,421.5326812744141,74.11886248351544,6.72008149875262,6.0984022596930485,0.6216792390595716,450.2386029493163,417.8553057420899,434.0469543457031,3.8641819995489857,0.005915769867549603,0.005898340406327145,69809700.0
2023-12-04 00:00:00-05:00,441.60742053346644,445.01930211338146,440.3861087358581,442.6639404296875,72430900,441.4193481445312,435.11317138671876,422.0419445800781,68.3633957174286,6.541023998139451,6.186926607382329,0.3540973907571221,450.61082689792494,419.6155158755126,435.11317138671876,3.919111383690012,-0.005249230973912278,-0.005263056590615031,68422855.0
2023-12-05 00:00:00-05:00,441.27787936550914,443.5363064434526,440.89984300542426,442.57672119140625,69793500,441.6461608886719,436.1265670776367,422.5143762207031,68.15059998371629,6.319237538501113,6.213388793606086,0.10584874489502738,450.7696545463715,421.4834796089019,436.1265670776367,3.827493673285606,-0.00019703262523840248,-0.0001970520387162075,68520945.0
2023-12-06 00:00:00-05:00,444.71884640030964,444.74792384542485,440.35705215116445,440.7932434082031,69124700,441.79059143066405,436.9906890869141,423.0742376708984,63.778842890784695,5.9311873832754145,6.156948511539952,-0.2257611282645371,450.55377344465785,423.4276047291703,436.9906890869141,3.867734960498091,-0.0040297595824788646,-0.004037900942802347,68764375.0
2023-12-07 00:00:00-05:00,442.87718005735604,444.80605282503006,442.27622650644105,444.1566467285156,66995400,442.1017364501953,438.007470703125,423.6980712890625,67.95385773804549,5.827873282843996,6.091133465800761,-0.2632601829567651,450.47358482943014,425.5413565768199,438.007470703125,3.8780974216644375,0.00763034227636239,0.007601378457331166,69026845.0
2023-12-08 00:00:00-05:00,443.4102636541943,446.5992278993257,443.16794177253433,446.0661315917969,83194400,442.5766906738281,439.28499298095704,424.3122119140625,70.06354477026076,5.832838255555885,6.039474423751786,-0.20663616819590125,449.3185190619635,429.2514668999506,439.28499298095704,3.8461823291735024,0.004299124818565092,0.004289909982509019,69027845.0
2023-12-11 00:00:00-05:00,445.57182828523526,447.97567223110514,445.3585838256798,447.8011779785156,65002200,443.30462951660155,440.32116241455077,424.98121459960936,71.87533999881293,5.908665358979476,6.013312610797325,-0.10464725181784829,449.32554880736274,431.3167760217388,440.32116241455077,3.7583899060486354,0.0038896617874286665,0.0038821166121429077,67804845.0
2023-12-12 00:00:00-05:00,447.45223299144266,449.94330918636626,446.45386796122364,449.84637451171875,68327600,444.19346618652344,441.4799468994141,425.6944171142578,73.88192921049622,6.063888421472996,6.023427772932459,0.040460648540536326,449.0023583305091,433.95753546831907,441.4799468994141,3.7391792859839206,0.004567197751546015,0.004556799751689075,68609420.0
2023-12-13 00:00:00-05:00,450.22440701550494,456.30185945750105,449.86577532109465,456.0498352050781,93278000,445.7336730957031,442.53501892089844,426.6425750732422,78.81837283527116,6.611260751712052,6.140994368688378,0.47026638302367463,451.8117672884423,433.2582705533546,442.53501892089844,3.9332011188266622,0.013790176035302748,0.01369595676976764,68414475.0
2023-12-14 00:00:00-05:00,457.9883386207796,459.1805728813377,454.83815428105993,457.5133972167969,119026000,447.2467315673828,443.6172271728516,427.5604901123047,79.78893650442872,7.081523099680737,6.329100114886851,0.7524229847938866,454.4503791687521,432.7840751769511,443.6172271728516,3.962430938930313,0.00320921508733929,0.003204076547452278,70499395.0
2023-12-15 00:00:00-05:00,456.9158501916579,458.09346468799856,454.911024624647,456.7601318359375,141553700,448.4227600097656,444.6351150512695,428.4664422607422,77.81270957598555,7.309171597198201,6.525114411349121,0.7840571858490799,456.35472115991524,432.9155089426238,444.6351150512695,3.906717304960403,-0.0016464334934053193,-0.0016477903545550365,74243790.0
2023-12-18 00:00:00-05:00,458.36593103885957,460.31236579340026,457.30512766166345,459.32940673828125,70375300,450.089306640625,445.75432739257815,429.32607421875,79.66295459697368,7.6091896817967495,6.7419294654386475,0.867260216358102,458.54870044912883,432.95995433602747,445.75432739257815,3.8813970658534287,0.005624998162638617,0.005609236937426567,73605895.0
2023-12-19 00:00:00-05:00,459.8744287176748,462.2004326198957,459.79658439176796,462.12255859375,55761800,452.04389038085935,446.84502563476565,430.1882592773438,81.47189642987342,7.980347705986389,6.989613113548196,0.9907345924381934,461.21826767815884,432.47178359137246,446.84502563476565,3.809227695550645,0.00608093410631616,0.0060625198394359,72897175.0
2023-12-20 00:00:00-05:00,461.2660708823462,463.1541148518432,455.2905320048418,455.71875,102921000,453.53644104003905,447.66351623535155,430.8787506103516,66.80123446150827,7.6693517663944135,7.12556084411744,0.5437909222769735,462.1002994714554,433.2267329992477,447.66351623535155,4.098824492082842,-0.013857381499048582,-0.013954291329272804,75580995.0
2023-12-21 00:00:00-05:00,458.7065536605437,460.31238616429494,456.28325178797456,460.0398864746094,86667500,455.12476501464846,448.6132507324219,431.62115661621095,70.64274206520565,7.683000002393442,7.23704867577264,0.4459513266208015,463.6693858497225,433.55711561512123,448.6132507324219,4.134168182955134,0.009482024767708985,0.009437352537642626,76944625.0
2023-12-22 00:00:00-05:00,461.16881437336167,462.64812393044707,459.06669078214355,460.9644470214844,67160400,456.6145965576172,449.5956436157227,432.43361999511717,71.40515382117462,7.679891626902531,7.325617265998619,0.3542743609039123,465.1741216564678,434.0171655749776,449.5956436157227,4.094687109051447,0.0020097399683320916,0.0020077231427065734,78815775.0
2023-12-26 00:00:00-05:00,461.3732181207506,463.81597380070593,461.2953440901739,462.910888671875,55387000,458.1255676269531,450.71509857177733,433.326884765625,72.99518630357757,7.745207856085756,7.409535384016047,0.3356724720697084,466.7359738641619,434.69422327939276,450.71509857177733,4.005889942635027,0.004222541809824065,0.004213651896723272,79059825.0
2023-12-27 00:00:00-05:00,462.70651395388256,463.893840449239,462.1712562282074,463.74786376953125,68000300,459.5157165527344,451.8545913696289,434.14887939453126,73.67309905375987,7.774884307183754,7.48260516864959,0.2922791385341643,468.176512197513,435.53267054174484,451.8545913696289,3.842796676806209,0.001808069583451699,0.0018064369932373153,79354090.0
2023-12-28 00:00:00-05:00,464.10794836189996,464.75998742977106,463.5045582870676,463.92303466796875,77158100,460.30303649902345,453.01835479736326,434.9747662353516,73.82121988009794,7.7235061646752,7.530785367854712,0.19272079682048826,469.2971322856322,436.73957730909433,453.01835479736326,3.6579847100845844,0.00037772874469688134,0.00037765742315416215,80054695.0
2023-12-29 00:00:00-05:00,463.72837604213146,464.2539217843669,460.62380998189565,462.5799865722656,122283100,460.8096954345703,454.02821350097656,435.8864221191406,70.5441068741802,7.488097730121751,7.52224784030812,-0.03415011018636882,470.0463702786922,438.0100567232609,454.02821350097656,3.6559937881122053,-0.0028949804069641205,-0.0028991789678680766,82181215.0
2024-01-02 00:00:00-05:00,459.5143439023402,460.9839117212058,457.8890577311239,459.9912109375,123623700,461.13280334472654,454.7777816772461,436.8195812988281,64.59192794615367,7.011814458907736,7.420161164028044,-0.4083467051203078,470.4348288315037,439.12073452298847,454.7777816772461,3.7299177204714566,-0.005596384862969428,-0.005612103296437002,83903230.0
2024-01-03 00:00:00-05:00,457.8306496986943,458.57030441924957,455.6311985932203,456.2345886230469,103585900,460.8233215332031,455.45631408691406,437.77918884277346,57.06721829169946,6.259077757414332,7.187944482705301,-0.9288667252909697,470.09793039140794,440.8146977824202,455.45631408691406,3.7749244793149033,-0.008166726287654136,-0.008200256677243124,85460980.0
2024-01-04 00:00:00-05:00,455.75768568069975,458.34644746704663,454.54116395968543,454.7650146484375,84232200,460.0875671386719,456.06572875976565,438.7235565185547,54.39747887613952,5.480767286675302,6.846509043499302,-1.3657417568239998,469.4750605621336,442.6563969573977,456.06572875976565,3.77709298131821,-0.0032210928571738684,-0.003226291743837468,86182915.0
2024-01-05 00:00:00-05:00,454.9694333616534,457.8404368275673,453.9378252017517,455.387939453125,86118900,460.0544860839844,456.7954635620117,439.6189300537109,55.350983756083366,4.8582130015793155,6.448849835115305,-1.5906368335359895,468.24632579005635,445.3446013339671,456.7954635620117,3.78605859878231,0.0013697729258461688,0.0013688356427243788,87032625.0
2024-01-08 00:00:00-05:00,455.884242835596,462.0349842457667,455.7577198150965,461.8890075683594,74879100,460.23939819335936,457.6820816040039,440.76219055175784,63.84695008787342,4.833696268869517,6.125819121866148,-1.2921228529966315,467.7428360227788,447.62132718522895,457.6820816040039,3.990414755486551,0.014275889965468691,0.014174948995509409,87426810.0
2024-01-09 00:00:00-05:00,459.23211686361327,462.2101599071882,458.72605447786003,461.18829345703125,65931400,460.26178283691405,458.4381896972656,441.9883654785156,62.46722073809314,4.703505722750265,5.841356442042972,-1.1378507192927074,467.06400137238103,449.8123780221502,458.4381896972656,3.954249803618095,-0.001517061674658704,-0.0015182135778739451,86563660.0
2024-01-10 00:00:00-05:00,461.4607624691406,464.6626560070687,461.17852110920177,463.7964782714844,67310600,460.350341796875,459.2379547119141,443.3029547119141,65.45926176152327,4.7559637048895524,5.624277894612288,-0.868314189722736,466.6514004942672,451.824508929561,459.2379547119141,3.9206701674930104,0.0056553578038645025,0.0056394263052470485,86679080.0
2024-01-11 00:00:00-05:00,464.7989126874992,465.3147167416708,459.6116768106503,463.5921325683594,77940700,460.3347686767578,459.9252426147461,444.51827331542967,65.02191250769323,4.726563165234893,5.4447349487368095,-0.7181717835019166,466.1879207121851,453.6625645173071,459.9252426147461,4.04798229345926,-0.00044059347730840415,-0.00044069056713367063,87159735.0
2024-01-12 00:00:00-05:00,465.0422353972928,465.78189018349474,462.50215203979474,463.9132995605469,58026400,460.33379516601565,460.3184158325195,445.6894171142578,65.4130412580673,4.675284745620331,5.290844908113515,-0.6155601624931837,466.5457715601018,454.09106010493724,460.3184158325195,3.993107711333598,0.0006927792117785714,0.0006925393510344002,85397155.0
2024-01-16 00:00:00-05:00,462.53132242501596,463.8451421871986,460.39023221216354,462.21014404296875,85014900,460.29681091308595,460.5532531738281,446.74003845214844,61.48648833434338,4.445965489584296,5.121869024407672,-0.6759035348233757,466.69340514978865,454.4131011978676,460.5532531738281,3.9595333996942936,-0.003671279782647918,-0.0036780354700166754,83696600.0
2024-01-17 00:00:00-05:00,459.18345575970955,460.1274778564824,457.28566988777015,459.640869140625,68843900,460.26177673339845,460.6972900390625,447.5822497558594,56.02317872415896,4.0106767299436115,4.89963056551486,-0.8889538355712485,466.60553976649635,454.7890403116287,460.6972900390625,4.028457739373172,-0.005558672684831678,-0.005574179597774228,80061110.0
2024-01-18 00:00:00-05:00,461.31477246365523,464.2830735453687,459.7673604180853,463.72833251953125,91856200,461.0111511230469,460.917236328125,448.4300244140625,61.83334087239022,3.949998264953365,4.709704105402562,-0.7597058404491968,466.9319792253902,454.9024934308598,460.917236328125,4.07229678689964,0.00889273268181845,0.00885342519663735,81135155.0
2024-01-19 00:00:00-05:00,464.85726900395974,469.7914881784232,463.7770119836413,469.5092468261719,110834500,462.48557434082034,461.2865707397461,449.374033203125,68.22700616141078,4.31859948903832,4.631483182129713,-0.3128836930913934,468.3650924086172,454.20804907087495,461.2865707397461,4.214500992041949,0.012466165858858957,0.012389103004520771,83888790.0
2024-01-22 00:00:00-05:00,471.0469830334159,472.22456782073624,469.8499148891261,470.5019836425781,75844900,463.9969787597656,462.025732421875,450.31385681152346,69.18176949050485,4.637367493387501,4.6326600443812715,0.004707449006229325,469.6876297380307,454.36383510571926,462.025732421875,4.107416706507836,0.0021144137695201515,0.0021121815427393403,82534985.0
2024-01-23 00:00:00-05:00,471.04699545665005,472.1175109095896,469.9569966462272,471.87420654296875,49945300,464.99549865722656,462.617448425293,451.27492065429686,70.50128909520042,4.943732087214869,4.694874452947991,0.24885763426687824,471.3303085094459,453.9045883411401,462.617448425293,3.968352246283163,0.0029165082148367993,0.002912263455999765,80698875.0
2024-01-24 00:00:00-05:00,474.74521482696895,475.679495288325,471.89369474893255,472.3900451660156,81765000,466.115673828125,463.18872833251953,452.3124078369141,71.00388829084815,5.1685720199755,4.7896139663534925,0.3789580536220072,472.8408128016681,453.53664386337095,463.18872833251953,3.95670485335981,0.0010931697810439012,0.0010925727060554136,81429105.0
2024-01-25 00:00:00-05:00,474.52132983790426,475.23178923650255,472.3900110425858,474.95928955078125,72525000,467.23195495605466,463.79114837646483,453.27003784179686,73.43192415217284,5.490781524826559,4.929847478048106,0.5609340467784536,474.7184022979839,452.86389445494575,463.79114837646483,3.8770672348281634,0.0054388199138757365,0.005424082943186015,82286005.0
2024-01-26 00:00:00-05:00,474.53109852869903,476.0201200569098,473.509232074134,474.3559265136719,76641600,468.30833435058594,464.32155151367186,454.22374267578124,71.90907459649361,5.632520335925278,5.07038204962354,0.5621382863017379,476.1791271942129,452.4639758331308,464.32155151367186,3.779483002538708,-0.0012703468494742465,-0.0012711544240388854,82718070.0
2024-01-29 00:00:00-05:00,474.66734997690736,478.2585246858996,474.12235058965683,478.1125183105469,61322800,469.72825622558594,465.0310256958008,455.0870251464844,75.33829347569619,5.979052136554742,5.252116067009781,0.7269360695449611,478.31993371950864,451.74211767209295,465.0310256958008,3.804960937803284,0.007919352509168531,0.007888159017031186,81926305.0
2024-01-30 00:00:00-05:00,477.421527922976,478.4531359964777,476.983568210537,477.7427062988281,58618400,471.28151245117186,465.7891616821289,455.92449462890625,74.37572406319029,6.152913390967228,5.43227553180127,0.7206378591659579,480.12135767441004,451.4569656898478,465.7891616821289,3.6381471412416735,-0.0007734832232075828,-0.0007737825156976397,78743070.0
2024-01-31 00:00:00-05:00,475.5334936248827,475.98116532447904,469.9277517507619,469.9472351074219,126011100,472.31214904785156,466.286962890625,456.59539184570315,57.6536803181399,5.597149852620191,5.465250395965055,0.13189945665513658,480.469885232055,452.10404054919496,466.286962890625,3.936490527443427,-0.016317300271938007,-0.01645189355712125,78862440.0
2024-02-01 00:00:00-05:00,471.65035080339914,476.1271567596163,470.8425637335658,476.09796142578125,91891600,473.5491119384766,467.2801315307617,457.3784478759766,64.4459634207571,5.588593626005206,5.489919041973085,0.09867458403212126,481.28908734910533,453.2711757124181,467.2801315307617,4.096735607782784,0.01308812108864399,0.013003211698955009,78277725.0
2024-02-02 00:00:00-05:00,476.53588232086173,482.7644675885541,476.19525029914104,481.1100158691406,99228200,474.7091888427734,468.5973815917969,458.19447631835936,68.83298151703835,5.918024359882509,5.575540105554969,0.34248425432753926,482.6058705279403,454.58889265565347,468.5973815917969,4.280290647424932,0.0105273595970663,0.010472332801358786,79027525.0
2024-02-05 00:00:00-05:00,480.4775308613438,481.1393116873206,477.10046467259485,479.3583068847656,75757100,475.5948211669922,469.79589996337893,458.9946636962891,65.77811125415381,5.96894602032188,5.654221288508351,0.3147247318135289,483.16577683024497,456.4260230965129,469.79589996337893,4.263044673660707,-0.0036409738450580154,-0.00364761832347938,78509435.0
2024-02-06 00:00:00-05:00,480.30226806860526,481.08085985334736,478.8716372206463,480.7499694824219,55918600,476.4823974609375,470.738948059082,459.78875915527345,67.03001689207639,6.0518355510167225,5.733744141010026,0.31809141000669694,484.402431763037,457.07546435512705,470.738948059082,4.116343099306448,0.002903178223196523,0.002898972140005011,77561410.0
2024-02-07 00:00:00-05:00,482.99806143919835,485.1780588645302,482.092946704362,484.75958251953125,70556500,477.71935119628904,471.91751251220705,460.65761901855467,70.39084863069212,6.36766587516513,5.860528487841046,0.5071373873240841,486.13747621528086,457.69754880913325,471.91751251220705,4.138610690935154,0.008340329259773238,0.008305740899492549,77792665.0
2024-02-08 00:00:00-05:00,484.7596458434101,485.35329426615607,483.9421467021212,484.9737548828125,52343600,478.7207977294922,472.97637634277345,461.5466583251953,70.56345646737437,6.559630267791988,6.000348843831235,0.5592814239607531,487.7623646699097,458.1903880156372,472.97637634277345,3.943791896156563,0.0004418115102915454,0.00044171394032353116,77044315.0
2024-02-09 00:00:00-05:00,485.47977226451565,488.2145108276318,485.13914022884614,487.7765808105469,63979400,480.0628631591797,474.1855987548828,462.48302978515625,72.79830406213905,6.858863352913886,6.1720517456477655,0.6868116072661206,489.64434966355816,458.7268478462074,474.1855987548828,3.8935750424896143,0.00577933527230079,0.0057626989812330455,76346250.0
2024-02-12 00:00:00-05:00,487.7473831666172,490.01496666720067,486.84226840178366,487.5624694824219,56502300,481.0078582763672,475.36805725097656,463.42132385253905,72.34644138137205,6.9980614378408745,6.337253684086388,0.6608077537544865,491.118112972186,459.6180015297671,475.36805725097656,3.8420838441272855,-0.00043895368606916563,-0.0004390500544402888,76270045.0
2024-02-13 00:00:00-05:00,481.28515815868167,483.77659211196044,477.5772025602381,480.8471984863281,113099200,481.3183074951172,476.2999099731445,464.19061157226565,59.807772788636505,6.49167864500015,6.36813867626914,0.12353996873100925,490.9957909938743,461.6040289524147,476.2999099731445,4.280882635417035,-0.013773149937529872,-0.013868879784516671,77674260.0
2024-02-14 00:00:00-05:00,483.48465429025185,485.7035886541278,481.158650574048,485.21697998046875,68387800,482.84528198242185,477.5787155151367,464.9949542236328,64.1606394468889,6.369547303760214,6.368420401767356,0.0011269019928583646,490.6104323525193,464.5469986777541,477.5787155151367,4.321990316301511,0.009087671734173242,0.0090466273234118,77651455.0
2024-02-15 00:00:00-05:00,485.91769748176387,488.74976352545775,485.4408007855907,488.5648498535156,61683000,484.0919708251953,478.82054138183594,465.91297241210935,67.100434063664,6.468339464413361,6.388404214296557,0.07993525011680447,491.044678386635,466.5964043770369,478.82054138183594,4.265618404064903,0.006899737666191452,0.006876043403288824,76142795.0
2024-02-16 00:00:00-05:00,488.2632150838705,489.401862888149,485.3922116760664,486.1318664550781,75532900,484.5941558837891,479.65167236328125,466.7840753173828,63.05266746944106,6.277943313888329,6.3663120342149115,-0.08836872032658238,491.48456990714936,467.81877481941314,479.65167236328125,4.247335033209028,-0.004979857636436491,-0.004992298446971949,74377715.0
2024-02-20 00:00:00-05:00,484.3897857981468,485.06130820828355,481.20737545898015,483.45550537109375,71736700,485.0038757324219,480.29934844970705,467.63732055664065,58.84727318435582,5.8437301372458705,6.261795654821103,-0.4180655175752328,491.45685692629274,469.14183997312136,480.29934844970705,4.295703316272524,-0.005505422023659223,-0.005520632712685064,74172305.0
2024-02-21 00:00:00-05:00,482.15136438471933,484.0491204434422,480.3411646253707,483.8934020996094,59293400,485.31821899414064,480.9003082275391,468.4320556640625,59.32528589247258,5.471871346000285,6.10381079305694,-0.6319394470566557,491.45645458332314,470.34416187175503,480.9003082275391,4.253721352115305,0.0009057642816157063,0.0009053543246796712,74639710.0
2024-02-22 00:00:00-05:00,490.51134795574427,494.87134322560775,489.5478424615369,493.9078674316406,76402500,486.23304748535156,481.9761993408203,469.3888903808594,68.37301142023378,5.917046207311785,6.0664578759079095,-0.14941166859612487,493.20813875254066,470.74425992909994,481.9761993408203,4.734022764535524,0.020695602148280035,0.02048435775562523,74371585.0
2024-02-23 00:00:00-05:00,495.6304262293698,496.4674086571224,493.51856105397593,494.24847412109375,61321800,487.1605194091797,482.94065856933594,470.3178363037109,68.62861018845555,6.225570108554223,6.098280322437173,0.12728978611704989,494.88679089703425,470.99452624163763,482.94065856933594,4.606510253007735,0.0006896158411573428,0.0006893781654168484,73811425.0
2024-02-26 00:00:00-05:00,494.6864234153272,495.12438315275733,492.3117704350963,492.43829345703125,50386700,487.62669067382814,483.8447769165039,471.1696746826172,65.59456394458172,6.251942569561891,6.129012771862117,0.12292979769977386,495.79223884139066,471.8973149916172,483.8447769165039,4.478374714768683,-0.003662491153425429,-0.0036692144952900903,72498680.0
2024-02-27 00:00:00-05:00,493.1292673855463,493.57693907250416,491.23148157958644,493.35308837890625,48854500,488.20575256347655,484.6068054199219,471.9157397460938,66.40292424647706,6.274332638825058,6.158076745254705,0.1162558935703526,496.9327510759204,472.2808597639234,484.6068054199219,4.326023484636471,0.0018576843718893787,0.001855961010254503,71875265.0
2024-02-28 00:00:00-05:00,491.7959350516518,493.28495648375826,491.4358493661455,492.7010498046875,56506600,489.3911376953125,485.35472259521487,472.61949279785154,65.22657384450238,6.168357876471589,6.160132971498083,0.008224904973506142,497.739051523076,472.97039366735373,485.35472259521487,4.153967450931064,-0.001321646888562622,-0.0013225210341043577,71769675.0
2024-02-29 00:00:00-05:00,494.46257806109645,496.0878345083775,491.815425510208,494.4722900390625,83924800,490.31666870117186,486.5809753417969,473.37373596191406,66.93990930603482,6.15633005712516,6.159372388623499,-0.0030423314983387684,497.3747093055732,475.78724137802055,486.5809753417969,4.162427561448096,0.0035949593269126723,0.003588512905759912,69665360.0
2024-03-01 00:00:00-05:00,495.3481852022985,499.5427199698066,494.93942084083443,499.114501953125,76844800,491.3716339111328,487.73180236816404,474.16943786621096,70.97619129646688,6.447067843578168,6.216911479614433,0.23015636396373473,498.71570983377063,476.74789490255745,487.73180236816404,4.22728487354067,0.009388214481534929,0.009344419089600459,68913020.0
2024-03-04 00:00:00-05:00,498.3164953474277,500.4283603101874,498.28727031545634,498.5792236328125,49799300,492.6163696289062,488.60526275634766,474.8985711669922,69.91621838815918,6.558682735120954,6.285265730715738,0.273417004405216,500.1099656792798,477.1005598334155,488.60526275634766,4.078270953625696,-0.0010724559559336377,-0.001073031448319298,66441575.0
2024-03-05 00:00:00-05:00,496.57441726330285,497.02211863397577,491.3871817921508,493.59637451171875,72855600,493.6304565429688,489.3171661376953,475.65612365722654,60.81179102299385,6.17389523894758,6.262991632362106,-0.08909639341452635,500.1896987028409,478.4446335725498,489.3171661376953,4.300683159842555,-0.009994096995833646,-0.010044373240806787,66296500.0
2024-03-06 00:00:00-05:00,496.8761267293977,498.3554361707815,494.8031986362925,496.0975646972656,68382400,494.8508728027344,490.0845458984375,476.37727722167966,63.38894635373905,6.001590916417285,6.210711489173143,-0.20912057275585738,500.5903474771207,479.5787443197543,490.0845458984375,4.333424481215426,0.005067278275739273,0.00505448282836862,66919690.0
2024-03-07 00:00:00-05:00,499.39677730974256,502.0731250869525,496.15594682375195,501.02203369140625,58652100,495.5622894287109,490.8976684570313,477.1784289550781,67.86921350479241,6.191035587284546,6.2067763087954235,-0.015740721510877798,502.12183321332446,479.6735037007381,490.8976684570313,4.450719903249099,0.009926412352267322,0.009877469141656981,66324470.0
2024-03-08 00:00:00-05:00,501.6546542384204,504.34068432238394,497.4406063327474,498.0148010253906,86532500,495.9389221191406,491.54972076416016,477.88050720214846,62.81398990431834,6.029014582985155,6.171223963633371,-0.14220938064821542,502.83658704420634,480.262854484114,491.54972076416016,4.625674052276773,-0.006002196438066987,-0.006020282024248852,68033915.0
2024-03-11 00:00:00-04:00,496.8080468189585,498.17054528765857,494.88106560592894,497.58660888671875,62557200,496.45375366210936,492.04022216796875,478.5572821044922,62.104660298278574,5.799210553363878,6.096821281579473,-0.2976107282155951,503.48017280309114,480.60027153284636,492.04022216796875,4.530231597237692,-0.0008597980176296982,-0.0008601678559512914,67962805.0
2024-03-12 00:00:00-04:00,499.6985307075949,503.5232683044219,497.1778712794107,502.9393615722656,73114400,497.4123809814453,492.80906677246094,479.3376086425781,67.10545236129721,5.980077005888063,6.0734724264411915,-0.09339542055312844,504.9851160725782,480.6330174723437,492.80906677246094,4.659886270650086,0.010757429138864794,0.010699979636751983,68793410.0
2024-03-13 00:00:00-04:00,503.2604525888654,503.43562459877114,500.7106276661075,502.1509704589844,55104100,498.357373046875,493.87425537109374,480.1290283203125,65.72962676819596,5.990740866995509,6.056926114552056,-0.06618524755654676,505.38749313789737,482.3610176042901,493.87425537109374,4.52167988936534,-0.0015675669345437404,-0.001568796853078672,65893655.0
2024-03-14 00:00:00-04:00,503.12418400270946,503.27993205507374,498.1121499011311,501.1583251953125,110171800,499.0259765625,494.67132263183595,480.95237060546873,63.95177632081605,5.851639815581791,6.015868854758003,-0.16422903917621223,505.880034877467,483.4626103862049,494.67132263183595,4.567830051120863,-0.001976786508576467,-0.001978742929736523,67982855.0
2024-03-15 00:00:00-04:00,498.08804798108406,499.54266772632866,496.0477073102581,497.7170715332031,107646300,498.8862335205078,495.1289337158203,481.7820202636719,58.08615546806057,5.401456194669606,5.892986322740325,-0.4915301280707185,506.046585198817,484.21128223282363,495.1289337158203,4.606600610687544,-0.006866599813079466,-0.00689028338893392,70281020.0
2024-03-18 00:00:00-04:00,501.7879780994152,503.2327960119457,500.2650442068728,500.675048828125,88893300,499.09581604003904,495.85609283447263,482.7002209472656,61.36628281136832,5.223157173952529,5.759020492982765,-0.535863319030236,506.2022277203972,485.50995794854805,495.85609283447263,4.671538029834333,0.005943089888015951,0.005925499389508845,70949040.0
2024-03-19 00:00:00-04:00,499.9820112945357,503.7405165081089,498.976454143322,503.4574279785156,60755300,500.08192138671876,496.85618896484374,483.66161071777344,64.20402877276962,5.245897221866812,5.656395838759575,-0.4104986168927631,506.0127649244939,487.69961300519356,496.85618896484374,4.678146910902376,0.005557255463205291,0.005541870890081214,70399970.0
2024-03-20 00:00:00-04:00,503.51601611982346,508.2507627953458,502.84240721032234,508.11407470703125,69594600,501.2835723876953,498.06722259521484,484.5861120605469,68.38895269709403,5.575401588497527,5.640196988707166,-0.06479540020963892,506.4169353509577,489.717509839472,498.06722259521484,4.730304673339596,0.00924933563342778,0.009206822473191184,70915030.0
2024-03-21 00:00:00-04:00,510.95497299473493,511.6578381638752,509.51009528309675,509.7932434082031,60256100,502.160693359375,498.86149139404296,485.55821105957034,69.76177834878075,5.903973719843066,5.692952334934347,0.2110213849087188,508.4131465987823,489.3098361893036,498.86149139404296,4.645551729304194,0.003304708105438925,0.003299259558213331,70107710.0
2024-03-22 00:00:00-04:00,509.7053025616341,510.19342318455074,508.59237324097523,508.82672119140625,79070800,503.24188537597655,499.5904037475586,486.45881591796876,67.93300648913461,6.017018788704377,5.757765625688353,0.25925316301602397,509.8233915607312,489.357415934386,499.5904037475586,4.428087316037859,-0.0018959102131979044,-0.0018977097258020892,70995160.0
2024-03-25 00:00:00-04:00,507.4501546887545,508.57285588251494,507.26466648069925,507.4208984375,48512100,504.2253143310547,500.339533996582,487.33539123535155,65.25353321467392,5.924871443042491,5.79118678915918,0.13368465388331074,510.5621583250408,490.11690966812324,500.339533996582,4.223370701371369,-0.0027628713181857556,-0.002766695091833191,70901430.0
2024-03-26 00:00:00-04:00,508.8463133152752,509.1880335747444,506.0835929054152,506.48382568359375,65463700,504.5797607421875,500.9960708618164,488.1868017578125,63.45683785275822,5.710404084243123,5.77503024817597,-0.06462616393284648,511.0243441494975,490.9677975741353,500.9960708618164,4.143447127654072,-0.0018467366180457967,-0.0018484439384185156,71731890.0
2024-03-27 00:00:00-04:00,509.3149295274711,510.7792916484105,507.14764260425625,510.7402038574219,82999800,505.4386840820313,501.8980285644531,489.15740295410154,67.7944675949041,5.8168384114808305,5.783391880836942,0.03344653064388847,512.024247258645,491.77180987026117,501.8980285644531,4.154305616022834,0.008403779070503159,0.008368663915346443,73056550.0
2024-03-28 00:00:00-04:00,510.7792051650659,512.1459071621757,510.359428578344,510.64251708984375,96294900,506.38710327148436,502.7065399169922,490.17743591308596,67.59615579036799,5.826145695960122,5.791942643861578,0.03420305209854391,512.9139117627959,492.4991680711885,502.7065399169922,3.9851751137234674,-0.000191265083187786,-0.00019128337668645163,73675055.0
2024-04-01 00:00:00-04:00,511.38442447935097,511.92134520134493,508.592329471925,509.7540588378906,62477500,507.59080200195314,503.23851776123047,491.09795043945314,65.71339904035847,5.696168742664611,5.7727878636221845,-0.07661912095757373,513.746200452137,492.73083507032396,503.23851776123047,3.9383065862732165,-0.0017398830340576987,-0.001741398388491865,72956690.0
2024-04-02 00:00:00-04:00,505.927220028753,506.6496289689748,504.2090260168563,506.51300048828125,74230300,508.1745971679687,503.6352066040039,491.8380255126953,59.23207587644228,5.270875378231608,5.67240536654407,-0.4015299883124621,514.0075057923121,493.26290741569557,503.6352066040039,4.053072745899011,-0.006358082478044702,-0.006378381170694499,74178240.0
2024-04-03 00:00:00-04:00,505.41957743973774,508.5728771082824,505.3707772955882,507.0694274902344,59155800,508.5357971191406,504.30885925292966,492.56937438964843,59.96218230570646,4.921988709635286,5.522322035162313,-0.6003333255270267,513.6882250923576,494.9294934135018,504.30885925292966,3.9922889649558106,0.001098544363948628,0.0010979414056327514,73493250.0
2024-04-04 00:00:00-04:00,511.08186037390533,511.4235209921689,500.5774945359362,500.880126953125,96858100,507.81240234375,504.54798736572263,493.14949279785156,49.37073669606324,4.098820038006863,5.237621635731224,-1.1388015977243606,513.3006980266141,495.7952767048311,504.54798736572263,4.481841642904161,-0.012206021900676656,-0.012281127169429468,74917035.0
2024-04-05 00:00:00-04:00,502.2370828649808,508.0749863325785,501.7977623960231,506.11273193359375,74546500,507.44435119628906,504.80252227783205,493.8239465332031,56.384898213805606,3.824592900124344,4.955015888609848,-1.1304229884855044,513.4253992384065,496.17964531725767,504.80252227783205,4.675628624086255,0.010446820903633913,0.010392629958787024,75711755.0
2024-04-08 00:00:00-04:00,506.8156491443553,507.8211466086966,505.5855756833857,506.39581298828125,48401800,507.2012603759766,505.22157287597656,494.45267700195313,56.73411673308758,3.588739438623179,4.681760598612515,-1.0930211599893358,513.2803988797699,497.1627468721833,505.22157287597656,4.501338788459446,0.0005593241126458093,0.0005591677492168231,73805220.0
2024-04-09 00:00:00-04:00,508.1336471514087,508.37770750066494,502.12973872568773,506.981689453125,68049200,507.15733947753904,505.6913269042969,495.1051922607422,57.49270097544005,3.4097932316382753,4.427367125217667,-1.0175738935793914,512.9730209531086,498.4096328554852,505.6913269042969,4.626098073210715,0.0011569536118130053,0.0011562848567457551,74079820.0
2024-04-10 00:00:00-04:00,501.2803426609476,503.89666208515973,499.92341259541246,501.9051513671875,82652800,506.69947204589846,505.63961639404295,495.581044921875,49.40899445387216,2.8257691682375707,4.107047533821648,-1.2812783655840772,513.0128609115425,498.26637187654336,505.63961639404295,4.799825129246559,-0.010013257266576092,-0.01006372712152376,74556740.0
2024-04-11 00:00:00-04:00,503.4280454371211,507.1377500106354,499.9136010169566,505.69293212890625,70099000,506.1947448730469,505.81671447753905,496.1400494384766,54.54453114369566,2.638157109035319,3.8132694488643826,-1.1751123398290635,513.0143334040731,498.61909555100493,505.81671447753905,4.972991119563147,0.007546805908249521,0.0075184712367565645,75306485.0
2024-04-12 00:00:00-04:00,502.14918793409277,503.56474960986543,496.9848635757255,498.71282958984375,92561100,505.00177612304685,505.69443969726564,496.715361328125,45.3987978965261,1.9042858389198614,3.4314727268754783,-1.527186887955617,513.2772381043585,498.1116412901727,505.69443969726564,5.239782364821546,-0.013803045475990983,-0.013899193288535314,74425950.0
2024-04-15 00:00:00-04:00,502.8911540643935,503.05709839116423,491.61554988176164,492.46490478515625,92101400,503.2728607177734,505.4318313598633,497.0427001953125,39.08192749609586,0.8092042515446565,2.9070190318093143,-2.097814780264658,514.3480759370528,496.51558678267367,505.4318313598633,5.6827656608630495,-0.012528101211725318,-0.012607239535032184,73648705.0
2024-04-16 00:00:00-04:00,492.943215040187,494.46614887048355,490.27806594091004,491.56671142578125,73484000,501.7782318115234,504.9764144897461,497.2518341064453,38.25779641314013,-0.12963810628116335,2.299687604191219,-2.429325710472382,515.5873858592466,494.36544312024563,504.9764144897461,5.576002608628082,-0.0018238728296118278,-0.001825538110809934,72878240.0
2024-04-17 00:00:00-04:00,494.0268584590965,494.1928325755386,487.26151394107353,488.65753173828125,75910300,499.9370422363281,504.2364196777344,497.4378186035156,35.63658646736516,-1.0957923149050544,1.6205916203719644,-2.716383935277019,517.0114761145605,491.4613632409082,504.2364196777344,5.672810896187867,-0.005918178794210749,-0.005935760616897201,73635990.0
2024-04-18 00:00:00-04:00,490.0535829309475,492.15249561510325,486.71482481856754,487.6520080566406,74548100,498.6142303466797,503.2133163452148,497.575859375,34.75035425440011,-1.9204757941012645,0.9123781374773187,-2.8328539315785832,517.7397200745063,488.6869126159234,503.2133163452148,5.656015174784142,-0.002057726764312262,-0.0020598467928227377,73883665.0
2024-04-19 00:00:00-04:00,487.57394131853926,488.56969668668467,482.1264983587833,483.3956298828125,102212600,496.34252014160154,501.8934356689453,497.54858032226565,31.211968471185685,-2.8842497042714967,0.1530525691275556,-3.0373022733990522,518.444481455287,485.3423898826035,501.8934356689453,5.712242542863945,-0.008728310564720898,-0.008766625379368889,75981490.0
2024-04-22 00:00:00-04:00,486.00217973304706,490.44409539983275,483.65920663681294,487.8472900390625,67961000,494.4876678466797,500.84446411132814,497.6060510253906,38.28934906611461,-3.2513560920342,-0.5278291631047956,-2.7235269289294046,518.1470796098822,483.54184861277406,500.84446411132814,5.807687041017966,0.009209144396545632,0.009166998778738115,75426000.0
2024-04-23 00:00:00-04:00,489.85833417865257,494.0659315908711,487.6617913619136,493.6363830566406,64633600,493.15313720703125,500.15523834228514,497.7232470703125,46.06135166371209,-3.0401145757221,-1.0302862456282567,-2.0098283300938435,517.4532660696549,482.8572106149154,500.15523834228514,5.850290840156508,0.011866608948703172,0.01179675283843332,76232075.0
2024-04-24 00:00:00-04:00,494.5247405147149,495.3154935043147,491.17624034467946,493.4020690917969,55928100,492.3028289794922,499.5011505126953,497.8400390625,45.80987122516855,-2.8586584951719374,-1.395960695536993,-1.4626977996349444,516.7818129750957,482.2204880502949,499.5011505126953,5.728073862976418,-0.000474669155042573,-0.0004747818461080069,75755295.0
2024-04-25 00:00:00-04:00,487.32011244956163,492.2891769636512,485.67026231159537,491.5277099609375,69122400,490.8863067626953,498.54052581787107,498.0536492919922,43.75206080709035,-2.833436271616563,-1.683455810752907,-1.149980460863656,515.3447509636953,481.7363006720468,498.54052581787107,5.871197642778211,-0.003798847326095478,-0.003806081272849985,75061425.0
2024-04-26 00:00:00-04:00,494.3197628446228,497.7658932650639,493.6852119906925,496.18438720703125,64306100,490.6334625244141,497.81761932373047,498.27299743652344,49.7869699377075,-2.409912569466087,-1.8287471624955431,-0.5811654069705439,513.6955992593453,481.9396393881156,497.81761932373047,5.89741090430308,0.00947388550375683,0.009429289692970494,73461985.0
2024-04-29 00:00:00-04:00,497.9708448807049,498.6151676151332,495.198323588402,497.9415588378906,46415400,491.1811279296875,497.2269943237305,498.4605316162109,51.88479462546495,-1.9104553784880522,-1.8450888056940449,-0.06536657279400737,512.1341150993492,482.31987354811184,497.2269943237305,5.7202275559050895,0.0035413682416536307,0.0035351123623731094,72658880.0
2024-04-30 00:00:00-04:00,496.4772740416634,497.45351534342734,490.0536193847656,490.0536193847656,77483600,491.0298187255859,496.4040252685547,498.53896667480467,43.16646447931711,-2.1266085285010945,-1.901392750255455,-0.22521577824563943,510.9834154156477,481.82463512146165,496.4040252685547,5.875064119992226,-0.015841094829550095,-0.01596790597346798,72821545.0
2024-05-01 00:00:00-04:00,489.46786865773555,496.11606953951656,487.9937347584278,488.46234130859375,80242800,491.0102996826172,495.47367095947266,498.6391033935547,41.646143817625884,-2.398663993664627,-2.0008469989372895,-0.39781699472733756,509.5789993290421,481.3683425899032,495.47367095947266,6.035583452927691,-0.0032471509508891216,-0.003252434386046001,73875895.0
2024-05-02 00:00:00-04:00,492.17203084435516,493.8707109149056,487.68131503899394,493.0311279296875,62550200,491.5482116699219,495.08122100830076,498.82185791015627,47.37681306961403,-2.2200160493760563,-2.044680809025043,-0.17533524035101333,508.9985293171977,481.1639126994038,495.08122100830076,6.046570054569402,0.009353406055529145,0.009309933818523545,72160500.0
2024-05-03 00:00:00-04:00,499.0154483809272,500.37240813782097,496.4772153379588,499.1423645019531,72756700,493.1228851318359,494.7327026367187,498.9265478515625,53.898549942894775,-1.567244331711322,-1.949193513562299,0.38194918185097704,507.8538817369295,481.61152353650795,494.7327026367187,6.139049351252551,0.012395234755111062,0.012319042798172423,72071010.0
2024-05-06 00:00:00-04:00,501.5439893363052,504.3360252733681,501.10466881549837,504.2969970703125,47264700,494.7678558349609,494.6277618408203,499.12751831054686,58.56326340987231,-0.6267574040796831,-1.684706291665776,1.057948887586093,507.4031603741414,481.8523633074992,494.6277618408203,6.071521595549865,0.010326978703766532,0.010274019751121858,72014155.0
2024-05-07 00:00:00-04:00,505.2634287213709,506.2494419365131,504.17981521335923,504.8534240722656,52561300,495.8895599365234,494.52134857177737,499.3758209228516,59.04500312386233,0.1616212021018555,-1.3154407929122498,1.4770619950141053,506.9130571171789,482.12964002637585,494.52134857177737,5.785671961807295,0.0011033716345441036,0.0011027633674508008,71239760.0
2024-05-08 00:00:00-04:00,503.018083190491,505.43914245784595,502.90093900562147,504.9022216796875,42047200,497.0395751953125,494.6712020874023,499.6068035888672,59.08992234577831,0.781347597826425,-0.896083114764515,1.67743071259094,507.4818622156628,481.86054195914187,494.6712020874023,5.553709925408522,9.665698021477098e-05,9.66523092298453e-05,69209480.0
2024-05-09 00:00:00-04:00,505.08764898476056,507.8504281122988,504.43358410061904,507.81134033203125,43643700,498.6679382324219,494.7771224975586,499.90900939941406,61.78115055255729,1.4900504203294531,-0.41885640774572136,1.9089068280751744,507.9795872820102,481.574657713107,494.7771224975586,5.401076645856468,0.005761746586627758,0.005745211209462334,67886715.0
2024-05-10 00:00:00-04:00,509.4124405414531,510.22273745681827,507.2452135831723,508.46551513671875,52233200,499.89605102539065,495.26475677490237,500.1888739013672,62.380459512254454,2.0805061725752125,0.08101610831846545,1.999490064256747,509.6776117376234,480.8519018121813,495.26475677490237,5.227965733555718,0.0012882240957041713,0.0012873950469677851,65870320.0
2024-05-13 00:00:00-04:00,510.14466601949385,510.25203826517287,507.3916583240956,508.5338439941406,36716400,500.9552795410156,496.0682037353516,500.3772607421875,62.44669890001444,2.524855218686639,0.5697839303921002,1.955071288294539,511.52117047306456,480.6152369976386,496.0682037353516,5.0588524626644,0.0001343824809898475,0.00013437345247308962,63101070.0
2024-05-14 00:00:00-04:00,508.72906418826113,511.3844713761404,508.19214341702855,510.8670349121094,57535900,503.03662109375,497.033219909668,500.6230169677734,64.73037480525281,3.030342148911757,1.0618955740960316,1.9684465748157252,513.6108418853045,480.4555979340315,497.033219909668,4.92552928383922,0.004588074020095423,0.004577580891746758,62303665.0
2024-05-15 00:00:00-04:00,513.3369504006804,517.4859756907869,512.7023697575905,517.193115234375,59504900,505.9096984863281,498.45999908447266,501.0949517822266,70.04866096356685,3.8964896880561923,1.628814396888064,2.2676752911681284,516.7337124603645,480.18628570858084,498.45999908447266,5.046487247756239,0.012383027069566177,0.012306984504407426,61483395.0
2024-05-16 00:00:00-04:00,517.2906967075278,518.8917465910545,515.9825072697596,516.1289672851562,50244800,508.219482421875,499.88384704589845,501.4955798339844,68.1860657447732,4.44580157390908,2.1922118322922675,2.2535897416168122,518.9860768089139,480.78161728288296,499.88384704589845,4.893826681580427,-0.002057544692443347,-0.002059664345543783,60268230.0
2024-05-17 00:00:00-04:00,516.246162943074,516.9393157213522,514.7915729298934,516.8709716796875,59187600,509.9923431396484,501.5576141357422,501.81255859375,68.80885218915301,4.884700962401325,2.7307096583140793,2.153991304087246,520.4528361893783,482.66239208210607,501.5576141357422,4.697677832286023,0.0014376336953807467,0.00143660128942231,58116980.0
2024-05-20 00:00:00-04:00,516.9881429675341,518.9308537358257,516.5976225904213,517.4664916992188,37764200,511.3092926025391,503.03857421875,502.20159240722654,69.3278206654549,5.220407767337633,3.2286492801187903,1.991758487218843,522.0459497631302,484.03119867436976,503.03857421875,4.52878878322305,0.001152163793598282,0.0011515005622798346,56607140.0
2024-05-21 00:00:00-04:00,516.7049349793422,518.8917055815594,516.4999028909981,518.7354736328125,33437000,512.6974975585938,504.2935287475586,502.62456970214845,70.45586121910668,5.525163420980846,3.687952108291202,1.8372113126896439,523.9551403834562,484.631917111661,504.2935287475586,4.376146919461499,0.002452297789228286,0.002449295813828206,55047310.0
2024-05-22 00:00:00-04:00,518.0424072439434,518.7550442398426,515.064823969773,517.2418823242188,48390000,513.9314636230469,505.4855194091797,502.9106201171875,67.31773370266131,5.581820385161336,4.066725763665229,1.5150946214961074,525.2517228522772,485.7193159660822,505.4855194091797,4.327152158790652,-0.002879292788931176,-0.0028834459263949743,54670405.0
2024-05-23 00:00:00-04:00,520.2976177568495,520.404990006262,512.253338882305,513.4639282226562,57211200,514.4967224121094,506.58233032226565,503.13687927246093,60.03390631596318,5.261223999877075,4.305625410907598,0.9555985889694769,525.5469746468493,487.6176859976819,506.58233032226565,4.600330656302532,-0.007304037493225279,-0.007330842578397938,54074845.0
2024-05-24 00:00:00-04:00,515.3088952889863,517.6714419020187,514.3619699226733,516.8611450195312,41291100,515.3362854003906,507.6161682128906,503.4509356689453,63.824411003920424,5.221090576400684,4.488718444006215,0.7323721323944685,526.4546876168197,488.77764880896154,507.6161682128906,4.572272300806814,0.006616271582376543,0.006594480123547719,52924095.0
2024-05-28 00:00:00-04:00,517.6714434796838,517.9057318355667,514.5864879004678,517.2223510742188,36269600,516.2051361083984,508.58020782470703,503.84104125976563,64.21305007891836,5.1589615614994955,4.6227670675048715,0.5361944939946239,527.312758648364,489.84765700105,508.58020782470703,4.482770274684823,0.0006988454407301781,0.0006986013619640986,52416805.0
2024-05-29 00:00:00-04:00,513.1905202395113,514.7817983278129,512.8878878194378,513.6005249023438,45190300,516.4784851074219,509.75755310058594,504.09955078125,57.53816042912463,4.762572791823345,4.650728212368566,0.11184457945477888,526.5431932025828,492.9719129985891,509.75755310058594,4.472176916120263,-0.007002454871396835,-0.007027087116653561,50802140.0
2024-05-30 00:00:00-04:00,512.058043918065,512.7218807717095,508.94383216366884,510.1933898925781,46377600,515.7785125732422,510.84410552978517,504.23427001953127,52.05615682162646,4.125943210337027,4.545771211962259,-0.4198280016252314,524.496069146674,497.1921419128963,510.84410552978517,4.485356617731309,-0.006633823067866751,-0.006655924671761957,49108880.0
2024-05-31 00:00:00-04:00,511.15017117084983,514.9672481577884,506.0443890267406,514.84033203125,90785800,515.6496490478515,511.93456573486327,504.3687951660156,57.94183212437575,3.9508362933362378,4.426784228237055,-0.4759479349008169,522.950609844039,500.9185216256875,511.93456573486327,4.802321082968201,0.009108197461457301,0.00906696799261845,50520660.0
2024-06-03 00:00:00-04:00,516.4511771729021,516.7342656913833,510.18366530067414,515.2601318359375,46835700,515.4885650634766,512.7404541015625,504.47813293457034,58.43821557243776,3.802108792432307,4.301849141076105,-0.49974034864379835,522.1340263229727,503.34688188015224,512.7404541015625,4.927198176378267,0.000815398053666927,0.0008150657972758407,49224610.0
2024-06-04 00:00:00-04:00,513.9519821715993,516.5780734778808,512.4876203186922,515.8361206054688,34632700,515.3255279541015,513.3174102783203,504.6183209228516,59.15059141152173,3.6882033440805344,4.179119981676991,-0.4909166375964569,521.9525664582757,504.68225409836487,513.3174102783203,4.8674306751504375,0.0011178601524610698,0.0011172358120410402,48593010.0
2024-06-05 00:00:00-04:00,518.1595530381444,521.9864018010747,516.1679828855217,521.9668579101562,47610400,515.6486663818359,514.1730819702149,504.9092401123047,65.85842039419163,4.045992041682382,4.15249439367807,-0.10650235199568758,522.6743761330409,505.6717878073888,514.1730819702149,4.959062855182978,0.011885048486894423,0.01181497596193171,48345465.0
2024-06-06 00:00:00-04:00,522.2694966184689,522.6990451286446,520.0241537818829,521.9570922851562,30808500,516.1201873779297,515.0258255004883,505.2187054443359,65.83987409680422,4.279423626222979,4.177880240187052,0.10154338603592716,523.0440366189695,507.0076143820071,515.0258255004883,4.7959077474386,-1.8709281733086947e-05,-1.870945675388144e-05,47783530.0
2024-06-07 00:00:00-04:00,520.9808506310355,524.1341502130953,519.8874652579173,521.3225708007812,43224500,516.9060516357422,515.7013870239258,505.43035278320315,64.56756885845944,4.362926160927486,4.214889424335139,0.1480367365923474,523.4464639815108,507.95631006634085,515.7013870239258,4.756677547991415,-0.0012156583247044939,-0.0012163978366757158,47762570.0
2024-06-10 00:00:00-04:00,520.5123511854081,523.2555869709606,519.9168582676467,522.9334106445312,35686100,517.5132781982422,516.4247817993164,505.67617065429687,66.34558260882815,4.507128462993023,4.273337232066716,0.2337912309263075,524.032796113896,508.81676748473683,516.4247817993164,4.655395487657307,0.003089910036459198,0.0030851460753938253,46935215.0
2024-06-11 00:00:00-04:00,521.3811694677967,524.2513211148034,519.4091430834137,524.1927490234375,36383400,518.210317993164,517.2077270507813,505.96494445800784,67.70978817296754,4.669204228877447,4.352510631428863,0.3166935974485847,524.6269420910437,509.7885120105189,517.2077270507813,4.668737097923908,0.0024082193894516823,0.002405324276251383,46918565.0
2024-06-12 00:00:00-04:00,528.7615289974312,531.1923600659605,527.4631115100716,528.4979248046875,63251300,519.7000579833984,518.0892715454102,506.40464294433593,71.9028657665104,5.086409187788263,4.499290342700743,0.5871188450875202,526.4192839544401,509.75925913638025,518.0892715454102,4.835228093966704,0.008212963245429306,0.00817942039510849,47204335.0
2024-06-13 00:00:00-04:00,530.2454535391702,530.4211698122318,526.7700371068663,529.5620727539062,44760900,521.6369262695313,518.7077194213867,506.85449584960935,72.84164040168216,5.4402036878665285,4.6874730117339,0.7527306761326287,528.4042966484584,509.011142194315,518.7077194213867,4.750649851923762,0.0020135328811594633,0.002011508440890245,46467135.0
2024-06-14 00:00:00-04:00,528.0293950539849,529.9135335983043,527.0238379218912,529.88427734375,40089900,523.1413208007813,519.3954849243164,507.43457885742185,73.13433273435044,5.6810994180251555,4.886198292992152,0.7949011250330038,530.1558111858594,508.63515866277345,519.3954849243164,4.617724553673002,0.000608435925496309,0.0006082509034041797,45959390.0
2024-06-17 00:00:00-04:00,529.2008114818414,535.49757872361,528.7419471638832,534.1015014648438,55839500,525.0254577636719,520.2570114135742,507.9943542480469,76.67729391048206,6.141510254242121,5.137260685242146,1.0042495689999749,532.6986536187525,507.815369208396,520.2570114135742,4.770432196962558,0.00795876439707599,0.00792726047617393,45791985.0
2024-06-18 00:00:00-04:00,534.16013957423,535.585473259027,533.7403629842298,535.4585571289062,41376400,526.9877014160156,521.1566146850586,508.5756091308594,77.69657953012805,6.540497426710658,5.4179080335358485,1.1225893931748097,535.1643737831168,507.14885558700024,521.1566146850586,4.5614806310936045,0.002540819788636739,0.002537597363284805,45972595.0
2024-06-20 00:00:00-04:00,536.385998334327,537.0498352385172,532.2272010481894,534.0039672851562,70328200,528.1914123535156,521.9200393676758,509.1160546875,73.96517921515635,6.6625229739955785,5.666831021627795,0.9956919523677836,536.9441717863012,506.89590694905036,521.9200393676758,4.58013445675319,-0.002716531138375,-0.0027202276049832995,47817155.0
2024-06-21 00:00:00-04:00,533.1803062748603,534.4045446160707,531.828742363983,533.2880249023438,64338600,529.3245056152343,522.7223464965821,509.74371215820315,72.12905362643218,6.625088634646886,5.858482544231613,0.766606090415273,538.3626456105585,507.08204738260565,522.7223464965821,4.436967870705653,-0.0013407061120768171,-0.0013416056626281395,48614585.0
2024-06-24 00:00:00-04:00,533.111823139434,535.6778223121559,531.4370433131713,531.5545654296875,45528700,530.347705078125,523.6268783569336,510.26094482421877,67.74408250459496,6.3819784833823405,5.963181732061759,0.41879675132058125,539.1124910764406,508.1412656374266,523.6268783569336,4.422954379868429,-0.003250512653033333,-0.0032558070453931596,48030460.0
2024-06-25 00:00:00-04:00,532.7787868983022,533.9638712753774,531.2607431275164,533.6015014648438,37936200,531.4145141601563,524.4638961791992,510.95871826171873,70.0588147134419,6.2820668123084715,6.026958748111102,0.2551080641973691,540.2038262193805,508.72396613901793,524.4638961791992,4.300109649010754,0.0038508483762180745,0.003843452839589687,47862715.0
2024-06-26 00:00:00-04:00,532.4848968900385,534.9823310545671,531.8385253727439,534.2673950195312,38550600,532.4219787597656,525.3161483764649,511.7947680664063,70.79309540835457,6.185317646316207,6.058630527752124,0.12668711856408343,541.2401486665871,509.39214808634273,525.3161483764649,4.217516508497359,0.0012479229403581371,0.0012471449317215516,47976765.0
2024-06-27 00:00:00-04:00,534.1302894973802,535.6875469780335,533.3859430174333,535.1096801757812,35041500,533.083154296875,526.3916061401367,512.6656274414063,71.73725725365298,6.1062199059796285,6.068148403397625,0.03807150258200309,541.9054333267921,510.87777895348114,526.3916061401367,4.080665612218993,0.0015765235986733295,0.0015752821899136106,47469325.0
2024-06-28 00:00:00-04:00,535.883439640916,538.9391939081404,531.76024266257,533.0040283203125,76144500,533.4273498535156,527.5321380615235,513.5525573730469,65.99376641126861,5.806689962476526,6.015856715213406,-0.20916675273688057,541.3793025806532,513.6849735423938,527.5321380615235,4.301971728886948,-0.003934991149435074,-0.003942753597241965,48957670.0
2024-07-01 00:00:00-04:00,534.3849539324244,534.6298016081159,531.3390631933655,534.1009521484375,40297800,533.8490173339844,528.4951690673828,514.4815362548828,67.45554873082533,5.593346295451511,5.931354631261028,-0.3380083358095174,541.3188863906292,515.6714517441363,528.4951690673828,4.229740777877196,0.002058002885234833,0.002055888098291708,46433270.0
2024-07-02 00:00:00-04:00,532.4946292419814,537.6951904296875,532.4456716722078,537.6951904296875,40434800,534.2083862304687,529.6169219970703,515.5675274658203,71.74185242131298,5.64917472354648,5.874918649718119,-0.2257439261716394,541.5042784717162,517.7295655224244,529.6169219970703,4.302582062134516,0.006729511091100093,0.006706969006299484,46113225.0
2024-07-03 00:00:00-04:00,537.3818563773293,540.457157354787,537.3427022712717,540.0947875976562,32789900,534.6720092773437,530.8298553466797,516.6124774169922,74.18625718963389,5.819957742164888,5.863926468207473,-0.04396872604258473,541.7568609210703,519.9028497722891,530.8298553466797,4.217715849376,0.004462746200223799,0.004452817676428542,46021085.0
2024-07-05 00:00:00-04:00,540.3985036534809,543.6108745288857,539.7618756957023,543.2093505859375,41488400,535.5925476074219,531.8919799804687,517.6039367675781,76.9707876825695,6.135892963883634,5.918319767342705,0.2175731965409291,543.286138643387,520.4978213175505,531.8919799804687,4.191378919647955,0.005766696994308873,0.005750133245436443,45714985.0
2024-07-08 00:00:00-04:00,543.9927968223914,544.786100933334,542.7685583933277,543.8361206054688,36110500,536.6473571777344,532.9859313964844,518.6126177978516,77.49685343282448,6.363494601102957,6.007354734094756,0.356139867008201,544.5545109628617,521.417351830107,532.9859313964844,4.036104892530693,0.0011538277440459321,0.0011531625964091663,45980085.0
2024-07-09 00:00:00-04:00,544.795863484972,545.6968861634513,544.0711239537649,544.3649291992188,27289700,537.9283935546875,534.1380493164063,519.6693621826172,77.95442326353655,6.511480676475912,6.108179922570987,0.4033007539049249,545.4168813702952,522.8592172625174,534.1380493164063,3.8807235114915377,0.000972367545504893,0.0009718951024171976,45183345.0
2024-07-10 00:00:00-04:00,545.5892370725392,550.0944108163902,545.2954317896393,549.7516479492188,38701200,539.543408203125,535.4789611816407,520.7407073974609,81.97508728350326,6.982929032662923,6.283129744589375,0.6997992880735486,547.4651190680688,523.4928032952125,535.4789611816407,4.012777661897247,0.009895418424408886,0.009846779377452432,45334100.0
2024-07-11 00:00:00-04:00,549.8690906630567,550.7407626908513,544.3747234457534,545.0112915039062,53054200,540.6177978515625,536.519888305664,521.6821020507813,69.89443702608128,6.894571771557594,6.405418149983019,0.48915362157457487,548.0103718057973,525.0294048055308,536.519888305664,4.1808677749830085,-0.00862272348431481,-0.008660114259832138,46167640.0
2024-07-12 00:00:00-04:00,546.1376269625789,552.0531251206323,545.667538567234,548.448974609375,53084400,541.9517272949219,537.5174407958984,522.8500091552735,73.00174078521358,7.021006509628705,6.528535821912157,0.49247068771654856,549.5024734412365,525.5324081505604,537.5174407958984,4.385222477964656,0.006307544740922433,0.0062877354356749805,45659295.0
2024-07-15 00:00:00-04:00,550.4470318184875,553.1991175344059,548.0964700225896,549.9573364257812,40584300,543.6470581054688,538.5372039794922,524.0799090576172,74.25723998153433,7.160378754045837,6.6549044083388935,0.5054743457069435,551.0980146311632,525.9763933278213,538.5372039794922,4.436467123239771,0.0027502318104990486,0.002746456842766913,45450465.0
2024-07-16 00:00:00-04:00,551.2695891404957,553.5123721227574,550.5154392403327,553.2185668945312,36475300,545.5588195800781,539.7039184570312,525.283657836914,76.77229569327321,7.448128911662707,6.8135493090036565,0.6345796026590502,553.1375675917467,526.2702693223158,539.7039184570312,4.37350773564951,0.005929969931749657,0.005912456860605301,45269735.0
2024-07-17 00:00:00-04:00,547.2835053633577,548.9582849622979,545.1386373621594,545.4618530273438,57119000,546.3354858398437,540.2719360351563,526.2100476074219,61.40557301950768,6.969926032508056,6.844824653704537,0.12510137880351913,553.6706561259236,526.8732159443889,540.2719360351563,4.638252149701103,-0.014021065689695633,-0.014120289404583713,45333710.0
2024-07-18 00:00:00-04:00,546.9995524787638,547.988746727991,539.0860582622142,541.2700805664062,56270400,546.4530151367187,540.5625122070312,526.9495092773437,54.99886323357123,6.181449893465924,6.712149701656815,-0.5306998081908905,553.7819485500117,527.3430758640507,540.5625122070312,4.94285474370651,-0.007684813223276632,-0.00771449355674057,46078410.0
2024-07-19 00:00:00-04:00,541.0349004931855,542.6607222501957,536.6178396332328,537.6755981445312,65509100,545.8996398925781,540.74609375,527.605952758789,50.165435828210676,5.206514720750988,6.41102270547565,-1.2045079847246623,553.6953269611535,527.7968605388465,540.74609375,5.0214281632248206,-0.006640829690999328,-0.006662978110872035,45837455.0
2024-07-22 00:00:00-04:00,541.6030975244146,543.8263337080781,539.6639229224022,543.2191162109375,43346700,545.837939453125,541.2426483154297,528.372290649414,56.512842127468836,4.8255610867902305,6.093930381738566,-1.2683692949483358,553.7644287336541,528.7208678972054,541.2426483154297,5.102092977533537,0.01031015371636057,0.010257366600354308,44787860.0
2024-07-23 00:00:00-04:00,543.111291105197,545.2659625762393,541.8773090500791,542.3670043945312,34439600,545.6381469726563,541.7832702636719,529.0634039306641,55.345906385211144,4.404126259024565,5.755969557195767,-1.351843298171202,553.4925376103876,530.0740029169561,541.7832702636719,4.979704445292582,-0.0015686337077934764,-0.0015698653017631335,44233405.0
2024-07-24 00:00:00-04:00,537.5483166712224,537.8519253696913,529.1549319575545,530.0755615234375,74515300,543.6705383300781,541.6069732666016,529.4956048583985,41.90434283670063,3.043238842892606,5.213423414335135,-2.1701845714425287,553.8955224049619,529.3184241282413,541.6069732666016,5.567730730412881,-0.02266259335745402,-0.022923336873522833,46062360.0
2024-07-25 00:00:00-04:00,530.1931317534066,536.177254363603,526.3735438881854,527.313720703125,61158300,541.90078125,541.2592895507812,529.8712023925781,39.57838005769116,1.722017937546184,4.515142318977345,-2.793124381431161,554.6984277694544,527.820151332108,541.2592895507812,5.870300712198931,-0.005210277592075707,-0.0052238984211691085,47192745.0
2024-07-26 00:00:00-04:00,531.1040247828195,535.9128068838628,530.3302678617441,533.219482421875,53763800,540.37783203125,541.1647796630859,530.3182513427735,46.42628116694225,1.1383641124879205,3.8397866776794602,-2.70142256519154,554.8007199763206,527.5288393498513,541.1647796630859,6.065213959951707,0.01119971183544255,0.011137459437553917,48128860.0
2024-07-29 00:00:00-04:00,534.7669398202207,535.7756811771844,531.5349026238763,533.5328979492188,39515800,538.7353881835937,541.1912231445312,530.6450469970703,46.77106126928021,0.6931144726720504,3.210452236677978,-2.517337764005928,554.7656705512742,527.6167757377883,541.1912231445312,5.934897145191452,0.000587779587347903,0.0005876069125860719,46297425.0
2024-07-30 00:00:00-04:00,535.001925487195,536.0596840862061,527.4214517116767,530.8297119140625,46853600,536.4965026855468,541.0276611328125,530.9390618896484,44.13294794151628,0.1207346498105153,2.592508719304486,-2.4717740694939705,555.0125246183077,527.0427976473172,541.0276611328125,6.127992518715589,-0.005066577985250231,-0.00507945661027887,46625215.0
2024-07-31 00:00:00-04:00,537.6658891932146,542.0927543010554,536.2947780748914,539.4581909179688,65663400,535.8961364746094,541.1158111572265,531.3908062744141,53.205929766713204,0.35922474161452556,2.145851923766494,-1.7866271821519684,555.0376249813781,527.1939973330749,541.1158111572265,6.49478179502111,0.01625470242197591,0.01612400909867429,47886645.0
2024-08-01 00:00:00-04:00,541.1819427118934,543.4345294348678,528.3127341764186,531.8189697265625,76428700,534.951025390625,540.7020202636719,531.677855834961,46.07197093592015,-0.06741433838465127,1.703198671336265,-1.7706130097209163,555.2006327088519,526.2034078184919,540.7020202636719,7.1109970424088305,-0.014160914265491042,-0.014262136750138165,50068585.0
2024-08-02 00:00:00-04:00,524.7085367838448,525.9229716163323,517.705869778205,521.9172973632812,82789100,533.3751953125,539.637417602539,531.7414923095703,38.80853710800411,-1.190784468920583,1.1244020432848956,-2.3151865122054787,556.2203024345297,523.0545327705483,539.637417602539,7.611147249976589,-0.018618501646100127,-0.018794007802899755,52133620.0
2024-08-05 00:00:00-04:00,501.0954700551791,512.7893973566776,499.75367969518885,506.7171630859375,146267400,529.725,537.7814697265625,531.5309979248046,30.784970085552615,-3.269893892816185,0.2455428560646794,-3.5154367488808647,559.5630378377867,515.9999016153382,537.7814697265625,8.650609422699146,-0.0291236453632302,-0.029556156969170244,57641465.0
2024-08-06 00:00:00-04:00,508.5191877541787,518.8322000557341,507.19703427938214,511.38885498046875,84826300,526.6271850585938,536.132666015625,531.489496459961,35.21805114821126,-4.488891451087284,-0.7013440053657133,-3.7875474457215703,560.5090506855596,511.75628134569035,536.132666015625,8.898068533206109,0.009219525674007967,0.00917728527299611,60518295.0
2024-08-07 00:00:00-04:00,517.5786158200011,520.6343700428232,507.3733806496258,507.9707946777344,70698300,524.4167083740234,534.0436233520508,531.311689453125,33.52613452892365,-5.665456839112153,-1.6941665721150012,-3.9712902669971517,560.4685093166971,507.61873738740445,534.0436233520508,9.209705737491202,-0.006683877189433307,-0.00670631433052484,62118150.0
2024-08-08 00:00:00-04:00,513.1126009988247,520.3405097902447,511.08531467340157,519.7137451171875,63276600,523.6567108154297,532.7787460327148,531.3615173339844,43.55832405957282,-5.585944138387731,-2.4725220853695475,-3.1134220530181835,559.4036605456299,506.1538315197997,532.7787460327148,9.435420692849712,0.023117373208243253,0.022854214706919233,62629270.0
2024-08-09 00:00:00-04:00,518.8910982629249,523.494247518684,517.6668596192271,522.0055541992188,45619600,522.5353179931641,531.456575012207,531.5296179199219,45.293601074039046,-5.277168002918643,-3.0334512688793667,-2.243716734039276,557.4564720834929,505.4566779409211,531.456575012207,9.177704064750225,0.0044097526832092004,0.004400058213539438,62256030.0
2024-08-12 00:00:00-04:00,523.2002926739822,524.6889257907327,520.0074696393324,522.2796630859375,42542100,521.4099945068359,530.0726913452148,531.771343383789,45.509385443137504,-4.9532444755859615,-3.4174099102206856,-1.5358345653652759,554.9065718238371,505.2388108665926,530.0726913452148,8.856543499510945,0.0005251072225451736,0.0005249694019925235,62353920.0
2024-08-13 00:00:00-04:00,525.4725645280489,531.1040615199245,525.2277168327499,530.8689575195312,52333100,521.4139190673828,528.9552108764649,532.0919158935546,51.910442428755935,-3.9578251249890855,-3.5254929531743655,-0.43233217181471995,551.4208972939667,506.489524458963,528.9552108764649,8.85424742340209,0.016445776162991033,0.016312008996928768,63146810.0
2024-08-14 00:00:00-04:00,531.6622256176499,533.728785456597,528.9885080949739,532.543701171875,42446900,520.7224700927734,528.3093032836914,532.4375872802734,53.06808319804025,-2.9992369649329476,-3.420241755526082,0.42100479059313445,549.5488862653917,507.0697203019911,528.3093032836914,8.560392418989307,0.003154721383915371,0.0031497556912539145,62413205.0
2024-08-15 00:00:00-04:00,538.1751381862979,541.9555715802455,537.567920792545,541.6715698242188,60846800,521.707730102539,528.329377746582,532.9542962646484,58.878387673100136,-1.4858779502868629,-3.0333689944782383,1.5474910441913754,549.618622852172,507.0401326409921,528.329377746582,8.621212275373681,0.01714013072027254,0.016994895893336456,62642025.0
2024-08-16 00:00:00-04:00,540.0555939415091,543.5814362683599,539.8989177341498,542.8860473632812,44430700,523.8046051025391,528.5899002075196,533.372680053711,59.595139809201584,-0.18638332942487068,-2.4639718614675648,2.277588532042694,550.4501250068168,506.7296754082223,528.5899002075196,8.268448436719138,0.002242092084427938,0.0022395823466458136,61588105.0
2024-08-19 00:00:00-04:00,543.2974116195307,548.0768432617188,542.4453464492109,548.0768432617188,39121800,527.9405731201172,528.8327865600586,533.8950750732422,62.59600189646777,1.247943847814554,-1.721588719611141,2.969532567425695,551.433203611507,506.23236950861013,528.8327865600586,8.080094749275476,0.009561483341943289,0.009516061662984574,61376860.0
2024-08-20 00:00:00-04:00,547.6262846058479,549.2814571312036,545.8437865187526,547.185546875,33732300,531.5202423095703,529.073713684082,534.4123345947265,61.74797808634463,2.2863823079895838,-0.9199945140909962,3.20637682208058,552.3390617180227,505.80836565014135,529.073713684082,7.748493025216588,-0.0016262252231173946,-0.001627548962682649,61341495.0
2024-08-21 00:00:00-04:00,548.2335818085938,550.5253226989936,543.2974141481618,549.0660400390625,41514600,535.6297668457031,530.0232376098633,534.9349871826172,62.89028643237673,3.2239289060235023,-0.09120983006809646,3.315138736091599,554.8709320541377,505.17554316558886,530.0232376098633,7.7113084199033874,0.003436664536923706,0.0034307727003390835,59691460.0
2024-08-22 00:00:00-04:00,550.9660160166799,551.5732334533072,543.5422179587766,544.7566528320312,56121500,538.1340576171875,530.8953842163086,535.3462652587891,58.5735184314598,3.577965250862235,0.6426251861179698,2.935340064744265,556.5139667069865,505.27680172563066,530.8953842163086,7.734144639519617,-0.007848577207078211,-0.007879539401688134,59439620.0
2024-08-23 00:00:00-04:00,547.9984691071246,551.4850973665338,545.8045838781815,550.5448608398438,50639400,540.98798828125,531.7616531372071,535.7872039794922,62.315104550838896,4.276307011676863,1.3693615512297486,2.9069454604471145,558.7699885409368,504.7533177334774,531.7616531372071,7.66230891773268,0.010625309443622832,0.010569257539537724,59283400.0
2024-08-26 00:00:00-04:00,551.5732410031779,552.2881770773529,547.528352675827,549.2324829101562,35788600,543.6832702636718,532.5466323852539,536.1806121826172,60.97049288738428,4.670016909528954,2.0294926228895895,2.6405242866393643,560.6073509889383,504.48591378156954,532.5466323852539,7.454988595146479,-0.002383780184026185,-0.0023866259113007634,59097040.0
2024-08-27 00:00:00-04:00,547.9592265897197,550.4762675561165,546.8133563476018,549.986572265625,32693900,545.5950317382812,533.504475402832,536.5826580810547,61.48475530018224,4.985414790509935,2.620677056413659,2.3647377340962765,562.5557200060358,504.4532307996282,533.504475402832,7.1841259246727756,0.0013729875397630042,0.001372045854220628,58389055.0
2024-08-28 00:00:00-04:00,549.6438836929623,550.0748179978751,543.6009999526875,546.7938232421875,41066000,547.0200439453125,533.871257019043,536.8365045166015,58.00019621641387,4.921015318861805,3.080744708903288,1.8402706099585169,563.3952930827531,504.3472209553329,533.871257019043,7.133389647566693,-0.005805139951481464,-0.005822055272045735,57159185.0
2024-08-29 00:00:00-04:00,548.7624619787401,552.0630042239653,545.6969639633883,546.8428344726562,38715200,547.5371704101562,534.6224502563476,537.0641900634765,58.03950924040355,4.818389673489833,3.4282737018205975,1.390115971669235,564.6594529042985,504.58544760839675,534.6224502563476,7.0785789770674326,8.96338407374575e-05,8.962982386478486e-05,55273510.0
2024-08-30 00:00:00-04:00,549.212987410433,552.5722906161151,545.6577940930898,552.06298828125,62700100,548.4548645019531,536.129734802246,537.4253704833984,62.107794952948105,5.099497067989319,3.7625183750543423,1.3369786929349763,566.4889869764377,505.77048262805437,536.129734802246,7.066858801778706,0.00954598557303532,0.009500710554490482,54269060.0
2024-09-03 00:00:00-04:00,548.9190687874888,549.2520879225416,538.18498513228,540.7020263671875,60600100,547.7173828125,537.8289779663086,537.5736505126953,50.60764501519589,4.35533641733889,3.881081983511252,0.474254433827638,565.0557254454195,510.60223048719763,537.8289779663086,7.553369112292373,-0.02057910447761191,-0.020793804917628417,49985695.0
2024-09-04 00:00:00-04:00,538.8607329114091,543.0035361193702,538.1359934145067,539.5952758789062,47224900,546.9583557128906,539.2392990112305,537.7344647216797,49.64328933317844,3.6343833168542687,3.8317422501798553,-0.19735893332558652,563.6144440867827,514.8641539356784,539.2392990112305,7.361524368904594,-0.002046876901344641,-0.0020489746168683718,48105625.0
2024-09-05 00:00:00-04:00,539.5366078915503,542.3866087950116,535.8246785314534,538.282958984375,44264300,545.8800476074218,540.7549072265625,537.8280938720703,48.46401674793387,2.9234302999096826,3.650079860125821,-0.7266495602161385,560.4931561104758,521.0166583426493,540.7549072265625,7.304410504236997,-0.002432039258300933,-0.0024350014695619267,46783925.0
2024-09-06 00:00:00-04:00,538.6062140252714,540.2319765571665,528.3226099554475,529.2236328125,68493800,544.3267456054688,541.2304016113281,537.7272186279297,41.18981483091359,1.6104190928671187,3.2421477066740807,-1.631728613806962,559.30640909925,523.1543941234063,541.2304016113281,7.633335939771421,-0.016830044534510313,-0.01697327910456821,47044785.0
2024-09-09 00:00:00-04:00,533.4251264283236,536.4220593419303,531.495695817922,535.1488037109375,40445800,542.7871398925781,541.887564086914,537.7280010986328,46.812750866677405,1.0360174599557013,2.800921657330405,-1.7649041973747037,557.9652757283997,525.8098524454284,541.887564086914,7.602270981889914,0.011195968076763485,0.011133757136647862,46786095.0
2024-09-10 00:00:00-04:00,537.0586665381934,537.8324234437913,532.1813200114981,537.4797973632812,36394600,541.6118713378906,542.6475708007813,537.8175164794922,48.883358456683126,0.7601294353835328,2.3927632129410306,-1.6326337775574977,556.1817533018208,529.1133882997418,542.6475708007813,7.462901871204435,0.004355785972386839,0.004346326994243965,46478720.0
2024-09-11 00:00:00-04:00,537.3917487162622,543.9144652005341,528.8318826121556,542.9938354492188,75248600,540.91259765625,543.2538146972656,537.9953741455079,53.495461150162306,0.9751816915298832,2.1092469086588013,-1.134065217128918,555.6627148499321,530.8449145445992,543.2538146972656,8.00716477957401,0.01025906110887842,0.010206794111059545,47624495.0
2024-09-12 00:00:00-04:00,543.5716351743016,547.8711746400817,541.3483991843773,547.5675659179688,51819600,540.9899719238281,544.0050079345704,538.1928216552734,56.96405529956635,1.4974127365416052,1.9868800742353623,-0.48946733769375705,555.5160470472321,532.4939688219087,544.0050079345704,7.90113697072618,0.008423171995987966,0.008387895040233136,48093130.0
2024-09-13 00:00:00-04:00,548.1747815451495,551.4263657909838,547.9201304028155,550.4273681640625,39310500,541.3484252929687,544.4427978515625,538.3994732666016,59.02211425124077,2.1176359539852,2.01303125018533,0.10460470379987008,556.2282862550209,532.6573094481042,544.4427978515625,7.612398606603958,0.005222738569804486,0.00520914737236218,47016315.0
2024-09-16 00:00:00-04:00,550.1629297590999,551.5046902542234,548.360884321784,551.2402954101562,36656100,541.2661560058593,544.8605102539062,538.560092163086,59.61335533353411,2.6442821188617245,2.139281423920609,0.5050006949411157,556.98306371838,532.7379567894325,544.8605102539062,7.293213415592201,0.0014769019367719682,0.001475812389744031,46627585.0
2024-09-17 00:00:00-04:00,553.4536471249235,554.9031859740162,549.2324757022386,551.4655151367188,49321000,542.3425048828125,545.0299438476562,538.712680053711,59.786467150696126,3.0447286123355752,2.3203708616036023,0.724357750731973,557.4193639238837,532.6405237714288,545.0299438476562,7.177320333891157,0.00040856905497976825,0.00040848561337042405,47137545.0
2024-09-18 00:00:00-04:00,552.1216967889254,556.9696926491016,549.2716961893568,549.8299560546875,59044900,543.3659729003906,545.1621643066406,538.8219805908203,57.847294457499586,3.1932990310225478,2.4949564954873913,0.6983425355351565,557.6963774602998,532.6279511529815,545.1621643066406,7.214511485737845,-0.0029658410855042394,-0.002970247907622801,48403175.0
2024-09-19 00:00:00-04:00,559.2419348303403,561.0733907935877,556.3723270388496,559.2125244140625,75315500,545.4589294433594,545.6694885253906,539.0111981201172,64.88385748803566,4.021776475687261,2.8003204915273656,1.2214559841598955,559.544338528632,531.7946385221493,545.6694885253906,7.5022917181065845,0.017064491041375307,0.016920528075937056,50093220.0
2024-09-20 00:00:00-04:00,557.843033129673,559.2871245583524,555.219996107625,558.2457885742188,77503100,548.3611450195312,546.3439453125,539.2758880615235,63.703885185903346,4.547917751654268,3.149839943552746,1.3980778081015215,561.2489077601128,531.4389828648871,546.3439453125,7.256922913293786,-0.0017287449719705084,-0.0017302409759477465,51162300.0
2024-09-23 00:00:00-04:00,559.3166610051752,560.2892222272916,558.0984411315784,559.6408081054688,44116900,550.8103454589843,546.7987426757812,539.4997247314453,64.70146797511188,5.019592186866021,3.5237903922154015,1.4958017946506192,562.7098179622473,530.8876673893152,546.7987426757812,6.895055640609457,0.002498934268385433,0.002495817124092393,50836175.0
2024-09-24 00:00:00-04:00,560.4365555490466,561.3010677532865,557.6072537825559,561.2421264648438,46805700,553.1865783691406,547.3992248535156,539.7254205322265,65.86135881077766,5.4596748506786525,3.910967283908052,1.5487075667706005,564.494769598812,530.3036801082193,547.3992248535156,6.666395521332397,0.002861332369231473,0.002857246549837139,51387030.0
2024-09-25 00:00:00-04:00,561.0848814915315,561.8216774615664,558.8941007007465,560.0042114257812,38428600,554.8876159667968,547.9001068115234,539.8611334228516,64.10760800046802,5.643499386439316,4.257473704414306,1.3860256820250108,565.835891800372,529.9643218226748,547.9001068115234,6.399337038438645,-0.0022056702102172254,-0.0022081062835307597,51673765.0
2024-09-26 00:00:00-04:00,564.2679463720303,564.5921534543987,559.8668367278948,562.2245483398438,48336000,556.3533142089843,548.6716430664062,540.1963873291015,65.86338892323349,5.900328968724807,4.586044757276406,1.3142842114484008,567.6480616628724,529.6952244699401,548.6716430664062,6.2797641590147375,0.003964857529213051,0.003957018195993845,52037265.0
2024-09-27 00:00:00-04:00,563.2952985697877,564.1106429805404,560.377555197848,561.4090576171875,42100900,557.4514831542969,549.3999542236328,540.5991668701172,64.61320464285991,5.96925511977679,4.862686829776483,1.1065682900003067,569.1423490098414,529.6575594374242,549.3999542236328,6.097858703563146,-0.0014504715688140601,-0.001451524521008009,52206550.0
2024-09-30 00:00:00-04:00,560.3776493545987,564.2679545173111,558.0788790007499,563.6588745117188,63557400,558.6933410644531,549.9797485351562,541.1188323974609,66.50231606396615,6.134703963386528,5.117090256498493,1.017613706888035,570.6597513784299,529.2997456918825,549.9797485351562,6.104374190205861,0.0040074467342587905,0.003999438308025966,52249415.0
2024-10-01 00:00:00-04:00,563.3051897855821,563.9535439565005,556.035444442894,558.6093139648438,72668800,559.4077209472656,550.875112915039,541.426636352539,58.9019097705124,5.791604022721685,5.251993009743131,0.5396110129785541,571.4210239993059,530.3292018307721,550.875112915039,6.233925999020195,-0.008958539952465538,-0.008998908950549243,52852850.0
2024-10-02 00:00:00-04:00,557.715374727311,559.866821742494,555.3183290115846,558.8450927734375,38097800,560.3092346191406,551.8376037597657,541.7561981201172,59.13674801878469,5.475600908382376,5.29671458947098,0.1788863189113954,571.979254110573,531.6959534089583,551.8376037597657,6.113537908440852,0.00042208177110447664,0.000421992719650843,52396495.0
2024-10-03 00:00:00-04:00,557.3714411111998,559.7684865712154,555.5343678239607,557.8233642578125,40846500,560.1703186035156,552.8146240234375,542.3111541748046,57.60074964681421,5.084114701788849,5.254194611934554,-0.1700799101457049,572.1093899256781,533.519858121197,552.8146240234375,5.97929368264184,-0.0018282857429317012,-0.001829959097201489,52225605.0
2024-10-04 00:00:00-04:00,562.2735426407796,563.2657708110322,558.0983654622065,562.8924560546875,42939100,560.6349853515625,554.4980651855469,543.022728881836,62.76768138708193,5.123828105470125,5.228121310641669,-0.10429320517154395,570.928453527404,538.0676768436898,554.4980651855469,5.940944601968831,0.009087270490398813,0.009046229693091422,50947870.0
2024-10-07 00:00:00-04:00,561.2420924631317,561.8905065573382,556.6543259021896,557.8037109375,49964700,560.4512756347656,555.630810546875,543.5144134521485,55.46089150792155,4.6906116106246145,5.120619370638258,-0.4300077600136438,569.4919752776871,541.7696458160628,555.630810546875,5.962172141292335,-0.00904035053668073,-0.009081462470695198,51423815.0
2024-10-08 00:00:00-04:00,560.377637870892,563.67853004462,559.5033520489247,563.0792236328125,37398700,560.6349853515625,556.9107818603516,544.1053399658203,60.58366788347218,4.718581334111036,5.040211763332814,-0.321630429221778,568.3467993936963,545.4747643270068,556.9107818603516,5.955932638851451,0.009457650768306847,0.00941320719075716,51474020.0
2024-10-09 00:00:00-04:00,563.0693978961492,567.5393423690588,562.4701514366566,566.9793701171875,37912200,561.3325012207031,558.11005859375,544.8283331298828,63.89031959067605,4.997844724950937,5.031738355656439,-0.033893630705502,568.4332583256622,547.7868588618377,558.11005859375,5.892593945533647,0.006926461358692126,0.006902583620627524,49607200.0
2024-10-10 00:00:00-04:00,565.6334738441669,567.4116060358193,564.3759797176003,565.9871215820312,44138100,561.7087585449219,559.0310363769531,545.3589117431641,62.45482205803469,5.080531604144198,5.041497005353992,0.039034598790206765,568.6931503432044,549.3689224107019,559.0310363769531,5.6885248292968855,-0.0017500610912019043,-0.0017515942371071475,49223125.0
2024-10-11 00:00:00-04:00,565.9084606662699,570.1131388058892,565.7709110163313,569.3763427734375,42268000,562.5054870605469,559.9784851074219,546.1100592041016,65.32096913282703,5.357782198790687,5.104754044041331,0.253028154749356,569.7951169867013,550.1618532281425,559.9784851074219,5.592360755029816,0.005988159557293038,0.005970301784518169,49371000.0
2024-10-14 00:00:00-04:00,570.9874990099419,574.966246072679,570.5061351329805,574.032958984375,36217200,563.5428955078125,561.1181182861328,547.1523724365235,68.84053803077867,5.885411938502671,5.2608856229336,0.6245263155690708,571.8608210037788,550.3754155684868,561.1181182861328,5.5921852224735105,0.008178450457311026,0.00814518816431529,49349055.0
2024-10-15 00:00:00-04:00,574.2981924836022,574.6027324678581,568.3546560789198,569.5728759765625,54203600,564.6392517089844,562.023486328125,548.4094866943359,62.31695869838182,5.875936743197826,5.383895846986445,0.4920408962113809,572.4056312183986,551.6413414378515,562.023486328125,5.639034591506713,-0.007769733319326511,-0.007800074963761271,49593185.0
2024-10-16 00:00:00-04:00,569.57286786976,572.5691599226542,568.767296964022,572.0484619140625,30725400,565.9595886230469,563.1344116210937,549.6226788330079,64.33708392769358,5.999033553933941,5.506923388375944,0.4921101655579969,572.7892499672433,553.4795732749441,563.1344116210937,5.507808046301392,0.00434639014938254,0.004336971876182105,48177210.0
2024-10-17 00:00:00-04:00,575.5948569414992,575.8011814159861,571.9108767867559,572.0975341796875,34393700,567.3870056152343,563.778662109375,550.9052136230468,64.37784966149572,6.031026466111143,5.6117440039229844,0.4192824621881588,574.0034820134524,553.5538422052975,563.778662109375,5.392272087939162,8.578340628839776e-05,8.577972710240778e-05,46131120.0
2024-10-18 00:00:00-04:00,573.7872313147403,575.0839994048337,572.3234729286785,574.298095703125,37416800,568.5275695800781,564.5812774658203,551.9969006347657,66.2414154567971,6.162905861098466,5.721976375358081,0.4409294857403845,575.4431067383077,553.7194481933329,564.5812774658203,5.220428740596804,0.003846479650699397,0.003839100863365285,44126805.0
2024-10-21 00:00:00-04:00,573.5710785054149,574.5534731315854,570.3782959703608,573.35498046875,36439000,570.0826965332031,565.2669860839844,553.0238891601563,64.67967677294884,6.120763364274012,5.801733773141267,0.319029591132745,576.5192069885514,554.0147651794174,565.2669860839844,5.14576791349879,-0.0016422050524481646,-0.0016435549492392861,43742910.0
2024-10-22 00:00:00-04:00,570.8204817447413,574.2097557683464,570.1622940232531,573.050537109375,34183800,571.0798278808594,565.8574066162109,554.039306640625,64.15386774676684,5.993707369555068,5.840128492424028,0.15357887713104024,577.4373428849426,554.2774703474793,565.8574066162109,5.067317472898397,-0.0005309858111394172,-0.0005311268340282111,43111815.0
2024-10-23 00:00:00-04:00,571.0267810694698,571.4688706983893,564.3071746074978,567.8143310546875,49314600,571.1633239746094,566.2479125976563,554.7782141113281,55.7580554271962,5.408154669961959,5.753733727931614,-0.3455790579696547,577.5350236614244,554.9608015338882,566.2479125976563,5.3298921178254535,-0.009137424564856667,-0.00917942688650807,43656115.0
2024-10-24 00:00:00-04:00,569.7693820750295,569.8479904569926,566.4194418066055,569.0424194335938,34979900,571.4688537597656,566.5888061523438,555.5081884765625,57.17368037542653,4.985724081760964,5.600131798697484,-0.6144077169365207,577.7806962610044,555.3969160436831,566.5888061523438,5.1940818701512885,0.00216283441917553,0.0021604988598256437,42988310.0
2024-10-25 00:00:00-04:00,571.2723100723214,574.1703862188206,567.9027036914881,568.8457641601562,47268200,571.4157958984375,566.9606414794922,556.0516723632812,56.85993235268738,4.582254977092589,5.396556434376505,-0.814301457283916,577.9314286469925,555.989854311992,566.9606414794922,5.270767631378514,-0.00034558983077792593,-0.0003456495607052612,43246675.0
2024-10-28 00:00:00-04:00,572.3235609618828,572.4512770786239,570.299830137409,570.6043701171875,30174700,571.0729370117188,567.3079162597656,556.6060388183594,59.02537867722582,4.354214928957845,5.188088133292773,-0.8338732043349282,578.2783670544079,556.3374654651234,567.3079162597656,5.151820866170595,0.0030915338881492005,0.0030867649236738953,41577540.0
2024-10-29 00:00:00-04:00,569.641651710168,572.64777766843,568.2466677584584,571.5278930664062,42899700,571.2684387207031,567.9538452148438,557.0750598144531,60.15644613013593,4.199601737007015,4.990390854035621,-0.7907891170286065,578.3032605727423,557.6044298569453,567.9538452148438,5.098198655013518,0.0016184996077563962,0.0016171912487949784,40089085.0
2024-10-30 00:00:00-04:00,571.0562011429839,573.0504911915006,569.0914117169528,569.7987670898438,41435800,571.0434692382812,568.5015289306641,557.52732421875,56.98472053929305,3.892671360715667,4.770846955371631,-0.8781755946559642,577.9882270694903,559.0148307918379,568.5015289306641,5.01683299926596,-0.003025444597787308,-0.0030300305072402203,40255985.0
2024-10-31 00:00:00-04:00,565.4271221936206,565.4958970216722,558.4324763422399,558.6289672851562,60182500,569.6966125488282,568.5418090820312,557.7185827636719,41.69239032654423,2.716799755433044,4.360037515383914,-1.6432377599508703,577.8520081211279,559.2316100429346,568.5418090820312,5.470365695575813,-0.019603060676553374,-0.019797749198162094,41222785.0
2024-11-01 00:00:00-04:00,561.2617325907157,565.4172428761593,560.5740443264921,560.9866333007812,45667500,568.3654663085938,568.4465179443359,558.0431823730469,45.044716549223715,1.9526480687179628,3.8785596260507242,-1.9259115573327614,578.0213068629236,558.8717290257483,568.4465179443359,5.56450211667776,0.0042204506992948865,0.00421156957670027,41359205.0
2024-11-04 00:00:00-05:00,561.1242574334378,562.4210257711015,557.8922001113365,559.7783813476562,38217000,567.0078063964844,568.5452514648438,558.2278527832032,43.659370063374475,1.235316556441603,3.3499110121289,-2.114594455687297,577.7110051064168,559.3794978232708,568.5452514648438,5.490525226898282,-0.0021537981146106944,-0.0021561208735384396,40771820.0
2024-11-05 00:00:00-05:00,560.6920242782184,566.5863933486033,560.4759261934032,566.547119140625,39478300,566.3574645996093,568.7186462402344,558.5741455078125,52.477023938394964,1.1991832974712224,2.919765469197365,-1.7205821717261425,577.5907255529089,559.8465669275599,568.7186462402344,5.584631425044626,0.012091817080668754,0.012019295090288613,40875800.0
2024-11-06 00:00:00-05:00,578.8270097230293,581.508928254242,575.0840880526238,580.6345825195312,68182000,567.6394897460938,569.4014068603516,559.1871057128906,64.8182557225862,2.2809941100142623,2.7920111973607447,-0.5110170873464823,579.6308757746631,559.1719379460401,569.4014068603516,6.254429831371228,0.024865475267573434,0.024561360335779398,42389290.0
2024-11-07 00:00:00-05:00,582.6386570968723,586.1458133207747,582.5600487330294,585.1240844726562,47233200,569.24765625,570.3582550048828,559.9537109375,67.69727204506378,3.460709357013684,2.925750829291333,0.5349585277223512,582.527431240349,558.1890787694167,570.3582550048828,6.201344186362099,0.0077320609007542895,0.007702321716288382,42544045.0
2024-11-08 00:00:00-05:00,585.6742957423695,589.0832369047557,585.6742957423695,587.6587524414062,46444900,571.128955078125,571.2723754882812,560.770029296875,69.22830914746797,4.547745136562867,3.2501496907456398,1.297595445817227,585.5697527722915,556.974998204271,571.2723754882812,6.0411876324861975,0.004331846929586547,0.004322491488504489,42752890.0
2024-11-11 00:00:00-05:00,589.2501303160354,589.6037779981073,586.4896037587446,588.2186279296875,37586800,572.890380859375,571.9816589355469,561.4931420898438,69.57138000884117,5.392247622322543,3.6785692770610208,1.7136783452615223,588.0537961699306,555.9095217011632,571.9816589355469,5.832115247263089,0.0009527221128848851,0.0009522685612223012,42821370.0
2024-11-12 00:00:00-05:00,588.1401110548398,588.7393574916656,583.9059918696842,586.3914794921875,43006100,574.3767395019531,572.8225891113282,562.4069311523438,66.94813988074526,5.846689322734619,4.11219328619574,1.7344960365388786,590.0229693299431,555.6222088927133,572.8225891113282,5.7607759883144,-0.003106240351365419,-0.003111074729682036,42261495.0
2024-11-13 00:00:00-05:00,586.8532154819194,588.6804555395651,584.4856702408568,586.6763916015625,47388600,576.064501953125,573.5539855957031,563.3485534667968,67.15610183342578,6.1588324833752495,4.521521125631642,1.6373113577436076,591.7742773194838,555.3336938719225,573.5539855957031,5.648919510485387,0.00048587354922302595,0.00048575555089007405,43094655.0
2024-11-14 00:00:00-05:00,586.804069200042,587.2854330583992,582.2163022724781,582.9039306640625,38904100,578.4919982910156,574.0943054199219,564.2409729003906,61.62696558832893,6.032265910704837,4.823670082646281,1.2085958280585558,592.7456134936392,555.4429973462045,574.0943054199219,5.607506030159372,-0.006430224552246955,-0.006450987500950271,43320175.0
2024-11-15 00:00:00-05:00,579.337884096854,579.809474415934,573.5810644484284,575.4378051757812,75988800,579.9371154785156,574.1512908935547,565.1652563476563,52.42707508010466,5.26877193691837,4.912690453500699,0.3560814834176709,592.8117034213309,555.4908783657785,574.1512908935547,5.872888900550426,-0.012808500844685655,-0.012891236934423869,45248775.0
2024-11-18 00:00:00-05:00,575.8993966406199,579.1118465214918,575.0349444617987,577.7954711914062,37001700,581.7388244628906,574.3733154296875,566.0181896972656,54.72553473837031,4.798625834065206,4.8898775296136,-0.09125169554839463,593.0961091335749,555.6505217258001,574.3733154296875,5.744604126203475,0.004097169136992651,0.004088798595417804,45276910.0
2024-11-19 00:00:00-05:00,574.4161003090796,580.6346163861505,573.7480790226593,579.9076538085938,49412000,583.0748779296875,574.7161712646484,566.8667468261718,56.74194049863467,4.544085753325362,4.820719174355952,-0.2766334210305903,593.5801219469835,555.8522205823134,574.7161712646484,5.826170786009736,0.0036555887377105467,0.0036489233122981206,46038320.0
2024-11-20 00:00:00-05:00,579.9862433981077,580.3889988810581,574.3374733314436,580.1041259765625,50032600,583.0218322753906,575.3306610107422,567.6089526367188,56.93407820582125,4.308548304568717,4.718285000398505,-0.4097366958297881,594.0554354097065,556.6058866117779,575.3306610107422,5.842267554838651,0.00033879905995104487,0.00033874168050923445,46074220.0
2024-11-21 00:00:00-05:00,582.953055915256,584.6427460672937,577.1077952881657,583.21826171875,46750300,582.83125,576.039453125,568.3219665527344,59.969101919990294,4.323331236633976,4.6392942476456,-0.3159630110116236,594.8315281516288,557.2473780983712,576.039453125,5.963173499430751,0.005368235809295685,0.0053538781919065265,46662740.0
2024-11-22 00:00:00-05:00,583.2084127301733,585.6546259064262,582.7074417987914,585.02587890625,38226400,582.5679626464844,576.8484588623047,569.0139367675781,61.658198424083054,4.42984195635313,4.597403789387106,-0.1675618330339761,595.7250438329575,557.971873891652,576.8484588623047,5.747745685731042,0.0030993837232957677,0.003094590534963127,46210650.0
2024-11-25 00:00:00-05:00,588.9653319760873,590.281707390563,584.7213793724078,587.0103759765625,42441400,582.4471374511719,577.6687591552734,569.7293383789063,63.480069956728,4.621115455116978,4.602146122533081,0.018969332583897547,596.8126634829626,558.5248548275841,577.6687591552734,5.734358709475628,0.0033921526241242894,0.003386412252227037,46823985.0
2024-11-26 00:00:00-05:00,588.2579731618996,590.7434606979054,587.5408441710033,590.075439453125,45621300,582.8155334472656,578.5961364746094,570.5015368652344,66.15500581552544,4.962817813189076,4.6742804606642805,0.28853735252479584,598.2504503541724,558.9418225950463,578.5961364746094,5.59141056746615,0.0052214809175450405,0.005207896253582305,46960065.0
2024-11-27 00:00:00-05:00,589.8887838542881,590.2718722436573,586.7647756879834,588.2874755859375,34000200,582.9766418457032,579.5205718994141,571.2706872558593,63.24487364937086,5.031347411296792,4.745693850790783,0.28565356050600954,599.1720196779772,559.869124120851,579.5205718994141,5.442530995195276,-0.003030059798531104,-0.0030346597241055645,46588285.0
2024-11-29 00:00:00-05:00,589.1028202958577,592.7278593888155,588.8277809402925,591.9419555664062,30177400,583.8804443359375,581.1862213134766,571.9252758789063,66.48962091222099,5.319226867956445,4.860400454223916,0.4588264137325293,599.0369404496948,563.3355021772584,581.1862213134766,5.370949052886902,0.006212064903861725,0.006192849565569897,45088030.0
2024-12-02 00:00:00-05:00,592.3545765627109,593.6808455477146,591.8633791521069,593.0029907226562,31746000,585.636962890625,582.7870391845703,572.620419921875,67.38975233366136,5.568796461929651,5.002079655765063,0.566716806164588,598.7469965445355,566.8270818246051,582.7870391845703,5.117128863081249,0.0017924648629352724,0.0017908603149040228,44391955.0
2024-12-03 00:00:00-05:00,592.7672106157903,593.5236138358292,591.73570807165,593.2780151367188,26906600,587.1852172851562,584.4620208740234,573.2931640625,67.63244831708363,5.72280539665519,5.146224803943088,0.5765805927121015,597.096514630655,571.8275271173919,584.4620208740234,4.879327213159674,0.00046378250761835993,0.00046367499375192284,43826435.0
2024-12-04 00:00:00-05:00,594.9676840777096,597.2075127280552,594.2996629026728,596.9619140625,42787600,588.8906433105469,585.9827606201172,574.0075598144531,70.77044080088054,6.072122790913909,5.331404401337252,0.7407183895766565,596.8197602097711,575.1457610304634,585.9827606201172,4.811482240172303,0.006209397334455913,0.006190198461458886,43991900.0
2024-12-05 00:00:00-05:00,596.9620090763937,597.7675800229049,595.6259665136723,595.9796142578125,28762200,590.4781921386718,586.7500122070312,574.7270678710937,68.85358414971995,6.198246431159532,5.504772807301709,0.6934736238578232,598.1233439461148,575.3766804679476,586.7500122070312,4.620777330819465,-0.0016454982831360931,-0.0016468536024237565,42020910.0
2024-12-06 00:00:00-05:00,596.7458937244957,598.3472020292826,596.333304701608,597.109375,31241500,591.8673034667969,587.3492767333985,575.4247644042969,69.86456359463068,6.31654932610013,5.667128111061393,0.6494212150387373,599.5497174735023,575.1488359932947,587.3492767333985,4.459835219437366,0.0018956365539355424,0.0018938421023573637,41221325.0
2024-12-09 00:00:00-05:00,596.9914414878755,597.1584317989794,593.445010988573,594.034423828125,34742700,592.7681579589844,587.6680603027344,576.0772717285156,63.79500189773348,6.091958061119499,5.752094101073014,0.33986396004648434,600.2125150812142,575.1236055242546,587.6680603027344,4.4065199045065855,-0.0051497285097474865,-0.005163034061252135,40636215.0
2024-12-10 00:00:00-05:00,594.7122615181331,595.1346840344664,591.5293123546073,592.1875,37234500,593.2858703613281,587.86650390625,576.6478442382812,60.40079376545141,5.699239265388201,5.7415231339360515,-0.04228386854785082,600.564152047827,575.1688557646731,587.86650390625,4.34929503131748,-0.003109119192492127,-0.0031139625452146617,40618600.0
2024-12-11 00:00:00-05:00,595.115147903942,597.7184581352288,594.8400485801485,596.7655639648438,28677700,593.9548828125,588.3852081298828,577.4109692382813,65.3254925361983,5.691806687405233,5.731579844629888,-0.03977315722465491,601.6350219633564,575.1353942964092,588.3852081298828,4.43369953873972,0.007730767645118819,0.00770103838263702,39902180.0
2024-12-12 00:00:00-05:00,595.9010008938557,596.4707466548862,593.6906127929688,593.6906127929688,31543800,594.4951965332032,588.7359191894532,578.1078796386719,59.93401712312136,5.375824298495218,5.660428735402954,-0.2846044369077365,602.1564641327412,575.3153742461651,588.7359191894532,4.336646083963669,-0.005152695392551365,-0.005166016306231997,39109940.0
2024-12-13 00:00:00-05:00,595.7242008087076,596.4413297893211,592.1973772710232,593.57275390625,35904700,594.6582763671875,589.2693603515625,578.8228674316406,59.73053319084257,5.057594945297524,5.539861977381869,-0.4822670320843452,602.5678326196294,575.9708880834955,589.2693603515625,4.33002511498754,-0.00019851903361634005,-0.00019853874112794794,38959970.0
2024-12-16 00:00:00-05:00,595.331290479334,597.0799821268581,594.5552201188243,596.1073608398438,43695200,594.9687133789063,590.3028381347656,579.4871655273438,62.66610684755777,4.95282441034044,5.422454463973583,-0.4696300536331428,602.2889269785234,578.3167492910078,590.3028381347656,4.271253908246153,0.004270086382694771,0.004260995434072845,37345290.0
2024-12-17 00:00:00-05:00,593.5530906608857,594.5158183353977,592.2759894688432,593.6513061523438,55773500,595.0060424804688,591.0956298828125,580.2041174316406,58.235938036795716,4.618372199501323,5.261638011079132,-0.6432658115778089,601.683729466267,580.5075302993581,591.0956298828125,4.239833727014321,-0.004120154939941889,-0.00412866616472758,38283880.0
2024-12-18 00:00:00-05:00,593.3468374126793,595.7340497636445,575.5753477019516,575.95849609375,108248700,592.9057006835938,590.8981719970703,580.4617028808593,37.609366592871986,2.892313713975909,4.787773151658487,-1.895459437682578,602.4196431038656,579.3767008902751,590.8981719970703,5.376895750919934,-0.02980337089337326,-0.030256517608486612,41225715.0
2024-12-19 00:00:00-05:00,580.948961299734,582.5601031255708,575.5359564813775,575.7815551757812,85919500,590.8858947753906,590.6820434570312,580.6377465820312,37.466446064277314,1.492912904635432,4.128801102253877,-2.6358881976184447,603.1302395194015,578.233847394661,590.6820434570312,5.494556529010886,-0.0003072112299216112,-0.0003072584289584698,43020060.0
2024-12-20 00:00:00-05:00,573.4513839180992,587.231466902458,572.6036351958548,582.697265625,125716700,589.4446838378906,590.6559936523438,580.9719494628906,46.08956951056507,0.931183612301993,3.4892776042635,-2.558093991961507,603.1685712715217,578.1434160331659,590.6559936523438,6.146933327410333,0.012010996856451017,0.011939437265177957,46968380.0
2024-12-23 00:00:00-05:00,582.4410536479828,586.7879698949739,579.257197549177,586.1867065429688,57635800,588.659912109375,590.7140350341797,581.3081567382812,49.847492489237055,0.7588304951002556,2.9431881824308515,-2.184357687330596,603.1320216064988,578.2960484618606,590.7140350341797,6.245778971580802,0.005988428509658306,0.0059705691359047235,47938850.0
2024-12-24 00:00:00-05:00,587.5370230202848,592.7415539521577,586.9554328723399,592.7020874023438,33160100,588.7113708496094,590.9986206054688,581.6815393066406,56.012990395246156,1.1348938422559058,2.5815293143958624,-1.4466354721399566,603.3245886032146,578.672652607723,590.9986206054688,6.267855288552812,0.011114856046121169,0.01105353996160407,47474785.0
2024-12-26 00:00:00-05:00,590.9279213446937,593.8652919269226,589.5282423631364,592.7416381835938,41219100,588.3089782714844,591.1319305419922,582.1449145507812,56.04831285963119,1.4197521527225945,2.349173882061209,-0.9294217293386144,603.472739684519,578.7911213994655,591.1319305419922,6.129940593926625,6.672961356235518e-05,6.672738724073259e-05,47254675.0
2024-12-27 00:00:00-05:00,588.9958679237085,589.2324867459512,582.3128451341881,586.5020751953125,64969300,587.5901245117187,591.0426605224609,582.4339868164062,49.3196286589487,1.1290093125388694,2.105140968156741,-0.9761316556178716,603.4898538227014,578.5954672222203,591.0426605224609,6.437001483603695,-0.010526614947115709,-0.010582411670752774,48803130.0
2024-12-30 00:00:00-05:00,579.4839659814963,583.2788920150762,576.0536844624783,579.8092041015625,56578800,586.21376953125,590.4360229492188,582.5882202148438,43.313023638675325,0.3544488882494079,1.7550025521752746,-1.4005536639258667,603.797794792403,577.0742511060346,590.4360229492188,6.723529287120163,-0.011411504539896478,-0.011477115381013247,50123200.0
