date,open,high,low,close,volume
2018-01-02 00:00:00-05:00,148.3928414113694,150.2600749530319,148.02318684774454,150.22216796875,32573300
2018-01-03 00:00:00-05:00,150.36429010566533,151.81447405168544,150.33585626066807,151.68177795410156,29383600
2018-01-04 00:00:00-05:00,152.20312371561604,152.4021606757109,151.72920690785642,151.94720458984375,24776100
2018-01-05 00:00:00-05:00,152.6675709111186,153.57748310381623,152.383217927353,153.4732208251953,26992300
2018-01-08 00:00:00-05:00,153.4732032662687,154.14617143542628,153.41633556858056,154.07034301757812,23159100
2018-01-09 00:00:00-05:00,154.37361423464705,154.53474416981084,153.6153591192384,154.0797882080078,24782400
2018-01-10 00:00:00-05:00,153.3973598537169,153.74806805983167,152.71491862258435,153.71961975097656,34004000
2018-01-11 00:00:00-05:00,153.98502424310917,154.7812008472504,153.74806588739162,154.77171325683594,20473500
2018-01-12 00:00:00-05:00,154.63902605963855,156.07026386676313,154.43998912853863,155.9091339111328,37762700
2018-01-16 00:00:00-05:00,156.9423177111672,157.73849460861618,154.99925558591062,155.4636993408203,41231800
2018-01-17 00:00:00-05:00,156.20299605983504,157.37830058718677,155.44472621015345,157.14134216308594,33849900
2018-01-18 00:00:00-05:00,156.8949199172569,157.5299667959894,156.52526533223966,157.1697998046875,26432200
2018-01-19 00:00:00-05:00,157.63419432454305,157.91854728018592,156.90435844637778,157.66262817382812,38937600
2018-01-22 00:00:00-05:00,157.60578199317771,159.34979248046875,157.42569128125635,159.34979248046875,26081400
2018-01-23 00:00:00-05:00,159.84262588846244,160.80942001748102,159.7667974800306,160.667236328125,37989700
2018-01-24 00:00:00-05:00,161.0085086914755,161.35921700105814,158.70527970398518,159.6246795654297,54287400
2018-01-25 00:00:00-05:00,160.72413759725012,160.78100529464004,159.0559413389227,159.56777954101562,28925000
2018-01-26 00:00:00-05:00,160.4586917954988,162.03209853282203,160.14591953608752,162.0131378173828,32038200
2018-01-29 00:00:00-05:00,161.67199971570105,161.99425969976912,160.88529601615065,161.2265167236328,37277800
2018-01-30 00:00:00-05:00,159.75739735885583,160.58200817535106,159.0654827020586,159.89956665039062,44987700
2018-01-31 00:00:00-05:00,160.79999249894354,161.12226697087195,159.55833258044072,160.5630340576172,42449200
2018-02-01 00:00:00-05:00,159.33087731395108,160.8758366677798,158.6863427698606,159.19818115234375,38037900
2018-02-02 00:00:00-05:00,158.57253184425852,158.95165942184832,155.89016156758018,156.02285766601562,68478100
2018-02-05 00:00:00-05:00,154.56327981739588,157.10346770756857,149.7577550394922,149.87149047851562,105372200
2018-02-06 00:00:00-05:00,147.68196141062802,154.0324440899537,147.0090076059064,153.84288024902344,118537900
2018-02-07 00:00:00-05:00,153.34999665936536,155.01819310462832,151.8429446584872,151.85243225097656,91028300
2018-02-08 00:00:00-05:00,152.24100184145476,152.4116193805625,145.44503784179688,145.44503784179688,94184800
2018-02-09 00:00:00-05:00,147.50178627860905,149.03728577574296,142.2981916787465,147.95675659179688,113836600
2018-02-12 00:00:00-05:00,149.4733575775431,151.60598320251285,148.2980531559696,150.5823211669922,63050600
2018-02-13 00:00:00-05:00,149.71984012510305,151.66288793199294,149.49235479629598,151.35958862304688,31785600
2018-02-14 00:00:00-05:00,150.4685489827036,154.43048556653434,149.75767394813963,154.1935272216797,52107400
2018-02-15 00:00:00-05:00,155.57736677292817,157.0559844970703,153.9660529572038,157.0559844970703,51633900
2018-02-16 00:00:00-05:00,156.54423916681262,158.06076462036012,156.08926851423152,156.35467529296875,62256300
2018-02-20 00:00:00-05:00,155.80490179396935,157.98490764362418,155.73854649557074,156.66741943359375,36785600
2018-02-21 00:00:00-05:00,157.43516492385564,158.9706507099989,156.12714994289342,156.22193908691406,41161800
2018-02-22 00:00:00-05:00,156.90439063968478,157.73848895729785,155.80491449522538,156.2030029296875,37074400
2018-02-23 00:00:00-05:00,157.4636119593902,159.39718627929688,156.81907754422528,159.39718627929688,50096900
2018-02-26 00:00:00-05:00,160.14596555496297,161.51083374023438,160.01326943433412,161.51083374023438,39266700
2018-02-27 00:00:00-05:00,161.55828044328092,161.82367277017642,159.4351418281171,159.51095581054688,42209900
2018-02-28 00:00:00-05:00,160.42080215636128,160.94211341634022,158.38296614155888,158.4872283935547,42936300
2018-03-01 00:00:00-05:00,158.57257127578663,159.30240723006153,154.4968837206584,155.89967346191406,76809900
2018-03-02 00:00:00-05:00,154.02297261682202,157.60578276128518,153.5111487945248,157.33091735839844,57445100
2018-03-05 00:00:00-05:00,156.59160115936658,159.48248217509507,156.0039344711269,159.07492065429688,38540200
2018-03-06 00:00:00-05:00,159.85214130965107,160.28815115779622,158.74317766065695,159.7478790283203,29480900
2018-03-07 00:00:00-05:00,158.5251394725461,160.25020323884107,158.25027414441274,160.11749267578125,34609400
2018-03-08 00:00:00-05:00,160.78099527258513,161.1127283076122,160.1364609958279,160.99899291992188,25828400
2018-03-09 00:00:00-05:00,162.14589291679673,164.12686157226562,161.90893452845475,164.12686157226562,38310500
2018-03-12 00:00:00-04:00,164.61024038904804,165.37798320151097,164.24058590664768,164.9988555908203,37635000
2018-03-13 00:00:00-04:00,165.37800642158484,166.0699353792937,162.3354685922046,162.7525177001953,55638900
2018-03-14 00:00:00-04:00,163.60556813918518,163.7287911427087,162.01320007452026,162.7240753173828,40536400
2018-03-15 00:00:00-04:00,162.83776719038923,163.52968146407628,161.98470852512554,162.58184814453125,28810400
2018-03-16 00:00:00-04:00,162.85674987509069,163.21691675040657,162.02265181328218,162.09848022460938,31176700
2018-03-19 00:00:00-04:00,160.5386962562349,160.65261617920999,157.2538651099721,158.63995361328125,71395100
2018-03-20 00:00:00-04:00,158.70639994416626,159.5323483471703,158.1747543290714,159.16209411621094,34075700
2018-03-21 00:00:00-04:00,158.74435039364795,160.2158640317878,157.77598780092563,158.46902465820312,43863500
2018-03-22 00:00:00-04:00,156.27599198035415,157.37726603615164,154.358258122673,154.55763244628906,66607300
2018-03-23 00:00:00-04:00,154.37729201963617,155.03236063774952,150.40891182692076,150.48486328125,80110400
2018-03-26 00:00:00-04:00,153.53233662060612,156.26653075738153,151.10194827069787,156.07664489746094,57481500
2018-03-27 00:00:00-04:00,157.2348357739461,157.2348357739461,149.6968269783542,151.0259552001953,78889100
2018-03-28 00:00:00-04:00,150.16205510177866,151.69054345711947,148.13988961981215,149.28863525390625,89369700
2018-03-29 00:00:00-04:00,150.0956196813061,153.52285091307365,148.70004260581092,152.02284240722656,68692600
2018-04-02 00:00:00-04:00,150.94055674999305,151.65258526531605,146.08926855280865,147.63673400878906,85549400
2018-04-03 00:00:00-04:00,148.92787199117498,149.92471475875274,146.62090667325108,149.29812622070312,64090000
2018-04-04 00:00:00-04:00,146.41198021345693,152.11769406284654,146.2410859199414,151.6525115966797,65768700
2018-04-05 00:00:00-04:00,153.16209009628864,153.39943294690218,151.40574720724516,152.51651000976562,43054900
2018-04-06 00:00:00-04:00,150.8361128349577,152.33612118808048,147.98799900944118,148.7000274658203,59870900
2018-04-09 00:00:00-04:00,149.98168182677352,152.73486743371004,149.48801915484603,149.7443389892578,41810400
2018-04-10 00:00:00-04:00,152.0987550908306,153.5417887781341,151.01647258222604,153.04812622070312,48296800
2018-04-11 00:00:00-04:00,152.0892707299291,153.79814187018226,151.99434229707123,152.16522216796875,41622100
2018-04-12 00:00:00-04:00,153.08614040418246,154.52918900864083,153.00070045368207,153.99754333496094,30467900
2018-04-13 00:00:00-04:00,154.76652948311843,154.9943693476174,152.53550090151325,153.20005798339844,44604900
2018-04-16 00:00:00-04:00,154.2728396661685,154.92790819547514,153.30447686257358,154.36778259277344,28180800
2018-04-17 00:00:00-04:00,155.9247661260972,158.03237182239752,155.61147182137603,157.6905975341797,35536100
2018-04-18 00:00:00-04:00,157.69058392327872,158.5450123269451,156.94057245924859,158.01336669921875,29573900
2018-04-19 00:00:00-04:00,157.21585939007375,157.58611353829434,156.0196425371662,156.560791015625,34705700
2018-04-20 00:00:00-04:00,156.16211839183057,156.2760383326835,153.5418438621416,154.08299255371094,49197100
2018-04-23 00:00:00-04:00,154.83298366808154,155.44058080628807,152.86779233288942,153.69374084472656,33040600
2018-04-24 00:00:00-04:00,154.42470304294324,154.6620458124721,149.4215134051245,150.43734741210938,70256800
2018-04-25 00:00:00-04:00,150.70317596749572,151.24430997004072,148.5480994809047,150.6177215576172,52089300
2018-04-26 00:00:00-04:00,152.56396865295923,154.3013199117636,152.0702915090282,153.78866577148438,43005500
2018-04-27 00:00:00-04:00,156.0481715789864,156.08615454709528,153.010186011879,153.88360595703125,51043400
2018-04-30 00:00:00-04:00,154.2443613184627,155.20322114779478,152.41206711663665,152.7918243408203,35615300
2018-05-01 00:00:00-04:00,152.39310680222823,154.55767251512577,152.0323410213258,154.53868103027344,36513500
2018-05-02 00:00:00-04:00,154.80448472212976,155.28867336528526,153.44689069143448,153.6272735595703,38646800
2018-05-03 00:00:00-04:00,152.84877644412694,154.17789044479082,151.1588967206017,153.6082763671875,60337100
2018-05-04 00:00:00-04:00,152.94369319801766,156.88357755078243,152.82975881298637,156.52281188964844,41543200
2018-05-07 00:00:00-04:00,157.25382735990206,158.3361098271246,157.13040448213658,157.82345581054688,32500200
2018-05-08 00:00:00-04:00,157.49124548112314,158.00389974296775,156.51339394581458,157.66213989257812,26040200
2018-05-09 00:00:00-04:00,157.94688755325822,159.49436730016512,157.3867620019411,159.3804473876953,29122700
2018-05-10 00:00:00-04:00,159.8931211678611,161.14629830435564,159.76969825665134,161.03236389160156,27067600
2018-05-11 00:00:00-04:00,160.84246442799184,161.26019006720205,160.17790749572774,160.8804473876953,24688800
2018-05-14 00:00:00-04:00,161.25073516911476,162.1716265693658,160.8899694080348,161.15579223632812,21821700
2018-05-15 00:00:00-04:00,159.88359442243134,159.96903434686527,158.5259861826594,159.3709259033203,49361600
2018-05-16 00:00:00-04:00,159.5798190299316,160.79501314028263,159.5038675872526,160.4247589111328,22941200
2018-05-17 00:00:00-04:00,159.86462292060756,161.02285699518038,159.02917159173393,159.8076629638672,27480200
2018-05-18 00:00:00-04:00,159.19056832369682,159.74120540115013,158.74437715212443,158.98171997070312,26217900
2018-05-21 00:00:00-04:00,160.2159045159777,160.9184445331218,159.19058171511492,159.87413024902344,22954600
2018-05-22 00:00:00-04:00,160.60516615188584,160.87098899847823,159.38048335767505,159.665283203125,19477700
2018-05-23 00:00:00-04:00,158.4500527844908,161.03234369374988,158.43107578995966,161.01336669921875,26557800
2018-05-24 00:00:00-04:00,160.96591186523438,161.25072616142643,159.3424805173194,160.96591186523438,27696500
2018-05-25 00:00:00-04:00,160.94690596405545,161.70640585710885,160.64311469858742,161.12728881835938,27460500
2018-05-29 00:00:00-04:00,160.39627646239435,161.31716777210193,159.45640815700145,160.41526794433594,41220500
2018-05-30 00:00:00-04:00,160.99441170252544,161.848840210226,160.65263740219348,161.56402587890625,22665800
2018-05-31 00:00:00-04:00,161.56402693838626,162.53238987672006,161.0418842281778,161.45960998535156,35670900
2018-06-01 00:00:00-04:00,162.2665524404628,164.0893437282254,162.21908097482293,163.99441528320312,45543300
2018-06-04 00:00:00-04:00,164.41209723882514,165.5133713060274,164.30768031377193,165.47540283203125,20459600
2018-06-05 00:00:00-04:00,165.86468970869214,166.26342397286297,165.25709257001398,165.98809814453125,24779300
2018-06-06 00:00:00-04:00,166.15895256194668,166.98490087572253,165.32350126490581,166.9564208984375,25036600
2018-06-07 00:00:00-04:00,166.98490428121306,167.02287275628242,164.76337909014498,165.59881591796875,39600300
2018-06-08 00:00:00-04:00,164.8202815278322,166.0259866196625,164.41204451046042,165.60826110839844,31780300
2018-06-11 00:00:00-04:00,165.48495196602633,166.46280350009977,165.45647197852983,166.05458068847656,22319700
2018-06-12 00:00:00-04:00,166.28236801762193,167.08933937158923,166.10199964925502,166.92794799804688,22511800
2018-06-13 00:00:00-04:00,167.18427981741723,168.1716195251448,166.54818834381487,166.91845703125,37858600
2018-06-14 00:00:00-04:00,167.68747649490828,168.88367925439383,167.5640535762184,168.60836791992188,35916000
2018-06-15 00:00:00-04:00,167.97227340620293,168.35203065469668,167.1937963977419,168.01974487304688,49615700
2018-06-18 00:00:00-04:00,166.96171091589943,168.06532731796574,166.43843638369808,167.92262268066406,31633200
2018-06-19 00:00:00-04:00,165.80108233149804,167.48505597576812,165.26829872536078,167.44700622558594,38236000
2018-06-20 00:00:00-04:00,168.21761070505016,169.3307507945637,168.06538269692987,168.63623046875,33038000
2018-06-21 00:00:00-04:00,169.06436483378408,169.23562497810494,166.8475933853099,167.17108154296875,43469400
2018-06-22 00:00:00-04:00,167.73240473875433,167.79899542079593,166.20064484465013,166.80003356933594,30073200
2018-06-25 00:00:00-04:00,165.28727380166822,165.53464792461108,161.55777500130765,163.04196166992188,77799700
2018-06-26 00:00:00-04:00,163.6413873463879,164.6498726433185,163.04199854953652,163.70799255371094,39008100
2018-06-27 00:00:00-04:00,164.4025047587715,165.1445982238207,161.36752569458307,161.481689453125,52843500
2018-06-28 00:00:00-04:00,161.28187071590713,163.42252786529906,160.94887379687535,162.87071228027344,46407700
2018-06-29 00:00:00-04:00,163.6508706247533,164.51665108130692,163.0705140515677,163.30836486816406,36408500
2018-07-02 00:00:00-04:00,161.77658385767745,164.45003888085847,161.424569340705,164.4024658203125,31770000
2018-07-03 00:00:00-04:00,165.0209233863235,165.0209233863235,162.33797324065023,162.4997100830078,25512700
2018-07-05 00:00:00-04:00,163.55576562722146,164.64987375472649,162.71852597101744,164.5166778564453,31626200
2018-07-06 00:00:00-04:00,164.8972055880862,167.1995995341059,164.59274960319414,167.07591247558594,37005600
2018-07-09 00:00:00-04:00,167.94167848934913,168.61716655751658,167.27569922592377,168.57911682128906,27362100
2018-07-10 00:00:00-04:00,168.89314338586786,169.0834211711498,168.12250891925413,168.70286560058594,23902500
2018-07-11 00:00:00-04:00,167.3803648040443,168.46497843265436,167.25669225476,167.8465576171875,30280600
2018-07-12 00:00:00-04:00,168.58863490234341,170.7388153076172,168.47447117012,170.7388153076172,27930100
2018-07-13 00:00:00-04:00,170.72931800949908,171.15744658785678,170.25361636304336,170.8815460205078,28049800
2018-07-16 00:00:00-04:00,170.9196033558627,171.20502725986537,170.18703324021325,170.47244262695312,21405300
2018-07-17 00:00:00-04:00,168.66478964119295,171.87101437859212,168.66478964119295,171.50949096679688,31034100
2018-07-18 00:00:00-04:00,171.5284951497321,171.67121435557232,170.66272917692228,171.1859893798828,23220800
2018-07-19 00:00:00-04:00,170.56756271152025,171.13841043232307,170.1299253738639,170.3297119140625,31094100
2018-07-20 00:00:00-04:00,170.84351799261015,171.41435133055936,170.1014099739274,170.2917022705078,35897300
2018-07-23 00:00:00-04:00,169.78738873192682,170.91003732324356,169.10237739858653,170.83392333984375,22184700
2018-07-24 00:00:00-04:00,172.59409854191225,173.20299615226392,170.83399640152513,171.5380401611328,36900300
2018-07-25 00:00:00-04:00,171.6141658177924,174.04023309847682,171.5285284707475,173.9355926513672,35026600
2018-07-26 00:00:00-04:00,171.57610204074132,172.1279178074579,171.07185935201613,171.30020141601562,40873500
2018-07-27 00:00:00-04:00,172.3847363755139,172.49890010620544,168.01779946944635,168.98822021484375,59456100
2018-07-30 00:00:00-04:00,168.99779088113996,169.09292251094698,165.80107487089546,166.60025024414062,60193000
2018-07-31 00:00:00-04:00,167.2566852803158,168.5220532770016,166.3243142101697,167.87509155273438,47285100
2018-08-01 00:00:00-04:00,168.26521357312942,169.01681590578653,167.54215218239193,168.5125732421875,37101900
2018-08-02 00:00:00-04:00,167.32331052764283,171.00525154011203,167.2471965139282,170.80545043945312,47178200
2018-08-03 00:00:00-04:00,171.12890375708824,171.33821364059392,170.37730155159926,171.32870483398438,28934400
2018-08-06 00:00:00-04:00,171.21460046160405,172.38482283992903,171.0052905055112,172.33724975585938,24808800
2018-08-07 00:00:00-04:00,172.8223839603069,173.28857675043997,172.45133729624527,172.96510314941406,29895700
2018-08-08 00:00:00-04:00,172.72729296873396,173.48841860450418,172.26110006897449,173.17445373535156,22680700
2018-08-09 00:00:00-04:00,173.06980895996094,173.7548206207242,172.8129259578585,173.06980895996094,18852900
2018-08-10 00:00:00-04:00,171.8995279361938,172.4132938079921,171.1003527103533,171.747314453125,33818500
2018-08-13 00:00:00-04:00,172.06126460025467,173.16488121546607,171.48090810104648,171.55702209472656,26089200
2018-08-14 00:00:00-04:00,172.21349085800819,172.83191165860697,171.29062857734274,172.63211059570312,20913000
2018-08-15 00:00:00-04:00,171.26209766279058,171.80440449578785,169.46394606049,170.52000427246094,58528000
2018-08-16 00:00:00-04:00,171.8329621331598,172.19450005696288,170.74836287901388,171.08135986328125,27711800
2018-08-17 00:00:00-04:00,170.63417434670214,171.5475133137641,169.60665712081155,171.119384765625,36092600
2018-08-20 00:00:00-04:00,171.49994658929725,171.56655178584808,170.3011837067378,170.9671630859375,24939000
2018-08-21 00:00:00-04:00,171.48095952488995,172.6226407379396,171.37630456685332,171.59512329101562,26258700
2018-08-22 00:00:00-04:00,171.23357575028086,172.46089423644077,171.01475703837568,172.26109313964844,18042400
2018-08-23 00:00:00-04:00,171.95662052303152,173.20295639900183,171.72827852758428,172.01370239257812,25776200
2018-08-24 00:00:00-04:00,172.58455846593722,173.75479501569603,172.54650872028634,173.61207580566406,23136100
2018-08-27 00:00:00-04:00,174.48740745497963,175.38172912597656,174.21150680961088,175.38172912597656,29343600
2018-08-28 00:00:00-04:00,175.84787495237077,176.02864390343962,175.26751835448457,175.63856506347656,20277000
2018-08-29 00:00:00-04:00,175.94300218429092,177.76018593924667,175.8764115034468,177.66505432128906,29175600
2018-08-30 00:00:00-04:00,177.32259430942895,178.40719375136334,176.76125519442212,177.35113525390625,29315500
2018-08-31 00:00:00-04:00,177.13230694110652,178.08371049631864,176.9420291335173,177.5794677734375,28653200
2018-09-04 00:00:00-04:00,177.0370559099902,177.34149729337787,175.8668343910594,176.8182373046875,29063500
2018-09-05 00:00:00-04:00,176.50435454071743,176.53289547999546,173.9355683848509,174.53494262695312,42623300
2018-09-06 00:00:00-04:00,174.6110394047914,174.82034928368205,171.80440268709074,172.97462463378906,46091400
2018-09-07 00:00:00-04:00,171.72829818290577,173.7928416322853,171.6712163068258,172.30865478515625,46629500
2018-09-10 00:00:00-04:00,173.29813460586064,173.39328075886192,171.94714343337776,172.8890380859375,26132000
2018-09-11 00:00:00-04:00,172.194498508081,174.5064016932559,171.74733776969308,174.22097778320312,30116500
2018-09-12 00:00:00-04:00,173.96409730849152,174.08776986440003,172.21350422252615,173.70721435546875,36204000
2018-09-13 00:00:00-04:00,174.79180466211247,175.89543590622063,174.71569066073315,175.56243896484375,31133200
2018-09-14 00:00:00-04:00,175.68615986586903,175.9620604713991,174.35418636110776,175.04872131347656,31224100
2018-09-17 00:00:00-04:00,174.75371508075875,174.87740212973543,172.3656985172122,172.52743530273438,33071200
2018-09-18 00:00:00-04:00,172.67018884993817,174.8013229349284,172.58455152046025,173.95457458496094,31877300
2018-09-19 00:00:00-04:00,173.98311743472928,174.39222840413828,172.68920836150778,173.82138061523438,31843400
2018-09-20 00:00:00-04:00,175.02016378970254,175.98107593126423,174.60154399979044,175.74322509765625,33295800
2018-09-21 00:00:00-04:00,176.21890119800162,176.46626080285094,174.5634544100573,174.78228759765625,38605400
2018-09-24 00:00:00-04:00,173.51473356063934,175.3351882213104,172.79989671367989,175.26846313476562,34945600
2018-09-25 00:00:00-04:00,175.19213826555557,175.64010366426112,174.5916709133786,175.5066680908203,25277500
2018-09-26 00:00:00-04:00,175.65913123246477,177.2698982195646,175.2874168926251,175.6305389404297,36210600
2018-09-27 00:00:00-04:00,176.3454105148666,177.7464912776824,176.2500931601416,177.117431640625,33113300
2018-09-28 00:00:00-04:00,176.6218238361947,177.54634699728183,176.2977680697114,177.07931518554688,28076800
2018-10-01 00:00:00-04:00,178.10862974636376,178.7376892580963,176.9934867265016,177.4414520263672,27371300
2018-10-02 00:00:00-04:00,177.2890035172982,178.40414687311264,176.63136605878296,177.04119873046875,25618600
2018-10-03 00:00:00-04:00,177.78463552512463,178.2040086779017,176.95542968247182,177.23182678222656,29128700
2018-10-04 00:00:00-04:00,176.51694001920336,176.63132373781573,172.5710434966114,173.82916259765625,80557300
2018-10-05 00:00:00-04:00,173.81011136147947,174.39151229184202,170.06436056923917,171.70372009277344,83325600
2018-10-08 00:00:00-04:00,171.103254027982,172.17073845581982,168.63467447353017,170.65528869628906,66864500
2018-10-09 00:00:00-04:00,170.7792010826923,172.53294437607687,170.36936846385632,171.20811462402344,49097900
2018-10-10 00:00:00-04:00,170.14060245480064,170.24544571675534,163.45926961462604,163.67848205566406,114471100
2018-10-11 00:00:00-04:00,163.0017985776529,165.2702033234154,159.94229176713324,161.64837646484375,143084500
2018-10-12 00:00:00-04:00,166.0041034352188,166.6617553721652,162.91600437870872,166.14707946777344,102078400
2018-10-15 00:00:00-04:00,165.56569001026918,165.88020530829272,163.516483081692,164.13601684570312,64885300
2018-10-16 00:00:00-04:00,165.86115108845334,169.32095020750754,165.55614717023394,168.91111755371094,71979700
2018-10-17 00:00:00-04:00,169.73078299024405,169.9023367721327,167.2431513491558,168.97781372070312,66987600
2018-10-18 00:00:00-04:00,168.339251189797,168.39643579157547,164.35523546975935,165.06053161621094,82486200
2018-10-19 00:00:00-04:00,166.39492381047177,167.81507129536035,164.30759831178617,164.90806579589844,82923700
2018-10-22 00:00:00-04:00,165.899232827918,167.03344226639734,164.49815229137107,165.7562713623047,52909300
2018-10-23 00:00:00-04:00,162.63957318315215,165.965950385715,160.90491112398104,165.14627075195312,77567000
2018-10-24 00:00:00-04:00,164.95568113987076,165.23207819317656,157.302151474654,157.5880889892578,102997400
2018-10-25 00:00:00-04:00,160.0376242958517,164.0121141161188,159.32278768335647,163.03993225097656,83481100
2018-10-26 00:00:00-04:00,157.45469723955176,161.99153689057556,156.5301739262998,158.84625244140625,130970900
2018-10-29 00:00:00-04:00,161.27666706587974,161.89618627324805,152.58424452179858,155.5770263671875,111871900
2018-10-30 00:00:00-04:00,155.11955563006742,158.25529938779908,154.4142448880495,158.14093017578125,92584000
2018-10-31 00:00:00-04:00,160.71428233785176,163.22097999842578,160.63803137571213,161.8580322265625,73828600
2018-11-01 00:00:00-04:00,162.0963213899249,164.1645797862354,160.86679454399038,163.99301147460938,52706800
2018-11-02 00:00:00-04:00,163.48785156156262,164.4600331523922,160.33304252885935,161.43865966796875,75966800
2018-11-05 00:00:00-05:00,161.64839972962636,161.70558433449273,159.24654452151685,161.0384063720703,39573500
2018-11-06 00:00:00-05:00,161.0479163992154,163.16383383080117,160.80963754019348,162.2583770751953,34410400
2018-11-07 00:00:00-05:00,164.2027084352181,167.34799194335938,163.81192765820543,167.34799194335938,51169600
2018-11-08 00:00:00-05:00,166.56644056082771,167.081131016466,165.4894300580785,166.280517578125,40296500
2018-11-09 00:00:00-05:00,164.7268958006214,165.1272024249304,162.18208005391074,163.4783172607422,50602700
2018-11-12 00:00:00-05:00,162.3346127122697,162.63960206043032,158.38870121816151,158.53167724609375,62578400
2018-11-13 00:00:00-05:00,159.27509328847975,161.53397182360374,158.21713475746253,158.66510009765625,64128100
2018-11-14 00:00:00-05:00,160.23774591977588,160.79055456084657,156.54919421677104,157.45465087890625,75270700
2018-11-15 00:00:00-05:00,157.16871199408016,160.63805121121447,155.79623813624605,160.2091522216797,73254300
2018-11-16 00:00:00-05:00,158.64606121194257,160.4188565023855,158.00747561584046,159.64683532714844,65390700
2018-11-19 00:00:00-05:00,158.88430714660728,159.07492728538725,153.96622903180833,154.46185302734375,67280500
2018-11-20 00:00:00-05:00,150.94492172313053,153.81380915424984,149.7630676179594,151.69789123535156,102652800
2018-11-21 00:00:00-05:00,153.7851375508401,154.37606429872233,151.76452351336928,152.85107421875,42965800
2018-11-23 00:00:00-05:00,151.63113017498264,153.2990821764563,151.63113017498264,151.74551391601562,23503700
2018-11-26 00:00:00-05:00,153.87094584356763,155.32921117898448,153.2228198370567,155.25296020507812,42012600
2018-11-27 00:00:00-05:00,154.40467234122326,156.16794139210347,153.62311084607882,155.77716064453125,36608100
2018-11-28 00:00:00-05:00,156.90187523800697,160.79058837890625,155.8057981864786,160.79058837890625,70141000
2018-11-29 00:00:00-05:00,160.11383951400168,161.32428543620196,158.99869639281278,160.26632690429688,44885700
2018-11-30 00:00:00-05:00,160.48559365739357,161.52448606918858,159.68496557886334,161.42916870117188,36722800
2018-12-03 00:00:00-05:00,164.99385631468127,165.18447654242837,161.56263404166884,164.25042724609375,50771700
2018-12-04 00:00:00-05:00,163.39259927962235,163.85010523592987,157.75969717271258,157.9503173828125,70594700
2018-12-06 00:00:00-05:00,154.76686959124498,159.08448080716968,154.18546866703025,159.06541442871094,71715500
2018-12-07 00:00:00-05:00,158.36967259651934,159.28465531850662,153.3181576135617,153.81378173828125,80432200
2018-12-10 00:00:00-05:00,153.52784028407578,156.10124912145577,151.93613920857265,155.42454528808594,73960800
2018-12-11 00:00:00-05:00,157.95979349358987,157.9979262496193,154.6238899668893,155.93919372558594,59058300
2018-12-12 00:00:00-05:00,158.21719399703255,159.7421848167697,157.22596014457662,157.31173706054688,53780000
2018-12-13 00:00:00-05:00,158.34106744837337,158.9987194070988,156.33951927341653,157.35935974121094,46378500
2018-12-14 00:00:00-05:00,155.55798796956586,156.12984854653067,153.1656587442561,153.52784729003906,56547400
2018-12-17 00:00:00-05:00,152.87020926515117,154.09019605980717,148.84806030222953,150.04898071289062,74834100
2018-12-18 00:00:00-05:00,151.2117203579812,152.45077302416146,149.6772043073376,150.9925079345703,63642100
2018-12-19 00:00:00-05:00,150.76377727788673,153.1846983822102,146.15070252950704,147.284912109375,81856500
2018-12-20 00:00:00-05:00,146.92268169046883,148.56204076839575,143.33897427587925,145.14988708496094,99002100
2018-12-21 00:00:00-05:00,145.87429755808162,146.86553105729587,139.8410760472385,140.65122985839844,141129400
2018-12-24 00:00:00-05:00,139.62943530992285,141.44552972074598,137.1251333237363,137.16336059570312,56163300
2018-12-26 00:00:00-05:00,138.67360139005768,145.80417671648632,137.72731227094897,145.72772216796875,98982100
2018-12-27 00:00:00-05:00,143.73003670350894,146.41595188172448,140.5853211942636,146.2917022705078,85824300
2018-12-28 00:00:00-05:00,147.34308159147085,148.71949680792892,145.02039185244467,146.21519470214844,77856600
2018-12-31 00:00:00-05:00,147.64900606640865,148.13648053678216,145.96672835835463,147.44827270507812,53015300
2019-01-02 00:00:00-05:00,144.3226369995191,148.87244118745846,144.21749376102696,148.04086303710938,58576700
2019-01-03 00:00:00-05:00,145.86154034542182,146.49238517679825,142.88887021857158,143.2042999267578,74820200
2019-01-04 00:00:00-05:00,145.6129820878933,150.06720977656417,145.0394855785965,149.33120727539062,74709300
2019-01-07 00:00:00-05:00,149.7040563945971,151.84514896979434,149.21658194182893,151.10914611816406,52059300
2019-01-08 00:00:00-05:00,152.49505849128164,153.03989554722472,150.25839123897686,152.4759521484375,49388700
2019-01-09 00:00:00-05:00,153.0686169297648,154.38768424320008,152.42820420679234,153.71859741210938,46491700
2019-01-10 00:00:00-05:00,152.55242569744468,154.2442559428542,151.69215893969894,154.15823364257812,38943400
2019-01-11 00:00:00-05:00,153.2501498361321,153.75674493007966,152.73398698777592,153.59425354003906,30176600
2019-01-14 00:00:00-05:00,152.29434771322138,152.89653299898953,151.58701919636664,152.23699951171875,30710200
2019-01-15 00:00:00-05:00,152.93473170166973,155.41992692581888,152.84870941548576,155.2096405029297,40874200
2019-01-16 00:00:00-05:00,155.46772548444244,156.5478318201917,155.12362171460163,155.1809844970703,33812200
2019-01-17 00:00:00-05:00,154.6839458351271,157.10222544775576,154.43543211234518,156.4044647216797,39329000
2019-01-18 00:00:00-05:00,157.50367962616622,158.68892922791906,156.58607926383704,157.9529266357422,57183200
2019-01-22 00:00:00-05:00,156.81547387742702,156.89194300600556,153.6611916022884,154.78909301757812,56711700
2019-01-23 00:00:00-05:00,155.58242389445923,156.28973771949038,153.24061364849095,154.9897918701172,38106100
2019-01-24 00:00:00-05:00,155.49638149994806,156.22283081012745,154.90376408163755,155.99342346191406,32417800
2019-01-25 00:00:00-05:00,157.24560710962174,158.3352667176428,156.71033777024235,157.8573455810547,36515900
2019-01-28 00:00:00-05:00,155.82137212670534,155.91694757890176,154.60744866237457,155.9073944091797,33491200
2019-01-29 00:00:00-05:00,155.99345302054616,156.03169487832432,153.88104980565595,154.43544006347656,30784200
2019-01-30 00:00:00-05:00,156.18463325804805,158.93746387742019,155.69715891294956,158.36395263671875,41346500
2019-01-31 00:00:00-05:00,159.3389301873309,161.5278175199503,159.11909051219817,160.73446655273438,37258400
2019-02-01 00:00:00-05:00,159.94105923122956,161.15498277358793,159.61607641988726,160.05575561523438,32143700
2019-02-04 00:00:00-05:00,160.0844656640517,162.0439453125,159.94109515184655,162.0439453125,26718800
2019-02-05 00:00:00-05:00,162.26376796255875,163.66885717497178,162.19686659220292,163.47769165039062,28156400
2019-02-06 00:00:00-05:00,163.51595056117682,163.80269158545858,162.25423171435247,162.990234375,27970000
2019-02-07 00:00:00-05:00,161.5660225811483,161.9674745963995,159.57786884966893,160.8013458251953,42036200
2019-02-08 00:00:00-05:00,159.3962262665874,161.14541909184325,159.21462851565343,161.1167449951172,29020700
2019-02-11 00:00:00-05:00,161.69986997810818,162.0917688938215,160.56241509762248,160.9638671875,21434100
2019-02-12 00:00:00-05:00,162.13954644814595,163.58286318121276,161.85279081915994,163.34390258789062,29722100
2019-02-13 00:00:00-05:00,164.07031082358392,164.557799688976,163.27697461773968,163.4585723876953,26094100
2019-02-14 00:00:00-05:00,162.87551934300345,164.24238139318197,162.33069682537678,163.65931701660156,30326800
2019-02-15 00:00:00-05:00,164.90187855598793,164.9401058215201,163.5828118277445,164.3474884033203,32521700
2019-02-19 00:00:00-05:00,163.84092252536684,165.16954266097235,163.81224842484977,164.67250061035156,19487700
2019-02-20 00:00:00-05:00,164.7872151228341,165.43719550430995,163.75491822077873,164.6438446044922,32593000
2019-02-21 00:00:00-05:00,164.20408684490857,164.65333374098944,163.1717903443303,164.04159545898438,25207400
2019-02-22 00:00:00-05:00,164.39531724910438,165.37026586319612,164.30928036021757,165.2555694580078,27735400
2019-02-25 00:00:00-05:00,166.51726044043835,166.94738647304288,165.7430160797584,165.85772705078125,32608800
2019-02-26 00:00:00-05:00,165.4563190065506,166.5555318909136,165.1791165534523,166.02981567382812,21939700
2019-02-27 00:00:00-05:00,165.26513381394253,166.12540066605757,164.1754741359274,165.92466735839844,25162000
2019-02-28 00:00:00-05:00,165.40851054419096,166.1349454311057,165.07395991002207,165.54232788085938,25085500
2019-03-01 00:00:00-05:00,166.73714134782693,166.93786007310302,165.53277065618337,166.68934631347656,31431200
2019-03-04 00:00:00-05:00,167.78858703489837,168.02754766132583,164.85415812656885,166.71804809570312,38063500
2019-03-05 00:00:00-05:00,166.84228515625,167.35843360799603,166.0202601516198,166.84228515625,22319900
2019-03-06 00:00:00-05:00,167.00479208200017,167.03346618836568,165.62837663646198,165.89601135253906,27194600
2019-03-07 00:00:00-05:00,165.4754222851838,165.5327704923488,163.24830786863106,163.86004638671875,39407400
2019-03-08 00:00:00-05:00,162.02483986471185,163.69756406358974,161.86234840702056,163.61154174804688,39303200
2019-03-11 00:00:00-04:00,164.2902161044366,167.12906954007875,164.26154199579372,167.0143585205078,30518400
2019-03-12 00:00:00-04:00,167.45402462294763,168.36207194383215,167.052572583767,167.93194580078125,33953500
2019-03-13 00:00:00-04:00,168.80174978925126,170.07300716657576,168.5627892230632,169.19363403320312,42426100
2019-03-14 00:00:00-04:00,169.30834286502082,169.50906157046327,168.85909583951303,168.90689086914062,23751500
2019-03-15 00:00:00-04:00,169.56639505796775,170.98105197021258,169.45169866481052,170.47445678710938,38192000
2019-03-18 00:00:00-04:00,170.4017021971632,171.3975955907766,170.05697211653404,170.8804931640625,32935100
2019-03-19 00:00:00-04:00,171.57952332256033,172.36474751924308,170.72727598873237,171.45504760742188,36893300
2019-03-20 00:00:00-04:00,171.4646138008021,173.1882641544157,170.67940423565278,172.13491821289062,50105000
2019-03-21 00:00:00-04:00,171.61783923336975,175.0747106771811,171.59868350302827,174.82574462890625,42428500
2019-03-22 00:00:00-04:00,174.06925505739073,174.53847549826364,170.80389692562494,170.98583984375,70794500
2019-03-25 00:00:00-04:00,170.36339975085755,171.25394390648805,169.4249589662621,170.66024780273438,46336500
2019-03-26 00:00:00-04:00,171.98172059159438,173.0254813892467,170.58364454374927,171.45504760742188,33248100
2019-03-27 00:00:00-04:00,171.71356924872885,172.0965961104156,169.10894567695212,170.35379028320312,37096700
2019-03-28 00:00:00-04:00,170.79432672463065,171.38802289109304,169.72183955642973,170.74644470214844,30368200
2019-03-29 00:00:00-04:00,172.06788033853897,172.20194120947335,171.01453448724092,172.03915405273438,35205500
2019-04-01 00:00:00-04:00,173.81071996570668,174.52890653349576,173.10211857020903,174.3182373046875,30969500
2019-04-02 00:00:00-04:00,174.50972185651142,175.15129994355448,174.06922777579706,174.9789276123047,22645200
2019-04-03 00:00:00-04:00,175.96524978779127,177.07604833078008,175.43859141674747,175.98440551757812,31633500
2019-04-04 00:00:00-04:00,176.03227880716864,176.67385691357842,174.90232459042522,175.91737365722656,28530800
2019-04-05 00:00:00-04:00,176.42490473443473,176.9324220019062,176.21423553530985,176.82708740234375,25674700
2019-04-08 00:00:00-04:00,176.5397880213675,177.42076155786106,175.84075737171685,177.27713012695312,22697500
2019-04-09 00:00:00-04:00,176.6738645919742,177.2579901487995,176.28125249722228,176.6547088623047,25631900
2019-04-10 00:00:00-04:00,176.88449012742402,177.66012895488984,176.6929767126174,177.60267639160156,24563000
2019-04-11 00:00:00-04:00,177.89956766451954,177.89956766451954,176.8558068800391,177.18138122558594,20654100
2019-04-12 00:00:00-04:00,177.9665891995375,178.0623386157482,177.21009137031533,177.9474334716797,24989100
2019-04-15 00:00:00-04:00,177.9569795286858,178.17723383987803,176.78872868637035,177.97613525390625,21073000
2019-04-16 00:00:00-04:00,178.6272860972096,178.98160126643512,178.04316066852684,178.5889892578125,27195700
2019-04-17 00:00:00-04:00,179.78599600637975,179.9583537293581,178.68478270102315,179.21144104003906,29651600
2019-04-18 00:00:00-04:00,179.50829140192613,179.82428053908322,178.38790783312317,179.44125366210938,28580900
2019-04-22 00:00:00-04:00,178.65607983625767,180.01584451589116,178.52200432986598,179.9488067626953,17936000
2019-04-23 00:00:00-04:00,180.40841143303865,182.4576359705207,180.1498748585222,182.23739624023438,33665600
2019-04-24 00:00:00-04:00,182.39065995270045,182.6204849120637,181.6054356335332,181.66290283203125,24977100
2019-04-25 00:00:00-04:00,183.02264456001217,183.10882342958087,181.4138992703577,182.40020751953125,29517500
2019-04-26 00:00:00-04:00,182.1129083860973,182.60128447874771,180.5903567583341,182.56297302246094,26359500
2019-04-29 00:00:00-04:00,182.56298212688608,183.2045748536011,182.26613407778697,182.91729736328125,21716200
2019-04-30 00:00:00-04:00,181.44260846085817,181.7969236882625,180.22649000744318,181.50006103515625,31495300
2019-05-01 00:00:00-04:00,182.6874408544605,183.20454316991572,180.79143312471243,180.91590881347656,34797100
2019-05-02 00:00:00-04:00,180.85849431079924,181.79693512182047,178.94333045220347,180.1307373046875,44110100
2019-05-03 00:00:00-04:00,181.6245435748637,183.1375246165841,181.2989692600925,183.0034637451172,30386200
2019-05-06 00:00:00-04:00,179.1156613486069,182.13203788326405,178.83795447091143,181.88307189941406,38371800
2019-05-07 00:00:00-04:00,179.90092131828075,180.6669898220825,176.6834452915465,178.34007263183594,58818100
2019-05-08 00:00:00-04:00,177.75593850378775,179.2306082482554,177.1143603634872,177.88999938964844,37165300
2019-05-09 00:00:00-04:00,175.90779913576608,177.54527067926594,174.36609163070835,176.9324188232422,55351700
2019-05-10 00:00:00-04:00,176.30041681700888,178.00491155213172,173.351062600443,177.1526641845703,58526400
2019-05-13 00:00:00-04:00,172.64243120218214,173.57128679732043,170.50702769500126,171.00497436523438,67185800
2019-05-14 00:00:00-04:00,171.90509771253465,173.92559599943024,171.27309018509865,172.88182067871094,43360600
2019-05-15 00:00:00-04:00,171.74232242036683,175.7641635438806,171.7040109612773,175.32366943359375,40944500
2019-05-16 00:00:00-04:00,175.40027815006388,178.1772744789252,175.1896089592006,177.0856170654297,39281200
2019-05-17 00:00:00-04:00,175.33322401454575,177.70802265986035,175.1225548609292,175.2757568359375,44702300
2019-05-20 00:00:00-04:00,172.83399704338862,173.49471641316532,171.7327688706745,172.31689453125,38608300
2019-05-21 00:00:00-04:00,173.80113790133623,174.59593273713512,173.2457385722885,174.1171417236328,31613800
2019-05-22 00:00:00-04:00,173.1499782281915,174.34695568653854,173.08294047698425,173.34149169921875,24332600
2019-05-23 00:00:00-04:00,171.3497139762664,171.426322284536,169.6260635690518,170.68898010253906,45351300
2019-05-24 00:00:00-04:00,171.60827774945867,172.2211296489267,170.39214451042892,170.60281372070312,25903300
2019-05-28 00:00:00-04:00,171.08155047919024,172.03913218171135,169.94202591534417,169.961181640625,24763800
2019-05-29 00:00:00-04:00,168.90788622796748,169.49201182493314,167.66302672163422,168.5631561279297,42178800
2019-05-30 00:00:00-04:00,169.01319258970312,169.75053468826593,168.31416194671036,169.27174377441406,30354800
2019-05-31 00:00:00-04:00,167.28001185627872,167.85455232348826,166.49478755608698,166.57139587402344,45446200
2019-06-03 00:00:00-04:00,166.1212684157532,166.57133298148435,162.08985766084714,162.90379333496094,75842300
2019-06-04 00:00:00-04:00,164.7328359494608,167.54812946400958,164.10082830098202,167.4906768798828,47797800
2019-06-05 00:00:00-04:00,169.08980475905693,169.11853104562235,166.98312761220365,168.73550415039062,34412700
2019-06-06 00:00:00-04:00,169.02276497337724,170.48786401666476,168.27585230862437,170.07611083984375,29913200
2019-06-07 00:00:00-04:00,170.98581207518632,174.05965622976674,170.76557234184858,173.36061096191406,45888300
2019-06-10 00:00:00-04:00,174.5192705432129,177.00898888940466,174.48097370303444,175.38108825683594,41385300
2019-06-11 00:00:00-04:00,177.21008797355455,177.53566228320085,175.02680260886697,175.62049865722656,41260300
2019-06-12 00:00:00-04:00,175.14171224117527,175.50559801513248,174.27989443200633,174.60546875,27758100
2019-06-13 00:00:00-04:00,175.3331994013822,176.0705267239967,174.98846943581515,175.63961791992188,23715800
2019-06-14 00:00:00-04:00,174.73952937112477,175.3428106035977,174.222441608676,174.8927459716797,22844100
2019-06-17 00:00:00-04:00,175.27572612606565,176.43440626794563,175.0842127322067,175.946044921875,20379500
2019-06-18 00:00:00-04:00,178.024077640205,179.75729876630058,177.56442774824146,178.50286865234375,48177300
2019-06-19 00:00:00-04:00,178.74221734494384,179.57530881218102,177.6984567186175,179.17312622070312,31672900
2019-06-20 00:00:00-04:00,181.67246241111562,181.71075926292306,179.22105477225978,180.83937072753906,40922000
2019-06-21 00:00:00-04:00,180.6286653405313,181.7203080427045,180.18817126947863,180.5712127685547,39980400
2019-06-24 00:00:00-04:00,180.9320645608177,181.11440972719873,180.48100482624744,180.5769805908203,19375200
2019-06-25 00:00:00-04:00,180.4521842852067,180.5577517507149,177.20839729399316,177.47711181640625,33921100
2019-06-26 00:00:00-04:00,178.65757357178248,179.7804196710262,178.0145769838657,178.30247497558594,22595700
2019-06-27 00:00:00-04:00,178.94545943051173,179.40611079217862,178.49439978585193,178.9838409423828,19709200
2019-06-28 00:00:00-04:00,179.415731477446,179.60766835547687,178.57120628534108,179.21420288085938,21179200
2019-07-01 00:00:00-04:00,182.64992264614966,182.8898473986942,180.78810422338893,181.63262939453125,31025600
2019-07-02 00:00:00-04:00,181.57507827383296,182.37163033446754,181.0568471703529,182.35243225097656,18035800
2019-07-03 00:00:00-04:00,182.81303574265354,183.72474670410156,182.62108426121856,183.72474670410156,15792100
2019-07-05 00:00:00-04:00,182.46758825934742,183.68639553063215,181.75740567812076,183.3505096435547,21415600
2019-07-08 00:00:00-04:00,182.16049054617673,182.21807015128493,181.31595062099882,182.0645294189453,17598800
2019-07-09 00:00:00-04:00,181.20076257239893,183.2065299316288,181.0472072206512,182.97621154785156,19193500
2019-07-10 00:00:00-04:00,184.08946895386526,185.30827613860768,183.75356844679305,184.7996368408203,28374500
2019-07-11 00:00:00-04:00,185.07796139547847,185.54820454202596,184.0798662166549,184.665283203125,23736100
2019-07-12 00:00:00-04:00,184.86683699514674,185.74015202167354,184.6940835473218,185.73056030273438,20211900
2019-07-15 00:00:00-04:00,186.16241444498033,186.36395768533632,185.64418341010722,186.3255615234375,15606100
2019-07-16 00:00:00-04:00,186.0952406131234,186.2679794077989,184.7996410776776,185.36585998535156,20190900
2019-07-17 00:00:00-04:00,185.36584313808572,185.69215190477942,184.43493400113294,184.45413208007812,16765100
2019-07-18 00:00:00-04:00,183.58081862724308,185.02036715359472,183.00500800300935,184.665283203125,28877000
2019-07-19 00:00:00-04:00,185.93210759842043,186.01847700229007,183.12018164039225,183.31211853027344,29387900
2019-07-22 00:00:00-04:00,183.72475995945143,185.16430831102193,183.72475995945143,184.7708282470703,18954900
2019-07-23 00:00:00-04:00,185.77854342200885,185.9992701027162,184.54052344984927,185.98007202148438,23786700
2019-07-24 00:00:00-04:00,185.26990385023888,187.29486942404915,185.25070576903275,187.28526306152344,20422900
2019-07-25 00:00:00-04:00,186.6518401510065,186.68062994585404,185.15469759972052,185.50979614257812,23434700
2019-07-26 00:00:00-04:00,186.6902355104539,187.6691325394075,186.594259757948,187.4196014404297,20431200
2019-07-29 00:00:00-04:00,187.2468691014347,187.314040415425,185.5961856796736,186.776611328125,20451700
2019-07-30 00:00:00-04:00,185.34664532477268,186.69980958664294,185.2122880702663,185.97044372558594,18705000
2019-07-31 00:00:00-04:00,186.46947057989684,186.5942214599371,181.69017489168735,183.3984375,41627500
2019-08-01 00:00:00-04:00,183.71515353370492,187.12208755999097,181.60381888091345,182.4867401123047,63251600
2019-08-02 00:00:00-04:00,181.114373844308,181.37349664224007,178.70553492677004,179.79959106445312,55214000
2019-08-05 00:00:00-04:00,176.0375647540908,176.1143424244668,171.97804244842098,173.44638061523438,75040000
2019-08-06 00:00:00-04:00,175.04907850268626,176.39266578737127,173.77269181580857,175.87442016601562,41897200
2019-08-07 00:00:00-04:00,173.9647003381603,177.07411677186002,172.64031058671068,176.82460021972656,49990600
2019-08-08 00:00:00-04:00,177.62112207791506,180.73055262438618,177.1316807786846,180.67295837402344,38418100
2019-08-09 00:00:00-04:00,179.80922246444626,180.4234292975778,177.57312182280518,178.9742889404297,33608900
2019-08-12 00:00:00-04:00,177.87062494891572,178.40805409365007,176.10478214654694,176.9205322265625,24642900
2019-08-13 00:00:00-04:00,176.76695107440693,182.03568891194215,176.60380401097035,180.7976837158203,40241900
2019-08-14 00:00:00-04:00,177.8897537575505,178.4559724828398,175.0682372025967,175.39453125,51000500
2019-08-15 00:00:00-04:00,175.62491581754216,176.19113470920718,173.85907318395402,175.19305419921875,36685000
2019-08-16 00:00:00-04:00,176.78615197008773,178.45601878942122,176.68058449867115,178.0049591064453,32781400
2019-08-19 00:00:00-04:00,180.57696664368964,181.21996321389716,179.94356179166033,180.83607482910156,22494100
2019-08-20 00:00:00-04:00,180.38505921534542,181.03764761024544,179.38696389581403,179.43495178222656,19902900
2019-08-21 00:00:00-04:00,181.00883231487717,181.6038410198232,180.38503381090763,181.0280303955078,20418500
2019-08-22 00:00:00-04:00,181.36394521541862,181.8246113610181,179.0222768954198,180.44264221191406,24243700
2019-08-23 00:00:00-04:00,179.21419925710444,180.85527637150741,174.2429507467072,174.73240661621094,55372400
2019-08-26 00:00:00-04:00,176.71891826443948,177.41949421608476,175.70163998411726,177.37152099609375,27598900
2019-08-27 00:00:00-04:00,178.6095551148087,178.90705941788497,176.30628371228585,176.99725341796875,28012800
2019-08-28 00:00:00-04:00,176.42147601154778,177.9281958872516,175.538554653355,177.6306915283203,21792400
2019-08-29 00:00:00-04:00,179.83799461380124,180.86487957050298,179.15660188206476,180.3466339111328,25358900
2019-08-30 00:00:00-04:00,181.31590130150383,181.35429745702967,178.89747068171388,179.9147491455078,26319800
2019-09-03 00:00:00-04:00,178.71514151538548,179.6364443164982,177.5730974098894,178.16810607910156,27964200
2019-09-04 00:00:00-04:00,179.88598079047202,180.8936676574069,179.36773513600522,180.7401123046875,21592100
2019-09-05 00:00:00-04:00,182.73631853603658,184.57893914546423,182.66913256653785,184.0511016845703,33932600
2019-09-06 00:00:00-04:00,184.3581692023239,184.42534051222148,183.4656415879904,183.86871337890625,19487800
2019-09-09 00:00:00-04:00,184.44457766759294,184.52135535505883,182.55396921480408,183.48487854003906,24407600
2019-09-10 00:00:00-04:00,182.49636457345895,183.052991748338,181.29674082859322,182.95701599121094,23744700
2019-09-11 00:00:00-04:00,183.302548661131,184.77088727732755,182.8802786667494,184.67491149902344,25063600
2019-09-12 00:00:00-04:00,185.80731724594645,186.8629919652485,185.19311049394636,185.442626953125,28689900
2019-09-13 00:00:00-04:00,185.17390610224902,185.6057676931173,184.54050129225897,184.78042602539062,27669800
2019-09-16 00:00:00-04:00,183.59040250080923,184.33896647131013,183.40805736679232,183.955078125,20319000
2019-09-17 00:00:00-04:00,183.97430528006305,184.83804321289062,183.58082515434756,184.83804321289062,20953400
2019-09-18 00:00:00-04:00,184.45416550172263,184.83805393096583,182.4483978819079,184.7612762451172,29781300
2019-09-19 00:00:00-04:00,185.08757271645024,186.22001064807088,184.71329064571248,185.06837463378906,26039400
2019-09-20 00:00:00-04:00,185.32751377904813,185.5194506909842,182.49640405741005,183.11061096191406,29086100
2019-09-23 00:00:00-04:00,183.05673223922244,183.73949914661742,182.44128678572116,183.1913604736328,22485900
2019-09-24 00:00:00-04:00,184.02797400569509,184.43185870073194,179.969875585031,180.7584228515625,40820700
2019-09-25 00:00:00-04:00,180.575713445676,183.26829280454317,179.06595500941023,182.7874755859375,34704900
2019-09-26 00:00:00-04:00,182.54702078264378,182.71049683479643,180.76799165463984,182.11428833007812,26826000
2019-09-27 00:00:00-04:00,182.45090229926467,182.5470716147801,178.62360125046524,179.8544921875,40773500
2019-09-30 00:00:00-04:00,180.5852758802106,181.85464003874023,180.21023913762193,181.56614685058594,26307700
2019-10-01 00:00:00-04:00,182.2297220133388,183.27790000621144,179.78717705055394,180.0852813720703,32367600
2019-10-02 00:00:00-04:00,178.86399946409773,178.89284732239923,175.99833304359473,176.9888153076172,48544300
2019-10-03 00:00:00-04:00,176.96956270212303,179.06593314948006,174.84435907241675,178.93130493164062,39392500
2019-10-04 00:00:00-04:00,179.90252383073093,181.82579218726212,179.71019992975243,181.56614685058594,31887600
2019-10-07 00:00:00-04:00,181.04686848098336,182.46047187840173,180.7006795944039,181.0180206298828,21216000
2019-10-08 00:00:00-04:00,179.88333907692626,180.65264957676655,178.16201985615598,178.30625915527344,32379300
2019-10-09 00:00:00-04:00,179.815985370114,180.86416313250666,179.2774578893965,180.04676818847656,20147400
2019-10-10 00:00:00-04:00,180.09486474319561,182.16237255241103,179.9409997385297,181.44114685058594,25177700
2019-10-11 00:00:00-04:00,183.5086519292535,185.23959638414613,183.40287158274967,183.7779083251953,40976700
2019-10-14 00:00:00-04:00,183.5183194089585,184.34532564313886,183.3356065112453,183.75872802734375,14975000
2019-10-15 00:00:00-04:00,184.3260862030223,186.52823733295742,184.21069476333219,186.0955047607422,23234200
2019-10-16 00:00:00-04:00,185.46079348277647,186.1050867092172,185.04728309961297,185.63388061523438,20457100
2019-10-17 00:00:00-04:00,186.74938506214906,187.03787829754015,185.41271392243328,186.12432861328125,19045200
2019-10-18 00:00:00-04:00,185.7877405858522,186.23970987284147,183.39328061156297,184.33567810058594,27700800
2019-10-21 00:00:00-04:00,185.3165699006643,186.09549140944398,184.76843125470745,185.97047424316406,15801200
2019-10-22 00:00:00-04:00,186.70131033935633,186.96095573235365,184.43185259943365,184.48956298828125,22392300
2019-10-23 00:00:00-04:00,184.11453056258443,184.88382635174818,183.81641156990037,184.84536743164062,14828400
2019-10-24 00:00:00-04:00,186.16281374587663,186.75903709587854,185.34543324943638,186.6436309814453,18998500
2019-10-25 00:00:00-04:00,185.6819695348188,188.23030931714192,185.64351061784666,188.13414001464844,21507100
2019-10-28 00:00:00-04:00,189.00924112438685,190.24013196213124,189.00924112438685,189.9901123046875,18818700
2019-10-29 00:00:00-04:00,189.67278718376662,189.9612657846023,188.4899662268305,188.51881408691406,18569700
2019-10-30 00:00:00-04:00,188.884280018416,189.74976002497618,187.79762814642206,189.4324188232422,21764300
2019-10-31 00:00:00-04:00,189.9804554422521,190.06699900102856,188.42261269077997,189.5188751220703,26801800
2019-11-01 00:00:00-04:00,190.33629566317134,191.24986011026004,190.04781707290852,191.240234375,22131900
2019-11-04 00:00:00-05:00,192.50960876707697,192.83656096844237,191.24024421112514,192.42306518554688,19015900
2019-11-05 00:00:00-05:00,192.663390999693,192.85571487822597,191.89408081218983,192.5287628173828,15048900
2019-11-06 00:00:00-05:00,192.307599512164,192.3268363043389,191.1632524884135,192.09603881835938,19725500
2019-11-07 00:00:00-05:00,193.05768224242294,193.9808575571645,192.18260624710794,192.74034118652344,17832400
2019-11-08 00:00:00-05:00,192.39417421913194,193.52889560729912,191.8844945597673,193.50965881347656,15258800
2019-11-11 00:00:00-05:00,192.528835214425,193.32697887679592,192.2691898104162,193.25006103515625,10147600
2019-11-12 00:00:00-05:00,193.41354132085337,194.45210828603092,193.11543698956092,193.80780029296875,14778300
2019-11-13 00:00:00-05:00,193.1346549166083,194.03859362628808,193.0096524189172,193.8558807373047,15774600
2019-11-14 00:00:00-05:00,193.12502405622757,193.82701300786104,192.53842652859544,193.70199584960938,16945400
2019-11-15 00:00:00-05:00,194.87520979987852,195.125244140625,194.25015329476588,195.125244140625,18427900
2019-11-18 00:00:00-05:00,194.8175338938674,195.5868444445773,194.02900121758896,195.2791290283203,18365900
2019-11-19 00:00:00-05:00,196.0195199257707,196.0195199257707,194.81747712598056,195.5675506591797,16923300
2019-11-20 00:00:00-05:00,195.057908713667,195.6445062561508,192.92307927534063,194.39437866210938,36629000
2019-11-21 00:00:00-05:00,194.1828264655345,194.3174693673635,193.35583497173752,193.96165466308594,17883600
2019-11-22 00:00:00-05:00,194.44243937575519,194.55784546184557,193.03846160979205,194.08663940429688,17189600
2019-11-25 00:00:00-05:00,194.92329084475682,196.4234381679387,194.89444298649383,196.38497924804688,17752800
2019-11-26 00:00:00-05:00,196.50999011090897,197.01002942034103,196.22149686415904,196.760009765625,14780600
2019-11-27 00:00:00-05:00,197.26968199632378,198.14477282977373,197.02927339417008,198.13514709472656,16963100
2019-11-29 00:00:00-05:00,197.63510110786845,197.93320541675433,197.13504712369232,197.23121643066406,9854600
2019-12-02 00:00:00-05:00,197.24084125450935,197.30814803538505,194.03859679747757,195.2117919921875,28007000
2019-12-03 00:00:00-05:00,192.5287963709229,193.75968701609668,191.58638425713835,193.68275451660156,31104100
2019-12-04 00:00:00-05:00,194.67329150749472,195.12526089863965,194.38479822136722,194.66366577148438,15300100
2019-12-05 00:00:00-05:00,195.356024707508,195.356024707508,194.096285976953,195.04830932617188,14962300
2019-12-06 00:00:00-05:00,196.47151023890004,197.2792795652796,196.31764522243472,197.13504028320312,16555300
2019-12-09 00:00:00-05:00,196.77925082818098,197.7024116297453,196.15417966777412,196.24073791503906,13984100
2019-12-10 00:00:00-05:00,196.33690065478314,197.01966755929874,195.6349116264164,196.07725524902344,21799800
2019-12-11 00:00:00-05:00,196.51959036683638,197.31774861382914,196.2118603409897,197.1157989501953,18780800
2019-12-12 00:00:00-05:00,196.9138779805487,199.3660486076282,196.64462152544894,198.5871124267578,32612000
2019-12-13 00:00:00-05:00,198.48134366186062,199.93342106538074,198.05823683152002,199.2410430908203,32519400
2019-12-16 00:00:00-05:00,200.54887869727781,201.49127640243302,200.481557238792,201.2412567138672,21296600
2019-12-17 00:00:00-05:00,201.5008524403234,201.66434319012023,201.0200352720104,201.3566131591797,15996100
2019-12-18 00:00:00-05:00,201.52973484404973,202.06824777792636,201.2989372980839,201.510498046875,15443300
2019-12-19 00:00:00-05:00,201.59703799516552,202.83753993313138,201.57780119833706,202.77023315429688,17865900
2019-12-20 00:00:00-05:00,203.73183998124807,204.36652213025462,203.1644792753368,203.5876007080078,27672600
2019-12-23 00:00:00-05:00,204.3085057610376,204.453057783981,203.95193430098354,204.12539672851562,23774700
2019-12-24 00:00:00-05:00,204.30845305384233,204.39518424523357,203.76877270049224,204.23135375976562,7089000
2019-12-26 00:00:00-05:00,204.55904949338705,206.0528173214514,204.5301390913436,206.03353881835938,17067500
2019-12-27 00:00:00-05:00,206.75629812974861,206.77557663002938,205.31071941762013,205.86004638671875,18134100
2019-12-30 00:00:00-05:00,205.75404024261914,205.87932843882493,203.49894094203867,204.51084899902344,21815500
2019-12-31 00:00:00-05:00,203.85552850796174,205.04089904900556,203.5374993959376,204.89634704589844,18170900
2020-01-02 00:00:00-05:00,206.62142568540435,208.3175811767578,206.2166653172924,208.3175811767578,30969400
2020-01-03 00:00:00-05:00,205.56131512712398,207.6525840959463,205.54203662503116,206.4093780517578,27518900
2020-01-06 00:00:00-05:00,204.79032525798226,207.76821398778273,204.5397635656518,207.7393035888672,21655300
2020-01-07 00:00:00-05:00,207.8164589450984,208.29831866391982,207.05512705964483,207.71044921875,22139300
2020-01-08 00:00:00-05:00,207.68153630959483,210.22575500610796,207.35387523399038,209.27166748046875,26397300
2020-01-09 00:00:00-05:00,210.99667194156035,211.4496211160876,209.81130151076144,211.04486083984375,23547000
2020-01-10 00:00:00-05:00,211.8736822590969,211.89294605629414,210.1293380702935,210.50518798828125,21898500
2020-01-13 00:00:00-05:00,211.37254114483332,212.96267199725548,211.03523353119783,212.9337615966797,22756900
2020-01-14 00:00:00-05:00,212.82775825920564,213.18434438562113,211.76767589427655,212.0953369140625,24418100
2020-01-15 00:00:00-05:00,212.2109324898963,213.17465154271616,211.4881432002814,212.18202209472656,25742100
2020-01-16 00:00:00-05:00,213.24214879216402,214.2540568803451,212.7891995975038,214.2154998779297,18805000
2020-01-17 00:00:00-05:00,215.17921119193375,215.44905137821644,214.0612934457984,215.2755889892578,24325200
2020-01-21 00:00:00-05:00,214.67807639313898,215.71889485834492,214.58171329953078,215.17921447753906,21146300
2020-01-22 00:00:00-05:00,216.26824990467804,216.98139276962715,215.47799302653627,215.74783325195312,20736400
2020-01-23 00:00:00-05:00,215.62254365281586,216.53807397110154,214.62026742875648,216.4416961669922,26496100
2020-01-24 00:00:00-05:00,217.45360666700074,217.68490457627922,213.62764014400184,214.62026977539062,37436500
2020-01-27 00:00:00-05:00,209.77274217345473,211.3243305677003,209.3005145038367,210.18714904785156,42264400
2020-01-28 00:00:00-05:00,211.67130459054076,213.907140405245,211.1123456368647,213.41563415527344,26731900
2020-01-29 00:00:00-05:00,214.6009889997188,214.84191880488564,212.81811726459713,213.76255798339844,28924500
2020-01-30 00:00:00-05:00,212.38448282835571,214.62030415545016,211.7195140996986,214.52394104003906,39568100
2020-01-31 00:00:00-05:00,215.42014272091933,215.44905311931274,210.37024902718596,211.12196350097656,52015800
2020-02-03 00:00:00-05:00,212.153138148339,214.80336587399313,212.00858615446927,214.31187438964844,25408600
2020-02-04 00:00:00-05:00,217.24156642862076,219.5930434793103,216.49949857454874,219.21719360351562,30691200
2020-02-05 00:00:00-05:00,221.85780899071764,221.8963512893884,218.61971181040437,219.94000244140625,38534800
2020-02-06 00:00:00-05:00,220.48934608350677,221.89638282053534,219.70873575410212,221.83856201171875,22467100
2020-02-07 00:00:00-05:00,220.84590289140522,222.0794623328273,220.24838696761216,220.8844451904297,25884900
2020-02-10 00:00:00-05:00,220.15198223019897,223.56354119839514,220.09416144000363,223.5539093017578,21478900
2020-02-11 00:00:00-05:00,224.78750060753012,225.52956849976428,223.0046142276032,223.5924835205078,30198000
2020-02-12 00:00:00-05:00,224.9128286888529,225.87654804776622,224.35386969606031,225.77053833007812,24471300
2020-02-13 00:00:00-05:00,224.19969665425387,226.40660776772637,223.92985637938017,225.4814453125,22773200
2020-02-14 00:00:00-05:00,225.83795649082847,226.3390945982549,225.07662478403583,226.1270751953125,23438500
2020-02-18 00:00:00-05:00,225.0284508197707,226.63786024516523,224.78752100090585,226.2138214111328,24394500
2020-02-19 00:00:00-05:00,227.56306474711056,228.8544452031929,227.29322449375576,228.38221740722656,22230500
2020-02-20 00:00:00-05:00,227.88103394871118,228.3532469152331,223.46719852997722,226.26197814941406,42604000
2020-02-21 00:00:00-05:00,225.134452896955,225.5199347119965,221.00010381565832,221.91563415527344,66017200
2020-02-24 00:00:00-05:00,213.63726017708728,216.11402552137415,212.26878070986876,213.3577880859375,84522600
2020-02-25 00:00:00-05:00,215.15034170917147,215.86349931150477,206.94909545569362,207.5562286376953,97743000
2020-02-26 00:00:00-05:00,208.84761206751284,212.2880822574722,207.10326781477556,208.62594604492188,79537700
2020-02-27 00:00:00-05:00,203.2483721444078,208.5681062130514,198.04429437857868,198.17921447753906,121822600
2020-02-28 00:00:00-05:00,191.43317187933218,199.65369507438373,190.98022270120686,198.33340454101562,148173700
2020-03-02 00:00:00-05:00,201.30169339435167,208.71269721221475,198.46835628115772,208.56813049316406,112933900
2020-03-03 00:00:00-05:00,209.23306461036697,211.6423624780626,200.08736461072698,201.8798828125,131953500
2020-03-04 00:00:00-05:00,205.58062217606215,210.4088509049717,203.70135764855297,210.30284118652344,73086200
2020-03-05 00:00:00-05:00,204.97341168011178,208.5102589080661,202.47738281405032,203.91331481933594,78705500
2020-03-06 00:00:00-05:00,197.2444047068585,201.5618625574141,195.54826422758003,200.47286987304688,89828400
2020-03-09 00:00:00-04:00,186.46038849463562,193.86175966862743,185.14009788357802,186.54713439941406,116424000
2020-03-10 00:00:00-04:00,193.8136146665132,196.8878819932874,186.6531716729795,196.70477294921875,100599200
2020-03-11 00:00:00-04:00,192.11743316677845,193.4666341981648,185.73760190502446,188.13726806640625,89168800
2020-03-12 00:00:00-04:00,175.48361803042835,183.85833987007013,170.52047024655613,170.88668823242188,137820700
2020-03-13 00:00:00-04:00,180.28298039710057,187.42412938814778,171.66732731648293,185.3617706298828,134882000
2020-03-16 00:00:00-04:00,167.83168282781844,177.97964422455982,163.02273371681625,163.15765380859375,92054400
2020-03-17 00:00:00-04:00,169.10383867307576,177.70021367069268,163.62027311652955,175.53184509277344,121257100
2020-03-18 00:00:00-04:00,165.38384614161853,172.7177495598561,160.7483593206713,170.19281005859375,114156300
2020-03-19 00:00:00-04:00,169.31582748089275,176.83284013220916,165.4031299076033,171.21435546875,120896500
2020-03-20 00:00:00-04:00,175.14633478449502,176.23532749391617,163.92864375131538,164.50686645507812,118983900
2020-03-23 00:00:00-04:00,165.06988811250534,168.24728893287414,159.28490363355317,164.62564086914062,124639800
2020-03-24 00:00:00-04:00,173.75225203219853,177.53808103532353,171.85933016237158,177.3739013671875,94881800
2020-03-25 00:00:00-04:00,178.1078743312559,183.02365590102409,173.81983938539278,176.06044006347656,88754900
2020-03-26 00:00:00-04:00,177.57667687130197,186.12377381961826,177.32558119634263,185.3318328857422,79887600
2020-03-27 00:00:00-04:00,180.53193306458388,183.98940204365792,178.33963904687462,178.95773315429688,58845000
2020-03-30 00:00:00-04:00,180.6574807237227,185.90163536165923,179.9621230398358,185.46702575683594,49356900
2020-03-31 00:00:00-04:00,185.1579754527951,188.5671524982982,182.72422369893337,183.88314819335938,62659300
2020-04-01 00:00:00-04:00,178.44586089247176,181.2369439532486,174.66968535832518,176.07005310058594,53715400
2020-04-02 00:00:00-04:00,175.0366762262731,183.59342424655048,174.77591343116143,179.64340209960938,56465300
2020-04-03 00:00:00-04:00,179.1991886445348,180.66716777620448,175.08498610579997,177.0937957763672,47487600
2020-04-06 00:00:00-04:00,183.96039860702896,190.88498780671335,182.7145581805265,189.75503540039062,64763500
2020-04-07 00:00:00-04:00,195.4434923611342,195.7235748051807,189.2915225925647,189.67782592773438,69904500
2020-04-08 00:00:00-04:00,191.3678947328437,194.28453302457615,189.45566851214988,193.705078125,45940400
2020-04-09 00:00:00-04:00,195.42412943914258,196.26434704855396,192.21775671121136,193.98512268066406,68252600
2020-04-13 00:00:00-04:00,193.15459589197891,196.45753771334861,191.94737966765405,196.0808868408203,42853900
2020-04-14 00:00:00-04:00,200.1371243614047,205.22675193563566,199.35485062951767,204.60865783691406,63959600
2020-04-15 00:00:00-04:00,201.34435937904345,204.57970495968007,200.03090745435995,202.2618408203125,47036000
2020-04-16 00:00:00-04:00,204.44449203453112,207.03275664286102,202.51294600329027,205.9510955810547,64657400
2020-04-17 00:00:00-04:00,208.7711496121478,209.09950889848074,204.82114154163116,207.9212646484375,62863200
2020-04-20 00:00:00-04:00,206.05733168430316,208.49108381558787,205.29437748424988,205.45855712890625,38249100
2020-04-21 00:00:00-04:00,203.39179805275919,203.93262857054916,196.66035911817565,197.87722778320312,72932800
2020-04-22 00:00:00-04:00,201.94313946127022,205.08190169987205,201.1994901277433,203.74913024902344,40089100
2020-04-23 00:00:00-04:00,204.54108118010433,207.10038877224588,202.90893699732405,203.31455993652344,43278500
2020-04-24 00:00:00-04:00,203.7491406157427,206.96516662607795,202.3294530597426,206.52090454101562,34231900
2020-04-27 00:00:00-04:00,208.79044848701284,209.21539092671463,207.1582899056696,208.1820068359375,36451700
2020-04-28 00:00:00-04:00,209.88177649569798,209.88177649569798,203.98090340867836,204.26097106933594,46862800
2020-04-29 00:00:00-04:00,208.79046793833598,212.44108871183653,207.77640333757992,211.50428771972656,48716400
2020-04-30 00:00:00-04:00,212.42175577465648,212.50867180272314,209.91075496584622,211.4173583984375,43359500
2020-05-01 00:00:00-04:00,207.1583123352251,209.25403801564116,204.43482535127114,205.45855712890625,48795000
2020-05-04 00:00:00-04:00,204.22232202692146,208.0757460534864,203.8939480763618,207.85362243652344,32841000
2020-05-05 00:00:00-04:00,209.99770330156753,212.60528770041745,209.4279007145447,210.21017456054688,37783100
2020-05-06 00:00:00-04:00,211.8905910264305,213.47445816235918,210.64475033626272,211.50428771972656,36455200
2020-05-07 00:00:00-04:00,214.22779846191406,215.10664079277848,212.87570726518814,214.22779846191406,38624800
2020-05-08 00:00:00-04:00,215.8985361397177,217.29890390647665,214.8651520564971,217.1636962890625,31852300
2020-05-11 00:00:00-04:00,215.84060162875423,220.128621142671,215.60881081589696,219.1049041748047,35714100
2020-05-12 00:00:00-04:00,219.70366616708196,220.2927881822134,214.48848404874036,214.5174560546875,41054100
2020-05-13 00:00:00-04:00,215.0390149642318,216.92226932530505,209.29266868853594,211.8326416015625,65521200
2020-05-14 00:00:00-04:00,210.50952738812586,214.27603593227283,208.597301106984,214.23741149902344,51549300
2020-05-15 00:00:00-04:00,211.2918022538168,215.68607207020938,210.85720737890446,215.6281280517578,55747200
2020-05-18 00:00:00-04:00,218.53511886923397,220.85296823410516,217.75284507700312,219.645751953125,42398100
2020-05-19 00:00:00-04:00,219.90649107788292,221.98291169913122,218.95038531784525,219.09524536132812,36237300
2020-05-20 00:00:00-04:00,221.64491958949841,223.82756142278973,221.62560000186855,223.47023010253906,37417000
2020-05-21 00:00:00-04:00,223.51851226475682,224.19455043797876,220.52460997923944,221.03646850585938,43642900
2020-05-22 00:00:00-04:00,220.63083144321163,222.00222728846185,219.71335007153678,221.79942321777344,28762400
2020-05-26 00:00:00-04:00,225.37276863607414,225.57558743283715,220.9591793291986,221.20062255859375,33055300
2020-05-27 00:00:00-04:00,220.86260910029554,222.52373968407574,216.27518777873954,222.4078369140625,55665600
2020-05-28 00:00:00-04:00,221.26821820384467,225.47898841837093,221.2102741907014,222.11810302734375,42784300
2020-05-29 00:00:00-04:00,222.4947880668431,225.6045783003304,220.93022578873945,225.37278747558594,50691800
2020-06-01 00:00:00-04:00,224.50356984357563,226.42544844061516,224.0593078353485,226.04879760742188,25776000
2020-06-02 00:00:00-04:00,226.473750615843,227.6230227529316,224.06897073059386,227.56507873535156,33383400
2020-06-03 00:00:00-04:00,228.17350088204523,229.34209257938343,227.29465873959504,228.5887908935547,37228700
2020-06-04 00:00:00-04:00,228.24111872044787,229.65113894829665,225.68181160948944,226.98561096191406,38716100
2020-06-05 00:00:00-04:00,228.13488127688794,232.0752365750301,227.56507878851727,231.48611450195312,47365600
2020-06-08 00:00:00-04:00,231.34125754502816,233.40801117207488,229.7670575785261,233.282470703125,32937300
2020-06-09 00:00:00-04:00,232.4229246660119,235.8224348833329,232.2394254453133,234.97256469726562,35046300
2020-06-10 00:00:00-04:00,236.66265002431913,239.33784506016997,236.14112441042232,237.7926025390625,58084400
2020-06-11 00:00:00-04:00,233.871599988032,235.25264834448467,225.9522641060494,226.0102081298828,72919400
2020-06-12 00:00:00-04:00,230.9066877403139,232.17184814784218,223.8082642726965,227.8065643310547,72034800
2020-06-15 00:00:00-04:00,224.48428271820094,231.25434627093335,223.5474817115833,230.57830810546875,45307400
2020-06-16 00:00:00-04:00,235.43612562591588,236.02524770750486,230.9163153500075,234.5379638671875,48890100
2020-06-17 00:00:00-04:00,236.03490267290994,237.09725881066373,234.42206361761154,235.28160095214844,34749300
2020-06-18 00:00:00-04:00,234.96288585726356,236.16044957625311,234.1902793149737,235.91900634765625,30578600
2020-06-19 00:00:00-04:00,238.28515152322632,238.54591434124347,234.1516445508102,235.88038635253906,49422100
2020-06-22 00:00:00-04:00,235.74881154787224,238.83498729885778,235.4585876156787,238.709228515625,24068700
2020-06-23 00:00:00-04:00,240.30550934275024,242.97567274457055,239.7540691320293,240.74085998535156,32767400
2020-06-24 00:00:00-04:00,239.98622560301826,241.2148942108038,234.27826268987792,235.77781677246094,46032400
2020-06-25 00:00:00-04:00,235.86490879175327,238.322231504084,233.29148174788256,238.02232360839844,36940800
2020-06-26 00:00:00-04:00,237.7804614712012,237.95461058814803,231.8789956339686,232.40142822265625,52824600
2020-06-29 00:00:00-04:00,232.15954316972443,234.94581068032628,229.62482271958893,234.93612670898438,34377800
2020-06-30 00:00:00-04:00,234.868402284747,240.08296966409145,234.68458398323554,239.54119873046875,38909200
2020-07-01 00:00:00-04:00,239.57994311482335,243.33366364220402,239.03817206183112,242.33718872070312,34689200
2020-07-02 00:00:00-04:00,244.78482936675303,245.99414496054678,243.51746898640175,243.98184204101562,31956500
2020-07-06 00:00:00-04:00,247.13574447485212,250.5024751273051,247.11639129095556,249.98007202148438,34589000
2020-07-07 00:00:00-04:00,249.7284810450246,252.38897502047544,247.95802670229682,248.2579345703125,36578200
2020-07-08 00:00:00-04:00,249.583379604465,251.55696123366448,248.15153943046374,251.52793884277344,30426300
2020-07-09 00:00:00-04:00,253.44349549323476,254.31419671087306,249.24475580098976,253.6466522216797,40312900
2020-07-10 00:00:00-04:00,253.50151246118423,255.6299192257289,250.82168035135726,255.3783721923828,32885300
2020-07-13 00:00:00-04:00,258.2227402314917,261.00900804654657,249.30282734893964,250.1251678466797,64108100
2020-07-14 00:00:00-04:00,247.60006296441728,252.30189655033743,244.53324090881605,251.8955535888672,72230500
2020-07-15 00:00:00-04:00,253.30803352808638,254.14005789422913,249.10929390982363,252.40830993652344,54523900
2020-07-16 00:00:00-04:00,249.62203009299853,251.3247555770134,247.30015049389704,250.6862335205078,47594100
2020-07-17 00:00:00-04:00,251.14099763698934,251.83756463655843,248.79977905809608,250.97654724121094,35137900
2020-07-20 00:00:00-04:00,251.61504110027627,258.725823103141,250.36704859363883,258.09698486328125,40610100
2020-07-21 00:00:00-04:00,259.6642559766487,259.67393994983286,254.5657917167427,255.407470703125,43243800
2020-07-22 00:00:00-04:00,255.90093735358582,257.23602687771063,254.0047086986446,256.3072509765625,29865500
2020-07-23 00:00:00-04:00,255.90089923841325,256.6071207479324,248.19995520773114,249.61245727539062,51363500
2020-07-24 00:00:00-04:00,245.7716098902376,248.56754683460562,243.14015285037885,247.2421417236328,54054500
2020-07-27 00:00:00-04:00,248.8868776745362,252.04075323051305,248.10324339159396,251.65377807617188,36445700
2020-07-28 00:00:00-04:00,250.87012373622343,251.39255639118716,248.16126834809572,248.4514923095703,31302400
2020-07-29 00:00:00-04:00,249.98970413642937,252.17615609463013,249.51566188946933,251.3151092529297,27556900
2020-07-30 00:00:00-04:00,249.35122662688858,253.1920146753105,248.19995565732032,252.6309051513672,41774500
2020-07-31 00:00:00-04:00,257.25524971065187,257.2939560702197,252.35994333802887,257.13916015625,53686300
2020-08-03 00:00:00-04:00,259.27733723769813,261.3573547472421,259.1515636561925,260.6124267578125,32081600
2020-08-04 00:00:00-04:00,260.1091657793346,261.67646303202554,259.3642382671816,261.5797119140625,24911300
2020-08-05 00:00:00-04:00,262.0636074263259,262.6827618378934,261.17353789957355,262.2280578613281,21612100
2020-08-06 00:00:00-04:00,262.03448849393004,266.03007163056697,261.395966366894,265.7011413574219,28048200
2020-08-07 00:00:00-04:00,265.1593444887768,265.9333241341228,260.48656232248806,262.6343078613281,44969400
2020-08-10 00:00:00-04:00,262.92452667278354,263.12771293316473,257.990543079371,261.5120544433594,35088400
2020-08-11 00:00:00-04:00,260.3511128647277,261.6378411480263,256.0169448139675,256.5587158203125,43104300
2020-08-12 00:00:00-04:00,258.71604510587895,263.9596187826711,258.66765478788557,263.0115051269531,38773400
2020-08-13 00:00:00-04:00,263.7855540100934,265.8849090180151,262.6729897431748,263.6114196777344,31895700
2020-08-14 00:00:00-04:00,264.23059540468074,264.50148089636525,261.9087155439127,263.3018493652344,30799500
2020-08-17 00:00:00-04:00,265.01423574638244,266.86207342141137,263.3405619463594,266.3590087890625,24803000
2020-08-18 00:00:00-04:00,267.42315981990794,269.3967411220377,265.96229749711546,268.9226989746094,23529500
2020-08-19 00:00:00-04:00,268.884103306887,269.93862313434374,266.6009292638016,267.1136779785156,31999400
2020-08-20 00:00:00-04:00,266.320291520908,271.3026654017733,265.9139485282716,270.8189392089844,27723400
2020-08-21 00:00:00-04:00,271.01241273916173,273.1504740176178,270.3642067189109,272.6957702636719,34748900
2020-08-24 00:00:00-04:00,275.9658279093969,276.69141729040325,272.1153562987728,274.3985595703125,36418500
2020-08-25 00:00:00-04:00,273.62449863729,276.74937993943985,273.17947888249455,276.5558776855469,34866600
2020-08-26 00:00:00-04:00,277.8039237142606,282.70891399065164,276.5268795847325,282.4573669433594,42216700
2020-08-27 00:00:00-04:00,283.43457879796097,284.28594177799596,279.3132214283867,281.5770568847656,49482700
2020-08-28 00:00:00-04:00,282.81531731073915,283.63765766897814,281.46088999826964,283.0088195800781,28021000
2020-08-31 00:00:00-04:00,283.53126227230973,287.0914797713417,283.0958969128093,285.2823486328125,36321000
2020-09-01 00:00:00-04:00,287.93325790035095,290.27450634414515,286.16283251122724,290.1584167480469,36216200
2020-09-02 00:00:00-04:00,293.4089789537744,293.6218196745437,287.22697312776324,292.9059143066406,50836800
2020-09-03 00:00:00-04:00,288.3974855421989,288.9005500205018,275.15306353505173,278.055419921875,110083300
2020-09-04 00:00:00-04:00,276.2657559430866,279.5260664086072,262.9535990156982,274.3501892089844,123959000
2020-09-08 00:00:00-04:00,263.3599249407287,269.164640033516,260.88324886308413,261.163818359375,99568600
2020-09-09 00:00:00-04:00,266.66863957598133,270.93507941244224,264.1145506289995,268.8357238769531,64837900
2020-09-10 00:00:00-04:00,271.7961106792902,273.01511029037704,261.75394889576535,263.47601318359375,69667500
2020-09-11 00:00:00-04:00,265.2270473204114,266.26222838746224,258.2130180084171,261.6474914550781,71809000
2020-09-14 00:00:00-04:00,265.4302135179014,268.1971426013748,264.07578612794714,266.2041931152344,38525200
2020-09-15 00:00:00-04:00,269.94830304186166,271.3220987512497,266.17524373341683,269.9773254394531,41849900
2020-09-16 00:00:00-04:00,270.77055054859954,271.23490875035975,265.3237894541486,265.67205810546875,42321000
2020-09-17 00:00:00-04:00,258.84183638339624,265.46889016761645,258.00015765399314,261.5216979980469,81570800
2020-09-18 00:00:00-04:00,262.9438998635904,263.2341237780638,254.0820322085779,258.18402099609375,86251100
2020-09-21 00:00:00-04:00,253.92725388489964,258.938650650959,251.6440506769576,258.80322265625,57168600
2020-09-22 00:00:00-04:00,261.20244331622683,264.1918674522645,257.86475051547103,263.6114196777344,41128900
2020-09-23 00:00:00-04:00,263.2922076043881,263.4760259522478,254.68188574797003,255.56227111816406,48837300
2020-09-24 00:00:00-04:00,252.8823878064297,259.9544622311648,252.71790791372052,256.752197265625,70631700
2020-09-25 00:00:00-04:00,257.25533405674236,263.53409221843475,255.6977199596859,262.721435546875,55242400
2020-09-28 00:00:00-04:00,267.5779806195505,268.1778259277344,262.82781516039273,268.1778259277344,58438300
2020-09-29 00:00:00-04:00,267.61662126078664,268.6711406096477,266.40730601792336,266.96844482421875,27050000
2020-09-30 00:00:00-04:00,267.16193933155176,271.9411559229648,266.89105387603564,268.79693603515625,49380800
2020-10-01 00:00:00-04:00,272.6184871333979,273.67300696591815,270.73194267954165,273.0635070800781,50020200
2020-10-02 00:00:00-04:00,267.0361710905202,273.0537255295672,264.5401571670915,265.3818359375,75497400
2020-10-05 00:00:00-04:00,267.34576795889916,271.36068914288785,267.23936237640163,271.04144287109375,28184600
2020-10-06 00:00:00-04:00,270.35457197829317,272.0379296255004,265.3238079306884,266.2041931152344,49704200
2020-10-07 00:00:00-04:00,268.84527752476396,271.6024923829858,268.25511639270206,270.8092041015625,27539700
2020-10-08 00:00:00-04:00,273.20853129560163,273.2762600443379,271.1865594746759,272.2507629394531,25443300
2020-10-09 00:00:00-04:00,273.89544539449054,276.4882403653257,273.50847032437207,276.41082763671875,30201100
2020-10-12 00:00:00-04:00,281.0932848969225,287.7783845687081,280.0484492886036,284.9437561035156,79370700
2020-10-13 00:00:00-04:00,286.7432121833182,287.3817047440142,283.5699401763076,284.9340515136719,64240000
2020-10-14 00:00:00-04:00,285.7370339017028,286.70448617188,280.81270538941675,282.5541076660156,36949100
2020-10-15 00:00:00-04:00,277.85235281088177,281.2480908016036,277.2138306570293,280.657958984375,42514200
2020-10-16 00:00:00-04:00,282.30264868072373,283.72480514243966,278.7714526980252,279.1197509765625,40570700
2020-10-19 00:00:00-04:00,281.03518493673175,281.9929827076355,273.5858205839051,274.56292724609375,36756800
2020-10-20 00:00:00-04:00,275.29818809302145,278.2585893815985,273.74060426555394,275.153076171875,32195400
2020-10-21 00:00:00-04:00,275.4046648418176,277.96840758418205,274.45655093975563,274.9402770996094,29306100
2020-10-22 00:00:00-04:00,275.77231246291046,276.6720656909763,271.68000744451007,274.9306335449219,32196200
2020-10-23 00:00:00-04:00,275.5014955446424,275.63695309470336,272.6088214110818,275.47247314453125,24658500
2020-10-26 00:00:00-04:00,273.18920721373644,276.0141516237852,267.7521295734599,271.34136962890625,38421100
2020-10-27 00:00:00-04:00,272.3378347462262,274.28242340480193,271.0801585091617,273.4600830078125,30559100
2020-10-28 00:00:00-04:00,268.9614025216654,269.5709021473069,262.54718954598843,262.7987365722656,53413500
2020-10-29 00:00:00-04:00,264.1144573085174,270.39321279822263,263.6500696119746,267.3941345214844,43246300
2020-10-30 00:00:00-04:00,265.4109841354035,266.28168570633875,258.3776132652089,260.6124267578125,65838300
2020-11-02 00:00:00-05:00,263.0019720549705,264.61760122108484,258.28079905882623,261.1928405761719,39987400
2020-11-03 00:00:00-05:00,263.1083357003649,267.8101695251323,262.0247937804703,265.7107849121094,43604100
2020-11-04 00:00:00-05:00,274.3598282237641,279.3712246731452,272.69580888052,277.57177734375,75728200
2020-11-05 00:00:00-05:00,283.976264267521,285.7757408463834,282.49606347208106,284.80828857421875,52054200
2020-11-06 00:00:00-05:00,284.1504169676631,285.7467074151123,280.3966971850102,285.0211181640625,40959800
2020-11-09 00:00:00-05:00,287.9622932640596,289.40381787868023,278.74247011753397,279.1971740722656,86537100
2020-11-10 00:00:00-05:00,275.88853806745396,277.33003334444834,271.48660995170195,274.19549560546875,69024900
2020-11-11 00:00:00-05:00,276.72049239154717,280.80314393393644,274.15674866187084,280.3291015625,36102900
2020-11-12 00:00:00-05:00,281.29653977049674,282.5639003701791,277.9007715476698,279.0133361816406,34414600
2020-11-13 00:00:00-05:00,280.72566326802945,282.080090662229,278.5005051335633,281.4609069824219,24806900
2020-11-16 00:00:00-05:00,281.16103008634104,283.95698187620894,280.5515303107335,283.6570739746094,30168400
2020-11-17 00:00:00-05:00,283.8505502393088,284.1794805378679,282.1188020423801,282.75732421875,21843500
2020-11-18 00:00:00-05:00,282.205908526477,283.82153768198714,280.58056587379644,280.6676330566406,28069600
2020-11-19 00:00:00-05:00,280.11620794641226,283.1733614202111,279.44866335272445,282.86376953125,22718400
2020-11-20 00:00:00-05:00,282.78638652338,283.53134392977177,280.8418268508536,280.92889404296875,25907300
2020-11-23 00:00:00-05:00,281.92523661632214,283.2216189637959,278.69394995483447,280.9384460449219,26875600
2020-11-24 00:00:00-05:00,282.0027532837775,285.3791829864817,280.203305591641,284.8857727050781,24516800
2020-11-25 00:00:00-05:00,285.9498968865568,287.27530187619476,285.00178295908097,286.63677978515625,23326800
2020-11-27 00:00:00-05:00,288.6007560520518,290.4002330742638,288.20409697982063,289.2779846191406,17163100
2020-11-30 00:00:00-05:00,289.59721751794035,290.20671729517454,285.1856366366247,289.86810302734375,27836200
2020-12-01 00:00:00-05:00,292.1416350933177,295.20847253512443,291.0387250622598,293.5831298828125,27521300
2020-12-02 00:00:00-05:00,292.41251930762814,294.29906349998095,290.5743654550554,293.96044921875,23620000
2020-12-03 00:00:00-05:00,294.27002872688513,295.92436417217755,293.6508449787604,294.3764343261719,22828700
2020-12-04 00:00:00-05:00,294.42477907433585,295.72119128569506,293.74758010162014,295.5760498046875,19332100
2020-12-07 00:00:00-05:00,295.7599315959339,297.6174536132783,295.57611323656033,297.24981689453125,20851000
2020-12-08 00:00:00-05:00,296.775719360828,298.5558283040243,295.02463280980265,298.25592041015625,18341500
2020-12-09 00:00:00-05:00,298.0431011941414,298.3236411639306,290.43890912941885,291.50311279296875,48839300
2020-12-10 00:00:00-05:00,289.471410606944,293.7959238107952,288.3878686942274,292.6736755371094,27519500
2020-12-11 00:00:00-05:00,291.01935393302256,292.15128623113674,288.75551886109844,292.0255126953125,26760400
2020-12-14 00:00:00-05:00,293.21548096516074,296.0888159756463,293.14778173088405,294.1442565917969,28804800
2020-12-15 00:00:00-05:00,296.39841338827165,297.2884826660156,294.211961322308,297.2884826660156,25709000
2020-12-16 00:00:00-05:00,297.6851239868555,299.70709601901274,296.6402588307185,298.9234619140625,25461900
2020-12-17 00:00:00-05:00,300.5197024144041,301.1098341255949,299.3200710511308,300.8776550292969,23730500
2020-12-18 00:00:00-05:00,301.5162219990141,301.8258138564122,297.5980220193117,299.9682922363281,41173400
2020-12-21 00:00:00-05:00,297.0228063689803,299.94012534278517,294.2508919299636,299.4070739746094,37095500
2020-12-22 00:00:00-05:00,300.3084774298646,301.14198037145707,297.40085950331013,300.22125244140625,26176300
2020-12-23 00:00:00-05:00,300.2697276304532,300.62832914085624,298.5542435491377,298.7093200683594,21201300
2020-12-24 00:00:00-05:00,298.97100421239367,300.4732618230106,298.89348073931967,300.0274353027344,16785000
2020-12-28 00:00:00-05:00,302.6346095530133,303.52629219348063,300.8027957974349,303.0513610839844,22497700
2020-12-29 00:00:00-05:00,304.3791544556446,304.9994605378058,302.4213688422395,303.3227233886719,25871900
2020-12-30 00:00:00-05:00,304.48569367886057,304.80551857442265,302.71203052457645,303.33233642578125,18138100
2020-12-31 00:00:00-05:00,303.2354394143684,304.5632467395812,302.15963508324836,304.0786437988281,21611400
2021-01-04 00:00:00-05:00,305.4065090807964,305.5809886517187,295.7822999497379,299.7851257324219,45305900
2021-01-05 00:00:00-05:00,298.7965485946262,302.52799789208564,298.7965485946262,302.256591796875,29323400
2021-01-06 00:00:00-05:00,297.54623109309864,302.27596093217613,296.5576516573513,298.0696105957031,52809600
2021-01-07 00:00:00-05:00,300.7251473447085,306.1139287409391,300.6960723564408,305.2804260253906,30394800
2021-01-08 00:00:00-05:00,307.56778921465855,309.5546790076272,305.3773744694693,309.20574951171875,33955800
2021-01-11 00:00:00-05:00,306.249752108564,307.4224832000481,304.0884118717858,304.73779296875,32746400
2021-01-12 00:00:00-05:00,304.7764932248899,305.8619991509885,301.61690195667103,304.2531433105469,29266800
2021-01-13 00:00:00-05:00,304.5148243780855,307.10258773993957,303.91392141249594,306.307861328125,22898400
2021-01-14 00:00:00-05:00,306.7537703794752,307.7520516086555,304.1950517467256,304.66998291015625,23500100
2021-01-15 00:00:00-05:00,304.45670851288935,305.4162130604736,301.0160092062669,302.256591796875,35118700
2021-01-19 00:00:00-05:00,304.57289395582984,307.17035815644437,303.4776867725604,306.6663818359375,24537000
2021-01-20 00:00:00-05:00,310.28170240566885,314.7400274838275,306.7634789932759,313.7998962402344,30728100
2021-01-21 00:00:00-05:00,315.13729720135154,317.05633556018074,313.7610413662639,316.3100280761719,25130600
2021-01-22 00:00:00-05:00,315.2730158264072,316.4069702389645,314.7108598045734,315.3990173339844,21609400
2021-01-25 00:00:00-05:00,318.78154709281154,320.14813109393396,311.5125021365133,318.00616455078125,39080600
2021-01-26 00:00:00-05:00,318.72337751962505,319.6053584694792,317.1435671137224,318.47137451171875,25498100
2021-01-27 00:00:00-05:00,316.2132626065165,316.2229345567672,307.58730271866483,309.59356689453125,55264000
2021-01-28 00:00:00-05:00,310.7953454119391,316.36828070768473,310.1750392860136,311.4253234863281,42836300
2021-01-29 00:00:00-05:00,309.7388471809838,310.84375624229205,303.128884596821,304.8734436035156,55259000
2021-02-01 00:00:00-05:00,308.3141494244473,313.5769612169329,306.2885121515248,312.491455078125,35646000
2021-02-02 00:00:00-05:00,315.45715072768695,318.74274338725553,315.29237270849,317.5893859863281,33930800
2021-02-03 00:00:00-05:00,319.66350803277334,320.03181101989327,316.2712872660844,316.3294372558594,24824500
2021-02-04 00:00:00-05:00,317.7251251491448,320.1578121508223,316.40698957909655,320.0705871582031,22350900
2021-02-05 00:00:00-05:00,321.02048495711057,322.1641411965559,319.3825240811989,321.1561584472656,22732000
2021-02-08 00:00:00-05:00,322.84247833899906,323.46275470981385,321.204518067053,323.30767822265625,20462800
2021-02-09 00:00:00-05:00,322.3773215906814,324.49988527206455,322.36762006497844,323.23992919921875,17597500
2021-02-10 00:00:00-05:00,324.67430786948563,325.1298358717487,319.35337640431305,322.5032958984375,28068700
2021-02-11 00:00:00-05:00,324.0346150143386,324.68399602062,321.89267812835,324.27691650390625,22046100
2021-02-12 00:00:00-05:00,323.43371103849927,326.25410391756105,322.38698162108943,326.08935546875,20346800
2021-02-16 00:00:00-05:00,326.8840742771446,327.77575674947775,324.04430799298007,325.2073669433594,27080800
2021-02-17 00:00:00-05:00,322.231909705681,325.3236791131042,320.00274780804534,323.6469421386719,31360300
2021-02-18 00:00:00-05:00,320.0609215270865,323.5888161354147,318.24848138527534,322.23193359375,32236200
2021-02-19 00:00:00-05:00,323.57907939311684,323.70508089716884,319.80888368490145,320.8265380859375,39157700
2021-02-22 00:00:00-05:00,316.44577744580255,317.70573348811814,312.30727823258223,312.51080322265625,47256900
2021-02-23 00:00:00-05:00,307.2382692011406,313.2473575907754,301.4230338219392,311.580322265625,97241900
2021-02-24 00:00:00-05:00,308.92473819569517,314.458926239365,306.23034646139433,314.1487731933594,58206300
2021-02-25 00:00:00-05:00,311.4931473273802,314.05183592483166,301.6556822348677,303.19671630859375,110182600
2021-02-26 00:00:00-05:00,306.1236728286578,309.2832637783893,301.30671858378145,304.4663391113281,104739800
2021-03-01 00:00:00-05:00,309.43841929948087,313.9646247773267,308.149388207386,313.6253967285156,49164500
2021-03-02 00:00:00-05:00,314.2650142605463,314.3425377185994,308.3431803865586,308.59515380859375,48370000
2021-03-03 00:00:00-05:00,307.5000180197119,308.44014914832144,299.5816205062757,299.6397705078125,86301100
2021-03-04 00:00:00-05:00,299.27150436710195,302.4311262035778,290.8684731744773,294.7356262207031,139131600
2021-03-05 00:00:00-05:00,297.35241783993,300.075884598136,288.29036452231725,299.1745300292969,121523700
2021-03-08 00:00:00-05:00,298.63171026100616,300.51197202969576,290.2868618525755,290.70361328125,88409800
2021-03-09 00:00:00-05:00,298.00179819545,304.06903779434106,297.46874667614884,302.16937255859375,80391100
2021-03-10 00:00:00-05:00,306.4241070640814,306.72455849368623,300.61857382891435,301.30670166015625,76798100
2021-03-11 00:00:00-05:00,306.0462512596568,310.0103013290982,305.15459806058067,308.2463684082031,53484800
2021-03-12 00:00:00-05:00,304.1949312418109,308.4303856148921,301.80102120780384,305.74566650390625,69315600
2021-03-15 00:00:00-04:00,306.0655674633329,309.1767104053718,304.42760697615097,309.0119323730469,42955700
2021-03-16 00:00:00-04:00,311.2023734081659,314.2166196657638,309.2736627941333,310.70806884765625,54925900
2021-03-17 00:00:00-04:00,307.6744173190195,313.87732901291446,305.9589039878514,311.98736572265625,78258700
2021-03-18 00:00:00-04:00,307.1122199768316,308.0911272451094,301.97544135458696,302.43096923828125,82718100
2021-03-19 00:00:00-04:00,302.2661906055746,305.0381344134801,300.12425419342844,303.4971008300781,78446200
2021-03-22 00:00:00-04:00,305.88929446999254,311.25577228121415,305.88929446999254,309.1887512207031,56194800
2021-03-23 00:00:00-04:00,310.2756328272574,311.5954035747394,307.0246860032887,307.83984375,53455400
2021-03-24 00:00:00-04:00,309.20815794592994,309.24698344349076,302.50248217460296,302.6480407714844,64803700
2021-03-25 00:00:00-04:00,300.8042221864616,303.6378911365038,298.3005255349611,302.1239929199219,78729000
2021-03-26 00:00:00-04:00,301.91052690579824,306.9761737612359,300.513134656362,306.65594482421875,63519600
2021-03-29 00:00:00-04:00,306.12218344931506,307.61662446358594,303.2302911223653,306.5685729980469,54608000
2021-03-30 00:00:00-04:00,304.6083568774266,305.59818504330696,302.32783993060514,305.025634765625,44635700
2021-03-31 00:00:00-04:00,306.81118082295455,311.2557376046905,306.47152436840304,309.693359375,55032500
2021-04-01 00:00:00-04:00,313.5168281402014,315.1083179450452,313.2645068625954,314.97247314453125,55685600
2021-04-05 00:00:00-04:00,317.45682510719115,322.0275428991795,317.2142175655649,321.2608947753906,42172500
2021-04-06 00:00:00-04:00,320.950445582608,322.988325658895,320.261418699871,321.03778076171875,33537200
2021-04-07 00:00:00-04:00,320.56213235546545,322.6485805702944,319.6305278375827,321.8139953613281,32046400
2021-04-08 00:00:00-04:00,324.6671093943618,325.35610651026633,323.8713495618083,325.1717224121094,29940800
2021-04-09 00:00:00-04:00,323.8131550209015,327.3455353059194,323.0756481776321,327.1417236328125,36664900
2021-04-12 00:00:00-04:00,326.10337642585216,327.13203008038977,324.83211521854287,326.7147521972656,25833000
2021-04-13 00:00:00-04:00,328.2382729444184,330.9942909199149,328.0247771343008,330.52850341796875,30374000
2021-04-14 00:00:00-04:00,330.7711113973542,330.8972720510287,325.74429049749494,326.5594482421875,42564300
2021-04-15 00:00:00-04:00,329.4318403295107,331.89674057518005,326.27794314501443,331.508544921875,36342800
2021-04-16 00:00:00-04:00,332.0326343573473,332.1102853455349,330.02383705423443,331.89678955078125,40860100
2021-04-19 00:00:00-04:00,330.3247033543837,331.47948788337334,326.9378822962506,328.8593444824219,34533100
2021-04-20 00:00:00-04:00,328.19948056208375,329.4804258212704,324.49243037196,326.46240234375,38081800
2021-04-21 00:00:00-04:00,325.18135417300726,329.44155568251085,324.0944774149588,329.2571716308594,36598100
2021-04-22 00:00:00-04:00,328.8690360322553,329.84915019130574,324.1333329065431,325.28814697265625,45936100
2021-04-23 00:00:00-04:00,325.9190102176331,330.69351053391887,325.9190102176331,329.3834533691406,36381900
2021-04-26 00:00:00-04:00,329.62598057447394,331.80944813703036,328.8787304993542,331.52801513671875,30812000
2021-04-27 00:00:00-04:00,331.81919196808207,332.03268779719735,329.1408247480296,330.0918273925781,33187200
2021-04-28 00:00:00-04:00,329.76184556196415,330.7711011449007,328.32559837144595,328.9757995605469,33615700
2021-04-29 00:00:00-04:00,332.2461477907984,332.66342562514154,326.937893972097,330.15972900390625,37708900
2021-04-30 00:00:00-04:00,327.71426309227223,330.19856182815215,327.08345982266536,327.99566650390625,38263400
2021-05-03 00:00:00-04:00,329.1990171967041,329.9462377206667,325.80251180840315,326.2489013671875,29729700
2021-05-04 00:00:00-04:00,323.69660030920426,324.0168587658784,316.5639345058296,320.37774658203125,65147000
2021-05-05 00:00:00-04:00,322.4253532736857,323.2890501508602,318.5242355072764,319.3005676269531,46219300
2021-05-06 00:00:00-04:00,319.0386230172309,321.8625782847719,316.79693175802845,321.7073059082031,46814300
2021-05-07 00:00:00-04:00,324.4827360878982,326.69531572419015,321.88199030080017,324.3177795410156,53324500
2021-05-10 00:00:00-04:00,322.9397279868842,323.1143982975088,315.92350769169906,316.1273193359375,60700500
2021-05-11 00:00:00-04:00,310.2465141587872,316.4863725809252,309.5865991846512,315.69061279296875,71963600
2021-05-12 00:00:00-04:00,310.76082509333276,313.08013750936215,306.6558953267054,307.51959228515625,91164900
2021-05-13 00:00:00-04:00,310.4600829705409,312.86673122565975,307.52936443186996,309.897216796875,69877800
2021-05-14 00:00:00-04:00,313.06076996295343,317.65088558428255,312.55612733502784,316.73870849609375,44370000
2021-05-17 00:00:00-04:00,315.03075656808636,316.7192956178089,311.9447956788766,314.8172607421875,39395000
2021-05-18 00:00:00-04:00,315.76829333055844,316.99101523005356,312.42029733332146,312.6920166015625,36528500
2021-05-19 00:00:00-04:00,307.2963823180364,313.3518563360605,306.9470121011332,313.051025390625,66319100
2021-05-20 00:00:00-04:00,314.53578901793674,319.96048954623984,314.31260905592654,319.10650634765625,46466100
2021-05-21 00:00:00-04:00,320.6592786433045,321.0765565669015,316.9813691094854,317.3404235839844,50330400
2021-05-24 00:00:00-04:00,319.63050907033795,323.80337563981055,317.2335459004026,322.67767333984375,32475800
2021-05-25 00:00:00-04:00,324.19162465292703,324.90973352546797,321.9499332557762,323.1241455078125,31280300
2021-05-26 00:00:00-04:00,323.79371355892494,324.7156043929025,323.10471647413306,324.24981689453125,25444900
2021-05-27 00:00:00-04:00,323.80345233638,324.6477218575371,322.83302215294816,323.03680419921875,27931700
2021-05-28 00:00:00-04:00,324.24013972588364,325.64727538816913,323.73552667394773,324.0557556152344,29927400
2021-06-01 00:00:00-04:00,325.3851937858449,325.8607246630837,321.62963411689003,322.9785461425781,31145400
2021-06-02 00:00:00-04:00,323.39581816659336,324.453583380369,321.89166341653976,323.60931396484375,22047900
2021-06-03 00:00:00-04:00,320.77563751713006,322.0468984988941,318.57277199025685,320.2419128417969,37057800
2021-06-04 00:00:00-04:00,322.03721788043293,326.12272009697,321.96928066931946,325.67633056640625,38736500
2021-06-07 00:00:00-04:00,325.142544317471,326.7049519436648,324.4535473422184,326.646728515625,32611900
2021-06-08 00:00:00-04:00,328.393583682066,329.2572808014558,325.1232385476544,326.8020935058594,27282800
2021-06-09 00:00:00-04:00,328.17035779849925,328.9466900273445,326.6952851024466,326.8796691894531,21485300
2021-06-10 00:00:00-04:00,327.21929578440205,330.39259123957316,326.77290627431074,330.2858581542969,33702100
2021-06-11 00:00:00-04:00,330.29555296238215,331.159249910032,329.6453814225144,331.1495361328125,21222800
2021-06-14 00:00:00-04:00,331.5766028024062,334.3326211759567,330.39267670533627,334.32293701171875,27827700
2021-06-15 00:00:00-04:00,333.9735324102014,334.28407716789974,331.4212963603784,332.1394348144531,35963800
2021-06-16 00:00:00-04:00,332.6052781352656,333.67275740945274,327.47172306948255,330.92645263671875,55399500
2021-06-17 00:00:00-04:00,329.91715157235996,336.137612619447,329.8686419091237,335.12835693359375,59722700
2021-06-18 00:00:00-04:00,333.46893484005597,334.61403537004617,331.7512544298912,332.4985046386719,55414900
2021-06-21 00:00:00-04:00,332.6898154796355,334.88554087749765,330.4746696413553,334.5649108886719,32992600
2021-06-22 00:00:00-04:00,334.3609209204521,338.1305621489894,334.0597409959635,337.68365478515625,28941600
2021-06-23 00:00:00-04:00,337.6254380468434,338.995335576956,337.0133530174807,337.848876953125,27188500
2021-06-24 00:00:00-04:00,339.78216960770175,341.4629419137244,339.23810081332704,339.9376220703125,32581600
2021-06-25 00:00:00-04:00,340.50120895850637,340.7440979417093,338.9175680440978,339.5199279785156,28682800
2021-06-28 00:00:00-04:00,340.80230523066535,343.78498832779104,340.7440142609746,343.6489562988281,39130300
2021-06-29 00:00:00-04:00,343.47414537490874,344.92175413268325,342.6386215588739,344.8926086425781,29426000
2021-06-30 00:00:00-04:00,344.73715767940706,345.12580374858084,343.76560180553736,344.3485412597656,32724000
2021-07-01 00:00:00-04:00,343.99874971543665,344.98972590141256,342.64827299824105,344.4845275878906,29290000
2021-07-02 00:00:00-04:00,346.3790282267206,348.759351556593,346.14586434607344,348.4387512207031,32727200
2021-07-06 00:00:00-04:00,349.041162328563,350.22646164532887,346.349933662475,349.9447021484375,38842400
2021-07-07 00:00:00-04:00,352.1404392834429,352.44161923318353,348.73026866921117,350.68310546875,35265200
2021-07-08 00:00:00-04:00,345.6212203305233,349.42000673152563,344.3387893212388,348.5650329589844,50890000
2021-07-09 00:00:00-04:00,347.9821789306915,351.2174469313186,347.39923947890736,350.74139404296875,35184500
2021-07-12 00:00:00-04:00,352.1404430980501,352.5679300602868,350.56649765552464,352.1112976074219,25717700
2021-07-13 00:00:00-04:00,351.73237657972146,355.07453120291746,351.25632368294856,352.1112976074219,39723000
2021-07-14 00:00:00-04:00,354.45268536048786,355.0939157390003,351.91693898364883,352.7427673339844,35336400
2021-07-15 00:00:00-04:00,352.65536866834645,352.8593871039803,348.263917056866,350.26531982421875,53391600
2021-07-16 00:00:00-04:00,351.1202447443441,352.1015255470273,347.07856923619346,347.4283447265625,47262000
2021-07-19 00:00:00-04:00,343.9793365421211,345.0771993956187,342.0265294469521,344.58172607421875,64404600
2021-07-20 00:00:00-04:00,345.514474127725,350.0322037168533,343.736509997138,348.5845947265625,42183700
2021-07-21 00:00:00-04:00,348.1570101344711,351.27569580078125,347.9335416373757,351.27569580078125,30259900
2021-07-22 00:00:00-04:00,351.4798246142625,353.6075347543681,351.4798246142625,353.59783935546875,30252200
2021-07-23 00:00:00-04:00,354.91899654541817,358.0085364349719,353.5685495928692,357.726806640625,31960800
2021-07-26 00:00:00-04:00,357.0369892367554,358.39719091554406,356.17232009475276,358.008544921875,28438100
2021-07-27 00:00:00-04:00,357.74629184182237,357.74629184182237,349.9155541597789,354.0640869140625,57933100
2021-07-28 00:00:00-04:00,355.2008470048349,356.998231370159,352.90795963703147,355.4242858886719,42066200
2021-07-29 00:00:00-04:00,354.860853050721,357.22172717484074,354.860853050721,356.0558776855469,25672500
2021-07-30 00:00:00-04:00,352.1307155090778,354.78307373523353,352.10157001865997,354.20013427734375,36484600
2021-08-02 00:00:00-04:00,355.8615159795701,356.4444554857011,353.52006255712615,354.22930908203125,27334100
2021-08-03 00:00:00-04:00,354.8898941335919,356.4929552406913,351.7031923611625,356.3763732910156,35558500
2021-08-04 00:00:00-04:00,356.33747200644353,357.84340112520624,355.2299139305761,356.8912658691406,29602200
2021-08-05 00:00:00-04:00,357.70742145360697,359.38822372781095,356.99820466729994,359.1550598144531,21443900
2021-08-06 00:00:00-04:00,357.8920207079267,358.8635765497484,356.47355748073585,357.58111572265625,33332100
2021-08-09 00:00:00-04:00,358.0377732003435,358.7664401326827,356.9399399278939,358.2418212890625,25960200
2021-08-10 00:00:00-04:00,358.75669560360734,359.048150476815,355.22021834453176,356.405517578125,35130800
2021-08-11 00:00:00-04:00,357.66858234224264,358.1640556605862,354.4624302700103,355.79345703125,34249800
2021-08-12 00:00:00-04:00,355.28823812662705,357.43536811406886,353.93776135089763,357.0758972167969,25969200
2021-08-13 00:00:00-04:00,357.42565339803343,358.659518507022,356.930150485588,358.3291931152344,19336200
2021-08-16 00:00:00-04:00,357.2120052312184,358.52358210301765,353.35492675044514,358.4847412109375,34856900
2021-08-17 00:00:00-04:00,355.7351547573665,356.7067105697037,352.89822838907884,355.3271179199219,44793900
2021-08-18 00:00:00-04:00,354.79274854455855,356.1917913024979,351.57690114042134,351.9072265625,38541900
2021-08-19 00:00:00-04:00,349.97387327191353,355.27856027177415,349.72125924588516,353.60748291015625,48499400
2021-08-20 00:00:00-04:00,354.67610547136155,357.66851349611557,354.3652005454993,357.2701721191406,39486000
2021-08-23 00:00:00-04:00,358.30975495051,363.30356582383774,358.30005955452134,362.61376953125,34034700
2021-08-24 00:00:00-04:00,363.2063901262377,364.32367328454313,362.74003270254565,363.7213134765625,21732900
2021-08-25 00:00:00-04:00,363.9739817438647,364.7123736957995,363.2258647453417,364.1391296386719,20441900
2021-08-26 00:00:00-04:00,363.28423831995815,363.9643097410083,361.38969223013544,361.826904296875,29133300
2021-08-27 00:00:00-04:00,362.4584408241946,365.8491621204898,361.9726627748898,365.3439636230469,27104700
2021-08-30 00:00:00-04:00,366.13077806650506,369.92956447983937,366.11132797645763,369.44378662109375,27295700
2021-08-31 00:00:00-04:00,369.68667747524375,369.7546638421812,367.5978089521397,369.1426086425781,29628200
2021-09-01 00:00:00-04:00,370.20163673041526,371.8241183407126,369.5506812873745,369.75469970703125,28138300
2021-09-02 00:00:00-04:00,371.10515311883734,371.43547851776793,368.3653587724071,369.5798034667969,25453400
2021-09-03 00:00:00-04:00,368.433481669432,371.1149858203669,368.41406122251846,370.7166442871094,24605400
2021-09-07 00:00:00-04:00,370.82344901614005,371.8921664366808,369.6672951224914,371.2412109375,23970200
2021-09-08 00:00:00-04:00,371.06631894293287,371.06631894293287,367.68532355818826,369.94903564453125,32949200
2021-09-09 00:00:00-04:00,370.17250436157735,371.2800626142129,368.43341108602283,368.6763000488281,29399000
2021-09-10 00:00:00-04:00,370.3862067090166,371.1051484712424,365.5478484333313,365.878173828125,40249400
2021-09-13 00:00:00-04:00,368.2099525437821,368.63743950186546,363.57564168171336,365.6256103515625,48741800
2021-09-14 00:00:00-04:00,367.1120503442198,367.8407171743474,363.6338937208705,364.5860290527344,41826600
2021-09-15 00:00:00-04:00,365.04270476619996,367.64646743225006,362.7498174509155,367.29669189453125,34097900
2021-09-16 00:00:00-04:00,365.96561474622183,368.12246970870797,364.04195332665904,367.54925537109375,35193100
2021-09-17 00:00:00-04:00,367.0732752185729,367.12184115613655,362.15720449594147,363.1967468261719,60912300
2021-09-20 00:00:00-04:00,357.4036777365787,359.1446989416401,351.0523860759697,355.6918640136719,76203200
2021-09-21 00:00:00-04:00,357.5203438341386,358.71669283793653,355.0012284984897,356.1294860839844,41927500
2021-09-22 00:00:00-04:00,357.0438227553833,360.9149125462884,355.9447427828518,359.4559631347656,46972900
2021-09-23 00:00:00-04:00,360.6134280684026,363.8036631873685,359.9714867131809,362.7726745605469,44652000
2021-09-24 00:00:00-04:00,360.50629709663326,363.53120016788165,360.13669192885436,363.1129455566406,36056800
2021-09-27 00:00:00-04:00,360.0687411164145,361.0899938725879,357.66633646820173,360.2146301269531,43338100
2021-09-28 00:00:00-04:00,355.66265037536607,360.1659153231075,349.51560393244637,350.0213623046875,97701600
2021-09-29 00:00:00-04:00,351.2858306757652,353.4256052044323,348.82507067423813,349.4475402832031,58076600
2021-09-30 00:00:00-04:00,351.09130030893095,352.7544942625844,347.3272157221571,348.1636657714844,61384600
2021-10-01 00:00:00-04:00,348.78612920756945,351.36360019989195,344.68161759025685,350.3228759765625,56375500
2021-10-04 00:00:00-04:00,348.70837747868603,349.0390691415434,340.73280457366985,342.9698486328125,76766000
2021-10-05 00:00:00-04:00,344.02997255929625,349.84632794995827,343.80628599045565,347.59954833984375,47232900
2021-10-06 00:00:00-04:00,344.3898900585049,350.0992708754434,343.4853484647592,349.8269348144531,56806500
2021-10-07 00:00:00-04:00,352.87122991088916,355.68215344387613,352.3362936499442,353.0365905761719,39411200
2021-10-08 00:00:00-04:00,354.116163900798,354.34961597471846,350.7411266388622,351.2760925292969,41822300
2021-10-11 00:00:00-04:00,349.73931498934746,353.2602709185573,348.4943461007118,348.5819091796875,34847200
2021-10-12 00:00:00-04:00,350.031123965123,350.4687909496344,346.72417812508246,347.3661193847656,43905100
2021-10-13 00:00:00-04:00,349.67130750082435,350.8190073438713,347.64821419139497,350.14788818359375,40120800
2021-10-14 00:00:00-04:00,353.736892200335,356.81041599057534,353.0755088952258,356.596435546875,43433900
2021-10-15 00:00:00-04:00,357.8121817077922,358.95988136016933,356.78119324956873,358.8431701660156,40419900
2021-10-18 00:00:00-04:00,357.5496721285333,362.6657321977218,356.9466443009304,362.4517517089844,34513500
2021-10-19 00:00:00-04:00,363.52155869340515,365.24310829907796,362.50030598675886,365.1944885253906,29091000
2021-10-20 00:00:00-04:00,365.6516453763961,366.2644089038195,363.23950489702867,364.7179260253906,31390300
2021-10-21 00:00:00-04:00,363.9203467319712,367.139759409477,363.61883289322486,366.9452209472656,25469300
2021-10-22 00:00:00-04:00,365.6904929000989,366.65338987918335,362.19874469021727,363.8619384765625,36275800
2021-10-25 00:00:00-04:00,365.28202289509034,368.5014355371204,363.3367570240195,367.587158203125,32597800
2021-10-26 00:00:00-04:00,369.8242057885552,372.236316302524,367.56769041282996,368.74456787109375,47191300
2021-10-27 00:00:00-04:00,369.1920669664678,372.66437433181625,368.9294667094946,369.6005859375,45760500
2021-10-28 00:00:00-04:00,371.49724208623917,373.9580027589758,370.72885358962105,373.7051086425781,38007000
2021-10-29 00:00:00-04:00,370.6314896648021,375.7086345786651,370.28135606914276,375.54327392578125,37310100
2021-11-01 00:00:00-04:00,375.981023481736,376.95365651633944,373.8996042225349,376.82720947265625,30765300
2021-11-02 00:00:00-04:00,376.2144686065333,378.87950346614826,376.165848824832,378.40289306640625,25135300
2021-11-03 00:00:00-04:00,378.8891073621499,382.83799428057443,377.848412791825,382.4197692871094,33748900
2021-11-04 00:00:00-04:00,383.6842918645844,388.2751209954125,383.1396197374018,387.3219299316406,40265300
2021-11-05 00:00:00-04:00,389.09212224591516,390.01610580693085,386.29093439470984,387.6915283203125,43383800
2021-11-08 00:00:00-05:00,387.6622814990838,388.683534116914,386.524288006234,387.1662292480469,29256300
2021-11-09 00:00:00-05:00,388.2361888677813,388.63497195661483,383.13960148519317,384.50128173828125,50490700
2021-11-10 00:00:00-05:00,381.729235316056,384.5401289612193,376.92442641715365,378.8502502441406,54937400
2021-11-11 00:00:00-05:00,381.8265197042397,382.0015865093536,379.560268335903,379.90069580078125,32243000
2021-11-12 00:00:00-05:00,381.0485080381455,384.43328234828385,379.4534049833058,383.8983459472656,34730600
2021-11-15 00:00:00-05:00,385.07510957260075,385.3960653814899,381.3693804579635,383.8106689453125,33716900
2021-11-16 00:00:00-05:00,383.0811921804126,387.03981533567685,382.88668340353956,386.5437927246094,27872900
2021-11-17 00:00:00-05:00,386.86478860727243,388.78087686824887,385.78518018894584,386.7480773925781,28703300
2021-11-18 00:00:00-05:00,388.79057170851496,391.26103797883917,386.57296981590184,390.7552795410156,45721500
2021-11-19 00:00:00-05:00,392.3893183809995,394.2081373154626,391.5625744064973,392.9339904785156,45191700
2021-11-22 00:00:00-05:00,394.47071088299424,397.5247625877379,388.265308569928,388.3722839355469,61715400
2021-11-23 00:00:00-05:00,387.2148455722131,389.2768521256282,382.16690844188827,386.60211181640625,70098700
2021-11-24 00:00:00-05:00,384.12196673194364,388.12921018442887,381.7973891566023,387.84716796875,46954400
2021-11-26 00:00:00-05:00,385.2695892759179,386.660476829211,379.10310048381626,380.4939880371094,51533300
2021-11-29 00:00:00-05:00,385.0556547853165,389.76319448090595,384.3261801069884,388.75164794921875,54447100
2021-11-30 00:00:00-05:00,387.86664096167675,390.2106903823826,381.02903119980994,383.0423889160156,81332700
2021-12-01 00:00:00-05:00,387.3802212397502,389.5200254430795,376.0587899811894,376.525634765625,77766500
2021-12-02 00:00:00-05:00,375.24175177395284,381.01919343331065,373.8217160857389,379.2392883300781,84416600
2021-12-03 00:00:00-05:00,380.6009350135949,381.6027456008763,368.53055851723735,372.6448059082031,105349100
2021-12-06 00:00:00-05:00,373.13124618399485,376.99260083295,368.9197281792316,375.63092041015625,67588800
2021-12-07 00:00:00-05:00,382.27390933098576,387.55529887951013,382.23499570372724,386.9425354003906,56005300
2021-12-08 00:00:00-05:00,387.273264023644,388.8781024101654,385.37661795077236,388.673828125,39204000
2021-12-09 00:00:00-05:00,387.4483631974559,389.24774019188266,382.7602649929764,382.9548034667969,49973700
2021-12-10 00:00:00-05:00,385.76576246490276,387.3803370861821,382.5949688378498,387.11773681640625,52545800
2021-12-13 00:00:00-05:00,387.10789728866115,387.42885308796576,381.1553886423513,381.5249938964844,50166400
2021-12-14 00:00:00-05:00,376.70074791408535,379.41440228714094,373.1312014367775,377.5761413574219,75199200
2021-12-15 00:00:00-05:00,377.3232270446941,386.54379804863623,373.37433966272437,386.18389892578125,73858000
2021-12-16 00:00:00-05:00,387.1468587185331,387.57481962538174,374.66796034900517,376.25335693359375,82591400
2021-12-17 00:00:00-05:00,372.83935256246275,378.5389967311671,371.3220476290657,374.3761291503906,80492500
2021-12-20 00:00:00-05:00,369.65383235643225,371.5334044386726,367.60868840628507,370.74456787109375,65336800
2021-12-21 00:00:00-05:00,374.0167620264136,379.353608869592,370.26736624903543,379.0419616699219,48899500
2021-12-22 00:00:00-05:00,378.7498329492057,383.8626780914225,378.0876049017559,383.6581726074219,37042200
2021-12-23 00:00:00-05:00,384.00876815044677,388.0211296414889,383.8432259923988,386.55059814453125,29595500
2021-12-27 00:00:00-05:00,387.8457703226318,392.93914794921875,387.8165552575593,392.93914794921875,32820700
2021-12-28 00:00:00-05:00,393.83522383937907,394.0105142865246,390.2416210712962,391.11810302734375,33113700
2021-12-29 00:00:00-05:00,391.25435723845357,392.5203830962154,388.68331247336454,391.0595703125,32248500
2021-12-30 00:00:00-05:00,390.8453700057501,393.026870937428,389.3066600735181,389.8909912109375,23850100
2021-12-31 00:00:00-05:00,389.21891879599315,390.58233796658226,386.9595214731261,387.4562072753906,34752900
2022-01-03 00:00:00-05:00,388.62492150092214,391.4394353469124,386.51162877090127,391.18621826171875,40575900
2022-01-04 00:00:00-05:00,391.7315229734754,391.7704863003815,383.0153583878723,386.1122741699219,58027200
2022-01-05 00:00:00-05:00,384.4275597698944,385.54754023833226,373.9973627235107,374.2505798339844,75739800
2022-01-06 00:00:00-05:00,372.42937226261216,377.2305699327949,370.199189701776,373.987548828125,70814300
2022-01-07 00:00:00-05:00,373.99738347006615,375.6821986780391,368.1638791037706,369.9363098144531,72652300
2022-01-10 00:00:00-05:00,365.0279391905365,370.69590044692626,359.6618768929974,370.1797180175781,91770500
2022-01-11 00:00:00-05:00,369.4493143206494,375.906112223643,367.3652366626688,375.7405700683594,68295700
2022-01-12 00:00:00-05:00,378.31160870654446,380.0061720189423,374.9517565939594,377.2306213378906,54576400
2022-01-13 00:00:00-05:00,378.61344007139684,379.29516458019566,366.8587893280662,367.793701171875,77994000
2022-01-14 00:00:00-05:00,365.27139040203764,370.4134504382263,365.06685520469034,370.08233642578125,80121200
2022-01-18 00:00:00-05:00,364.2683212855361,366.39136228190114,360.1098547820308,360.8694763183594,75450900
2022-01-19 00:00:00-05:00,362.4277719086582,364.9014240722024,356.64294889299623,356.9059143066406,81791500
2022-01-20 00:00:00-05:00,360.1293216669016,364.1027194405778,351.73452212502156,352.2701416015625,88610700
2022-01-21 00:00:00-05:00,350.07894570355364,352.7181393726713,342.21976511466244,342.502197265625,143388900
2022-01-24 00:00:00-05:00,336.8731466697839,344.73232602908723,325.42036573638467,344.070068359375,198685800
2022-01-25 00:00:00-05:00,337.6133584822439,341.8594404635493,332.75370059517894,336.0940856933594,124398400
2022-01-26 00:00:00-05:00,343.6902916646973,347.5565772992611,331.87718103363807,335.56817626953125,146559500
2022-01-27 00:00:00-05:00,340.271995193972,342.09313709621506,331.16625596244336,332.1888427734375,95255700
2022-01-28 00:00:00-05:00,334.0684086431916,342.8235371800627,329.12113570448446,342.6092834472656,108167900
2022-01-31 00:00:00-05:00,343.9726923125403,354.14966913051103,342.33655958039134,353.5653381347656,94326400
2022-02-01 00:00:00-05:00,354.90939615460974,356.62342632692844,349.7576168140272,355.9709167480469,74433000
2022-02-02 00:00:00-05:00,360.10012183811494,360.43123585657395,354.773023033465,358.86328125,78777100
2022-02-03 00:00:00-05:00,349.1635083008554,352.4746783595393,343.2520781277815,344.3135986328125,95384800
2022-02-04 00:00:00-05:00,344.82972180603156,351.9584954869843,342.7748593755462,348.6570739746094,86318300
2022-02-07 00:00:00-05:00,349.25114058242553,351.61765032861587,344.5960180338166,345.8523254394531,58198100
2022-02-08 00:00:00-05:00,344.71286787681044,350.8288031286312,343.5831690442686,349.7380676269531,64720900
2022-02-09 00:00:00-05:00,354.25685095249275,357.22715841338385,352.6596813646489,357.1492614746094,55766400
2022-02-10 00:00:00-05:00,350.1276521478093,356.9155644682543,347.22552265055316,349.0661315917969,112468500
2022-02-11 00:00:00-05:00,349.0661216262267,350.6632914067648,336.7660716564922,337.9931640625,101569100
2022-02-14 00:00:00-05:00,337.43802051737816,341.81074053043295,334.9059686837341,338.4118957519531,80254400
2022-02-15 00:00:00-05:00,343.69035309651895,347.0599534834927,342.62883253219337,346.82623291015625,55128800
2022-02-16 00:00:00-05:00,344.57658196938326,347.7611436507016,341.54781418950745,346.73858642578125,58947100
2022-02-17 00:00:00-05:00,343.5247302610099,344.2259215973404,336.006412490477,336.4252014160156,61801400
2022-02-18 00:00:00-05:00,337.36014833883615,337.74969251719716,330.2800855630904,332.5881652832031,80001500
2022-02-22 00:00:00-05:00,329.64706468518256,335.0520908242243,325.615236105448,329.2477722167969,85967100
2022-02-23 00:00:00-05:00,332.4031047994044,333.24062324194284,320.5023481509499,320.8139953613281,86215400
2022-02-24 00:00:00-05:00,310.51033638338527,332.13037570497437,309.94550189674453,331.5947265625,130614100
2022-02-25 00:00:00-05:00,332.393311222296,336.9413210602754,328.5757374366996,336.7367858886719,78842100
2022-02-28 00:00:00-05:00,333.5620558611428,339.43452303674104,332.4031418162457,337.7399597167969,77515500
2022-03-01 00:00:00-05:00,336.7174137109176,338.98653027662823,330.0463613925379,332.5686950683594,67407000
2022-03-02 00:00:00-05:00,334.11712876141945,339.4831912377867,331.35132644345447,338.14898681640625,70609000
2022-03-03 00:00:00-05:00,340.78814877836516,340.89529050718346,331.45843724286703,333.31854248046875,71089400
2022-03-04 00:00:00-05:00,330.96174951241795,332.3933472673378,326.17030009780126,328.48809814453125,76936300
2022-03-07 00:00:00-05:00,328.47840017883215,329.6373141349506,316.168602423875,316.37310791015625,89933800
2022-03-08 00:00:00-05:00,315.584343943711,324.50504709175635,311.58172990374453,314.90264892578125,116153900
2022-03-09 00:00:00-05:00,323.083178463384,327.59222652318823,320.492666216576,326.238525390625,64723400
2022-03-10 00:00:00-05:00,322.17746604211277,323.82331784104474,318.17482270496157,322.6156921386719,69362700
2022-03-11 00:00:00-05:00,325.5859020509912,325.8975491885723,315.43811132076956,315.925048828125,66228400
2022-03-14 00:00:00-04:00,314.68832321154076,318.05792335040644,309.15671876755334,309.85791015625,79802600
2022-03-15 00:00:00-04:00,312.49708626661936,320.35626644797605,310.89019809296275,319.5771484375,76471000
2022-03-16 00:00:00-04:00,323.4921226654571,331.54605948186617,319.82059431746063,331.42919921875,105243000
2022-03-17 00:00:00-04:00,329.53015952791367,335.50001949212384,328.23491853830734,335.44158935546875,67810000
2022-03-18 00:00:00-04:00,333.7859653329229,342.5995534292545,332.6270515062005,342.307373046875,85446300
2022-03-21 00:00:00-04:00,341.4727779184721,343.6959575006503,336.9678866204521,341.3557434082031,73799100
2022-03-22 00:00:00-04:00,341.85302014961167,348.9321048086692,341.47275472750243,348.06427001953125,63345900
2022-03-23 00:00:00-04:00,345.18779855169856,348.746831695108,343.0036008998052,343.0621032714844,70615500
2022-03-24 00:00:00-04:00,344.9830361401527,350.7360276774372,342.82811927095605,350.687255859375,53555300
2022-03-25 00:00:00-04:00,350.62872383979783,351.6818260333896,346.0946115385893,350.39471435546875,57584200
2022-03-28 00:00:00-04:00,350.3850238101714,355.9137370347705,349.1466836996103,355.81622314453125,56833900
2022-03-29 00:00:00-04:00,359.7066966193203,362.56367141997544,356.9374753723277,361.93963623046875,68073000
2022-03-30 00:00:00-04:00,360.0772287057881,361.7348751699815,356.4596933773582,357.9418029785156,68757700
2022-03-31 00:00:00-04:00,358.08801102639194,358.4390549484774,352.66657403692415,353.5051574707031,67011400
2022-04-01 00:00:00-04:00,353.7684957143745,354.5485472014141,349.65366014256847,352.8324279785156,54527800
2022-04-04 00:00:00-04:00,353.67097229295626,360.10650103702426,353.4077116185241,360.09674072265625,45950200
2022-04-05 00:00:00-04:00,358.6439399994428,359.355758650696,350.9603098177033,352.1011657714844,62738700
2022-04-06 00:00:00-04:00,346.7869364328608,347.8887807691179,341.8237865192822,344.4565124511719,90077100
2022-04-07 00:00:00-04:00,343.4619108236752,347.46950207698916,340.00039133532164,345.27557373046875,63777400
2022-04-08 00:00:00-04:00,343.5398970896143,344.2906973309232,339.8150875535041,340.4488830566406,61956100
2022-04-11 00:00:00-04:00,336.21700759877035,337.13358429382816,332.05343073376827,332.39471435546875,66107400
2022-04-12 00:00:00-04:00,337.14337819166946,339.0252738193308,329.61576592396983,330.9906311035156,72790200
2022-04-13 00:00:00-04:00,331.33190231102026,338.77176141426696,330.6103532208054,337.71868896484375,61367800
2022-04-14 00:00:00-04:00,337.80645754236645,338.3232483542657,329.7815446072718,329.9960632324219,73519400
2022-04-18 00:00:00-04:00,328.9429398152446,332.54098406910816,327.4218188022188,330.2495422363281,58560600
2022-04-19 00:00:00-04:00,329.6060677727792,338.20627468447685,328.5822463696504,337.6309814453125,56515700
2022-04-20 00:00:00-04:00,338.440226895412,338.89851529742356,331.48790762443156,332.7067565917969,65500000
2022-04-21 00:00:00-04:00,336.5876696247048,339.2008753461121,324.8964768228615,325.8227844238281,75801000
2022-04-22 00:00:00-04:00,325.97876223802604,327.1976113773675,316.8617647243402,317.2908020019531,82562100
2022-04-25 00:00:00-04:00,315.6624178317536,321.6786401692086,314.3947969464285,321.3666076660156,101755900
2022-04-26 00:00:00-04:00,319.30925141670565,319.4945188827533,308.9636435379206,309.2366943359375,105819600
2022-04-27 00:00:00-04:00,309.33413839029913,314.83359976178053,307.1499703456552,308.8661193847656,111204200
2022-04-28 00:00:00-04:00,313.8293225311068,321.6689695310997,309.6072119078846,319.8358154296875,99450000
2022-04-29 00:00:00-04:00,315.63319453014344,319.075223412998,304.8098078954962,305.443603515625,91977900
2022-05-02 00:00:00-04:00,305.03405193765815,310.77728344136193,301.9333068279768,310.54327392578125,115511800
2022-05-03 00:00:00-04:00,310.56275386246165,313.16622865984607,308.1055647642228,310.8747863769531,78185500
2022-05-04 00:00:00-04:00,311.3524760272777,322.05885426015044,306.0675644616979,321.38604736328125,116083400
2022-05-05 00:00:00-04:00,317.06652589040266,317.144519135594,301.90402602983977,305.1997985839844,154607400
2022-05-06 00:00:00-04:00,303.2009206408079,307.2377334745027,297.5064313350277,301.54327392578125,139572800
2022-05-09 00:00:00-04:00,295.91708072920244,301.64079153746076,288.35045573531676,289.74481201171875,113387300
2022-05-10 00:00:00-04:00,296.9213785657699,298.1402275733702,289.17924728892785,293.26483154296875,124124600
2022-05-11 00:00:00-04:00,291.00269919588874,296.51189186733717,283.6993639950994,284.5671691894531,140326100
2022-05-12 00:00:00-04:00,280.28654225693896,288.37968812743026,277.83908381769044,283.8943176269531,120910900
2022-05-13 00:00:00-04:00,288.35047145853673,295.4490480565435,286.7513270140495,294.41546630859375,83684900
2022-05-16 00:00:00-04:00,292.6700322221477,294.72746492235825,289.72530358674845,291.0026550292969,59190400
2022-05-17 00:00:00-04:00,296.86287114868503,298.9202739551614,293.0600385039576,298.5400085449219,62715300
2022-05-18 00:00:00-04:00,294.0254638189151,294.71776189204365,282.62678274019294,283.8846435546875,79477100
2022-05-19 00:00:00-04:00,282.08056033468455,287.05346827100067,280.41315412643803,282.3633117675781,79920700
2022-05-20 00:00:00-04:00,285.82495393267806,286.4782402945012,273.22691831272135,281.48583984375,91764200
2022-05-23 00:00:00-04:00,282.5292035679818,286.54652518718103,280.130517022383,286.166259765625,63648400
2022-05-24 00:00:00-04:00,280.9496220270844,281.66141091858105,275.21615060325445,280.081787109375,73491100
2022-05-25 00:00:00-04:00,278.5899092529624,286.0785411821508,278.38515092401434,284.0016174316406,67144500
2022-05-26 00:00:00-04:00,283.2020139981043,293.4208550430776,282.9192326893722,291.8704528808594,59462200
2022-05-27 00:00:00-04:00,295.0005453919769,301.54332017519914,294.8835406190051,301.3970642089844,66985600
2022-05-31 00:00:00-04:00,301.3677330030046,303.57139174205287,296.7458373982823,300.597412109375,60968300
2022-06-01 00:00:00-04:00,302.7329042287562,304.85857019114184,296.1608785576662,298.3742980957031,65341700
2022-06-02 00:00:00-04:00,297.2528767810407,306.7208867392272,295.83900014899854,306.5453796386719,59291300
2022-06-03 00:00:00-04:00,301.32873605577254,302.7328525405804,297.321174666632,298.56927490234375,60914700
2022-06-06 00:00:00-04:00,303.00587127128927,304.5660039935262,298.0037100512005,299.5638427734375,51785000
2022-06-07 00:00:00-04:00,296.23878894920125,302.9278472737371,295.1467050816167,302.14776611328125,44900300
2022-06-08 00:00:00-04:00,301.3482242002919,303.95169883811553,299.1250447456459,299.973388671875,38342100
2022-06-09 00:00:00-04:00,298.2864961255871,301.3482294885749,291.77297389502866,291.938720703125,55900500
2022-06-10 00:00:00-04:00,286.33203587892865,287.52163383758494,281.19337858382175,281.64190673828125,85963500
2022-06-13 00:00:00-04:00,272.7784410394437,275.3038929191494,267.68852577507414,268.5466003417969,94442000
2022-06-14 00:00:00-04:00,270.74056875713916,271.7156482255044,266.52821831210605,269.0341796875,64697500
2022-06-15 00:00:00-04:00,272.45666788942674,279.6819792310972,269.71666771221135,275.7524108886719,86051400
2022-06-16 00:00:00-04:00,268.72205399569987,269.1803423773034,262.56930706299113,264.6267395019531,81910300
2022-06-17 00:00:00-04:00,265.397054578494,270.2822109859682,263.76868894737345,267.8445129394531,82703400
2022-06-21 00:00:00-04:00,272.3257927236614,276.9174861769015,272.2183421476892,274.6020812988281,51633700
2022-06-22 00:00:00-04:00,272.10112488344555,278.6076398901615,271.50519745679884,274.20159912109375,67472900
2022-06-23 00:00:00-04:00,276.6830902205133,279.1352539131454,273.8499300315756,278.2853088378906,57457800
2022-06-24 00:00:00-04:00,281.1086156093789,288.2403946837072,280.8741562890391,287.8202819824219,58422300
2022-06-27 00:00:00-04:00,289.17822536194814,289.74484525283174,284.5767828942136,285.7100524902344,54151500
2022-06-28 00:00:00-04:00,286.24740483814566,288.8363259156391,276.81980855974086,277.00543212890625,61609800
2022-06-29 00:00:00-04:00,276.86868491471404,278.7639775620373,274.367685716769,277.25946044921875,57302700
2022-06-30 00:00:00-04:00,274.27966489242687,277.3961485990517,269.4242053400514,273.82049560546875,79313600
2022-07-01 00:00:00-04:00,272.5212545037234,276.01873573364435,270.64549022663914,275.6279602050781,56675100
2022-07-05 00:00:00-04:00,271.89597531371504,280.4638483232388,270.3719299635599,280.34661865234375,61829300
2022-07-06 00:00:00-04:00,280.7275699573057,284.2446082165892,279.0081224051555,282.1441345214844,63194700
2022-07-07 00:00:00-04:00,282.95505535271474,288.8851704287084,282.95505535271474,288.1817626953125,56620100
2022-07-08 00:00:00-04:00,285.34855596743785,289.9109417837041,284.4106889856484,288.543212890625,59895500
2022-07-11 00:00:00-04:00,286.1301601592719,286.3548403943848,281.49940987825573,282.378662109375,55273900
2022-07-12 00:00:00-04:00,283.6291449016066,285.5439653975893,278.0507189970314,279.6431579589844,55797100
2022-07-13 00:00:00-04:00,274.13322897066035,281.41151653972287,273.566579098107,279.06683349609375,73939400
2022-07-14 00:00:00-04:00,276.46805152929664,280.9327360199211,273.3515675906992,280.0632629394531,63741800
2022-07-15 00:00:00-04:00,283.05276748878146,285.2509130128908,281.44077025302914,285.1434326171875,63818100
2022-07-18 00:00:00-04:00,287.9277466342046,289.33456210782214,281.55802032784345,282.7303466796875,59519600
2022-07-19 00:00:00-04:00,286.3548706124073,291.7183664353127,284.75268212662314,291.4252624511719,55172600
2022-07-20 00:00:00-04:00,291.8453156918877,297.2283089431938,291.06373504108547,296.04620361328125,67769400
2022-07-21 00:00:00-04:00,296.5053752754604,300.35457429514867,293.84806067020736,300.29595947265625,55049400
2022-07-22 00:00:00-04:00,299.36785786813266,301.4389945456537,293.2032835855231,295.0301818847656,57127700
2022-07-25 00:00:00-04:00,295.0595223551205,295.52847082708666,291.3471105150622,293.349853515625,40582400
2022-07-26 00:00:00-04:00,291.6499148786459,291.9039323185086,286.7749266595334,287.5857849121094,50074100
2022-07-27 00:00:00-04:00,292.1481871544827,301.42924553684514,291.5815374204187,299.7391052246094,69304400
2022-07-28 00:00:00-04:00,299.5241912245391,303.24638193831424,295.7726930962561,302.66998291015625,55139900
2022-07-29 00:00:00-04:00,304.2135197664403,309.0982865453285,302.7871464007447,308.189697265625,57501000
2022-08-01 00:00:00-04:00,306.42139924839927,311.46248189797285,305.3272163131583,308.0040588378906,46358800
2022-08-02 00:00:00-04:00,305.70830669402716,311.2085299334208,304.65318020301095,307.0857849121094,48676500
2022-08-03 00:00:00-04:00,308.7661588173464,316.26918477093403,308.70754398924663,315.44854736328125,53735700
2022-08-04 00:00:00-04:00,315.5266697200189,317.236338326772,313.37736011725616,316.9237060546875,38973700
2022-08-05 00:00:00-04:00,311.8338701673425,316.3669200685735,311.0523190922462,314.3348693847656,53894000
2022-08-08 00:00:00-04:00,315.2531041067557,318.9459868724976,311.8532954437502,313.3187255859375,43878500
2022-08-09 00:00:00-04:00,311.42348436801046,311.6775018413341,308.15071370114674,309.7724304199219,39764200
2022-08-10 00:00:00-04:00,317.1093428781285,318.71156097894493,314.63765163860506,318.41845703125,51459600
2022-08-11 00:00:00-04:00,320.7436390274632,322.74638201295915,315.907706706425,316.6111145019531,45897700
2022-08-12 00:00:00-04:00,318.6627300418637,322.9710991571308,317.6076332325729,322.7757263183594,40928400
2022-08-15 00:00:00-04:00,321.82802958013497,325.88238057289317,321.8084714293467,325.3841247558594,38266600
2022-08-16 00:00:00-04:00,324.40726136423206,326.71288772848254,321.57410143877166,324.6221923828125,41186900
2022-08-17 00:00:00-04:00,321.4861444413282,323.7917407421917,318.8385785861934,320.91949462890625,47842200
2022-08-18 00:00:00-04:00,320.8706467232856,322.8733897022626,319.2586792262726,321.6912841796875,41937200
2022-08-19 00:00:00-04:00,318.6529637644111,319.307505970021,314.6571973673879,315.4192199707031,51770600
2022-08-22 00:00:00-04:00,311.15971442628387,311.39417374431594,306.30425395365506,307.1151123046875,51098900
2022-08-23 00:00:00-04:00,306.88067335924467,309.6943046194441,306.1088716338093,306.86114501953125,39497100
2022-08-24 00:00:00-04:00,306.3824241250464,309.5673026088862,305.77671762390725,307.75018310546875,38057100
2022-08-25 00:00:00-04:00,309.52816629459426,313.21130009460927,308.4828487016471,313.1917419433594,38098300
2022-08-26 00:00:00-04:00,312.89869478251217,314.1003584319973,300.2666920123757,300.3546142578125,69047700
2022-08-29 00:00:00-04:00,297.59962213751817,300.13970764196387,296.2905077976387,297.39447021484375,48321900
2022-08-30 00:00:00-04:00,299.0454597995629,299.66094524908925,291.5619927249913,294.08251953125,51184500
2022-08-31 00:00:00-04:00,296.98408549089675,297.8828958308832,292.2654131951686,292.37286376953125,50044000
2022-09-01 00:00:00-04:00,289.8817101402858,292.8711861501975,286.19860533441727,292.49993896484375,57990700
2022-09-02 00:00:00-04:00,295.3721415907117,296.7496497152489,286.7554038657805,288.3674011230469,64666800
2022-09-06 00:00:00-04:00,288.8460984730638,289.7644372216003,284.16648248606504,286.2962341308594,57005400
2022-09-07 00:00:00-04:00,286.7749528560577,293.07628535272244,286.51115631694785,292.0798034667969,49260400
2022-09-08 00:00:00-04:00,290.00862238078395,294.9129177093614,288.64089358538905,293.5940246582031,55649800
2022-09-09 00:00:00-04:00,295.85077290539635,300.51085951395083,293.594013028823,300.0126037597656,56125200
2022-09-12 00:00:00-04:00,301.39015542418196,303.91068234154807,301.0775231480615,303.5785217285156,45905700
2022-09-13 00:00:00-04:00,294.84454309228386,296.03642750924746,286.04221266779194,286.9312438964844,79562200
2022-09-14 00:00:00-04:00,288.0742803851126,290.08680225615325,286.30599689467647,289.2075500488281,54907200
2022-09-15 00:00:00-04:00,287.2926966209855,289.6959936631581,282.78892589454506,284.3911437988281,65299400
2022-09-16 00:00:00-04:00,281.08902926490174,283.0429360358758,279.03742119252865,282.65216064453125,79920400
2022-09-19 00:00:00-04:00,280.00873935928564,285.009929593157,279.95001919015573,284.85333251953125,52613800
2022-09-20 00:00:00-04:00,282.3477616392107,284.8728476906071,280.2826998995601,282.5826721191406,51271100
2022-09-21 00:00:00-04:00,283.42441230062724,287.6916002247942,277.38579286511487,277.5227966308594,82931000
2022-09-22 00:00:00-04:00,275.9960184515459,277.0040878206803,272.88373009260727,274.10711669921875,62757100
2022-09-23 00:00:00-04:00,271.6407409257336,271.93437162201394,266.22847995728023,269.6441955566406,74815200
2022-09-26 00:00:00-04:00,269.1743940484729,273.53942878181266,267.7356903085554,268.5284423828125,71176700
2022-09-27 00:00:00-04:00,271.89519684927933,274.2440929244973,266.31654253628193,268.6361083984375,69780100
2022-09-28 00:00:00-04:00,268.61658102023625,275.2620263937694,267.13875009532984,273.97991943359375,79652100
2022-09-29 00:00:00-04:00,269.98676711460337,270.3684781261688,263.1162377169965,266.08172607421875,81216000
2022-09-30 00:00:00-04:00,265.25957801190714,269.3310122476343,261.41325766558816,261.5698547363281,78482400
2022-10-03 00:00:00-04:00,263.34129462673053,269.3016301388179,261.8340740784838,267.7063293457031,61267400
2022-10-04 00:00:00-04:00,273.0500989493547,276.8279323910832,273.0500989493547,276.1232604980469,66696900
2022-10-05 00:00:00-04:00,272.35511396698587,277.7673730383509,269.55602082416004,275.9763488769531,55766300
2022-10-06 00:00:00-04:00,274.97814412366046,278.12958912178726,273.48072015712467,273.8037109375,53489400
2022-10-07 00:00:00-04:00,269.16457737879426,269.2918143460594,262.0395760224377,263.3706359863281,71354700
2022-10-10 00:00:00-04:00,263.5663998737213,263.9579074840265,258.02693157551664,260.7379455566406,60393000
2022-10-11 00:00:00-04:00,259.06425600784604,261.93186589698354,255.47238122753367,257.15576171875,66522500
2022-10-12 00:00:00-04:00,257.7920148405686,259.7102766400486,256.37290432474623,257.0677795410156,50580200
2022-10-13 00:00:00-04:00,249.72744717566468,264.41788206770633,248.8465999207838,263.09661865234375,112894100
2022-10-14 00:00:00-04:00,265.4259489634571,266.02294724334166,254.601427520286,255.18862915039062,77244300
2022-10-17 00:00:00-04:00,261.1587563065971,264.4863615743304,261.06087941416854,263.6153259277344,64576500
2022-10-18 00:00:00-04:00,270.6425133229995,271.30802855688756,263.01835861749873,265.7000427246094,69781000
2022-10-19 00:00:00-04:00,264.18294335328,267.85310252216027,262.36255874207467,264.73101806640625,53115400
2022-10-20 00:00:00-04:00,263.8404572423426,268.9884780554146,262.21582598157306,263.3804626464844,60605500
2022-10-21 00:00:00-04:00,262.2745224263195,270.0943999806143,261.1392160824891,269.5561218261719,77897700
2022-10-24 00:00:00-04:00,269.82032910449914,273.4513317035027,266.17952985624714,272.5215759277344,63963600
2022-10-25 00:00:00-04:00,273.461143297227,278.5406464744242,271.98328283594896,278.158935546875,59014500
2022-10-26 00:00:00-04:00,272.53137952198904,277.93387389821464,271.5233101517326,272.0126647949219,63492400
2022-10-27 00:00:00-04:00,270.89694777541763,272.3552150330736,266.5416795676331,267.0603942871094,57760300
2022-10-28 00:00:00-04:00,266.434018748282,275.70239615326176,266.2676250408862,275.23260498046875,62651300
2022-10-31 00:00:00-04:00,272.9816369031128,273.8037492086875,270.1139956834749,272.03228759765625,47742000
2022-11-01 00:00:00-04:00,275.50671440000247,276.06458596333977,268.89062885883277,269.25274658203125,45895900
2022-11-02 00:00:00-04:00,269.2233290522429,272.2866938029867,259.9549512013638,260.0234680175781,79803100
2022-11-03 00:00:00-04:00,257.4102745916756,258.86854150596974,254.56222769644958,254.94390869140625,70038900
2022-11-04 00:00:00-04:00,259.8767393934126,260.9337325402485,253.56405099994706,259.0448303222656,78313200
2022-11-07 00:00:00-05:00,260.09200070845395,262.43113031008943,257.9584215680072,261.892822265625,47333800
2022-11-08 00:00:00-05:00,263.4098223217411,267.04082528231476,259.86686974183834,263.8013000488281,63213800
2022-11-09 00:00:00-05:00,262.0592168841519,262.84217239242884,257.4299110516059,257.7137451171875,64862100
2022-11-10 00:00:00-05:00,270.1335804813157,277.02367288285944,268.0195646758968,276.7300720214844,99256700
2022-11-11 00:00:00-05:00,276.54410763833613,282.49467712823,275.20328062663947,281.8291320800781,66961800
2022-11-14 00:00:00-05:00,279.7738647229934,283.05254730346553,278.3841140514315,279.3628234863281,55290700
2022-11-15 00:00:00-05:00,285.9886054426059,287.01626801782163,279.8814696249084,283.2286682128906,73985400
2022-11-16 00:00:00-05:00,281.27131883151327,283.31681796630625,278.5407111451559,279.3628234863281,48859800
2022-11-17 00:00:00-05:00,274.8998951294449,280.224076540188,274.74329804467715,278.7462158203125,55462100
2022-11-18 00:00:00-05:00,281.76059522592635,281.85844224794346,276.30917802063993,278.7559509277344,53588600
2022-11-21 00:00:00-05:00,277.3661666856122,278.52103631245524,275.0564274319262,275.8883361816406,40083500
2022-11-22 00:00:00-05:00,276.62241305758806,280.0185056820932,274.48880406730166,279.8619384765625,41873400
2022-11-23 00:00:00-05:00,279.8814493901695,283.2971346752864,279.70528891612594,282.6707763671875,46390000
2022-11-25 00:00:00-05:00,281.07552004961843,281.7801919247711,280.3219246576811,280.811279296875,15498800
2022-11-28 00:00:00-05:00,278.83426312712214,280.85040181999574,275.76113157178366,276.6908874511719,38714200
2022-11-29 00:00:00-05:00,276.9159714717935,277.31724581059444,273.2262486996481,274.596435546875,35618900
2022-11-30 00:00:00-05:00,274.8607064926113,287.22180929264937,274.0092342106235,287.1141357421875,74718100
2022-12-01 00:00:00-05:00,287.4370705865298,289.45320889132523,284.68690047558556,287.4664306640625,51547300
2022-12-02 00:00:00-05:00,282.3968370111949,287.2023040619703,282.22064660817347,286.3214416503906,53583200
2022-12-05 00:00:00-05:00,284.19758384085077,285.4698938607277,280.05763314961825,281.51593017578125,41482100
2022-12-06 00:00:00-05:00,281.3593315737775,281.4963353305062,274.2930499549296,275.68280029296875,53937600
2022-12-07 00:00:00-05:00,274.4986223556348,276.55391803732823,272.84460110585906,274.5573425292969,45614300
2022-12-08 00:00:00-05:00,275.90791188562,278.7755226497414,273.8330531775481,277.8066101074219,42594900
2022-12-09 00:00:00-05:00,276.7887515955548,279.5585154089067,275.5947251546985,276.03515625,47860500
2022-12-12 00:00:00-05:00,276.21127717641207,279.55847536487875,275.17384794320157,279.4997253417969,35732500
2022-12-13 00:00:00-05:00,290.33413057877345,290.5592444878014,279.8228014323792,282.50445556640625,80667700
2022-12-14 00:00:00-05:00,281.91719443928423,285.2056731313244,277.160681704025,280.4100036621094,64984400
2022-12-15 00:00:00-05:00,276.31902495877455,276.9845700821237,269.8008463271276,270.994873046875,60554100
2022-12-16 00:00:00-05:00,270.31953645378024,271.8560874452993,266.80594357710976,268.4110412597656,68300400
2022-12-19 00:00:00-05:00,268.68084758857094,268.7691387222308,263.4027802656932,264.638916015625,44167900
2022-12-20 00:00:00-05:00,263.4714192377774,266.17913333023336,261.89193931007276,264.432861328125,51064200
2022-12-21 00:00:00-05:00,265.47276321661104,269.57355472006856,264.62904265474396,268.2687683105469,46394700
2022-12-22 00:00:00-05:00,265.2569715563839,265.38451316774433,257.48702282279595,261.70556640625,60278400
2022-12-23 00:00:00-05:00,260.4399248385618,262.9612361403146,258.5366812038642,262.2940979003906,39373600
2022-12-27 00:00:00-05:00,261.6859141666788,261.79384550184756,258.04621805429747,258.5857849121094,38009000
2022-12-28 00:00:00-05:00,258.1835139976111,260.43992202376086,254.80869212138504,255.1716766357422,47139000
2022-12-29 00:00:00-05:00,257.97752846222875,262.3334034752378,257.2809896473435,261.3916015625,45893600
2022-12-30 00:00:00-05:00,258.62507671655374,261.36222180165817,257.3202899566144,261.23468017578125,37858300
2023-01-03 00:00:00-05:00,263.55969075063524,265.0312691802193,257.16324062153893,259.4687194824219,42335300
2023-01-04 00:00:00-05:00,261.5878050240108,262.38245500821034,257.55566441960866,260.704833984375,47754900
2023-01-05 00:00:00-05:00,259.0370983373102,259.20386048845717,256.3097737127626,256.6236877441406,45396700
2023-01-06 00:00:00-05:00,258.36010113618534,264.825231498382,255.40712445327574,263.7068176269531,54659700
2023-01-09 00:00:00-05:00,265.6983935359543,270.0739085528397,264.80566224824554,265.4139099121094,45568700
2023-01-10 00:00:00-05:00,264.38387121125174,267.76851485693123,263.8737346072824,267.66058349609375,35247800
2023-01-11 00:00:00-05:00,268.72985154393996,272.3989774609644,267.9449917626651,272.2910461425781,44077000
2023-01-12 00:00:00-05:00,272.8502932331982,274.7927877956512,268.5532788594756,273.7626647949219,60600000
2023-01-13 00:00:00-05:00,271.2609656966435,275.89153383124483,270.9274115015277,275.6462707519531,44802900
2023-01-17 00:00:00-05:00,275.4500758501751,277.4906816399172,274.2826210808861,276.20550537109375,36269700
2023-01-18 00:00:00-05:00,277.74572238568624,279.2958018979134,272.4088250315882,272.6148376464844,47754500
2023-01-19 00:00:00-05:00,270.9863178139879,272.1243422859905,268.7004787039163,269.93658447265625,44150400
2023-01-20 00:00:00-05:00,271.54544027131476,277.65737616871854,270.4858871548425,277.3238220214844,60613600
2023-01-23 00:00:00-05:00,278.167576598982,284.7111786521675,277.3729266337747,283.48486328125,52799900
2023-01-24 00:00:00-05:00,281.86618418380607,284.06373214711186,281.34622756965445,282.9060974121094,44875100
2023-01-25 00:00:00-05:00,278.39320945144925,282.896236062252,275.85228750449124,282.2781982421875,50872000
2023-01-26 00:00:00-05:00,285.70209498809857,287.9585036418443,283.0532414038365,287.78192138671875,51596300
2023-01-27 00:00:00-05:00,286.467343534839,292.608742055595,286.3496220195724,290.6466369628906,56441900
2023-01-30 00:00:00-05:00,287.3796528484936,288.80219070771494,284.3972753111684,284.7700500488281,49405800
2023-01-31 00:00:00-05:00,284.8093552347855,289.1358004490428,284.70145382826416,289.0376892089844,46705100
2023-02-01 00:00:00-05:00,288.831631729578,297.68071332529627,286.76159566124306,295.2182922363281,67562200
2023-02-02 00:00:00-05:00,301.7422379154438,307.7364525973312,300.9181576449358,305.8135986328125,83070600
2023-02-03 00:00:00-05:00,299.1620753478888,306.47092658216013,298.7696604359694,300.3785705566406,76170800
2023-02-06 00:00:00-05:00,297.7591754783428,300.1136948707084,296.49360970345265,297.837646484375,40802300
2023-02-07 00:00:00-05:00,297.7102047614038,305.1367799080393,296.59182039911747,304.0085754394531,67584000
2023-02-08 00:00:00-05:00,302.6938758967984,303.6356776933816,297.9161561301726,298.6028747558594,56720900
2023-02-09 00:00:00-05:00,302.9881119144143,303.13526373423485,294.5118377600929,295.9637756347656,49137800
2023-02-10 00:00:00-05:00,293.8055296187177,295.85592516576196,291.61777238999366,294.0213623046875,50050100
2023-02-13 00:00:00-05:00,295.424356988804,299.31913678109805,294.24708196176414,298.7304992675781,39636700
2023-02-14 00:00:00-05:00,297.1509876493258,301.88945775685835,295.2084930417475,300.9378356933594,64079100
2023-02-15 00:00:00-05:00,299.1228543039255,303.4100482655992,298.4361356253388,303.2432861328125,43100600
2023-02-16 00:00:00-05:00,298.61271491031835,302.5859648965573,297.40600975851845,297.55316162109375,59498600
2023-02-17 00:00:00-05:00,295.36550524789766,296.2091960895314,292.451777909408,295.45379638671875,58230700
2023-02-21 00:00:00-05:00,291.6275800656275,293.0697279651219,288.3214390154632,288.4587707519531,46526700
2023-02-22 00:00:00-05:00,289.0376672323923,290.74468891009906,287.01670158610773,288.6746826171875,51389200
2023-02-23 00:00:00-05:00,292.3241575359496,292.48112949801686,287.00684085103126,291.1959533691406,69294400
2023-02-24 00:00:00-05:00,286.231899293611,287.41896448665875,284.55427789011435,286.3201904296875,74332000
2023-02-27 00:00:00-05:00,289.47913843428347,290.8722160742341,287.7819070065774,288.37054443359375,48995000
2023-02-28 00:00:00-05:00,287.7425975121591,290.5091718941764,287.4090433577746,287.9976806640625,48243100
2023-03-01 00:00:00-05:00,287.70339937074044,288.36068762810055,284.7013818083146,285.68243408203125,58287000
2023-03-02 00:00:00-05:00,283.1905919861252,288.85125360812066,282.90607840448746,288.0467834472656,53565900
2023-03-03 00:00:00-05:00,289.79301670471045,294.23718186541674,289.2828504119004,294.001708984375,60511500
2023-03-06 00:00:00-05:00,295.2379391313372,298.23995735961194,294.13916513136036,294.3353576660156,56736300
2023-03-07 00:00:00-05:00,294.3844034004965,295.3065950596229,290.11681943570414,290.7250671386719,65955800
2023-03-08 00:00:00-05:00,291.146939898782,292.77549064291287,289.2927662406376,292.17706298828125,50876300
2023-03-09 00:00:00-05:00,292.67735762881415,295.27717051410644,286.3005168477535,287.11480712890625,71456700
2023-03-10 00:00:00-05:00,287.2815444320978,288.7727631546609,281.9348271262649,283.0826416015625,98593600
2023-03-13 00:00:00-04:00,281.2971396240923,288.89047492289336,279.786310683679,285.1820983886719,97123600
2023-03-14 00:00:00-04:00,288.73348664656174,292.2848910178012,287.8897960785165,291.7355041503906,73602500
2023-03-15 00:00:00-04:00,289.12594882234004,293.599545439294,287.6838005748125,293.2659912109375,83631500
2023-03-16 00:00:00-04:00,292.35366392965665,301.3597192773482,291.55901374835145,300.9967346191406,98198100
2023-03-17 00:00:00-04:00,300.90840459728173,303.29235483313954,297.6218729463031,299.57415771484375,89923700
2023-03-20 00:00:00-04:00,298.9571102988408,300.9615338726046,296.74632519208114,300.6372985839844,56359500
2023-03-21 00:00:00-04:00,302.57298738561116,305.3831267141838,301.0598192933136,304.93115234375,49757000
2023-03-22 00:00:00-04:00,304.8623630714079,309.75557856492014,300.6176781701295,300.7846984863281,75791900
2023-03-23 00:00:00-04:00,304.51846019922783,308.6747169209865,301.6591745901483,304.3514099121094,74576000
2023-03-24 00:00:00-04:00,303.9288529962725,305.5697296883358,301.600164645963,305.47149658203125,57195200
2023-03-27 00:00:00-04:00,306.16916043212996,307.24999463812065,302.52383005099284,303.378662109375,50287400
2023-03-28 00:00:00-04:00,302.7989294937386,302.8284054254043,299.45816398128835,301.7672119140625,48585900
2023-03-29 00:00:00-04:00,305.4617563282987,307.8887085257983,304.646205395257,307.2696838378906,53274300
2023-03-30 00:00:00-04:00,309.74567539023667,310.80686887231343,307.35803503409534,310.1780090332031,58354800
2023-03-31 00:00:00-04:00,310.4040214976561,315.57235477434864,310.0994268734704,315.3365173339844,62138100
2023-04-03 00:00:00-04:00,313.21420687465223,314.8354733237728,311.88775975910704,314.5701599121094,47126800
2023-04-04 00:00:00-04:00,315.0122741072591,316.0243210555341,312.2905331988112,313.5089416503906,45875400
2023-04-05 00:00:00-04:00,312.5559079537238,313.4991679194973,308.5961471761474,310.4139099121094,62795700
2023-04-06 00:00:00-04:00,308.76318082870716,312.99806052865506,307.36794644197226,312.50677490234375,46916500
2023-04-10 00:00:00-04:00,309.57870772010875,312.3790415697629,307.7904209826378,312.32989501953125,45134700
2023-04-11 00:00:00-04:00,312.2906125041193,312.3495943669615,309.81454370686527,310.3254699707031,40113600
2023-04-12 00:00:00-04:00,312.2807337613539,312.87028237990893,307.12223582395177,307.58404541015625,62813300
2023-04-13 00:00:00-04:00,309.342853704932,314.0788537181018,308.16378634781455,313.60723876953125,54613800
2023-04-14 00:00:00-04:00,312.0547088207058,314.77641959580933,310.1092075173743,313.01763916015625,56278300
2023-04-17 00:00:00-04:00,312.60504344461145,313.6367612691698,310.53183245876653,313.28302001953125,43007000
2023-04-18 00:00:00-04:00,315.39549358382044,315.81802195370216,312.1039043269435,313.3026123046875,46746900
2023-04-19 00:00:00-04:00,310.8953715658276,314.2164671752397,310.7676325061279,313.1552734375,38960100
2023-04-20 00:00:00-04:00,310.18780386824886,313.70539442905545,309.48035163439545,310.76751708984375,62462100
2023-04-21 00:00:00-04:00,310.40407605124466,311.86809756580624,308.6256245513953,311.09185791015625,59002300
2023-04-24 00:00:00-04:00,310.86585776277883,312.2021401015281,308.2718555959959,310.443359375,44043100
2023-04-25 00:00:00-04:00,308.8122931475804,309.48043432872635,304.48898611246517,304.58721923828125,57121600
2023-04-26 00:00:00-04:00,307.97715342872493,309.45101039192303,305.9137476831083,306.43450927734375,55400500
2023-04-27 00:00:00-04:00,310.1977129113469,315.2677534758937,309.5590176982264,314.76666259765625,65430400
2023-04-28 00:00:00-04:00,314.5307387522474,317.02647709416095,313.4007882778048,316.93804931640625,59712600
2023-05-01 00:00:00-04:00,316.4762913457394,317.9894590891621,315.4937203409146,316.5745544433594,41013400
2023-05-02 00:00:00-04:00,316.5058341595277,316.83009945162763,312.07442839591636,313.8135986328125,56519400
2023-05-03 00:00:00-04:00,314.17709565364254,316.8496901296234,311.6518808391574,311.7599792480469,59882100
2023-05-04 00:00:00-04:00,311.5340186637454,312.68364014813113,309.62782815897486,310.6595458984375,50224500
2023-05-05 00:00:00-04:00,312.91947297286674,318.1172833774698,310.6988523113847,317.262451171875,51806100
2023-05-08 00:00:00-04:00,316.8006073328287,318.3923678179955,315.71977305719315,318.0484619140625,36465800
2023-05-09 00:00:00-04:00,316.3879214383984,317.2525888785496,315.7197802294426,316.0342102050781,31768800
2023-05-10 00:00:00-04:00,318.47096377915307,320.3280376891628,315.99489521816594,319.47320556640625,60446600
2023-05-11 00:00:00-04:00,320.02351532791806,321.05520329833075,318.4710357319131,320.5148010253906,44278500
2023-05-12 00:00:00-04:00,321.045269963454,321.4677983234003,317.31151179697923,319.3650817871094,48432800
2023-05-15 00:00:00-04:00,319.83670116748294,321.330198317674,318.31369810053747,321.0943908691406,33375600
2023-05-16 00:00:00-04:00,320.3771430453496,323.16764148062344,320.33783180381295,321.4579772949219,40019200
2023-05-17 00:00:00-04:00,322.51915867337476,325.9286819112278,321.3400912336349,325.3489685058594,47486100
2023-05-18 00:00:00-04:00,325.7420001513761,331.6079515358574,325.72235952182035,331.39178466796875,64213500
2023-05-19 00:00:00-04:00,331.608011864189,332.31546447092063,329.5839171810372,330.6451110839844,61554900
2023-05-22 00:00:00-04:00,330.38955227178974,332.76738767069196,330.37971696477655,331.7553405761719,43015900
2023-05-23 00:00:00-04:00,330.0358299758091,331.1854214014878,327.1961850279305,327.5498962402344,48216700
2023-05-24 00:00:00-04:00,325.5946017325634,327.10776972072495,323.8161503250398,325.8697204589844,62891200
2023-05-25 00:00:00-04:00,333.22919419234955,335.0665974450739,330.8022422525077,333.799072265625,66862800
2023-05-26 00:00:00-04:00,334.82093131914536,343.162950205455,334.72266821385983,342.3277587890625,63007000
2023-05-30 00:00:00-04:00,346.56267972749924,347.76141779152016,342.45553930603324,343.8802795410156,72652200
2023-05-31 00:00:00-04:00,342.2983696963661,344.48951455879416,340.4708014143021,341.92498779296875,65105400
2023-06-01 00:00:00-04:00,341.6694444870648,347.2012943506697,340.6180862593814,345.8748474121094,50488600
2023-06-02 00:00:00-04:00,347.6336805484104,349.62829889635873,345.8748996800786,348.4688720703125,53372100
2023-06-05 00:00:00-04:00,348.25269839960436,351.26919913842227,347.68282030519657,348.7145080566406,47266200
2023-06-06 00:00:00-04:00,348.1053715817715,349.6185398346118,346.7788942815536,348.6556091308594,41390400
2023-06-07 00:00:00-04:00,348.9405001234873,350.8958071324031,342.1116185813994,342.740478515625,69225900
2023-06-08 00:00:00-04:00,343.03523458791426,347.4568047564389,342.809262414588,346.9949951171875,47153900
2023-06-09 00:00:00-04:00,348.44927227253305,351.42646217495417,346.877152162206,348.321533203125,53196900
2023-06-12 00:00:00-04:00,349.98204800024035,354.305355405067,349.00931208022024,354.20709228515625,44606500
2023-06-13 00:00:00-04:00,356.9582479049561,357.76393338304973,353.75505666181834,356.92877197265625,57097800
2023-06-14 00:00:00-04:00,356.93856897675994,359.8076895917558,354.13826551644587,359.5227355957031,69525600
2023-06-15 00:00:00-04:00,358.25527243714697,365.2904858588163,357.6362777663679,363.80682373046875,71138800
2023-06-16 00:00:00-04:00,366.22391921096187,366.35165825781803,361.07525599467357,361.51739501953125,80932000
2023-06-20 00:00:00-04:00,360.0651728884419,362.397056132463,358.03830213467023,360.9998779296875,49204700
2023-06-21 00:00:00-04:00,359.8585372284782,360.2914640047926,355.1554054556322,356.0802917480469,53378300
2023-06-22 00:00:00-04:00,354.83069680412274,360.43901681980367,354.4272864301973,360.2816162109375,47603000
2023-06-23 00:00:00-04:00,356.38522040066624,359.01229681038444,355.0175888816136,356.7099304199219,48922900
2023-06-26 00:00:00-04:00,356.1786373877198,358.97296342588555,351.83955148925304,351.9281005859375,52685500
2023-06-27 00:00:00-04:00,353.4729120940555,358.70736854848366,352.7448216192728,357.979248046875,49428100
2023-06-28 00:00:00-04:00,356.15902609665824,360.62599693384084,356.080295758173,358.6778564453125,46498000
2023-06-29 00:00:00-04:00,358.38264216689817,359.0222135298197,356.3164363159426,357.9595642089844,46151000
2023-06-30 00:00:00-04:00,361.6394163650322,364.5321406265844,361.32458510548383,363.4793701171875,58712500
2023-07-03 00:00:00-04:00,364.1188942951923,364.96505018225037,363.0365774410757,364.3353576660156,19432900
2023-07-05 00:00:00-04:00,362.7709217894503,366.0276910481875,362.73155662470873,364.32550048828125,34460900
2023-07-06 00:00:00-04:00,360.6161373160052,361.99361781521185,358.6581182234109,361.55084228515625,49374700
2023-07-07 00:00:00-04:00,361.3245334383602,364.52226973044776,360.1241512291807,360.3504333496094,47133700
2023-07-10 00:00:00-04:00,360.0749747976582,361.14744286263704,357.565993456182,360.4685363769531,48498800
2023-07-11 00:00:00-04:00,360.89166814029903,362.70207554585426,358.7565506409738,362.2494812011719,38214100
2023-07-12 00:00:00-04:00,366.3523845998162,368.17264069428137,364.3451814994598,366.8246765136719,61975400
2023-07-13 00:00:00-04:00,370.0027017557936,373.8793447436065,369.4221931900927,373.0528564453125,46960000
2023-07-14 00:00:00-04:00,373.48574807980907,376.7031518701262,372.0984189151347,372.97412109375,55148500
2023-07-17 00:00:00-04:00,373.69243480663897,377.33294722080336,373.2103240915252,376.4572448730469,40868900
2023-07-18 00:00:00-04:00,375.8176530095486,380.90452691232883,373.88918038140724,379.536865234375,55262000
2023-07-19 00:00:00-04:00,380.5995015032938,381.7408509867263,378.12000675325004,379.44830322265625,54093000
2023-07-20 00:00:00-04:00,376.4571954822207,377.9232550597698,369.67800988298177,370.7012939453125,71941700
2023-07-21 00:00:00-04:00,373.08237777764356,373.8104982140494,369.15655080179084,369.5894775390625,60499600
2023-07-24 00:00:00-04:00,370.5635223180503,371.50807603161047,368.32018848158145,370.1798095703125,40380100
2023-07-25 00:00:00-04:00,370.8882841903377,374.35166830858134,370.86858659289726,372.6888427734375,38894400
2023-07-26 00:00:00-04:00,371.6458924939192,373.141438590873,369.14672978193954,371.4490966796875,47075700
2023-07-27 00:00:00-04:00,376.9098576612278,378.52346920353193,369.2746366303733,370.5635681152344,63940200
2023-07-28 00:00:00-04:00,374.61733480353865,378.3365476642343,374.1057076999371,377.31329345703125,56902900
2023-07-31 00:00:00-04:00,377.61825646242045,378.69072449832686,376.19156199597427,377.510009765625,44019900
2023-08-01 00:00:00-04:00,376.1620769587029,377.39197572985995,374.5681329555754,376.6343688964844,41060600
2023-08-02 00:00:00-04:00,373.1611883162685,373.1611883162685,367.12975909211053,368.3695068359375,72687100
2023-08-03 00:00:00-04:00,365.958857503539,369.90438254191486,365.79157805156945,367.77911376953125,47666400
2023-08-04 00:00:00-04:00,369.7075822366438,372.0197980045004,365.555442653565,366.0572509765625,61702800
2023-08-07 00:00:00-04:00,367.86762374671235,369.2549530766585,365.53574062735606,369.15655517578125,37230400
2023-08-08 00:00:00-04:00,366.6475447598164,366.6672123277019,362.88896744301724,366.017822265625,44726500
2023-08-09 00:00:00-04:00,366.3031915996586,366.4606222337156,361.23601504991956,361.9936218261719,51150900
2023-08-10 00:00:00-04:00,365.0044211596802,368.33989085090377,361.13762681764416,362.6626892089844,72035300
2023-08-11 00:00:00-04:00,360.1044536348334,362.08214015021474,358.8253711287267,360.3504333496094,48707200
2023-08-14 00:00:00-04:00,359.5534542433158,364.5124136009575,358.83521270778294,364.39434814453125,42130800
2023-08-15 00:00:00-04:00,363.42028192294197,364.21728388168873,359.8585001971934,360.527587890625,45539900
2023-08-16 00:00:00-04:00,359.98636681451353,361.5212777414886,356.6115325344863,356.7099304199219,53190500
2023-08-17 00:00:00-04:00,358.10714866014956,358.45152631342546,352.40043050549747,352.81365966796875,62604300
2023-08-18 00:00:00-04:00,349.54706796393924,353.6303257433368,349.0058945064905,352.37091064453125,61191400
2023-08-21 00:00:00-04:00,353.83692384755506,358.72700217281374,353.3744807454022,358.048095703125,50696500
2023-08-22 00:00:00-04:00,360.6555055081969,360.6653543070012,356.84774369729803,357.5364990234375,44530200
2023-08-23 00:00:00-04:00,358.7171345326046,364.26645146695137,358.5006711764388,363.1742858886719,51770600
2023-08-24 00:00:00-04:00,366.64752965497684,366.7458975171732,355.20454878191777,355.4111633300781,66842500
2023-08-25 00:00:00-04:00,356.24754426125236,359.85851002139935,352.8136466802501,358.1661682128906,69960500
2023-08-28 00:00:00-04:00,361.0884037220295,361.7968265629238,358.392475423515,360.86212158203125,40910000
2023-08-29 00:00:00-04:00,360.66532013496044,369.0975125611246,360.3406401002619,368.7432861328125,58492400
2023-08-30 00:00:00-04:00,368.8516030197843,371.38028235440765,367.84798630426843,370.79974365234375,41731500
2023-08-31 00:00:00-04:00,370.87845704471937,373.61375086117255,370.8095755033072,371.91156005859375,35730700
2023-09-01 00:00:00-04:00,374.28269263146836,374.7057704944691,370.03215635533934,371.51788330078125,39801200
2023-09-05 00:00:00-04:00,370.7111217591785,373.21028423077263,369.78623556953715,371.990234375,32344200
2023-09-06 00:00:00-04:00,371.21299961003615,371.5573773029651,366.7066633102977,368.7138366699219,42998700
2023-09-07 00:00:00-04:00,364.25658739214424,366.8541475571886,363.2136358180395,366.07684326171875,52060700
2023-09-08 00:00:00-04:00,366.0276900079968,368.82201616025327,365.6242796443045,366.5885009765625,35800100
2023-09-11 00:00:00-04:00,369.61896663053767,371.4195249524105,367.65112888881737,370.90789794921875,39936600
2023-09-12 00:00:00-04:00,369.23526587586855,370.88827258740463,366.5098211030943,366.795166015625,41391000
2023-09-13 00:00:00-04:00,367.0312741386667,369.79608390633206,365.899773384144,368.1922912597656,46300700
2023-09-14 00:00:00-04:00,369.94367941722965,372.18701344044155,367.8774736268473,371.2030944824219,48039400
2023-09-15 00:00:00-04:00,369.86507034504257,370.2684808205566,363.9123411646013,364.8470764160156,69811200
2023-09-18 00:00:00-04:00,363.9069387117155,366.34073749059183,363.621180779056,365.227294921875,36903500
2023-09-19 00:00:00-04:00,363.9069258548111,365.24697805528723,361.4238419640805,364.4488525390625,37621700
2023-09-20 00:00:00-04:00,365.5131061106414,365.8678152619394,359.11820769924856,359.1970520019531,45514200
2023-09-21 00:00:00-04:00,355.51187159540575,356.30016432410815,352.447468185274,352.6149597167969,69734800
2023-09-22 00:00:00-04:00,354.359006723338,356.49718479026586,352.3488980230887,352.6642150878906,51589700
2023-09-25 00:00:00-04:00,351.6986118611779,354.42803231885824,350.7132684630941,354.3393249511719,39168000
2023-09-26 00:00:00-04:00,351.75768571572956,352.29964255853133,348.03308934331926,349.0184326171875,53657700
2023-09-27 00:00:00-04:00,350.17125574053034,351.7478108048631,346.21015700673,349.83624267578125,56066000
2023-09-28 00:00:00-04:00,348.91986332461573,354.89107073347196,348.0626195587254,352.7627258300781,56453300
2023-09-29 00:00:00-04:00,356.24095102930545,357.6302884018586,351.78718099438146,353.01885986328125,64829600
2023-10-02 00:00:00-04:00,353.2849835180275,357.3642890085675,352.6740755034777,355.9651184082031,51625100
2023-10-03 00:00:00-04:00,353.52145870022036,355.7187850269011,348.1020706923418,349.7180480957031,60478500
2023-10-04 00:00:00-04:00,350.55552674978816,355.3245840567301,350.0924142597397,354.4772033691406,54786700
2023-10-05 00:00:00-04:00,354.46733754416096,354.87133184681437,349.934783079885,353.4327392578125,45897400
2023-10-06 00:00:00-04:00,350.4373310951315,360.54696275822704,349.64906850019884,359.3547058105469,75049100
2023-10-09 00:00:00-04:00,356.98986686898144,361.72936575371153,355.49215587280247,361.18743896484375,45304800
2023-10-10 00:00:00-04:00,361.52242014626063,365.8382282460928,361.0199155536051,363.1876525878906,46968800
2023-10-11 00:00:00-04:00,364.51790605468614,365.9663619214004,362.7935552643259,365.7791442871094,38215100
2023-10-12 00:00:00-04:00,366.2816620389047,368.2621815500544,362.1136492104433,364.5080261230469,49587900
2023-10-13 00:00:00-04:00,365.13865214466296,365.72000104859404,358.5269773449452,359.9261779785156,52469900
2023-10-16 00:00:00-04:00,361.2465200321077,365.0499604297053,361.0987245658137,363.9956359863281,44201100
2023-10-17 00:00:00-04:00,360.44845122100355,364.49822805710056,358.3299690163222,362.8034362792969,50999100
2023-10-18 00:00:00-04:00,360.31049708114347,362.5176564466025,356.7139699865063,358.044189453125,54280500
2023-10-19 00:00:00-04:00,359.46308875026443,360.655345729828,353.8959050901614,354.69403076171875,72274200
2023-10-20 00:00:00-04:00,354.19146355083643,354.7629794547473,349.17607019624336,349.4027099609375,72559700
2023-10-23 00:00:00-04:00,348.08238082629725,353.99444057612124,345.9737317484537,350.4570617675781,60665200
2023-10-24 00:00:00-04:00,352.27005134335946,354.63486897096254,350.57525986402453,353.8663024902344,47082100
2023-10-25 00:00:00-04:00,351.47187551591344,351.64923004681054,344.6237293379818,345.205078125,71190500
2023-10-26 00:00:00-04:00,344.0030433163217,344.93913146646247,337.33228009309397,338.6230773925781,78621400
2023-10-27 00:00:00-04:00,341.3524810806448,343.72716210384476,339.0369182513592,340.2489013671875,63476700
2023-10-30 00:00:00-04:00,342.73193313591645,345.4022350230032,341.37218469520366,344.0818786621094,55298500
2023-10-31 00:00:00-04:00,344.1114087821121,346.10179117581265,341.5396474517011,345.72735595703125,47671900
2023-11-01 00:00:00-04:00,346.5649900164811,352.28983289974474,346.4664496601005,351.7281799316406,58992700
2023-11-02 00:00:00-04:00,356.2410129874096,358.3496319411529,355.0191668891615,358.1131591796875,58162400
2023-11-03 00:00:00-04:00,359.40394905155324,363.6113538875242,359.17730927962293,362.320556640625,53280500
2023-11-06 00:00:00-05:00,363.08916607803803,364.3602674355303,361.53233679599015,363.7986145019531,38848700
2023-11-07 00:00:00-05:00,364.8430199017285,368.1045035244266,363.6408999815297,367.2374267578125,50777400
2023-11-08 00:00:00-05:00,367.611839886679,368.3114552322413,365.1879039548286,367.4739074707031,35663400
2023-11-09 00:00:00-05:00,368.1636480202756,369.30661967147313,364.15329397571884,364.6459655761719,53859400
2023-11-10 00:00:00-05:00,366.3703726487038,372.9918811822183,365.8382788185189,372.8440856933594,58309800
2023-11-13 00:00:00-05:00,371.26747762156936,372.7356293863506,369.74017759934657,371.6813049316406,40733500
2023-11-14 00:00:00-05:00,378.08603032361884,380.59867352227815,377.56379963116063,379.6822814941406,67792600
2023-11-15 00:00:00-05:00,381.57419300385976,382.0668646539616,378.60830004775363,379.96807861328125,54141400
2023-11-16 00:00:00-05:00,379.1994663227181,380.52968563166974,377.93822825333365,380.293212890625,45343500
2023-11-17 00:00:00-05:00,379.5640452781013,381.3967992648441,378.6575463743563,380.38189697265625,46571900
2023-11-20 00:00:00-05:00,380.3917383769215,385.6731936771707,380.3917383769215,385.01300048828125,44429600
2023-11-21 00:00:00-05:00,383.30836938457026,383.5251460922471,381.03222898910747,382.7762756347656,43337000
2023-11-22 00:00:00-05:00,384.8455522998127,387.30891062919636,383.3379782050416,384.343017578125,44121000
2023-11-24 00:00:00-05:00,383.9389883255665,384.5302002849697,382.805849611046,383.8010559082031,15718800
2023-11-27 00:00:00-05:00,383.3084059170349,385.4170249378711,382.58909448430353,383.466064453125,34139700
2023-11-28 00:00:00-05:00,382.71715962576826,385.05241822113135,382.362420433784,384.4710693359375,35491100
2023-11-29 00:00:00-05:00,386.934473278994,388.36323313049917,383.7518035091755,384.0966796875,38811700
2023-11-30 00:00:00-05:00,384.36266043959097,384.82577294425124,380.16511887488576,383.1309814453125,52834400
2023-12-01 00:00:00-05:00,382.0668577687091,384.81597394641676,380.4114882710684,384.2247619628906,40490100
2023-12-04 00:00:00-05:00,380.43119712616084,380.93373183962944,377.0514767703932,380.6578369140625,51186900
2023-12-05 00:00:00-05:00,378.75612737344005,382.8058739225098,378.57874272515113,381.6136169433594,42933000
2023-12-06 00:00:00-05:00,384.5498955042343,384.64843584230624,379.061556510073,379.4064025878906,41994100
2023-12-07 00:00:00-05:00,382.3821241267949,385.5352041703079,381.2883775917739,384.70751953125,49593500
2023-12-08 00:00:00-05:00,382.97341737689004,386.8655056109294,382.7861997326639,386.422119140625,46687500
2023-12-11 00:00:00-05:00,385.998334821996,389.9889928166888,385.7914211700645,389.7229309082031,41198000
2023-12-12 00:00:00-05:00,389.76237955300553,392.9450491247109,388.629240812153,392.8268127441406,39221200
2023-12-13 00:00:00-05:00,393.7628698170913,398.4333872596561,392.99430327502,397.8224792480469,55408100
2023-12-14 00:00:00-05:00,399.04432278440584,400.3449530293757,394.47231564117436,397.4776306152344,55447800
2023-12-15 00:00:00-05:00,398.25601558992724,400.58144122653687,397.6549706592437,399.3990173339844,62896600
2023-12-18 00:00:00-05:00,399.7919595715153,402.8131297549099,399.4661600981629,401.9146728515625,46610000
2023-12-19 00:00:00-05:00,402.36888315936517,404.0867952971535,402.1812915891065,403.96832275390625,35711900
2023-12-20 00:00:00-05:00,403.16860430932405,405.2616995946524,397.78774528609546,397.9654541015625,54042400
2023-12-21 00:00:00-05:00,401.8949646280869,402.96127778271716,399.3378317905533,402.595947265625,45568900
2023-12-22 00:00:00-05:00,403.8103398826286,404.76803309196526,401.3223261415251,403.1982116699219,34314000
2023-12-26 00:00:00-05:00,404.05721193539733,406.3378989802427,403.9584747640765,405.6665344238281,22722500
2023-12-27 00:00:00-05:00,405.9490452519644,406.77881943678676,405.08960720527585,406.4923400878906,31980500
2023-12-28 00:00:00-05:00,407.64806147854006,407.8950191252155,405.9391037109151,406.2947082519531,27029200
2023-12-29 00:00:00-05:00,406.2749991067649,406.6306338260502,402.62001354809854,404.5364074707031,42662100
2024-01-02 00:00:00-05:00,400.901215216287,401.14817289593526,395.3693571629253,397.6907653808594,58026900
2024-01-03 00:00:00-05:00,395.06310955186376,396.12009559564825,393.04795670596747,393.4825744628906,47002800
2024-01-04 00:00:00-05:00,391.61557604906113,394.7272364938344,391.2401955875345,391.45751953125,39432800
2024-01-05 00:00:00-05:00,391.62550732012187,394.69764643870457,390.52899952720855,391.9218444824219,44922800
2024-01-08 00:00:00-05:00,393.14668067053503,400.3084523351511,392.9985121136099,400.0220031738281,42473800
2024-01-09 00:00:00-05:00,397.01905052593867,401.74088018825046,396.82147232234684,400.81231689453125,39132900
2024-01-10 00:00:00-05:00,401.1284480923958,404.5364461618828,400.23940642845145,403.52886962890625,33962800
2024-01-11 00:00:00-05:00,404.8031476719886,406.1959925651025,399.32066924425925,404.3684997558594,54536200
2024-01-12 00:00:00-05:00,405.40570188156073,406.24536398225337,403.18308286889186,404.575927734375,39595000
2024-01-16 00:00:00-05:00,403.3411407940105,406.11694258110475,401.879140541304,404.5364074707031,43903000
2024-01-17 00:00:00-05:00,401.2271639757204,402.6298665315489,398.01671455845167,402.2544860839844,54386000
2024-01-18 00:00:00-05:00,405.5242294407698,408.54698883190395,404.1807942207987,407.96417236328125,59562500
2024-01-19 00:00:00-05:00,410.16707226895505,416.2125914446626,409.58425576240296,416.0545349121094,70325100
2024-01-22 00:00:00-05:00,418.2574182853022,419.5613621004465,415.99527744411733,416.5978698730469,44880600
2024-01-23 00:00:00-05:00,417.28929780686303,418.5438620366408,415.4519472523529,418.3265380859375,33003800
2024-01-24 00:00:00-05:00,422.23837238038595,424.6190480726647,420.1540338505478,420.64794921875,46948000
2024-01-25 00:00:00-05:00,423.1471402830395,423.81888806396256,418.820467179713,421.16162109375,44367200
2024-01-26 00:00:00-05:00,419.2748038944204,421.0232531271362,418.00049403535166,418.6524658203125,37137000
2024-01-29 00:00:00-05:00,419.1068791840833,423.137244927174,418.4549073684011,422.9396667480469,38694700
2024-01-30 00:00:00-05:00,421.9025030173065,422.47543156579263,419.21560227550077,420.1243896484375,36739000
2024-01-31 00:00:00-05:00,415.72853974147705,417.7239468242111,411.7179496692199,411.895751953125,64010600
2024-02-01 00:00:00-05:00,413.69360908615386,417.23991752552706,412.7255241901297,416.7460021972656,51008600
2024-02-02 00:00:00-05:00,418.64262610680913,425.0042580366374,417.6449376290023,423.78924560546875,59602400
2024-02-05 00:00:00-05:00,423.84853420729877,424.3819410907607,419.8280559423624,423.236083984375,39889200
2024-02-06 00:00:00-05:00,424.38194285431695,424.98453527196295,420.04538165211596,422.38653564453125,35846100
2024-02-07 00:00:00-05:00,425.1721511497163,427.56268420169533,423.86820758707535,426.73291015625,37712700
2024-02-08 00:00:00-05:00,426.8515066116603,428.28387317609645,426.1699311674683,427.52325439453125,29889900
2024-02-09 00:00:00-05:00,428.65924534950017,432.52166690474706,427.86899286829663,431.73138427734375,36943900
2024-02-12 00:00:00-05:00,431.6227715619253,433.79601127667587,429.3606306969624,430.042236328125,33203300
2024-02-13 00:00:00-05:00,422.08030471765994,426.0217396052204,420.15402277397357,423.3348388671875,64491700
2024-02-14 00:00:00-05:00,426.0118584018304,428.3727579939155,423.66081661689094,427.947998046875,45092700
2024-02-15 00:00:00-05:00,428.6395040700747,429.6866021844067,426.0809960674444,429.2223205566406,38796100
2024-02-16 00:00:00-05:00,429.59772780793963,429.69648676562633,424.6190524047314,425.3302917480469,53716500
2024-02-20 00:00:00-05:00,423.3347938450996,424.8461734653688,418.346261346787,422.1197814941406,53999500
2024-02-21 00:00:00-05:00,419.3835049137998,420.51953431757676,416.49905619784107,420.43060302734375,49779000
2024-02-22 00:00:00-05:00,429.20256278848717,433.7762238764086,428.4320560275247,432.739013671875,53887800
2024-02-23 00:00:00-05:00,434.29972972450184,435.228292926846,430.486717969249,431.46466064453125,39853900
2024-02-26 00:00:00-05:00,432.27472813436947,433.26255885215994,431.04979754489244,431.23748779296875,33043200
2024-02-27 00:00:00-05:00,432.3438440997313,432.65992698949185,429.7359567723681,432.2746887207031,33713200
2024-02-28 00:00:00-05:00,430.13104844864466,431.35597882805655,429.0147951055771,429.9729919433594,32938800
2024-02-29 00:00:00-05:00,432.89706552748044,434.73441618907316,429.7261072238398,433.6576843261719,42495200
2024-03-01 00:00:00-05:00,434.54669033889377,441.1453917460865,434.48742291248533,440.18719482421875,43853000
2024-03-04 00:00:00-05:00,440.18719371913676,440.6119838022622,438.36958897271137,438.6165466308594,34325700
2024-03-05 00:00:00-05:00,435.57409820043125,435.5839861548268,428.37280351125247,430.74359130859375,57917100
2024-03-06 00:00:00-05:00,434.9616055413098,436.61126586958386,431.5733535962779,433.4502258300781,46234500
2024-03-07 00:00:00-05:00,437.0360491430509,441.2837088767111,435.4950055955854,440.0291748046875,44526700
2024-03-08 00:00:00-05:00,440.38480818808466,443.1803859905229,433.00571154880004,433.67742919921875,72096000
2024-03-11 00:00:00-04:00,432.18579559632065,433.3217948100284,430.1409789239274,432.0672607421875,45860000
2024-03-12 00:00:00-04:00,434.3787885378619,438.6165603792511,431.14856297446795,438.2609558105469,55300900
2024-03-13 00:00:00-04:00,437.2632129690602,437.2829888748034,433.7761721257406,434.8924255371094,37928700
2024-03-14 00:00:00-04:00,436.12725598238745,436.6508050498592,431.079455553198,433.7959899902344,52195200
2024-03-15 00:00:00-04:00,430.76335642102964,433.5292704242378,427.47386318721965,428.6395263671875,73069800
2024-03-18 00:00:00-04:00,433.96405176519625,436.2489556354407,432.4902172279187,432.7276306152344,47323800
2024-03-19 00:00:00-04:00,430.71965347253405,434.2113053461235,428.6226579939233,433.8057556152344,43004100
2024-03-20 00:00:00-04:00,435.00266338011073,439.28561325633035,433.30134655328885,438.9493103027344,43653500
2024-03-21 00:00:00-04:00,444.00377042804644,444.4587649437248,440.82864947457784,441.0264587402344,39345700
2024-03-22 00:00:00-04:00,440.51210455310553,442.62884172673427,439.6614311607801,441.5309143066406,28253900
2024-03-25 00:00:00-04:00,438.7316504748345,441.4122331500876,437.73264275386543,439.92852783203125,27789200
2024-03-26 00:00:00-04:00,441.4518202950507,442.37174062409974,438.2766990543278,438.50421142578125,34142000
2024-03-27 00:00:00-04:00,441.5902677606485,441.68918748510794,437.12925080626644,439.99774169921875,41359200
2024-03-28 00:00:00-04:00,439.9483005564888,440.79897397057766,438.83057105161373,439.1866760253906,36839600
2024-04-01 00:00:00-04:00,440.13625746716383,442.6684455730439,438.2074283944994,440.1164855957031,38729000
2024-04-02 00:00:00-04:00,435.2993359937669,436.63467679175466,433.2716175055322,436.3181457519531,44259700
2024-04-03 00:00:00-04:00,434.1914896972789,439.17674771806725,434.1816188556079,437.2973937988281,39949800
2024-04-04 00:00:00-04:00,441.48147563512805,442.0947658921196,430.38335799892496,430.6108703613281,57267700
2024-04-05 00:00:00-04:00,432.0352324148125,438.35583196490023,431.2241328775379,435.6851501464844,54744600
2024-04-08 00:00:00-04:00,436.61485802349017,437.69301346257384,434.42887425015755,435.81365966796875,28144900
2024-04-09 00:00:00-04:00,438.1480760138876,438.42503314049435,432.6880511524698,437.426025390625,39443600
2024-04-10 00:00:00-04:00,432.25279752010994,434.46845437417477,431.5406177904376,433.60791015625,61502200
2024-04-11 00:00:00-04:00,435.4773555271637,441.4813926625698,433.20232288889565,440.5318298339844,45474600
2024-04-12 00:00:00-04:00,436.3082769159413,437.43587724458433,432.1341181408084,433.5090026855469,53665000
2024-04-15 00:00:00-04:00,437.2578557574557,437.3468744561604,425.5365774509986,426.3773498535156,63453600
2024-04-16 00:00:00-04:00,426.2190611910081,429.0480082692235,425.03211508664594,426.4169006347656,47619000
2024-04-17 00:00:00-04:00,428.39516274759995,428.41493461701685,420.2842287497744,421.2140197753906,56880500
2024-04-18 00:00:00-04:00,421.8569836696365,423.5879732317038,418.236739020357,418.8104553222656,46549400
2024-04-19 00:00:00-04:00,417.63337275699286,418.1576140935352,408.58277638390166,410.1455993652344,75231000
2024-04-22 00:00:00-04:00,412.77671832487005,416.6046733073807,409.44333179355846,414.27032470703125,47807700
2024-04-23 00:00:00-04:00,416.1991163771081,421.6492702748659,414.3197623321765,420.4524230957031,44384700
2024-04-24 00:00:00-04:00,423.5484749976912,425.06185339854517,419.5919270021446,421.8768310546875,48440300
2024-04-25 00:00:00-04:00,414.6857171994804,420.6996860627022,413.59769082942586,419.8391418457031,57392200
2024-04-26 00:00:00-04:00,422.9747359747383,427.8511738733555,422.2823582242487,426.3180236816406,41874900
2024-04-29 00:00:00-04:00,428.42488809783015,429.0480492004489,425.3091127708003,428.04901123046875,30022200
2024-04-30 00:00:00-04:00,426.4663972204679,427.86108396605516,419.8985434573329,419.9776611328125,43665900
2024-05-01 00:00:00-04:00,418.5532769953046,425.4673645155584,416.09033575149846,416.94097900390625,52251700
2024-05-02 00:00:00-04:00,420.6798568179414,423.1625997737883,416.0606049995212,422.2624816894531,36559000
2024-05-03 00:00:00-04:00,429.72058738697507,431.7384348809257,427.9203511932158,430.7492980957031,48515300
2024-05-06 00:00:00-04:00,432.5495329935745,435.5565174735854,431.7780074570127,435.4674987792969,30227200
2024-05-07 00:00:00-04:00,435.9126505391316,437.1688435542686,434.80479183797706,435.5367736816406,30996100
2024-05-08 00:00:00-04:00,432.9155500947103,436.684159179944,432.7968283132177,435.2795715332031,24896700
2024-05-09 00:00:00-04:00,435.54661913008255,436.8028422580396,433.69693803654405,436.2291259765625,24580100
2024-05-10 00:00:00-04:00,437.73263958289897,439.4834009785405,435.71479191286244,437.2578430175781,27116600
2024-05-13 00:00:00-04:00,439.1669029109842,439.2658226427781,436.8523260801147,438.26678466796875,22994200
2024-05-14 00:00:00-04:00,437.84144756940225,441.61995781366716,437.6535091414476,441.0858154296875,34478300
2024-05-15 00:00:00-04:00,443.5586593238126,448.22738676768705,442.04528105207277,447.9801025390625,41464700
2024-05-16 00:00:00-04:00,447.7921494818684,449.75065137557704,446.90193232511433,447.0700988769531,34780400
2024-05-17 00:00:00-04:00,447.1987128623173,447.8021021267529,444.65665372349514,446.8525390625,35803700
2024-05-20 00:00:00-04:00,447.07009790490423,450.6309665241783,446.88215948281277,449.96826171875,24474200
2024-05-21 00:00:00-04:00,448.11857455171366,451.03651019690585,447.92073510394465,450.84857177734375,23167700
2024-05-22 00:00:00-04:00,451.1057864827058,451.857540210049,448.1581475603907,450.75958251953125,25120000
2024-05-23 00:00:00-04:00,455.546948488236,455.5766213852706,446.9414763015437,448.7318115234375,40899200
2024-05-24 00:00:00-04:00,450.34411215761514,454.24131365132826,448.64279561626796,452.9752197265625,29669500
2024-05-28 00:00:00-04:00,454.19186344679855,454.7457776824367,451.7289222852623,454.6864318847656,26216800
2024-05-29 00:00:00-04:00,450.5320959428548,453.26209332010234,450.3936022845126,451.4816589355469,29739200
2024-05-30 00:00:00-04:00,450.55187839736584,450.69037205896115,445.31933550680014,446.644775390625,30536800
2024-05-31 00:00:00-04:00,446.8722569938479,447.5646648820336,438.2469822206981,445.8138732910156,55941300
2024-06-03 00:00:00-04:00,449.6319706436315,450.6309783922545,443.0344141981781,448.2076110839844,32997500
2024-06-04 00:00:00-04:00,447.9504376680651,450.63099030230364,446.22934906552973,449.43414306640625,23767400
2024-06-05 00:00:00-04:00,453.00490099928925,458.5737160540312,449.4736752346723,458.4945983886719,33817400
2024-06-06 00:00:00-04:00,459.17710658249314,459.4936376169888,457.16915999813136,458.3363342285156,21966800
2024-06-07 00:00:00-04:00,457.9703600587807,460.6805853594163,456.82295769418954,457.9307861328125,25829700
2024-06-10 00:00:00-04:00,456.8032358696626,460.13662257873057,456.5163777005726,459.780517578125,20660800
2024-06-11 00:00:00-04:00,458.5045681782186,463.0546043632941,457.0109616657925,462.9358825683594,22053300
2024-06-12 00:00:00-04:00,466.862728194943,471.3237453921932,466.17035045815595,468.999267578125,34532600
2024-06-13 00:00:00-04:00,472.53048823334285,473.1932232482495,469.26634848832265,471.5413513183594,25859000
2024-06-14 00:00:00-04:00,471.3434883571342,474.05374389556346,470.87859282283176,473.9844970703125,23372600
2024-06-17 00:00:00-04:00,474.2515381397125,481.57114467660335,472.94590045979214,479.79071044921875,37054500
2024-06-18 00:00:00-04:00,479.7412776538949,480.6215937616727,478.1784245124455,479.9390869140625,24438600
2024-06-20 00:00:00-04:00,481.13598584006996,481.55140643530837,474.4098367852232,476.23974609375,33918700
2024-06-21 00:00:00-04:00,475.96278303672466,477.2981238769037,473.4701689381695,474.9637451171875,37456800
2024-06-24 00:00:00-04:00,473.73725096126896,475.47099181592733,469.41777397286,469.55645751953125,37751000
2024-06-25 00:00:00-04:00,471.64687235329933,475.2233175695722,470.70568664689,474.9261169433594,29014700
2024-06-26 00:00:00-04:00,474.10382358424476,476.45182952740066,473.6877426969305,475.90692138671875,22737100
2024-06-27 00:00:00-04:00,475.65925957490293,478.6115836474214,474.8468708373985,477.1354064941406,26222100
2024-06-28 00:00:00-04:00,477.9279271409459,482.67343166507135,474.014614539721,474.6585693359375,34881600
2024-07-01 00:00:00-04:00,475.5799670851858,478.00718604712443,471.83508819375936,477.4425048828125,24898300
2024-07-02 00:00:00-04:00,475.9465095327891,482.5149149741949,475.81771252663776,482.4554748535156,26723600
2024-07-03 00:00:00-04:00,481.7025280801993,486.6065496921619,481.7025280801993,486.4777526855469,18064900
2024-07-05 00:00:00-04:00,487.31985444021234,491.986085268142,487.0226236059382,491.5501708984375,28495900
2024-07-08 00:00:00-04:00,491.9167358967407,493.27400238194434,490.89630684162825,492.7192077636719,22109400
2024-07-09 00:00:00-04:00,494.2349885715734,495.35449456674047,491.6294190927061,493.14520263671875,25614500
2024-07-10 00:00:00-04:00,495.0672133936126,498.84181247432565,493.7595004189231,498.2870178222656,28046900
2024-07-11 00:00:00-04:00,498.3960104304496,498.6040508659988,486.1706643474196,487.3594970703125,49966600
2024-07-12 00:00:00-04:00,487.934120777822,494.97804756604864,487.4684863179307,490.22265625,37109400
2024-07-15 00:00:00-04:00,491.99600089511654,496.3551448499589,489.49942500337625,491.540283203125,31151400
2024-07-16 00:00:00-04:00,492.99662197224063,493.80901063185854,488.56815140505716,491.728515625,25950600
2024-07-17 00:00:00-04:00,483.74340981561966,484.2585676332021,477.224557622275,477.29388427734375,56268800
2024-07-18 00:00:00-04:00,481.0189557238677,481.19727609369016,471.8449804007106,475.0350646972656,49347400
2024-07-19 00:00:00-04:00,474.69823041742177,477.2146398442787,469.53664478511604,470.8245544433594,42042900
2024-07-22 00:00:00-04:00,476.6895495582666,478.85920470287533,473.2715913896256,477.8387756347656,40300000
2024-07-23 00:00:00-04:00,476.9372401363334,479.92917053758373,475.67905054621997,476.1545715332031,23282500
2024-07-24 00:00:00-04:00,469.4177730491382,469.7843305630981,458.2128560235188,459.07476806640625,58818600
2024-07-25 00:00:00-04:00,459.4116141087208,463.5924076204099,451.39678130888416,454.0122375488281,59256800
2024-07-26 00:00:00-04:00,458.35151444667815,461.60103876896824,455.4982676790012,458.6685485839844,39992100
2024-07-29 00:00:00-04:00,461.3830856787975,463.56265759959666,457.3310894463461,459.58990478515625,28218500
2024-07-30 00:00:00-04:00,461.5218514548279,462.2252464673246,449.93054261059604,453.2791442871094,41317200
2024-07-31 00:00:00-04:00,463.5230477398301,468.39734966717026,462.076620963173,466.6933288574219,44552100
2024-08-01 00:00:00-04:00,467.37689795882113,471.1316633842162,451.74351079884156,455.3893127441406,56653900
2024-08-02 00:00:00-04:00,446.7008203668183,449.35591337831903,440.340454930092,444.5806884765625,66323200
2024-08-05 00:00:00-04:00,420.76401989618296,438.1807014186111,419.51574708871345,431.3249816894531,87483500
2024-08-06 00:00:00-04:00,433.1677010049891,442.91627380301435,430.5224947083419,435.4463195800781,63164400
2024-08-07 00:00:00-04:00,442.3416401709685,444.8283293708516,430.334252242324,430.73052978515625,54929200
2024-08-08 00:00:00-04:00,436.9621628383831,444.8184789180148,433.0884865440954,443.90704345703125,47890100
2024-08-09 00:00:00-04:00,442.58933486287685,447.8599140690418,441.4698288405631,446.2252502441406,33574000
2024-08-12 00:00:00-04:00,447.19619606278854,450.1484898369526,444.3825556071596,447.186279296875,27795000
2024-08-13 00:00:00-04:00,451.5850231776538,458.5497068481307,451.4463093931689,458.2821960449219,40084500
2024-08-14 00:00:00-04:00,459.2035379429091,460.7886481545662,454.1409992347584,458.4307861328125,34733700
2024-08-15 00:00:00-04:00,464.40482025936376,470.40851515300034,464.02834595348503,470.0122375488281,38280600
2024-08-16 00:00:00-04:00,468.22887332563755,471.98366882565296,467.2678844056032,470.6164855957031,38383600
2024-08-19 00:00:00-04:00,470.75522206656456,476.838159775864,468.9719276760101,476.79852294921875,23737700
2024-08-20 00:00:00-04:00,475.887072779306,478.4530054535782,474.1037784441942,475.79791259765625,29209300
2024-08-21 00:00:00-04:00,476.58054970811685,479.86971082600905,474.86664249742586,478.01708984375,25658800
2024-08-22 00:00:00-04:00,480.335406871414,481.0289153501266,469.4078864699155,470.438232421875,37739600
2024-08-23 00:00:00-04:00,474.7873956850109,478.25487736174836,470.8641963105765,475.54034423828125,36061500
2024-08-26 00:00:00-04:00,474.9954750129997,475.91682719058724,468.8431499287544,470.92364501953125,27452600
2024-08-27 00:00:00-04:00,469.28896037364865,473.400396779738,467.32734562030106,472.3304443359375,27510000
2024-08-28 00:00:00-04:00,471.86480810777596,472.5880063433666,463.5428583776521,466.970703125,37372400
2024-08-29 00:00:00-04:00,468.88276216101195,473.4895530413343,465.0090862780714,466.287109375,41081500
2024-08-30 00:00:00-04:00,470.62641796700854,472.4691222187162,466.13850734780476,471.844970703125,33466500
2024-09-03 00:00:00-04:00,468.8035075692745,468.9322743417684,455.1416220906215,457.5193176269531,44985200
2024-09-04 00:00:00-04:00,454.4084967487091,460.13479338816336,453.4772278978257,456.3304443359375,32505100
2024-09-05 00:00:00-04:00,454.7057556737919,461.03637108490403,453.6853265127626,456.75653076171875,34452400
2024-09-06 00:00:00-04:00,456.05304639419114,456.9347918889345,444.0258552322997,444.5212097167969,50624400
2024-09-09 00:00:00-04:00,448.8506537145908,451.2283494616286,445.6407659677918,450.2376403808594,32981200
2024-09-10 00:00:00-04:00,452.0010913798349,454.90389190042566,448.02836861259885,454.39862060546875,29680300
2024-09-11 00:00:00-04:00,455.6370151696974,465.0091145713216,447.08719099889396,464.2660827636719,57843000
2024-09-12 00:00:00-04:00,464.29578616525714,469.635722410282,462.51252198450715,468.8233337402344,40067800
2024-09-13 00:00:00-04:00,468.0902315957997,472.1025912298367,467.86235762577684,470.92364501953125,29111800
2024-09-16 00:00:00-04:00,468.79361628971213,469.4573744200276,465.524288528779,468.8431396484375,22585600
2024-09-17 00:00:00-04:00,471.8647931061313,473.1626194637402,466.59421402546843,469.0907897949219,30084400
2024-09-18 00:00:00-04:00,470.2895966560615,474.38119962315574,466.4555272479723,467.05987548828125,39909200
2024-09-19 00:00:00-04:00,478.12607832269657,481.7124704668982,476.0257799819862,478.8691101074219,52782500
2024-09-20 00:00:00-04:00,478.0072259983105,479.19608901693704,473.85615243309553,477.95770263671875,34577700
2024-09-23 00:00:00-04:00,479.135323893243,480.315926835132,477.7959811138323,479.224609375,24843000
2024-09-24 00:00:00-04:00,480.6333475885268,482.4885720219182,476.3772551624619,481.5361633300781,25952600
2024-09-25 00:00:00-04:00,480.91111874577587,483.9370455260504,480.7325477988355,481.98260498046875,26549900
2024-09-26 00:00:00-04:00,489.47297902508933,489.80038938586057,481.96276544725106,485.6037902832031,32020200
2024-09-27 00:00:00-04:00,486.6256530479584,486.76456175281504,481.72467055232573,482.9052734375,22851100
2024-09-30 00:00:00-04:00,481.94289313235436,484.55212398862665,479.1054983896482,484.2148132324219,30281100
2024-10-01 00:00:00-04:00,483.8478010651969,484.1454193353246,473.62913982724353,477.46856689453125,42735400
2024-10-02 00:00:00-04:00,476.5657209152366,480.05793653831387,473.9465894744548,478.1431884765625,23744000
2024-10-03 00:00:00-04:00,475.9506174766113,480.722621801194,475.2065415805555,477.7860107421875,25337200
2024-10-04 00:00:00-04:00,483.59977268614915,484.02636896280734,478.57974271825753,483.4707946777344,30686600
2024-10-07 00:00:00-04:00,481.55604432247213,482.72671654095666,477.0717272577596,478.2920227050781,24975100
2024-10-08 00:00:00-04:00,480.83175543826064,486.1196413389746,480.02815591476696,485.4350891113281,28272000
2024-10-09 00:00:00-04:00,485.1374857909003,489.8301353566888,484.09579164367744,489.25469970703125,24995000
2024-10-10 00:00:00-04:00,486.972850385422,490.5642516662164,485.66326961489864,488.6990966796875,25750400
2024-10-11 00:00:00-04:00,486.86377321706453,490.48496711592765,486.29829849674525,489.46307373046875,20644500
2024-10-14 00:00:00-04:00,491.85402746733337,494.8898548804224,491.34807641617016,493.57037353515625,26060100
2024-10-15 00:00:00-04:00,493.8977476785361,494.5624688319381,484.82002737514097,486.972900390625,34784500
2024-10-16 00:00:00-04:00,487.30026609568785,487.8062474023501,483.718795252719,487.03240966796875,22996800
2024-10-17 00:00:00-04:00,492.51875901205545,492.56835196515686,487.3102273222296,487.3697509765625,27210700
2024-10-18 00:00:00-04:00,490.1575049039297,491.65558736912976,489.4034983212025,490.56427001953125,25335000
2024-10-21 00:00:00-04:00,489.35393242594535,492.3104049952959,487.4292536147581,491.5068054199219,30336500
2024-10-22 00:00:00-04:00,488.8381040708334,493.520823605862,488.0840973640778,492.0425720214844,26685800
2024-10-23 00:00:00-04:00,489.69123319300365,490.3460236255654,481.2186803721017,484.5025329589844,39346600
2024-10-24 00:00:00-04:00,488.2229113611023,489.1058959697234,485.5740180882913,488.4312744140625,22024900
2024-10-25 00:00:00-04:00,491.2289913103662,496.32837561633085,490.52457767560117,491.4075622558594,38762100
2024-10-28 00:00:00-04:00,494.52276578852906,494.58228943962433,491.189320221086,491.4869384765625,20477800
2024-10-29 00:00:00-04:00,491.804448986959,497.3899840518489,489.949224432872,496.2093811035156,28014100
2024-10-30 00:00:00-04:00,495.4454629981242,496.39787173074626,491.9731085864843,492.459228515625,29756000
2024-10-31 00:00:00-04:00,488.49075862431425,488.5403515701429,479.92892103885026,480.02813720703125,41245200
2024-11-01 00:00:00-04:00,481.6651469129995,486.8736783677744,481.36752865476586,483.57989501953125,33655800
2024-11-04 00:00:00-05:00,482.9747116073583,485.5144882475446,480.42500426672166,482.1711120605469,23291600
2024-11-05 00:00:00-05:00,483.7584717889176,488.986864708101,483.66918631037436,488.3221435546875,24353600
2024-11-06 00:00:00-05:00,496.6062103649232,502.4100088623021,495.6538016210877,501.5865478515625,43082200
2024-11-07 00:00:00-05:00,504.3841975882403,510.26738017276097,504.3246739438424,509.48358154296875,32853100
2024-11-08 00:00:00-05:00,508.98757082027066,510.85272589475875,508.36254222865756,510.07891845703125,22924500
2024-11-11 00:00:00-05:00,511.2992862201701,511.50764931023565,506.88445322044754,509.7814025878906,24167500
2024-11-12 00:00:00-05:00,509.7118651333431,510.5947892022127,505.80295361288677,508.8586120605469,25835300
2024-11-13 00:00:00-05:00,508.35269682828596,510.9122744153452,505.9220366929146,508.203857421875,24567400
2024-11-14 00:00:00-05:00,507.8665643683169,508.739588052962,503.75925058094214,504.6719970703125,28679500
2024-11-15 00:00:00-05:00,498.9673849410941,499.35428866917067,490.58411760662926,492.647705078125,51461100
2024-11-18 00:00:00-05:00,494.1954094353085,498.17374520817333,492.80647371552027,496.0704650878906,27080800
2024-11-19 00:00:00-05:00,493.49100674201975,499.96942655752554,493.1536656807539,499.4832763671875,24523000
2024-11-20 00:00:00-05:00,499.18562594048456,499.5031055797306,492.6377521945281,499.195556640625,29565500
2024-11-21 00:00:00-05:00,502.2412988893756,502.9556129602977,493.62986778963904,500.99127197265625,34526700
2024-11-22 00:00:00-05:00,500.4357175118036,502.5290365817057,498.8086569561695,501.7948913574219,23826600
2024-11-25 00:00:00-05:00,505.8723839670451,507.41015895691515,500.2769490739955,502.5885314941406,26375200
2024-11-26 00:00:00-05:00,504.06681387960333,506.110570406728,503.2235519980058,505.287109375,26557100
2024-11-27 00:00:00-05:00,504.1561023396317,504.2255264165309,497.96536999082,501.3087463378906,24957400
2024-11-29 00:00:00-05:00,501.9337807222535,506.3089508903919,501.31868278834094,505.71368408203125,15334000
2024-12-02 00:00:00-05:00,506.97368662654696,512.1822183655047,506.586752593205,511.2198486328125,25147200
2024-12-03 00:00:00-05:00,509.890434903682,513.0651709231122,509.31499924035353,512.787353515625,18597900
2024-12-04 00:00:00-05:00,516.2101120920232,519.3848480945504,515.4957677287545,519.1268920898438,26086200
2024-12-05 00:00:00-05:00,519.1764451670765,519.9006596223231,517.3013594796879,517.6882934570312,18169600
2024-12-06 00:00:00-05:00,518.3530669746475,522.5595667910787,518.2240889616199,522.3214721679688,23762600
2024-12-09 00:00:00-05:00,521.3987891581372,522.1924580312864,517.102973878682,518.2538452148438,20674400
2024-12-10 00:00:00-05:00,519.4840803564292,521.2301883413037,515.0592867380795,516.4879150390625,24350000
2024-12-11 00:00:00-05:00,520.8531319621538,526.4188051823884,520.4463971119644,525.7342529296875,32168600
2024-12-12 00:00:00-05:00,523.5119196314856,524.7818381497026,521.8650583907863,522.3412475585938,23577500
2024-12-13 00:00:00-05:00,526.2699621617475,528.9585173420876,523.1348888305102,526.3394165039062,28780400
2024-12-16 00:00:00-05:00,528.8693668170654,534.8914288475645,528.7899817598816,533.9191284179688,31979900
2024-12-17 00:00:00-05:00,532.1233232086973,533.234471579217,529.9109571669914,531.5677490234375,28579100
2024-12-18 00:00:00-05:00,530.9230075449514,532.6393233284896,510.942073860317,512.3905029296875,54703200
2024-12-19 00:00:00-05:00,517.0733049842411,517.6388100200599,509.77145358160243,510.1087341308594,46441800
2024-12-20 00:00:00-05:00,506.4081888202465,520.674610325421,505.2672783831969,514.563232421875,60530000
2024-12-23 00:00:00-05:00,516.2773215508976,519.9540272324169,512.8788812504641,519.576416015625,29672800
2024-12-24 00:00:00-05:00,521.5241349732042,526.7112253012842,520.8881517500126,526.621826171875,17558200
2024-12-26 00:00:00-05:00,524.9921323134935,527.8937223215758,522.994783551006,526.2640380859375,19090500
2024-12-27 00:00:00-05:00,522.6967134646023,523.1339443647176,514.598025422934,519.2684326171875,33839600
2024-12-30 00:00:00-05:00,512.262836772703,516.0885615458353,508.6059938701245,512.3621826171875,34584000
