date,open,high,low,close,volume
2018-01-02 00:00:00-05:00,235.74363172394615,236.59739372242203,235.35635657862522,236.5621795654297,86655700
2018-01-03 00:00:00-05:00,236.72935188296796,238.2080506275682,236.72935188296796,238.05841064453125,90070400
2018-01-04 00:00:00-05:00,238.70099949537035,239.5459512266381,238.12008678620776,239.0618438720703,80636400
2018-01-05 00:00:00-05:00,239.8539988745469,240.77816225162655,239.36110815870046,240.6549530029297,83524000
2018-01-08 00:00:00-05:00,240.5581013991269,241.25343986955644,240.26765851734245,241.0950164794922,57319200
2018-01-09 00:00:00-05:00,241.517510954642,242.26565732120056,241.23585142785015,241.6407470703125,57254000
2018-01-10 00:00:00-05:00,240.88378200827157,241.53512299871895,240.21487423124526,241.27105712890625,69574300
2018-01-11 00:00:00-05:00,241.82557960963317,243.03140258789062,241.65834594076944,243.03140258789062,62361500
2018-01-12 00:00:00-05:00,243.29544343228133,244.78289892979492,242.99616342156756,244.61569213867188,90816100
2018-01-16 00:00:00-05:00,245.87430929487635,246.5256233589057,243.084172029904,243.77951049804688,106555100
2018-01-17 00:00:00-05:00,244.71249925191754,246.49042451957706,243.77952564150394,246.1031494140625,113258800
2018-01-18 00:00:00-05:00,245.98879788782554,246.41126036770294,245.19662701698726,245.68954467773438,100728000
2018-01-19 00:00:00-05:00,246.27036641848483,246.80728149414062,245.68948066001104,246.80728149414062,140920100
2018-01-22 00:00:00-05:00,246.59598789964468,248.81399536132812,246.54315325626433,248.81399536132812,91322400
2018-01-23 00:00:00-05:00,248.85801011915012,249.6325601354047,248.5323531487981,249.3421173095703,97084700
2018-01-24 00:00:00-05:00,249.98472803399878,250.58326130498125,248.06597267433622,249.24539184570312,134816100
2018-01-25 00:00:00-05:00,250.10789337376553,250.20469870958607,248.558793116429,249.35093688964844,84587300
2018-01-26 00:00:00-05:00,250.1871555817258,252.28195470890776,249.93189995130047,252.23793029785156,107743100
2018-01-29 00:00:00-05:00,251.66574349874924,252.10582629863956,250.40711313758834,250.56553649902344,90118300
2018-01-30 00:00:00-05:00,248.73489584632466,250.61843695887197,247.52026257180148,247.9955596923828,131796400
2018-01-31 00:00:00-05:00,248.84928127883944,249.35095536070756,247.0449253089572,248.1187286376953,108364800
2018-02-01 00:00:00-05:00,247.38823083343112,249.139752342768,247.04495324648897,247.83709716796875,90102500
2018-02-02 00:00:00-05:00,246.5167794628597,246.6488257966521,242.4064209854564,242.44163513183594,173174800
2018-02-05 00:00:00-05:00,240.68130277048735,242.79369491479542,231.75641037059222,232.30210876464844,294681800
2018-02-06 00:00:00-05:00,228.7903023920032,237.38072927764424,227.69890538491987,236.8790283203125,355026800
2018-02-07 00:00:00-05:00,236.32448933195957,239.72191602483426,235.5147250731593,235.59396362304688,167376100
2018-02-08 00:00:00-05:00,235.89325141817721,236.03408117347925,226.72191170053435,226.7571258544922,246449500
2018-02-09 00:00:00-05:00,229.5472489990059,232.0205129539918,222.6115510503879,230.1633758544922,283565300
2018-02-12 00:00:00-05:00,232.2141689797888,235.01311709321766,230.30422392491064,233.54322814941406,143736000
2018-02-13 00:00:00-05:00,232.33739453996532,234.66982881131727,231.7564818205949,234.12413024902344,81223600
2018-02-14 00:00:00-05:00,232.63660055946704,237.64474568212884,232.62779030685115,237.28387451171875,120735700
2018-02-15 00:00:00-05:00,239.02667178606794,240.3205167977766,236.5621910272961,240.31170654296875,111200300
2018-02-16 00:00:00-05:00,239.68682926153446,242.3273274564706,239.64280484196354,240.38214111328125,160420100
2018-02-20 00:00:00-05:00,239.4315841383835,240.87506944165008,238.084931074013,238.8770751953125,86369700
2018-02-21 00:00:00-05:00,239.3170325117325,241.7991060668732,237.59191537562756,237.688720703125,98883700
2018-02-22 00:00:00-05:00,238.6129835706596,240.32929097882283,237.3279488630217,237.99685668945312,110511300
2018-02-23 00:00:00-05:00,239.22029018931661,241.7903594970703,238.7449930968572,241.7903594970703,92766400
2018-02-26 00:00:00-05:00,242.8641557031754,244.69491570673415,242.2744596276138,244.59808349609375,86491400
2018-02-27 00:00:00-05:00,244.7829187706097,245.4958778415357,241.4822967371023,241.54391479492188,99099200
2018-02-28 00:00:00-05:00,242.64412865675416,243.09302186073816,238.78021432655427,239.09706115722656,121907800
2018-03-01 00:00:00-05:00,238.88578392318158,240.43488420283526,234.12408410220073,235.62037658691406,176855100
2018-03-02 00:00:00-05:00,233.94806390250494,237.39832573097647,233.08551859078392,236.8350067138672,139083200
2018-03-05 00:00:00-05:00,235.6467497620305,240.18840755846762,235.5411073253965,239.57228088378906,97307400
2018-03-06 00:00:00-05:00,240.54928102610876,240.6285195783346,238.68333399355848,240.17962646484375,79213200
2018-03-07 00:00:00-05:00,238.01449598620087,240.44373582436765,237.82085839629667,240.0916748046875,87063500
2018-03-08 00:00:00-05:00,240.76932595718998,241.37664246291007,239.7747612399278,241.25343322753906,66901200
2018-03-09 00:00:00-05:00,242.66167225220462,245.4517822265625,242.344798661436,245.4517822265625,113625300
2018-03-12 00:00:00-04:00,245.7423167630409,246.36722699736953,244.75650844539223,245.14378356933594,71924800
2018-03-13 00:00:00-04:00,246.30560716082977,246.80730813965732,242.95217743587503,243.5594940185547,91968900
2018-03-14 00:00:00-04:00,244.5188714747904,244.70369878146147,241.7551646864321,242.3096466064453,105895100
2018-03-15 00:00:00-04:00,242.82015876545825,243.4626626446098,241.54390753995625,242.0456085205078,83433000
2018-03-16 00:00:00-04:00,242.5731714551364,243.3596693637448,242.25505565037898,242.30807495117188,100343700
2018-03-19 00:00:00-04:00,241.5569109929973,242.4847756433966,237.3770433606268,239.029541015625,109208400
2018-03-20 00:00:00-04:00,239.42723539305518,240.07233951458812,238.75562162094462,239.4360809326172,59757300
2018-03-21 00:00:00-04:00,239.39185251338063,241.4861955710921,238.76443954354212,238.9765167236328,78709600
2018-03-22 00:00:00-04:00,236.74961765474657,237.59795331535972,232.72880812684755,233.00277709960938,148785900
2018-03-23 00:00:00-04:00,233.44464923481146,233.771610570164,227.84202490130033,228.03643798828125,183534800
2018-03-26 00:00:00-04:00,231.6418870783982,234.55805609934146,229.23824688504877,234.2752685546875,141956100
2018-03-27 00:00:00-04:00,235.21205195547876,235.74224499591256,228.73458164104392,230.28988647460938,129941400
2018-03-28 00:00:00-04:00,230.42242836273297,232.0926172982425,228.50480702582675,229.6094207763672,146452300
2018-03-29 00:00:00-04:00,230.7494126132141,234.40790666269632,229.6182890991537,232.54330444335938,111601600
2018-04-02 00:00:00-04:00,232.0130331334397,232.52558895343842,225.0495580668502,227.52389526367188,186286300
2018-04-03 00:00:00-04:00,228.76108647586676,230.91729468859214,226.96719481188146,230.44009399414062,119956900
2018-04-04 00:00:00-04:00,226.88763069202741,233.6125052626878,226.75508245525387,232.9055633544922,123715300
2018-04-05 00:00:00-04:00,234.6640811810207,235.62732788506736,233.5771587564757,234.74363708496094,82652600
2018-04-06 00:00:00-04:00,232.7819206539907,234.27533379736204,227.9923030419464,229.5122528076172,179521200
2018-04-09 00:00:00-04:00,230.97034824673102,234.03675757195995,229.70667639270897,230.6433868408203,105442900
2018-04-10 00:00:00-04:00,233.5330469478276,235.09719751911547,232.3931047987183,234.31069946289062,103529000
2018-04-11 00:00:00-04:00,232.8260584961061,234.743679746807,232.75537508521705,233.08233642578125,91140200
2018-04-12 00:00:00-04:00,234.4079115432017,235.9455254387368,234.23116253465432,234.99996948242188,68890500
2018-04-13 00:00:00-04:00,236.3078500612923,236.42273422394206,233.30330559064134,234.31069946289062,85079200
2018-04-16 00:00:00-04:00,235.94548491535662,237.00592484828672,235.12365879979507,236.23709106445312,63405300
2018-04-17 00:00:00-04:00,238.00443144378508,239.36532282768732,237.49190264543654,238.76441955566406,64682000
2018-04-18 00:00:00-04:00,239.20631965807513,239.74535822498413,238.48168656357623,238.94122314453125,57303900
2018-04-19 00:00:00-04:00,238.28726367597648,238.4905223067502,236.58174658331473,237.6156768798828,77655900
2018-04-20 00:00:00-04:00,237.54493017642025,237.76585288421933,234.7171087293506,235.60079956054688,99953100
2018-04-23 00:00:00-04:00,236.17531609521794,236.73204585987767,234.48746268595818,235.56556701660156,65558000
2018-04-24 00:00:00-04:00,236.59058307701824,236.81150581015282,230.89076577490286,232.39305114746094,112885500
2018-04-25 00:00:00-04:00,232.33117921342284,233.40928319691392,230.5107781054454,232.96743774414062,103840900
2018-04-26 00:00:00-04:00,233.9925689185512,236.16644142701392,233.5507233779955,235.3357696533203,67731900
2018-04-27 00:00:00-04:00,235.9454514886593,236.2459031345323,234.619915244341,235.55662536621094,57053600
2018-04-30 00:00:00-04:00,236.17520579011554,236.731935294756,233.67434578801672,233.74505615234375,82182300
2018-05-01 00:00:00-04:00,233.1794895687467,234.26643897285976,231.62418511436118,234.160400390625,74203400
2018-05-02 00:00:00-04:00,233.96606511885076,234.7790458316721,232.19868291240678,232.58750915527344,86368900
2018-05-03 00:00:00-04:00,231.75680484646094,232.7288433491431,228.9201373860479,232.07492065429688,136311500
2018-05-04 00:00:00-04:00,231.10288831433,235.75995770217375,230.7759269200338,235.07949829101562,91222100
2018-05-07 00:00:00-04:00,235.84832249995793,236.84687075534896,235.15901757631318,235.8748321533203,55304900
2018-05-08 00:00:00-04:00,235.50367003813554,236.23712175990264,234.3106817006053,235.8748321533203,67499200
2018-05-09 00:00:00-04:00,236.54636971982185,238.48165491620054,236.0249953336343,238.15469360351562,59666100
2018-05-10 00:00:00-04:00,238.89696721028608,240.70854952792098,238.79092862937145,240.38156127929688,72063900
2018-05-11 00:00:00-04:00,240.505332872426,241.38017828562056,239.99277701782748,241.11508178710938,59871500
2018-05-14 00:00:00-04:00,241.5480657283191,242.20198836008126,240.68203894368625,241.22994995117188,54790600
2018-05-15 00:00:00-04:00,240.00163399076862,240.01929810214165,238.62307819662107,239.56863403320312,87036100
2018-05-16 00:00:00-04:00,239.6039808016906,241.0355558477446,239.5774441834004,240.57601928710938,53942600
2018-05-17 00:00:00-04:00,240.31095314555378,241.45092218362453,239.59516553209602,240.37281799316406,56536400
2018-05-18 00:00:00-04:00,240.02817433458355,240.39049092487784,239.4184253128825,239.7718963623047,64368000
2018-05-21 00:00:00-04:00,241.25654536464714,242.1137269152695,240.8677190756154,241.5746612548828,58025900
2018-05-22 00:00:00-04:00,242.09595749896323,242.35223541747547,240.5760080340291,240.90296936035156,52966400
2018-05-23 00:00:00-04:00,239.6304765758288,241.59227148003484,239.47139171583964,241.56573486328125,64694200
2018-05-24 00:00:00-04:00,241.1680971017814,241.4420391350856,239.28583108913134,241.0708770751953,76043800
2018-05-25 00:00:00-04:00,240.49642944335938,241.12384231755013,239.99271924932825,240.49642944335938,56374800
2018-05-29 00:00:00-04:00,238.87046799840775,239.63045614166222,236.61706715123918,237.73049926757812,115908600
2018-05-30 00:00:00-04:00,239.03839445916907,241.3448148214591,238.96771105135883,240.90296936035156,69678400
2018-05-31 00:00:00-04:00,240.49651999924623,240.79697172773785,238.82635789555584,239.42726135253906,93519900
2018-06-01 00:00:00-04:00,240.72629848815825,242.0783448076039,240.65558809722202,241.77789306640625,71258400
2018-06-04 00:00:00-04:00,242.5997810747195,243.18302059188778,242.36119412283583,242.92674255371094,45385200
2018-06-05 00:00:00-04:00,243.0591623128724,243.48334363778017,242.2903555730624,243.10336303710938,51135000
2018-06-06 00:00:00-04:00,243.7131954532173,245.2419639185261,243.09460084664707,245.13592529296875,62732200
2018-06-07 00:00:00-04:00,245.6219003146421,245.91350645027276,244.19914391979617,245.10934448242188,72969400
2018-06-08 00:00:00-04:00,244.64984175340834,245.88700367386923,244.48193831762,245.833984375,72139700
2018-06-11 00:00:00-04:00,246.0549263597859,246.87675252466192,245.94004221387883,246.1609649658203,58892500
2018-06-12 00:00:00-04:00,246.57628852029868,246.8413850221631,245.8339913469702,246.47909545898438,72329000
2018-06-13 00:00:00-04:00,246.71769650737758,246.9739744526654,245.48935305247187,245.69261169433594,79070600
2018-06-14 00:00:00-04:00,246.5587117756602,246.8414724884736,245.71919427543313,246.311279296875,77097600
2018-06-15 00:00:00-04:00,245.52650527534564,246.33427828335442,244.4169314328949,245.99696350097656,120041600
2018-06-18 00:00:00-04:00,244.54121078049525,245.61529785717133,244.06189434330213,245.4910125732422,52917600
2018-06-19 00:00:00-04:00,243.21862106184778,244.77202466352017,242.80142015383026,244.55010986328125,97531500
2018-06-20 00:00:00-04:00,245.2335415022571,245.63299888683773,244.62993988532875,244.96725463867188,53785500
2018-06-21 00:00:00-04:00,244.95838476265965,244.97615528081644,242.93452320471235,243.43161010742188,71061400
2018-06-22 00:00:00-04:00,244.69208545289305,244.80748545823238,243.65351249404213,243.87542724609375,54898500
2018-06-25 00:00:00-04:00,242.72150867695257,242.88128081499514,238.86907139864692,240.5556182861328,137854200
2018-06-26 00:00:00-04:00,241.12370974663938,241.9403408769516,240.36919416007444,241.08819580078125,68547400
2018-06-27 00:00:00-04:00,241.67403316486272,243.10315106426856,238.94002844283239,239.0909423828125,105110700
2018-06-28 00:00:00-04:00,239.03770220338833,241.2213357813261,238.3275587424145,240.4579620361328,76650500
2018-06-29 00:00:00-04:00,241.54979912275832,242.91680177360362,240.68876867952034,240.80416870117188,97592500
2018-07-02 00:00:00-04:00,239.23296243372596,241.4787384011984,238.99327719000505,241.31893920898438,63554800
2018-07-03 00:00:00-04:00,242.2155014070091,242.31315798114133,240.0407531607095,240.46681213378906,42187100
2018-07-05 00:00:00-04:00,241.59419894270374,242.49071624932256,240.52011188401102,242.42857360839844,56925900
2018-07-06 00:00:00-04:00,242.45524880932732,244.8519124147663,242.07353476250805,244.47911071777344,66493700
2018-07-09 00:00:00-04:00,245.48205972164303,246.7336620303323,245.43768761200442,246.68040466308594,50550400
2018-07-10 00:00:00-04:00,247.13315571604667,247.66575655603182,246.84021306391304,247.56809997558594,51966800
2018-07-11 00:00:00-04:00,246.0146766095031,246.8047060907769,245.45544712755907,245.7572479248047,77054700
2018-07-12 00:00:00-04:00,247.01780626494482,248.03860894847847,246.41420449771564,247.9853515625,60124700
2018-07-13 00:00:00-04:00,247.80777090580222,248.48237331413685,247.35505615464416,248.18057250976562,48216000
2018-07-16 00:00:00-04:00,248.22493207070815,248.36693364721475,247.51478874218458,247.9586181640625,48201000
2018-07-17 00:00:00-04:00,247.18638258473862,249.35227253462637,247.13312521623325,248.96170043945312,52315500
2018-07-18 00:00:00-04:00,249.0416440665278,249.5919883944477,248.59781450024312,249.4854736328125,44593500
2018-07-19 00:00:00-04:00,248.81975837777637,249.201445348002,248.06524260902577,248.54458618164062,61412100
2018-07-20 00:00:00-04:00,248.3403841175709,248.97064160173855,248.10072590548324,248.260498046875,82337700
2018-07-23 00:00:00-04:00,248.0563777829698,248.92626647417546,247.71017768725454,248.7221221923828,47047600
2018-07-24 00:00:00-04:00,250.13341674844273,250.8169043704597,249.10372914190762,249.97361755371094,68026900
2018-07-25 00:00:00-04:00,249.72504243612434,252.42353281795852,249.68067033106541,252.10398864746094,78882900
2018-07-26 00:00:00-04:00,251.38497342649512,252.19271906525444,251.2873168758302,251.5092315673828,57919500
2018-07-27 00:00:00-04:00,251.83772754225907,251.93538411873658,248.88183498872385,249.8050079345703,76768700
2018-07-30 00:00:00-04:00,249.88486779932234,250.04463990131578,247.97637947622283,248.5001220703125,63742500
2018-07-31 00:00:00-04:00,249.2635094920372,250.33756924478948,248.88182264202132,249.72508239746094,68570500
2018-08-01 00:00:00-04:00,249.92924867985008,250.43522077645216,248.659902898579,249.30787658691406,53853300
2018-08-02 00:00:00-04:00,248.00306905621076,250.8346764359806,247.79889772747592,250.66604614257812,63426400
2018-08-03 00:00:00-04:00,250.79031061862074,251.79336968061608,250.61276797272257,251.7401123046875,53935400
2018-08-06 00:00:00-04:00,251.77565566455615,252.97397385214276,251.38508346931644,252.66331481933594,39400900
2018-08-07 00:00:00-04:00,253.32901985532757,253.8793641115752,253.19584933141965,253.49765014648438,43196600
2018-08-08 00:00:00-04:00,253.32902825337575,253.7906012053874,252.92957084681646,253.39114379882812,42114600
2018-08-09 00:00:00-04:00,253.45335963961256,253.84393189997337,252.9119004677377,253.0450439453125,35717000
2018-08-10 00:00:00-04:00,251.6069312347668,252.14839017212856,250.6393591752967,251.34950256347656,77076000
2018-08-13 00:00:00-04:00,251.62465763749628,252.2371444168388,250.11562674275706,250.4085693359375,65732900
2018-08-14 00:00:00-04:00,251.13653533173775,252.2461092546333,250.74596314374196,252.0064239501953,43842000
2018-08-15 00:00:00-04:00,250.65720419863487,250.79923291848888,248.686599730624,250.12460327148438,102925400
2018-08-16 00:00:00-04:00,251.5625792532371,253.018353155352,251.52706530486208,252.1484375,69967900
2018-08-17 00:00:00-04:00,251.9442870366462,253.4799471329589,251.53597140871622,253.03611755371094,65618500
2018-08-20 00:00:00-04:00,253.48877385282518,253.84383201638548,253.03605911799497,253.57754516601562,39807500
2018-08-21 00:00:00-04:00,254.09241617817474,255.03333265260636,253.6130726814549,254.17230224609375,67272000
2018-08-22 00:00:00-04:00,253.76391839237363,254.5450625208637,253.49760448173464,254.02134704589844,44993300
2018-08-23 00:00:00-04:00,253.84382361860813,254.70485385858763,253.36448021459879,253.68405151367188,49204900
2018-08-24 00:00:00-04:00,254.261013918595,255.35284410240035,254.20775655247763,255.2108154296875,57487400
2018-08-27 00:00:00-04:00,256.40917185937667,257.33234482639574,256.24939973697053,257.225830078125,57072400
2018-08-28 00:00:00-04:00,257.68741586376615,257.7939577065519,256.8885281227042,257.3501281738281,46943500
2018-08-29 00:00:00-04:00,257.5631772420402,258.9656667527116,257.32351902828185,258.7348937988281,61485500
2018-08-30 00:00:00-04:00,258.2555538204787,258.62835549143284,257.0927225076336,257.68743896484375,61229500
2018-08-31 00:00:00-04:00,257.27908823769684,258.1401185744521,256.790886610231,257.6962890625,66140800
2018-09-04 00:00:00-04:00,257.27903957078377,257.60746901323,256.24935204712614,257.2524108886719,57594400
2018-09-05 00:00:00-04:00,256.8973427625893,257.1015140436307,255.54811110611712,256.5600280761719,72452400
2018-09-06 00:00:00-04:00,256.66653905478404,256.96833979896434,254.75807803438673,255.7877655029297,65909900
2018-09-07 00:00:00-04:00,254.74045760923735,256.2672325805828,254.50077227813136,255.29080200195312,73524800
2018-09-10 00:00:00-04:00,256.3027222309289,256.56903625847275,255.53934828156608,255.73463439941406,50210900
2018-09-11 00:00:00-04:00,255.08652888454353,257.02161874815994,254.7403560065421,256.5777893066406,50530500
2018-09-12 00:00:00-04:00,256.5866962429352,257.2435552033378,255.84995122701346,256.63995361328125,59810800
2018-09-13 00:00:00-04:00,257.7051188124591,258.3442342555749,257.4210614845859,258.1578063964844,51034200
2018-09-14 00:00:00-04:00,258.3620120999993,258.548412894725,257.4210957791152,258.2022399902344,55079900
2018-09-17 00:00:00-04:00,258.1489192375227,258.1844060826232,256.56000252044703,256.8351745605469,68244000
2018-09-18 00:00:00-04:00,257.04837133519743,258.82368995702524,257.0217426394385,258.2289733886719,61930400
2018-09-19 00:00:00-04:00,258.2821745760306,258.9212902243807,258.1578892967261,258.50408935546875,49080600
2018-09-20 00:00:00-04:00,259.7645329642432,260.9184787850341,258.52178873975845,260.5989074707031,100360600
2018-09-21 00:00:00-04:00,261.3416596599288,261.45758204644017,260.200313965692,260.3608093261719,105479700
2018-09-24 00:00:00-04:00,259.7813150054989,259.9239866684046,258.9163867572712,259.4959716796875,53409600
2018-09-25 00:00:00-04:00,259.9507564276149,260.0577533802823,259.0145058799359,259.2552490234375,44370000
2018-09-26 00:00:00-04:00,259.39779647019435,260.58371507676577,258.0602807787188,258.4793701171875,79739700
2018-09-27 00:00:00-04:00,258.95193064011346,260.28944619075577,258.67551293659324,259.20159912109375,59249500
2018-09-28 00:00:00-04:00,258.57752029215237,259.7277917564604,258.5418727887045,259.22845458984375,70091400
2018-10-01 00:00:00-04:00,260.46784283610697,261.1990247523705,259.4602703458394,260.1290283203125,62078900
2018-10-02 00:00:00-04:00,259.97747802734375,260.69080911051776,259.6029887328202,259.97747802734375,47258200
2018-10-03 00:00:00-04:00,261.0295876624094,261.448677055501,259.7634212147403,260.1200866699219,64694600
2018-10-04 00:00:00-04:00,259.63860706605675,259.69210553069195,256.4999125561794,258.08709716796875,111545900
2018-10-05 00:00:00-04:00,258.30997967842393,258.82714050010605,255.2158585929535,256.6425476074219,105951700
2018-10-08 00:00:00-04:00,255.95593872277664,256.9992130580816,254.5738498970342,256.6425476074219,87742200
2018-10-09 00:00:00-04:00,256.2591681367459,257.56990772534647,255.7063053186593,256.26806640625,74339000
2018-10-10 00:00:00-04:00,255.75973706603548,255.83108647445613,247.77924314698828,248.1537322998047,214731000
2018-10-11 00:00:00-04:00,247.06586985379727,248.68872864724938,241.07379887259498,242.68775939941406,274840500
2018-10-12 00:00:00-04:00,246.78956549462055,247.07490881808016,242.86619003848062,246.05841064453125,183186500
2018-10-15 00:00:00-04:00,245.70163179290182,247.03024927204768,244.58703533727837,244.67620849609375,102263700
2018-10-16 00:00:00-04:00,246.6378981861361,250.4007767416327,246.16531039841902,250.02626037597656,118255800
2018-10-17 00:00:00-04:00,250.06196685381698,250.69505007361667,247.49393205394864,250.07089233398438,110626000
2018-10-18 00:00:00-04:00,249.13459571750118,249.73203139427414,245.18447238743,246.45956420898438,134557500
2018-10-19 00:00:00-04:00,247.11056242456397,249.04548714557046,245.63037467389387,246.3258819580078,139901600
2018-10-22 00:00:00-04:00,246.99464419352634,247.31563500155545,244.6852029518663,245.22021484375,82415800
2018-10-23 00:00:00-04:00,241.60000952677385,245.0953697990402,239.51346040293703,243.9718475341797,146352700
2018-10-24 00:00:00-04:00,243.72213512158604,244.1055770269243,236.02698317460644,236.57981872558594,177806700
2018-10-25 00:00:00-04:00,238.4167363242791,242.36686115191208,237.39131263295704,240.82424926757812,138061500
2018-10-26 00:00:00-04:00,237.11488929847306,241.64459895888504,233.87809566701173,236.58877563476562,201574600
2018-10-29 00:00:00-04:00,239.68285758734302,240.9758006122715,231.70236173875418,235.27796936035156,160749100
2018-10-30 00:00:00-04:00,235.10848928879474,239.0764356577013,234.61805060601563,238.76434326171875,157116000
2018-10-31 00:00:00-04:00,241.33241420076962,243.63295647681852,240.8598264017095,241.31459045410156,128296300
2018-11-01 00:00:00-04:00,242.17961366233064,244.07889108510727,241.09176602736096,243.88272094726562,99495000
2018-11-02 00:00:00-04:00,244.98832474567004,245.4163396224673,240.38726686446276,242.43814086914062,122634100
2018-11-05 00:00:00-05:00,242.92857618600445,244.32851613775983,241.956651152827,243.7756805419922,65622500
2018-11-06 00:00:00-05:00,243.71318368453908,245.47868687033352,243.6507597587035,245.3181915283203,60085900
2018-11-07 00:00:00-05:00,247.49390862324185,250.65045336689656,247.0658937931748,250.57020568847656,102752100
2018-11-08 00:00:00-05:00,249.76771131269436,250.75748724948596,248.97413267896457,250.115478515625,65584900
2018-11-09 00:00:00-05:00,248.80469199431192,248.99193658998522,246.26340649142955,247.67227172851562,98812600
2018-11-12 00:00:00-05:00,247.16407054496352,247.40481365630885,242.52733699522076,243.04452514648438,99673600
2018-11-13 00:00:00-05:00,243.50813288464084,245.50548118361553,241.86745003736456,242.58970642089844,98176600
2018-11-14 00:00:00-05:00,244.4623252215636,244.8635637999173,239.37085392940523,240.93128967285156,125335900
2018-11-15 00:00:00-05:00,239.6649613893908,243.9093529433486,238.0867027743603,243.44566345214844,135101400
2018-11-16 00:00:00-05:00,242.34892538585214,244.9882819690097,241.83173743188132,244.0787811279297,126668000
2018-11-19 00:00:00-05:00,243.47251856087186,243.76678736008276,239.03198224402044,239.95040893554688,103061700
2018-11-20 00:00:00-05:00,236.6154672493297,238.0778310334612,234.6448681024103,235.50979614257812,136021300
2018-11-21 00:00:00-05:00,237.061353202817,238.2116247297562,236.30344914168026,236.31234741210938,75563700
2018-11-23 00:00:00-05:00,234.67160011270744,236.13396378953615,234.5735286819056,234.73402404785156,42807900
2018-11-26 00:00:00-05:00,236.98999557113535,238.7466009692611,236.59765537578926,238.523681640625,79981400
2018-11-27 00:00:00-05:00,237.48933403239405,239.32618713378906,236.88299998591717,239.32618713378906,75502400
2018-11-28 00:00:00-05:00,240.396225565942,244.83676147460938,239.26377788494935,244.83676147460938,127629600
2018-11-29 00:00:00-05:00,244.06095703708348,245.70163980786214,242.91961131776668,244.30172729492188,82346400
2018-11-30 00:00:00-05:00,244.1501041474499,246.3525476690746,243.82911345368706,245.79078674316406,98204200
2018-12-03 00:00:00-05:00,249.91935540908307,250.0263523495367,247.44941866082354,249.04550170898438,103176300
2018-12-04 00:00:00-05:00,248.21618372563074,248.64419858808955,240.6636765731652,240.97576904296875,177986000
2018-12-06 00:00:00-05:00,237.1148392029293,240.7261213773136,234.01179240772498,240.61019897460938,204185400
2018-12-07 00:00:00-05:00,240.27139029923381,241.84075126834617,234.1812454855948,235.01942443847656,161018900
2018-12-10 00:00:00-05:00,234.84105545903276,236.43716550863462,230.60558811608786,235.46524047851562,151445900
2018-12-11 00:00:00-05:00,238.66638860838694,238.85363325284783,234.04750596611032,235.51876831054688,121504400
2018-12-12 00:00:00-05:00,238.49685410654146,239.86111886140665,236.62432691841863,236.70457458496094,97976700
2018-12-13 00:00:00-05:00,237.6498437028021,238.51477184325688,235.5098234495447,236.62442016601562,96662700
2018-12-14 00:00:00-05:00,234.47545576293268,235.42955700710894,231.70235241482038,232.25518798828125,116961100
2018-12-17 00:00:00-05:00,231.3011010050752,232.41569770152586,226.06695927243624,227.69873046875,165492300
2018-12-18 00:00:00-05:00,229.33941606115198,230.00817404669752,225.8440290168278,227.4490509033203,134515100
2018-12-19 00:00:00-05:00,227.52926190448613,231.3010525250624,222.33970784860364,224.0428009033203,214992800
2018-12-20 00:00:00-05:00,222.79450353410618,224.3638507742223,218.1488585473539,220.39588928222656,252053400
2018-12-21 00:00:00-05:00,221.2972864799225,223.96103454003133,215.2343385006495,215.88009643554688,255345600
2018-12-24 00:00:00-05:00,214.39124202550883,216.00563669064812,210.11311326960217,210.17588806152344,147311600
2018-12-26 00:00:00-05:00,211.63780135232858,220.79498291015625,209.65568091550543,220.79498291015625,218485400
2018-12-27 00:00:00-05:00,217.55726318862372,222.68742954792995,214.31950984244187,222.49012756347656,186267300
2018-12-28 00:00:00-05:00,223.84437908980937,225.47670135459668,221.03712692857448,222.2030792236328,153100200
2018-12-31 00:00:00-05:00,223.82645885131,224.3915003778305,221.95197382206396,224.1493377685547,144299400
2019-01-02 00:00:00-05:00,220.61561100863256,225.3063260642124,220.58870557266602,224.3825225830078,126925200
2019-01-03 00:00:00-05:00,222.63360250759496,222.93855359314486,218.54381198522043,219.02813720703125,144140700
2019-01-04 00:00:00-05:00,222.0596066578405,227.0104124077604,221.68291684980105,226.36465454101562,142628800
2019-01-07 00:00:00-05:00,226.63367752908553,229.55751518261582,225.73679330201114,228.1494140625,103139100
2019-01-08 00:00:00-05:00,230.33787517212102,230.77733980190953,227.8086544085286,230.2930145263672,102512600
2019-01-09 00:00:00-05:00,231.0015672871316,232.21236682399817,229.77283991391428,231.36929321289062,95006600
2019-01-10 00:00:00-05:00,229.83563750113174,232.43659715362483,229.15399650240835,232.1854705810547,96823900
2019-01-11 00:00:00-05:00,231.10918026804572,232.30205192325036,230.52621084525182,232.275146484375,73858100
2019-01-14 00:00:00-05:00,230.37370700114573,231.6652226884312,229.97012545558084,230.8580322265625,70908200
2019-01-15 00:00:00-05:00,231.23472891177062,233.81776021044035,231.22575130966445,233.50384521484375,85208300
2019-01-16 00:00:00-05:00,233.93433888012572,234.95680020292303,233.72807299168477,234.0688934326172,77636700
2019-01-17 00:00:00-05:00,233.1989036905895,236.70572470971874,233.1540430515914,235.84469604492188,96118400
2019-01-18 00:00:00-05:00,237.65645419931408,239.4502231203334,235.880613114038,238.98382568359375,127900300
2019-01-22 00:00:00-05:00,237.512948644322,237.72819215552116,234.14065432491404,235.75503540039062,115531200
2019-01-23 00:00:00-05:00,236.78647293735455,237.4860417151032,233.78190454892763,236.2483367919922,86030300
2019-01-24 00:00:00-05:00,236.0689029622403,236.9568370088599,235.05541934958248,236.37384033203125,59204100
2019-01-25 00:00:00-05:00,238.22144949546475,239.19907756601734,236.4725413588362,238.37393188476562,96883400
2019-01-28 00:00:00-05:00,236.2303825110158,236.62498644464915,234.7953620742769,236.56222534179688,85613700
2019-01-29 00:00:00-05:00,236.70575662116138,237.27077083451346,235.41424082058828,236.2483367919922,66136300
2019-01-30 00:00:00-05:00,237.764071126748,240.83140059178444,237.00171387664844,239.9883270263672,92473700
2019-01-31 00:00:00-05:00,239.92548769174795,242.58025711157353,239.71021688368006,242.09593200683594,104012100
2019-02-01 00:00:00-05:00,242.29334754787808,243.23509271610658,241.42336846884933,242.21263122558594,85782500
2019-02-04 00:00:00-05:00,242.25736953247116,243.97939917852275,241.58470640632694,243.91661071777344,60744800
2019-02-05 00:00:00-05:00,244.34715526397238,245.24403954335247,243.8449022571784,244.93910217285156,79552800
2019-02-06 00:00:00-05:00,244.6611173589182,245.15439285929028,243.88083226488828,244.6162567138672,58347800
2019-02-07 00:00:00-05:00,243.00184405429718,243.54893036100768,240.625106039328,242.2843475341797,95482000
2019-02-08 00:00:00-05:00,241.03771034218343,242.6789969406424,240.21256455574564,242.58035278320312,75788900
2019-02-11 00:00:00-05:00,243.23508259502825,243.49515938801105,242.185715707408,242.71487426757812,68021400
2019-02-12 00:00:00-05:00,244.32919394491842,246.21262877689057,244.2574278847918,245.83595275878906,72270200
2019-02-13 00:00:00-05:00,246.67008408505103,247.47727446830802,246.24854737579935,246.6342010498047,65277200
2019-02-14 00:00:00-05:00,245.5490677386686,247.21728734814707,244.73289945805635,246.0872039794922,83234400
2019-02-15 00:00:00-05:00,247.86293690858662,248.80468186464043,247.65667103278165,248.768798828125,97088700
2019-02-19 00:00:00-05:00,247.97056799727545,249.85400303103305,247.96159039611473,249.1992950439453,59120800
2019-02-20 00:00:00-05:00,249.1635238889427,250.1590800890733,248.66127067165527,249.70166015625,76610800
2019-02-21 00:00:00-05:00,249.0647861823057,249.4235344355389,247.85398687824858,248.81365966796875,64214700
2019-02-22 00:00:00-05:00,249.4324908366338,250.5535962624302,248.7957106185881,250.35630798339844,78114600
2019-02-25 00:00:00-05:00,251.78231687361028,252.30249767796232,250.6163509654497,250.6970672607422,69030700
2019-02-26 00:00:00-05:00,250.34738149887136,251.39672106406434,250.1410882049369,250.51779174804688,56844100
2019-02-27 00:00:00-05:00,249.80020834065053,250.7598811219917,248.8674683645355,250.4101104736328,56921600
2019-02-28 00:00:00-05:00,250.1948368364919,250.63432875589552,249.6208451168797,249.94371032714844,69268300
2019-03-01 00:00:00-05:00,251.52223081073174,251.91686208537593,250.06928264987644,251.50430297851562,78880500
2019-03-04 00:00:00-05:00,252.56260326501933,252.80475215233454,248.29342559486247,250.58944702148438,106494600
2019-03-05 00:00:00-05:00,250.71511574681074,250.91243144340865,249.7016318220463,250.24871826171875,59114600
2019-03-06 00:00:00-05:00,250.36526150543068,250.3742391075912,248.41006018612026,248.73292541503906,75039800
2019-03-07 00:00:00-05:00,248.28453071144233,248.4280355197575,245.8091480375507,246.6522216796875,94885100
2019-03-08 00:00:00-05:00,244.79568083107918,246.32934580769265,244.32931070032558,246.158935546875,85795800
2019-03-11 00:00:00-04:00,246.8763993919627,249.88991772435608,246.849493955807,249.72848510742188,65098900
2019-03-12 00:00:00-04:00,250.2845885402205,251.19045065167552,250.0962504574032,250.6702423095703,79667500
2019-03-13 00:00:00-04:00,251.5580690118337,253.26214337368611,251.39660906772014,252.32937622070312,80639200
2019-03-14 00:00:00-04:00,252.3563525815843,252.77788933327716,251.7285499406143,252.1680145263672,67518400
2019-03-15 00:00:00-04:00,252.72023115792376,254.22461004945322,252.53103603472826,253.4138641357422,81309000
2019-03-18 00:00:00-04:00,253.6300981714098,254.6300393757013,253.40488940816354,254.33274841308594,62199800
2019-03-19 00:00:00-04:00,255.39570823440198,256.16139589718296,253.50394946882147,254.39576721191406,90268100
2019-03-20 00:00:00-04:00,254.17955894218778,255.38667431548166,252.52202615387543,253.63003540039062,84609200
2019-03-21 00:00:00-04:00,252.81030916798105,256.9000796525872,252.76525093004852,256.4947204589844,79550400
2019-03-22 00:00:00-04:00,255.13449792626113,255.65697014672995,251.49511671277395,251.5581817626953,122659300
2019-03-25 00:00:00-04:00,251.2158645009245,252.40497335776593,250.10785499044835,251.3690185546875,85575200
2019-03-26 00:00:00-04:00,253.125593361551,254.19758910713398,251.83740603410251,253.24270629882812,68125900
2019-03-27 00:00:00-04:00,253.23374488985834,253.81930970512812,250.36909583442437,251.9185333251953,72224700
2019-03-28 00:00:00-04:00,252.54907992827737,253.32378477778863,251.39601230929048,252.8733673095703,56238500
2019-03-29 00:00:00-04:00,254.38677789026698,254.79213709615857,253.26073427729185,254.4678497314453,82186800
2019-04-01 00:00:00-04:00,256.4677058809414,257.78291713150287,256.19743891736897,257.4856262207031,77617900
2019-04-02 00:00:00-04:00,257.67482041149606,257.84598124041696,256.81901626689137,257.61175537109375,40070400
2019-04-03 00:00:00-04:00,258.82786619830597,259.224235717059,257.4135489378142,258.0171203613281,68243200
2019-04-04 00:00:00-04:00,258.34142325877013,258.95398437326423,257.64779030482515,258.7017517089844,48997500
2019-04-05 00:00:00-04:00,259.36835085576655,260.00793582463683,259.0800771405904,259.9538879394531,58621700
2019-04-08 00:00:00-04:00,259.5305822634568,260.26025645144784,258.87296278297543,260.15216064453125,53566300
2019-04-09 00:00:00-04:00,259.1881932281539,259.51248056467637,258.26935161671037,258.81884765625,66142300
2019-04-10 00:00:00-04:00,259.2332694125867,259.791810186664,258.818893023963,259.70172119140625,52601500
2019-04-11 00:00:00-04:00,260.188182537175,260.19719968513976,259.0621386937665,259.6296691894531,55093100
2019-04-12 00:00:00-04:00,261.24215460241066,261.66554815952185,259.67471047201315,261.38629150390625,69727800
2019-04-15 00:00:00-04:00,261.4583339542193,261.5574400967974,260.4133620858321,261.2151184082031,49596700
2019-04-16 00:00:00-04:00,262.0979588640087,262.15200676565667,260.7917370944754,261.38629150390625,52153200
2019-04-17 00:00:00-04:00,262.50322370313506,262.53024764423844,260.33220879685194,260.7466125488281,58268300
2019-04-18 00:00:00-04:00,261.3321834981804,261.53036825574327,260.0349791743683,261.2601013183594,68708500
2019-04-22 00:00:00-04:00,260.4943943046953,261.63844452957363,260.4043053322833,261.48529052734375,40160100
2019-04-23 00:00:00-04:00,261.8546696519358,264.07074319403506,261.62047128318324,263.8365173339844,52246600
2019-04-24 00:00:00-04:00,263.7554113001675,264.08871575545896,263.10680918752394,263.2509460449219,50392900
2019-04-25 00:00:00-04:00,263.151932239352,263.74648667544756,261.8997858066131,263.0888671875,57770900
2019-04-26 00:00:00-04:00,263.1338429715897,264.3859890119185,262.3591107705115,264.3139343261719,50916400
2019-04-29 00:00:00-04:00,264.40404516990714,265.2508321267672,264.3139561868012,264.72833251953125,57197700
2019-04-30 00:00:00-04:00,264.3859925010435,265.1517075672727,262.9717027806485,264.8634338378906,81111700
2019-05-01 00:00:00-04:00,265.4940523837412,265.7012542994581,262.86360248304516,262.87261962890625,71671900
2019-05-02 00:00:00-04:00,262.75559336209204,263.6744628214465,260.8097861138976,262.30517578125,65030200
2019-05-03 00:00:00-04:00,263.7824949736138,265.1517541920076,262.4132082639191,264.87249755859375,56543700
2019-05-06 00:00:00-04:00,260.56651379565,264.2239015566236,260.25121605943474,263.7825012207031,107198100
2019-05-07 00:00:00-04:00,261.377204151244,261.97175840097896,257.46758453143724,259.3773498535156,144729900
2019-05-08 00:00:00-04:00,259.0170593261719,260.72864014867525,258.4225049894771,259.0170593261719,91568300
2019-05-09 00:00:00-04:00,256.94515008492795,258.83688139411777,255.20651782330074,258.23333740234375,103471100
2019-05-10 00:00:00-04:00,257.2964675787668,260.2872461358025,254.30568902173113,259.5305480957031,112429300
2019-05-13 00:00:00-04:00,254.41381166197624,255.3776841385173,252.17071400422503,253.00848388671875,127290500
2019-05-14 00:00:00-04:00,254.02640467494984,256.82801528908266,253.90030209434335,255.2965850830078,77003200
2019-05-15 00:00:00-04:00,253.66600357344205,257.4314854826764,253.45880172522786,256.7919006347656,73956400
2019-05-16 00:00:00-04:00,257.4946294219541,260.5304384583781,257.4225747303499,259.1701965332031,76749600
2019-05-17 00:00:00-04:00,256.8641218949481,259.98100350122996,256.846087599335,257.49468994140625,100353000
2019-05-20 00:00:00-04:00,255.8912387080266,257.6028200496014,255.04445144059238,255.7921600341797,62877600
2019-05-21 00:00:00-04:00,257.4856778560646,258.4766019386151,257.23344513426133,258.0982666015625,46847100
2019-05-22 00:00:00-04:00,257.14333727037746,258.2603637668367,256.82803955212853,257.30548095703125,49482500
2019-05-23 00:00:00-04:00,255.0803864030303,255.12541714671232,252.74722755959448,254.1615447998047,98733800
2019-05-24 00:00:00-04:00,255.6028919720907,256.01729582994847,254.11651984904475,254.73809814453125,55268100
2019-05-28 00:00:00-04:00,255.01738417734387,255.97226710547216,252.35092019830472,252.36892700195312,70029400
2019-05-29 00:00:00-04:00,251.2518863252841,251.65724556949357,249.2700383825875,250.6753387451172,104972900
2019-05-30 00:00:00-04:00,251.4320400543578,252.26983748575273,250.26096556764537,251.3599853515625,62523800
2019-05-31 00:00:00-04:00,248.81063679481224,249.63938959568011,247.94581540525135,247.97283935546875,86862800
2019-06-03 00:00:00-04:00,248.0088483932753,249.12587484626778,246.0089938617991,247.3422393798828,96428000
2019-06-04 00:00:00-04:00,249.639346792,252.84631662733304,249.18892937140495,252.71119689941406,77231900
2019-06-05 00:00:00-04:00,254.3326771964583,254.92723146390156,252.52201794105454,254.90020751953125,71169700
2019-06-06 00:00:00-04:00,255.19749740805958,257.2333653557435,254.54889525439398,256.5577392578125,69430400
2019-06-07 00:00:00-04:00,257.5757458007118,260.2061961055513,257.4045849508437,259.12518310546875,74272200
2019-06-10 00:00:00-04:00,260.6745984921607,261.9808201331554,260.2241810285488,260.31427001953125,60799100
2019-06-11 00:00:00-04:00,262.1339317774846,262.50327737561093,259.60258797515644,260.2511901855469,58641300
2019-06-12 00:00:00-04:00,260.01698727953396,260.57550049432666,259.2782960961573,259.7917785644531,47096300
2019-06-13 00:00:00-04:00,260.7017173359757,261.22421717908406,259.99906693662774,260.8638610839844,48945200
2019-06-14 00:00:00-04:00,260.5755615234375,261.1791056260825,259.80984621456577,260.5755615234375,52324700
2019-06-17 00:00:00-04:00,260.8096802680297,261.44027562181344,260.5033997363136,260.674560546875,39205700
2019-06-18 00:00:00-04:00,262.4942892335855,264.4581026767264,262.1339332880597,263.40411376953125,85434800
2019-06-19 00:00:00-04:00,263.5392835877693,264.5302076436877,262.56639382733385,263.99871826171875,78674400
2019-06-20 00:00:00-04:00,266.6831672665671,266.9263827888443,264.06173445016157,266.52099609375,116570000
2019-06-21 00:00:00-04:00,266.251288502116,267.50952485915224,265.9163628738044,266.13360595703125,83309500
2019-06-24 00:00:00-04:00,266.34178300435536,266.6585865868795,265.65380982514523,265.8077087402344,47582700
2019-06-25 00:00:00-04:00,265.8620215575545,265.8891769398379,263.0920620646163,263.20068359375,82028700
2019-06-26 00:00:00-04:00,264.0968777608522,264.6037967215319,262.8295803591529,262.9382019042969,51584900
2019-06-27 00:00:00-04:00,263.6985816288529,264.377493914319,263.31840621899835,263.8705749511719,40355200
2019-06-28 00:00:00-04:00,264.84822100220697,265.7262820776857,264.3322686125038,265.2284240722656,59350900
2019-07-01 00:00:00-04:00,268.55960231230983,268.7768730392971,266.43233818876865,267.63629150390625,78705600
2019-07-02 00:00:00-04:00,267.59102884896026,268.38762376676675,266.74918415742064,268.33331298828125,61504500
2019-07-03 00:00:00-04:00,269.01219161006856,270.4967597025448,268.8673536772652,270.4786376953125,40898900
2019-07-05 00:00:00-04:00,269.2475267615392,270.333797324257,267.95307413888946,270.17083740234375,51677300
2019-07-08 00:00:00-04:00,268.8583641963323,269.9898848326591,268.14323541916946,268.6863708496094,45841800
2019-07-09 00:00:00-04:00,267.5276691801684,269.31998001630495,267.47335840483174,269.0212707519531,41101300
2019-07-10 00:00:00-04:00,270.0894280343671,271.2571649910291,269.555353643339,270.3066711425781,58448500
2019-07-11 00:00:00-04:00,270.9493075836309,271.18464500017757,269.9354699046471,270.94024658203125,50826100
2019-07-12 00:00:00-04:00,271.4290973293695,272.2256920471457,271.12132712023003,272.15325927734375,40326000
2019-07-15 00:00:00-04:00,272.58782210519985,272.58782210519985,271.7369164693559,272.24383544921875,33900000
2019-07-16 00:00:00-04:00,272.15322575697263,272.3614354132492,271.05792196743965,271.3656921386719,36650100
2019-07-17 00:00:00-04:00,271.3386591329703,271.50159148092774,269.5191650390625,269.5191650390625,36036300
2019-07-18 00:00:00-04:00,269.0211364431302,270.88587913208465,268.5775894576505,270.50567626953125,51392600
2019-07-19 00:00:00-04:00,271.60117132788554,271.6283267183781,268.8312109975781,269.0032043457031,58678600
2019-07-22 00:00:00-04:00,269.40141995777003,270.2070757552025,268.88546764229045,269.6639404296875,43638100
2019-07-23 00:00:00-04:00,270.7864433136411,271.5920715332031,269.953632082453,271.5920715332031,44564500
2019-07-24 00:00:00-04:00,270.8317017841682,272.8684387207031,270.7411746175419,272.8684387207031,47213200
2019-07-25 00:00:00-04:00,272.41578587292383,272.4700966389974,270.75922463265556,271.56488037109375,55394100
2019-07-26 00:00:00-04:00,272.25287897362153,273.5835481165805,272.126135424287,273.3843994140625,45084100
2019-07-29 00:00:00-04:00,273.2667386978963,273.38442125310485,272.33436688549176,272.88653564453125,38126500
2019-07-30 00:00:00-04:00,271.4834517363673,272.6240332315374,271.10324869630654,272.2166748046875,45849000
2019-07-31 00:00:00-04:00,272.4610628992389,272.6511782245278,267.2198800736409,269.2384948730469,104245200
2019-08-01 00:00:00-04:00,269.3923878679063,272.35243534985585,266.0973871356964,266.89398193359375,142646600
2019-08-02 00:00:00-04:00,265.99785609649547,266.24225458999433,263.32745655172783,264.8844299316406,116749700
2019-08-05 00:00:00-04:00,260.783689110787,260.8923106170289,255.01746727943436,256.9184265136719,178745400
2019-08-06 00:00:00-04:00,258.8103654742626,260.73848038847234,257.334858657285,260.5212097167969,120711700
2019-08-07 00:00:00-04:00,257.4434211251954,261.4444879419177,255.30712465631177,260.675048828125,140572300
2019-08-08 00:00:00-04:00,262.16868632785787,265.78955078125,261.61651775871724,265.78955078125,87713900
2019-08-09 00:00:00-04:00,264.8482175889276,265.4456637627405,262.19594001239,263.9792175292969,93730000
2019-08-12 00:00:00-04:00,262.47653060747723,263.97013209125237,259.8151922727457,260.76568603515625,65527600
2019-08-13 00:00:00-04:00,260.46692626244254,266.26936599228577,260.1229396524817,264.8210144042969,94299800
2019-08-14 00:00:00-04:00,260.7656080106551,261.3720873263827,256.8641288378296,256.9908447265625,135622100
2019-08-15 00:00:00-04:00,257.8780400292399,258.5660133001021,255.62406014182483,257.6698303222656,99556600
2019-08-16 00:00:00-04:00,259.3263521875103,261.90619630989795,257.7241018009672,261.4717102050781,83018300
2019-08-19 00:00:00-04:00,264.4952017841978,265.3008300750685,263.81628943373863,264.6219177246094,53571800
2019-08-20 00:00:00-04:00,264.114995296604,264.6490696903885,262.4675223424774,262.59423828125,51596400
2019-08-21 00:00:00-04:00,264.7577462117834,265.10170529540915,264.0697727944984,264.7305908203125,49524700
2019-08-22 00:00:00-04:00,265.4365786995359,266.07021351807236,262.87480116707053,264.6490173339844,51666400
2019-08-23 00:00:00-04:00,263.34556116445606,265.0111559870093,256.60168809011344,257.85089111328125,149161500
2019-08-26 00:00:00-04:00,260.04151360481694,260.70233154296875,258.5116956298589,260.70233154296875,72423800
2019-08-27 00:00:00-04:00,262.0963526786402,262.46749470133955,258.9190344141973,259.6794128417969,66668900
2019-08-28 00:00:00-04:00,259.0185898937804,261.67086686459277,258.21293417482644,261.5079345703125,59696700
2019-08-29 00:00:00-04:00,264.0696718566362,265.37318539901827,263.0648675062555,264.84814453125,57899400
2019-08-30 00:00:00-04:00,266.3328141671288,266.3509085531038,263.79821887978943,264.7305908203125,62901200
2019-09-03 00:00:00-04:00,263.0287458637237,263.94299567707674,261.8519479244874,263.1826171875,69101400
2019-09-04 00:00:00-04:00,265.35511068657013,266.1878941850872,264.60376571235577,266.1697998046875,46887300
2019-09-05 00:00:00-04:00,268.6591809547892,270.50580250609715,266.13361948386745,269.591552734375,83258100
2019-09-06 00:00:00-04:00,269.90827070857443,270.44234484116004,269.22935869893166,269.79962158203125,49584300
2019-09-09 00:00:00-04:00,270.78645251784974,270.876952059632,268.9941140653553,269.935546875,51260300
2019-09-10 00:00:00-04:00,269.175066700084,269.9354725918967,267.91683059042794,269.8721008300781,57947100
2019-09-11 00:00:00-04:00,270.1799754671858,271.8727259373139,269.5282184686589,271.791259765625,68821100
2019-09-12 00:00:00-04:00,272.69641910988423,273.79172313296596,271.9360407085292,272.7326354980469,72908700
2019-09-13 00:00:00-04:00,273.1761761691998,273.52922378912524,272.1804327059594,272.55157470703125,62104800
2019-09-16 00:00:00-04:00,271.4200714477773,272.5968692967688,271.0670514305876,271.7097473144531,58191200
2019-09-17 00:00:00-04:00,271.5106744009053,272.4882961925736,271.3386810336181,272.3977966308594,41475500
2019-09-18 00:00:00-04:00,272.0085030211567,272.6693210251948,269.9717658529061,272.5606994628906,73375800
2019-09-19 00:00:00-04:00,272.9498388074487,273.94558214926315,272.20755489582285,272.54248046875,76560500
2019-09-20 00:00:00-04:00,273.14641599012,273.42835453717225,270.4637120181929,271.2548828125,89565000
2019-09-23 00:00:00-04:00,270.5909570013887,271.90959322004414,270.336327054296,271.191162109375,43476800
2019-09-24 00:00:00-04:00,272.2824740494429,272.673507976676,268.09924360560893,269.0632019042969,94869400
2019-09-25 00:00:00-04:00,269.1449700706574,271.1001669203276,267.66264939196464,270.6545715332031,71854000
2019-09-26 00:00:00-04:00,270.6637140924757,270.87285754850967,268.6812361680686,270.0907897949219,56179700
2019-09-27 00:00:00-04:00,270.8455691998778,270.9547201008358,267.08068181796534,268.6357421875,84746600
2019-09-30 00:00:00-04:00,269.1541465618406,270.59098115887195,269.1086878271732,269.88165283203125,51662400
2019-10-01 00:00:00-04:00,270.7637634037494,271.4185301350152,266.45323194525736,266.6714782714844,88242400
2019-10-02 00:00:00-04:00,265.0891732306405,265.0982760796757,260.6695180033378,261.9608459472656,122539500
2019-10-03 00:00:00-04:00,261.73345487523494,264.1342754190595,259.0143676971502,264.10699462890625,85278800
2019-10-04 00:00:00-04:00,264.7616621869322,267.93544651398554,264.7070728744863,267.6808166503906,65091200
2019-10-07 00:00:00-04:00,266.88058737396443,268.50841485168297,266.24399873388415,266.5259094238281,59610500
2019-10-08 00:00:00-04:00,264.67077779882845,265.40738677887896,262.35179996128653,262.38818359375,95708100
2019-10-09 00:00:00-04:00,264.4069762063046,265.81652938083784,263.77949053439676,264.8798522949219,62359400
2019-10-10 00:00:00-04:00,264.7981232978098,267.55359417676493,264.63443855313955,266.6714782714844,55296300
2019-10-11 00:00:00-04:00,269.4269323090313,271.67314311799345,269.30873405810314,269.43603515625,98720400
2019-10-14 00:00:00-04:00,269.11778063099183,269.7907531154155,268.7904111136401,269.135986328125,40394800
2019-10-15 00:00:00-04:00,270.1817208062417,272.54615738895194,270.06349481421915,271.8004455566406,46754500
2019-10-16 00:00:00-04:00,271.3366718475405,272.0551029660115,270.927460009867,271.36395263671875,48928200
2019-10-17 00:00:00-04:00,272.5279987380787,273.0372586742496,271.47309522670037,272.16424560546875,45736600
2019-10-18 00:00:00-04:00,271.6275752651865,272.27323884892064,270.11797412023844,270.9728088378906,64304000
2019-10-21 00:00:00-04:00,272.29154052140666,273.00994384916356,271.8550201651412,272.80987548828125,39048600
2019-10-22 00:00:00-04:00,273.34643282027804,273.6374464088708,271.82775595636684,271.918701171875,48594700
2019-10-23 00:00:00-04:00,271.664068797207,272.76443096306724,271.45489757866204,272.7098693847656,34352200
2019-10-24 00:00:00-04:00,273.64656905775985,273.79207586258536,272.32793271893104,273.1554870605469,35453100
2019-10-25 00:00:00-04:00,272.58249491439386,274.81963026068695,272.52793334522363,274.27398681640625,45205400
2019-10-28 00:00:00-04:00,275.49260735291523,276.32016158660775,275.4653265651048,275.8199768066406,42147000
2019-10-29 00:00:00-04:00,275.54716315144003,276.66573093338,275.419834309273,275.7381286621094,44284900
2019-10-30 00:00:00-04:00,275.93820126006324,276.95672100272753,274.62866794732867,276.5838928222656,49643900
2019-10-31 00:00:00-04:00,276.57476285774817,276.57476285774817,274.39221680138,275.84722900390625,69053800
2019-11-01 00:00:00-04:00,277.29321451712957,278.4481381708568,277.1295020424609,278.4026794433594,71141500
2019-11-04 00:00:00-05:00,279.95776061162724,280.09416455683635,279.1483842824147,279.521240234375,60606900
2019-11-05 00:00:00-05:00,279.72129600704636,280.02141242557303,278.9210225610841,279.2120361328125,42933200
2019-11-06 00:00:00-05:00,279.21209240068293,279.5485647690466,278.3299764135138,279.2757568359375,46487100
2019-11-07 00:00:00-05:00,280.61245990736666,281.5945958295788,279.78490583507175,280.2577819824219,54272300
2019-11-08 00:00:00-05:00,279.9121579980025,281.0034446120877,279.2119328680502,280.9488830566406,49032100
2019-11-11 00:00:00-05:00,279.566712897289,280.5852326412768,279.4302812062415,280.4124450683594,35797300
2019-11-12 00:00:00-05:00,280.7761908966361,281.9038337622453,280.2305474042965,281.0035400390625,46484600
2019-11-13 00:00:00-05:00,280.0123286946821,281.4946496897508,279.78497952985765,281.0945129394531,53917700
2019-11-14 00:00:00-05:00,280.8126005592483,281.58559326566467,280.17601180041527,281.50372314453125,51219900
2019-11-15 00:00:00-05:00,282.84045746173746,283.5861691680478,282.14933507162783,283.54071044921875,62023600
2019-11-18 00:00:00-05:00,283.3042825380905,283.9863298938384,282.8495843009252,283.7498779296875,49228000
2019-11-19 00:00:00-05:00,284.35010771793173,284.35921056429345,283.0223965204034,283.6680603027344,67804700
2019-11-20 00:00:00-05:00,283.07699087413437,283.5953536303308,281.05812918125986,282.6131896972656,79406200
2019-11-21 00:00:00-05:00,282.72229641818564,282.8314195597847,281.35820164303874,282.158447265625,54664700
2019-11-22 00:00:00-05:00,282.9041146409001,283.0405185464772,281.77647201802966,282.785888671875,44850200
2019-11-25 00:00:00-05:00,283.71358367271534,284.9776306152344,283.71358367271534,284.9776306152344,48647200
2019-11-26 00:00:00-05:00,285.0139498893716,285.80512037479554,284.69565557558855,285.62322998046875,37569000
2019-11-27 00:00:00-05:00,286.10522505743006,286.89642333984375,285.88697877404934,286.89642333984375,44444600
2019-11-29 00:00:00-05:00,286.3326155519564,286.57817040881315,285.6051093338683,285.83245849609375,36592700
2019-12-02 00:00:00-05:00,286.08703031011913,286.15069472322455,282.9769099443492,283.4043273925781,75767800
2019-12-03 00:00:00-05:00,280.68527170644836,281.58559326566467,279.302998783299,281.50372314453125,73941700
2019-12-04 00:00:00-05:00,282.5495390662209,283.8408667166338,282.2039639124934,283.24066162109375,49080000
2019-12-05 00:00:00-05:00,283.94087117115305,283.9590491097116,282.4403447864453,283.7498779296875,40709000
2019-12-06 00:00:00-05:00,285.65971875651235,286.7419031701625,285.6506159076721,286.3417663574219,48927000
2019-12-09 00:00:00-05:00,285.950635548419,286.62358007257694,285.36860847152025,285.4413757324219,34838500
2019-12-10 00:00:00-05:00,285.3867795968124,286.0506211948081,284.4682803690839,285.123046875,52649800
2019-12-11 00:00:00-05:00,285.577786637345,286.1870945138328,285.0412460235377,285.9324645996094,53429100
2019-12-12 00:00:00-05:00,285.9415300114766,289.178979276665,285.7051057972178,288.39691162109375,96389600
2019-12-13 00:00:00-05:00,288.1604930993886,289.79742361331523,287.38750044719393,288.5697326660156,81503900
2019-12-16 00:00:00-05:00,290.2975551457974,291.14328723980907,288.5060429102938,290.55218505859375,82749700
2019-12-17 00:00:00-05:00,290.93420015250655,291.2342888479106,290.5340633902449,290.61590576171875,61097700
2019-12-18 00:00:00-05:00,291.0068891101069,291.23423824222414,290.5794716316232,290.634033203125,48133000
2019-12-19 00:00:00-05:00,290.825006142969,291.8981151659742,290.57037621858717,291.8253479003906,85310500
2019-12-20 00:00:00-05:00,292.8579742516137,294.2379231152867,291.8801572122193,293.104736328125,147142100
2019-12-23 00:00:00-05:00,293.8906778189208,293.9455076437393,293.40632910700657,293.55255126953125,52990000
2019-12-24 00:00:00-05:00,293.78090368646434,293.8265858930027,293.2599926646551,293.56158447265625,20270000
2019-12-26 00:00:00-05:00,293.9454926967339,295.13353724845075,293.9363729857451,295.1243896484375,30911200
2019-12-27 00:00:00-05:00,295.8554774530982,295.91030727604016,294.52123861313635,295.05126953125,42528800
2019-12-30 00:00:00-05:00,295.13348547956235,295.27056001059447,292.9401814269704,293.4245300292969,49729100
2019-12-31 00:00:00-05:00,292.9220497660977,294.38424384860156,292.5747755339869,294.1374816894531,57077300
2020-01-02 00:00:00-05:00,295.67275187158805,296.906478796011,294.7497366062965,296.88818359375,59151200
2020-01-03 00:00:00-05:00,293.49777150755784,295.7641735797391,293.44294167338677,294.6401062011719,77709700
2020-01-06 00:00:00-05:00,292.8854545477704,295.8464049037738,292.76664728278183,295.76416015625,55653900
2020-01-07 00:00:00-05:00,295.19755772617054,295.67278681667864,294.4847419794395,294.93255615234375,40496400
2020-01-08 00:00:00-05:00,295.12438459091834,297.71976504897265,294.8776503960096,296.50433349609375,68296000
2020-01-09 00:00:00-05:00,298.0670148932862,298.5879260402373,297.4821263305997,298.5148010253906,48473300
2020-01-10 00:00:00-05:00,299.09971858480566,299.25506045062673,297.18973874984056,297.6557922363281,53029300
2020-01-13 00:00:00-05:00,298.2773104255387,299.71206160755526,297.84779146443003,299.70294189453125,47086800
2020-01-14 00:00:00-05:00,299.264238992548,300.31518120708546,298.6884979136288,299.2459716796875,62832800
2020-01-15 00:00:00-05:00,299.1545348144793,300.6806779375008,299.0722900853066,299.92218017578125,72056600
2020-01-16 00:00:00-05:00,301.30219453828755,302.4171142578125,301.0737276112458,302.4171142578125,54050300
2020-01-17 00:00:00-05:00,303.1299620038811,303.5686007011989,302.3531687920046,303.3584289550781,95846000
2020-01-21 00:00:00-05:00,302.398801777143,303.56855126120206,302.3257046358388,302.76434326171875,77742400
2020-01-22 00:00:00-05:00,303.6233480257216,304.2722140708887,302.64553093599403,302.8008728027344,48914900
2020-01-23 00:00:00-05:00,302.1521113343028,303.5594755373367,301.03719151691797,303.1482238769531,51963000
2020-01-24 00:00:00-05:00,303.80620806071624,303.88845281451574,299.1637441044687,300.4523010253906,87578400
2020-01-27 00:00:00-05:00,295.2066810180619,297.1166611579254,294.8685544324489,295.6361999511719,84062500
2020-01-28 00:00:00-05:00,297.0617985757093,299.61149697791484,295.72755969424713,298.73419189453125,63834000
2020-01-29 00:00:00-05:00,300.0957812711259,300.3242481211235,298.28631377909755,298.48736572265625,53888900
2020-01-30 00:00:00-05:00,296.4221593516263,299.6664069187532,295.67280891809725,299.4562072753906,75491800
2020-01-31 00:00:00-05:00,298.8347807041798,298.9901505066073,293.104839444491,294.0187072753906,113845600
2020-02-03 00:00:00-05:00,295.4990298946987,298.06699506215597,295.3802226702437,296.20269775390625,69083000
2020-02-04 00:00:00-05:00,299.81259553758144,301.5855011806518,299.4927362514343,300.7173156738281,62573200
2020-02-05 00:00:00-05:00,303.65082382168174,304.4002020615823,302.1886577494263,304.19000244140625,65951100
2020-02-06 00:00:00-05:00,305.14958457567815,305.40546643081,304.1351768681348,305.21356201171875,50359700
2020-02-07 00:00:00-05:00,304.15341594950706,305.22262540475447,303.038496381652,303.5868225097656,64139400
2020-02-10 00:00:00-05:00,302.70035366918944,305.91715735245873,302.66379115886144,305.8531799316406,42070000
2020-02-11 00:00:00-05:00,307.20577615157714,307.9916890041701,305.85324188570775,306.38330078125,54864500
2020-02-12 00:00:00-05:00,307.81800184241695,308.5673799444257,307.4524603916157,308.3572082519531,43992700
2020-02-13 00:00:00-05:00,306.93157642101494,308.9969262404168,306.65742728084103,308.0282287597656,54501900
2020-02-14 00:00:00-05:00,308.4394837726626,308.6405357740244,307.24231936560784,308.521728515625,64582200
2020-02-18 00:00:00-05:00,307.52557156291806,308.58566124480814,306.33752704004746,307.72662353515625,57226200
2020-02-19 00:00:00-05:00,308.69538196134926,309.87425122864335,308.4120852020123,309.197998046875,48814700
2020-02-20 00:00:00-05:00,308.64963919276863,309.4721423570291,304.9393389090685,307.9277038574219,74163400
2020-02-21 00:00:00-05:00,306.57514878327885,306.8858604042742,303.93405817128195,304.7565612792969,113788200
2020-02-24 00:00:00-05:00,295.3072473908234,304.8297340268577,293.5708763000979,294.6492614746094,161088400
2020-02-25 00:00:00-05:00,296.0383078861717,296.6505836333486,284.8434284508616,285.7207336425781,218913200
2020-02-26 00:00:00-05:00,287.11892786401404,290.7104209886197,283.93868633219154,284.6697692871094,194773800
2020-02-27 00:00:00-05:00,279.1500278323521,284.7246265399028,271.8847961425781,271.8847961425781,284353500
2020-02-28 00:00:00-05:00,263.833535145683,272.2319789613865,260.9457107535948,270.74237060546875,384975800
2020-03-02 00:00:00-05:00,272.5244617816566,282.53132361972916,269.0974581232793,282.46734619140625,238703600
2020-03-03 00:00:00-05:00,282.84206278668677,286.8082453931347,271.9396274475978,274.379638671875,300139100
2020-03-04 00:00:00-05:00,279.7530793720431,286.13188375797836,277.203381559532,285.91253662109375,176613400
2020-03-05 00:00:00-05:00,278.7114427448358,281.9008327977847,274.1695181571032,276.4084777832031,186366800
2020-03-06 00:00:00-05:00,267.9003132173233,273.0453928793516,265.231835125878,271.8390808105469,228667200
2020-03-09 00:00:00-04:00,251.5876801885311,259.71197463610093,249.89704783579214,250.60986328125,309417300
2020-03-10 00:00:00-04:00,260.12339991297733,263.66918431263923,249.9428970451321,263.57781982421875,276444100
2020-03-11 00:00:00-04:00,256.5226437962952,257.6558306839711,247.54845736466214,250.72869873046875,255316300
2020-03-12 00:00:00-04:00,233.95009968243195,243.69193139870373,226.34671474938688,226.73968505859375,392220700
2020-03-13 00:00:00-04:00,240.42941305337604,248.09677526977262,227.11436995312613,246.12281799316406,329566100
2020-03-16 00:00:00-04:00,220.40660915986865,234.7726107780124,216.91564173418007,219.19117736816406,297240000
2020-03-17 00:00:00-04:00,223.93413457519435,234.10550046036911,216.65062185131984,231.0257568359375,262070500
2020-03-18 00:00:00-04:00,215.90124320983887,226.97731522464503,208.38011597518343,219.3282470703125,327597100
2020-03-19 00:00:00-04:00,218.64284326233184,226.0725919909202,212.21835456333,219.7943115234375,289322000
2020-03-20 00:00:00-04:00,222.94363004147445,224.72696071707477,210.0466734873275,210.32244873046875,347158800
2020-03-23 00:00:00-04:00,209.76171566084122,211.13137648969655,200.6336404665036,204.94488525390625,326025200
2020-03-24 00:00:00-04:00,215.4885612758454,224.38682507267387,214.91863611227424,223.51353454589844,235494500
2020-03-25 00:00:00-04:00,225.09466188292848,235.6475644145072,220.38814988584195,226.85960388183594,299430300
2020-03-26 00:00:00-04:00,229.36911860691484,241.57662927963491,228.93707402575518,240.10586547851562,257632800
2020-03-27 00:00:00-04:00,232.8162667433577,239.74734053233655,230.77554977075565,232.9541473388672,224341200
2020-03-30 00:00:00-04:00,235.05003225521446,241.2365231887897,233.05528002333395,240.51951599121094,171369500
2020-03-31 00:00:00-04:00,239.5175449357564,242.06383359967347,235.52804049293425,236.93447875976562,194881100
2020-04-01 00:00:00-04:00,227.95348423990177,236.85174851191033,224.20297754937033,226.27127075195312,189554600
2020-04-02 00:00:00-04:00,225.38882134558207,232.27393107275833,224.83727084545978,231.49258422851562,177660400
2020-04-03 00:00:00-04:00,230.50895788891833,232.8622275477319,225.41636693712175,228.14651489257812,135561200
2020-04-06 00:00:00-04:00,237.0172704456677,245.4375275667559,228.128205119222,243.4703369140625,188061200
2020-04-07 00:00:00-04:00,252.06523798355965,252.81902284832933,243.4979273640559,243.71853637695312,201427200
2020-04-08 00:00:00-04:00,246.31991721822396,253.7106259149399,243.82878088383262,251.89971923828125,153774500
2020-04-09 00:00:00-04:00,255.16303317810022,258.49071084159345,253.22344715493466,255.7329864501953,189999200
2020-04-13 00:00:00-04:00,254.75854323137895,255.0986580184009,249.49128056839425,253.39805603027344,114839100
2020-04-14 00:00:00-04:00,258.2885455898214,261.89195738074227,253.26029231760305,260.8716125488281,134143400
2020-04-15 00:00:00-04:00,255.15387885192655,261.0094429241634,253.21426463121037,255.3285369873047,121775000
2020-04-16 00:00:00-04:00,256.60628411021946,257.4152211975013,253.49006970924398,256.5603332519531,131798300
2020-04-17 00:00:00-04:00,262.3331711725406,264.09809932728353,259.5938211171872,263.4914245605469,146684800
2020-04-20 00:00:00-04:00,259.7867982566206,263.6292486240073,258.62857317015494,258.84918212890625,100109300
2020-04-21 00:00:00-04:00,254.38175000112426,255.58595430937598,250.05210166382398,250.98974609375,126385700
2020-04-22 00:00:00-04:00,255.87090205979615,258.3068866614787,254.5471919266126,256.5603332519531,92951600
2020-04-23 00:00:00-04:00,257.83803449166567,261.00942882801934,256.2385632888214,256.5419006347656,104709700
2020-04-24 00:00:00-04:00,258.0586753592096,260.78882372538203,256.00875672334155,260.1177673339844,85063200
2020-04-27 00:00:00-04:00,262.09406566675983,264.9896700484018,261.6344450330701,263.8681945800781,77896600
2020-04-28 00:00:00-04:00,267.51761283020494,267.86692903854635,262.3514808302591,262.65484619140625,105270000
2020-04-29 00:00:00-04:00,267.98647324976343,271.06593788395355,266.9569272587203,269.5307922363281,118745600
2020-04-30 00:00:00-04:00,268.1519197995434,269.63191314520935,265.2838909183048,267.0212707519531,122901700
2020-05-01 00:00:00-04:00,262.26877941171466,267.18672684650835,258.78484641412496,259.9523010253906,125180000
2020-05-04 00:00:00-04:00,258.06784244223917,260.9726488665371,256.58787713450204,260.6693115234375,80873200
2020-05-05 00:00:00-04:00,263.4913676039255,265.8905741855777,260.79796898937275,263.07769775390625,79569900
2020-05-06 00:00:00-04:00,264.77830538088773,265.1643710660051,260.8623279708527,261.29437255859375,73632600
2020-05-07 00:00:00-04:00,264.51171080796263,266.3777697134358,263.9417856328459,264.4473571777344,75250400
2020-05-08 00:00:00-04:00,267.5819556045888,269.29175906737254,266.45127866866704,268.82293701171875,76452400
2020-05-11 00:00:00-04:00,266.892578270506,270.2570055839343,266.4697350281808,268.8781433105469,79514200
2020-05-12 00:00:00-04:00,270.0639145922281,270.4775563533977,263.38101225836226,263.5189208984375,95870800
2020-05-13 00:00:00-04:00,262.9581454558485,263.99689253994427,256.4315270763484,258.85833740234375,144721100
2020-05-14 00:00:00-04:00,256.42238447612806,262.08488647615417,250.94368586031882,261.9562072753906,121977900
2020-05-15 00:00:00-04:00,259.56619361268525,263.2063817576998,258.61937607827673,263.1604309082031,111146300
2020-05-18 00:00:00-04:00,269.383676574657,272.78488091937567,269.0619645324173,271.17620849609375,119703800
2020-05-19 00:00:00-04:00,270.5786678061945,272.2884430673774,268.3724944146935,268.390869140625,95189300
2020-05-20 00:00:00-04:00,271.9299425834225,273.814375850398,271.70013227998567,272.9502868652344,85861700
2020-05-21 00:00:00-04:00,272.82173390080567,273.63067103163144,269.9720792092253,271.06597900390625,78293900
2020-05-22 00:00:00-04:00,270.78092249867296,271.75531605411203,269.53994110545716,271.5806579589844,63958200
2020-05-26 00:00:00-04:00,277.5466019109484,277.7856136973342,271.59910780063615,274.9267578125,88951400
2020-05-27 00:00:00-04:00,277.7212306525081,279.0541420158943,272.8952128963509,279.0173645019531,104817400
2020-05-28 00:00:00-04:00,280.0468515835098,282.0599922398802,277.83147672252164,278.5025329589844,90405200
2020-05-29 00:00:00-04:00,278.03375713092686,280.3318607230198,275.28523421175083,279.7435607910156,119090800
2020-06-01 00:00:00-04:00,279.1001076480142,281.4809398340968,278.5853346376734,280.8742370605469,55758300
2020-06-02 00:00:00-04:00,281.7934214913829,283.24583851794176,280.4605383804992,283.1998596191406,74267200
2020-06-03 00:00:00-04:00,285.18541958591584,287.92476883249293,284.909658409725,286.96875,92567600
2020-06-04 00:00:00-04:00,285.98518598186917,287.7225657388418,284.119127013096,286.2149963378906,75794400
2020-06-05 00:00:00-04:00,291.6109209590687,295.32463552707304,291.5465673368315,293.5505065917969,150524700
2020-06-08 00:00:00-04:00,294.3594665924078,297.291848746868,293.8171175615824,297.09881591796875,73641200
2020-06-09 00:00:00-04:00,294.433066953884,297.17241696231423,293.5689776241452,294.8835144042969,77479200
2020-06-10 00:00:00-04:00,295.4626446212481,296.35431008693706,292.52106030785467,293.2380676269531,95000800
2020-06-11 00:00:00-04:00,286.306935800571,286.94121464894255,275.7816379696527,276.3331604003906,209243600
2020-06-12 00:00:00-04:00,283.3469055073033,284.11906476800726,274.4854347080679,279.6423645019531,194678900
2020-06-15 00:00:00-04:00,273.95230329940716,283.38372874328377,272.7756754665918,282.2530517578125,135782700
2020-06-16 00:00:00-04:00,290.0022973807095,290.14937937635153,282.82302403325144,287.685791015625,137627500
2020-06-17 00:00:00-04:00,288.7061588750805,289.0003228615567,285.75537372521586,286.49078369140625,83398900
2020-06-18 00:00:00-04:00,284.9740877759043,287.0791307706854,284.5144669914152,286.60113525390625,80828700
2020-06-19 00:00:00-04:00,290.0689386157883,290.26282089573067,283.01501607269654,284.9631652832031,135549600
2020-06-22 00:00:00-04:00,284.36307218217655,287.18832733403883,283.21820564851276,286.79132080078125,74649400
2020-06-23 00:00:00-04:00,289.44113788217754,290.37366646344435,287.70535438204575,288.1116027832031,68471200
2020-06-24 00:00:00-04:00,286.0711358531049,286.6897503140339,278.92490610868884,280.7622375488281,132813500
2020-06-25 00:00:00-04:00,280.1897990735888,284.03991677797876,278.1677990684482,283.77215576171875,89468000
2020-06-26 00:00:00-04:00,282.6734931052813,282.885859215094,276.4505490229153,277.0321960449219,127961000
2020-06-29 00:00:00-04:00,278.2878382488589,281.24233868339707,275.9980771665016,281.1038513183594,79773300
2020-06-30 00:00:00-04:00,280.66989282570773,286.4035230684894,280.5129498778858,284.70465087890625,113394800
2020-07-01 00:00:00-04:00,285.82196042697643,287.96399300740876,285.36031693170133,286.6990661621094,72396500
2020-07-02 00:00:00-04:00,290.1335885242947,291.4816073233506,287.61303399713563,288.2778015136719,69344200
2020-07-06 00:00:00-04:00,292.10019917073765,293.3097024538688,291.3523392224344,292.72802734375,61713800
2020-07-07 00:00:00-04:00,291.1861571430053,293.16197598302176,289.3303419029436,289.7088928222656,82910000
2020-07-08 00:00:00-04:00,290.4751465955823,292.0355030043778,288.7116942101427,291.9247131347656,54638600
2020-07-09 00:00:00-04:00,292.53415581966215,292.7742193790963,286.8467063436829,290.26287841796875,83354200
2020-07-10 00:00:00-04:00,290.1982140439162,293.49435402565143,288.767131059591,293.2265930175781,57550400
2020-07-13 00:00:00-04:00,295.5717862583092,297.9538536311134,290.0320658619064,290.6875915527344,102997500
2020-07-14 00:00:00-04:00,289.2657251994357,295.23017784397115,288.06546370459,294.4546203613281,93657000
2020-07-15 00:00:00-04:00,297.67691997939255,298.25859520955737,294.77778571364365,297.1598815917969,87196500
2020-07-16 00:00:00-04:00,295.257956898738,296.63364550890554,294.61164472972223,296.1812438964844,54622500
2020-07-17 00:00:00-04:00,297.18755470615184,297.8246248415815,295.21170746259276,297.0398254394531,62774900
2020-07-20 00:00:00-04:00,296.7719656553359,300.18813689215324,296.02410586279206,299.4402770996094,56308800
2020-07-21 00:00:00-04:00,301.4069275614781,301.8500871049481,299.0894691350206,300.077392578125,57292200
2020-07-22 00:00:00-04:00,299.7172780341707,302.0993731333049,299.60648815541464,301.7854309082031,57792900
2020-07-23 00:00:00-04:00,301.42537631818345,302.1270831480681,296.8181852176336,298.18463134765625,75738000
2020-07-24 00:00:00-04:00,296.3289495911897,297.289147705287,294.7593505494647,296.2643127441406,73766600
2020-07-27 00:00:00-04:00,296.9567514724589,298.6002009240035,296.16271013664567,298.4247741699219,48293000
2020-07-28 00:00:00-04:00,297.69530442770673,298.81250154862204,296.2365239348657,296.531982421875,57495000
2020-07-29 00:00:00-04:00,297.40903461982157,300.7421134441049,297.3720952714355,300.17889404296875,48454200
2020-07-30 00:00:00-04:00,297.2059420708996,299.5234003844888,295.11933357691976,299.10791015625,61861700
2020-07-31 00:00:00-04:00,300.8990939222795,301.5731032762325,296.6796674453573,301.4715270996094,84986800
2020-08-03 00:00:00-04:00,303.13343702102367,304.3336982264849,302.58870135537785,303.5673828125,53077900
2020-08-04 00:00:00-04:00,302.70874832852365,304.739990234375,302.70874832852365,304.739990234375,41917900
2020-08-05 00:00:00-04:00,306.0418016743555,306.89123771970355,305.7740406786033,306.6326904296875,42697700
2020-08-06 00:00:00-04:00,306.05108949352723,308.8024658628492,305.72793350897297,308.68243408203125,43679400
2020-08-07 00:00:00-04:00,307.71297454516787,309.1902388250722,306.8081434818142,308.9040222167969,57308300
2020-08-10 00:00:00-04:00,309.356415827872,310.0119414454086,307.4175082706169,309.8273010253906,44282100
2020-08-11 00:00:00-04:00,311.0091648796552,311.64623502713425,306.54046013928667,307.26983642578125,69601100
2020-08-12 00:00:00-04:00,309.7072598051472,312.32939037175544,309.67956233416606,311.5538330078125,53774400
2020-08-13 00:00:00-04:00,310.78750691268493,312.3017105491452,310.0673444500074,310.9906311035156,41816100
2020-08-14 00:00:00-04:00,310.6028714247222,311.5353999760587,309.87346706744495,310.9998779296875,47260400
2020-08-17 00:00:00-04:00,312.0154599206983,312.38476890654016,311.0090809592796,311.9877624511719,35481000
2020-08-18 00:00:00-04:00,312.38474031767976,313.08644705008913,310.78744458391986,312.6617431640625,38733900
2020-08-19 00:00:00-04:00,313.04037642109654,313.5574147719256,310.79679627269803,311.3600158691406,68054200
2020-08-20 00:00:00-04:00,309.63336706931557,312.8094750881142,309.50412160274976,312.3293762207031,42207800
2020-08-21 00:00:00-04:00,311.9971136916814,313.6590187987212,311.6554738791478,313.43743896484375,55106600
2020-08-24 00:00:00-04:00,315.87478769734156,316.68728436371094,313.4096284054614,316.6134338378906,48588700
2020-08-25 00:00:00-04:00,317.17663880879144,317.8044669230327,316.0132886974553,317.72137451171875,38463400
2020-08-26 00:00:00-04:00,318.3123051250386,321.1744711148294,317.76756939870836,320.90673828125,50790200
2020-08-27 00:00:00-04:00,321.77458090081905,323.0579344592056,319.94646352268916,321.6083679199219,58034100
2020-08-28 00:00:00-04:00,322.6332894034035,323.81509518897934,321.4422417348515,323.6858215332031,48588900
2020-08-31 00:00:00-04:00,323.4735012045628,324.35060666428654,322.28245347132435,322.5132751464844,66099200
2020-09-01 00:00:00-04:00,323.34411329047265,325.65232922648164,322.4485243802426,325.55078125,54908700
2020-09-02 00:00:00-04:00,327.4621164118237,331.22911386665123,326.3172217084211,330.2596740722656,69540000
2020-09-03 00:00:00-04:00,328.5699763174422,329.0408614690771,316.3087321994255,318.8939514160156,148011100
2020-09-04 00:00:00-04:00,319.57715026354145,321.14672035614166,309.18093559831357,316.2902526855469,139156300
2020-09-08 00:00:00-04:00,310.8798493187982,316.3549607309717,307.3436737413122,307.6483459472656,114465300
2020-09-09 00:00:00-04:00,311.6553602505374,316.188700542301,310.7874686489755,313.7235412597656,91462300
2020-09-10 00:00:00-04:00,315.5978714825398,316.2533971603592,307.3159885272084,308.2762145996094,90569500
2020-09-11 00:00:00-04:00,310.05812950649084,311.11990351849477,305.6078810919823,308.4331359863281,84680200
2020-09-14 00:00:00-04:00,311.5999249612927,314.2682362405836,308.5807885105292,312.4955139160156,65605700
2020-09-15 00:00:00-04:00,314.9515071825437,315.7824594521563,312.50480343116857,314.07440185546875,52920900
2020-09-16 00:00:00-04:00,315.3116463788061,316.7427294770832,312.5510000169259,312.8280029296875,82096000
2020-09-17 00:00:00-04:00,307.9714762809404,311.79389633261354,307.44519615617884,310.0765686035156,91523300
2020-09-18 00:00:00-04:00,310.88219558209073,310.993428984105,304.02252899495534,306.5068359375,105877900
2020-09-21 00:00:00-04:00,301.9182014330189,303.2437795741085,298.2380798999571,303.095458984375,99450800
2020-09-22 00:00:00-04:00,304.5785896576303,306.7384460300399,302.06644718578764,306.1822509765625,63612100
2020-09-23 00:00:00-04:00,306.7384591067574,307.0165707899801,298.58102560551066,299.08160400390625,93112200
2020-09-24 00:00:00-04:00,297.7653868058365,302.9379378728557,296.44905891226836,299.87890625,76681300
2020-09-25 00:00:00-04:00,299.0260243217955,305.51490229744024,298.1546867340451,304.72698974609375,71069400
2020-09-28 00:00:00-04:00,308.8891253586317,310.5020659374077,307.8972472441894,309.7882995605469,64584600
2020-09-29 00:00:00-04:00,309.5843740782885,310.3259488282698,307.40595935248126,308.1011962890625,51304000
2020-09-30 00:00:00-04:00,308.76854858003315,313.58886813155385,308.5738902068861,310.4371337890625,104081100
2020-10-01 00:00:00-04:00,313.03270872151455,314.0060289873834,310.5484025217798,312.43017578125,88698700
2020-10-02 00:00:00-04:00,307.4801391377748,312.4024144710618,307.0073689601297,309.4638671875,89431100
2020-10-05 00:00:00-04:00,311.5217221973405,315.13694812133673,311.47538439020013,314.9515686035156,45713100
2020-10-06 00:00:00-04:00,315.090688159139,317.18567808183934,309.96447503768013,310.47430419921875,90128900
2020-10-07 00:00:00-04:00,313.43135342172144,316.6850714131168,313.40354507518236,315.87860107421875,56999600
2020-10-08 00:00:00-04:00,317.81598305879504,318.7429656383515,316.89825106833507,318.6780700683594,45242500
2020-10-09 00:00:00-04:00,320.32811028649445,321.9874170889095,319.7070477762188,321.52392578125,59528600
2020-10-12 00:00:00-04:00,324.06378442537806,328.17030980233085,323.5724848688719,326.6964111328125,80388500
2020-10-13 00:00:00-04:00,326.55736813172996,326.73349705593574,323.60029192754826,324.5643615722656,73255500
2020-10-14 00:00:00-04:00,325.1391526992879,326.2329853972063,321.7927590329618,322.5250549316406,57727900
2020-10-15 00:00:00-04:00,318.6131927450355,322.60848562858945,318.0755552653786,322.12646484375,60357700
2020-10-16 00:00:00-04:00,323.4798076396234,325.13911424772533,321.7556337558863,321.9317626953125,89501900
2020-10-19 00:00:00-04:00,323.1924104328647,323.8227516799886,316.1380878968359,317.0372619628906,68425600
2020-10-20 00:00:00-04:00,318.38139712826285,321.55168968171705,317.6212929886074,318.3072509765625,60051900
2020-10-21 00:00:00-04:00,318.26087876428136,320.43004263717467,317.39879185718223,317.7047119140625,63575000
2020-10-22 00:00:00-04:00,317.91790278181213,320.0314217004003,315.77657552045014,319.4474182128906,55399300
2020-10-23 00:00:00-04:00,320.67102412804957,320.7266408105194,318.0754846485953,320.531982421875,49143900
2020-10-26 00:00:00-04:00,317.1485658849641,317.9365067637999,311.1139000222835,314.608642578125,91473000
2020-10-27 00:00:00-04:00,314.9515782824497,315.2852783983385,313.3108011782151,313.5240173339844,65994100
2020-10-28 00:00:00-04:00,307.8508925089764,313.5518292002192,302.3168058775529,302.80810546875,127094300
2020-10-29 00:00:00-04:00,303.0398684553781,309.0559761451705,301.35275342695843,305.8857116699219,90597700
2020-10-30 00:00:00-04:00,304.30987072993145,305.61691969344054,299.0446159372506,302.6969299316406,120287300
2020-11-02 00:00:00-05:00,306.0896301269531,308.09188741481535,303.34574158278815,306.0896301269531,86068300
2020-11-03 00:00:00-05:00,309.3248519661346,313.5518907130495,306.1731165199986,311.4939880371094,93294200
2020-11-04 00:00:00-05:00,315.97126216053266,322.5343145343358,314.7940044922087,318.4555969238281,126959700
2020-11-05 00:00:00-05:00,323.7393687910326,326.4739785623512,323.3871109043666,324.6663513183594,82039700
2020-11-06 00:00:00-05:00,324.37891645062587,325.8435643582199,322.2653978925801,324.5921325683594,74973000
2020-11-09 00:00:00-05:00,337.3938067723991,337.77387297534375,328.20740720794697,328.6708984375,172304200
2020-11-10 00:00:00-05:00,327.6790159718678,329.2456185696468,324.9166263863297,328.1888732910156,85552000
2020-11-11 00:00:00-05:00,330.3765581914952,331.4518612889709,329.1344050330131,330.6268615722656,58649000
2020-11-12 00:00:00-05:00,329.61646944206416,330.67324321370563,325.61192600078954,327.4195251464844,67546200
2020-11-13 00:00:00-05:00,329.32913773288357,332.69408950193605,328.81002967758116,331.9525146484375,62892200
2020-11-16 00:00:00-05:00,334.622140095063,336.2906972148393,333.33362089104185,336.0960388183594,74541100
2020-11-17 00:00:00-05:00,333.6858582065338,335.49348521603423,332.17487235671945,334.28839111328125,66111000
2020-11-18 00:00:00-05:00,334.55728418581134,335.1042005097741,330.22826311784223,330.2653503417969,70591300
2020-11-19 00:00:00-05:00,329.63500754078495,332.02661012404343,328.29087149861675,331.65582275390625,59940900
2020-11-20 00:00:00-05:00,331.39620780880034,331.60014506825297,329.3104974100037,329.3846435546875,70417300
2020-11-23 00:00:00-05:00,331.1923113139346,332.6198723058136,328.9582800615384,331.3591613769531,63230600
2020-11-24 00:00:00-05:00,333.9083212958037,337.24546358278957,333.05551333256483,336.69854736328125,62415900
2020-11-25 00:00:00-05:00,336.615126222549,336.6429345632087,335.0856109077494,336.179443359375,45330900
2020-11-27 00:00:00-05:00,337.2733243638305,337.5884950330975,336.1053173094643,337.1157531738281,28514100
2020-11-30 00:00:00-05:00,336.33708795881,336.6059208367198,332.9443565005629,335.6233215332031,83872700
2020-12-01 00:00:00-05:00,338.8770642217867,340.8329840925718,338.2837817293062,339.294189453125,74231400
2020-12-02 00:00:00-05:00,338.1817171232896,340.1654446970557,337.60699257658405,340.00787353515625,45927000
2020-12-03 00:00:00-05:00,339.90594329021474,341.30569594652076,338.81211070717654,339.91522216796875,62882000
2020-12-04 00:00:00-05:00,340.4992481431544,342.8445129394531,340.4065442272832,342.8445129394531,50749900
2020-12-07 00:00:00-05:00,342.07508856328803,342.6312837481267,340.8700225705228,342.1399841308594,48944300
2020-12-08 00:00:00-05:00,340.87008586139694,343.7066507125633,340.82374804124925,343.1412048339844,42458900
2020-12-09 00:00:00-05:00,343.7993068138485,343.95687801184386,339.2292894437654,340.0635681152344,74098300
2020-12-10 00:00:00-05:00,338.6915901201066,340.9997674831479,337.8202243105125,339.9523010253906,57735400
2020-12-11 00:00:00-05:00,338.25584976830436,339.96149387697574,336.7356134430943,339.5536193847656,57698600
2020-12-14 00:00:00-05:00,341.7228170082681,342.79809173388674,337.85728782298236,338.0334167480469,69216200
2020-12-15 00:00:00-05:00,340.5733606765333,342.60345458984375,339.2014446984404,342.60345458984375,63865300
2020-12-16 00:00:00-05:00,342.816755225148,344.0589086713419,341.9361103282016,343.1412048339844,58420500
2020-12-17 00:00:00-05:00,344.78188359842443,345.2639043286698,343.95685556996756,345.0599670410156,64119500
2020-12-18 00:00:00-05:00,345.3485696719916,345.5161309651634,341.67136919379556,343.68218994140625,136542300
2020-12-21 00:00:00-05:00,339.7629543638441,352.3212438699424,337.0260063626711,342.4533386230469,96386700
2020-12-22 00:00:00-05:00,342.7791360979551,342.8908436114936,340.74970717574905,341.8761291503906,47949000
2020-12-23 00:00:00-05:00,342.84430466406303,344.0917525684816,341.8575170917641,342.183349609375,46201400
2020-12-24 00:00:00-05:00,342.65811576810853,343.54251428118584,342.07165131242414,343.51458740234375,26457900
2020-12-28 00:00:00-05:00,346.06537505500916,346.85667458893,345.4416652223988,346.4656982421875,39000400
2020-12-29 00:00:00-05:00,347.99247990906485,348.1693596640355,345.2182860136059,345.8047790527344,53680500
2020-12-30 00:00:00-05:00,346.6238671606465,347.33138589790764,345.90705840463,346.29803466796875,49455300
2020-12-31 00:00:00-05:00,346.1026197103733,348.78371400805713,345.59061740637577,348.0575866699219,78520700
2021-01-04 00:00:00-05:00,349.3887700821715,349.5191144538357,339.6232833911593,343.319091796875,110210800
2021-01-05 00:00:00-05:00,342.6767566253038,346.7728598923991,342.6301928867929,345.68365478515625,66426200
2021-01-06 00:00:00-05:00,344.17549263484494,350.94339886260224,343.62624515725565,347.7502746582031,107997700
2021-01-07 00:00:00-05:00,350.12425147477427,353.66178899148537,349.9473717579539,352.91705322265625,68766800
2021-01-08 00:00:00-05:00,354.3041182519428,355.14195305315735,351.05516813608017,354.9278564453125,71677200
2021-01-11 00:00:00-05:00,351.7534496860149,354.29488155566315,351.63242370939287,352.5354309082031,51034700
2021-01-12 00:00:00-05:00,352.72150764451703,353.62448612257145,350.36621794703956,352.6097717285156,52547700
2021-01-13 00:00:00-05:00,352.53544554182605,354.55555668053626,351.7534642871781,353.5594787597656,45303600
2021-01-14 00:00:00-05:00,354.30415242528704,354.8068647184422,351.9861359560516,352.3212585449219,49989100
2021-01-15 00:00:00-05:00,350.7014344796534,351.5020240301078,347.8900242126763,349.75189208984375,107160000
2021-01-19 00:00:00-05:00,352.2095511727949,353.0380960342888,350.72936958492306,352.4981384277344,51233300
2021-01-20 00:00:00-05:00,354.7881669476118,358.21402492373454,354.39719066105187,357.3761901855469,61836100
2021-01-21 00:00:00-05:00,357.93475983810305,358.36300987967786,356.7804109135132,357.7020263671875,47840100
2021-01-22 00:00:00-05:00,355.8494812219019,357.5996414893799,355.4677949159223,356.43597412109375,52860500
2021-01-25 00:00:00-05:00,357.1714012989788,358.19540580199936,352.3212155048195,357.8416748046875,70402000
2021-01-26 00:00:00-05:00,358.79128116207573,359.2008944003585,357.0504391042999,357.2831726074219,42665300
2021-01-27 00:00:00-05:00,353.95968803310404,354.05278710492604,346.31672868098127,348.55096435546875,123351100
2021-01-28 00:00:00-05:00,350.3663101277551,355.55161937828063,349.92879841681105,351.5486145019531,94198100
2021-01-29 00:00:00-05:00,349.6867328043069,350.65491209093165,342.83504399028214,344.5107421875,126765100
2021-02-01 00:00:00-05:00,347.90858629226074,351.27856215518443,344.7992707610039,350.2452392578125,75817600
2021-02-02 00:00:00-05:00,353.4290462295083,356.7524870405597,350.32904887111556,355.19781494140625,64450700
2021-02-03 00:00:00-05:00,356.026389967423,357.19937586145977,354.2017673399159,355.4771423339844,52427100
2021-02-04 00:00:00-05:00,356.5105285695319,359.56399139751954,355.58891286655813,359.5174560546875,47142600
2021-02-05 00:00:00-05:00,361.38864164328993,361.6399836315469,359.470919602901,360.9324645996094,48669800
2021-02-08 00:00:00-05:00,362.38465454642807,363.5855673167599,361.52821120762786,363.5390319824219,38365200
2021-02-09 00:00:00-05:00,362.7011552001997,363.89277790526904,362.29157040764335,363.2969665527344,35551100
2021-02-10 00:00:00-05:00,365.0377849264699,365.18673775500156,360.7368749883138,363.138671875,59154400
2021-02-11 00:00:00-05:00,364.2185830573535,364.637514691375,361.29546527923713,363.7251892089844,42913300
2021-02-12 00:00:00-05:00,362.9245980037026,365.7639351240039,362.8501073798465,365.52191162109375,50593300
2021-02-16 00:00:00-05:00,366.75070644597713,366.94622301748575,364.4885439172145,365.2053527832031,50972400
2021-02-17 00:00:00-05:00,363.45530428971625,365.5405875852445,362.44056111873977,365.28924560546875,52290600
2021-02-18 00:00:00-05:00,362.6825372104316,364.47923283154506,360.9603038015021,363.7344970703125,59712800
2021-02-19 00:00:00-05:00,364.9912762762247,365.27986352452217,362.645304567679,363.0921630859375,83241000
2021-02-22 00:00:00-05:00,360.3272432845483,362.7104315988189,360.02933764280306,360.29931640625,67414200
2021-02-23 00:00:00-05:00,358.0930892269746,362.0868041909318,353.9411313866223,360.7369384765625,107284100
2021-02-24 00:00:00-05:00,359.64766215783163,365.1401946066292,358.6608745485557,364.7119445800781,72433900
2021-02-25 00:00:00-05:00,363.4459121163381,364.81438610383606,354.4810139951626,355.9239501953125,146670500
2021-02-26 00:00:00-05:00,357.8044726689712,358.9495032557424,352.1071613879296,354.09002685546875,152701600
2021-03-01 00:00:00-05:00,358.95880058810565,363.92069420530373,354.28552261817083,362.6732177734375,105348800
2021-03-02 00:00:00-05:00,362.8967243179224,363.12945783435276,359.3405493685015,359.84326171875,79595300
2021-03-03 00:00:00-05:00,359.1449892511198,360.11314003050495,354.9743952442966,355.0768127441406,119940200
2021-03-04 00:00:00-05:00,354.89067292653556,357.47866839991167,346.1957524741158,350.682861328125,183433000
2021-03-05 00:00:00-05:00,354.18311275175654,358.1861456706564,346.9032310579424,357.1341857910156,152039600
2021-03-08 00:00:00-05:00,358.09305771331407,360.9044680233819,355.0768407972248,355.3561096191406,123149200
2021-03-09 00:00:00-05:00,359.2009087711451,362.9804987402697,358.698196429531,360.42974853515625,113633600
2021-03-10 00:00:00-05:00,362.7756352759854,364.3675242968636,361.36062596963234,362.6732177734375,109899400
2021-03-11 00:00:00-05:00,365.14023058798864,368.3240087626398,364.6840536373491,366.3504333496094,86245000
2021-03-12 00:00:00-05:00,364.9913223888349,366.98350649683164,364.1814143051709,366.8438720703125,64653600
2021-03-15 00:00:00-04:00,367.09516616349055,369.29218502366257,364.95402947649114,369.0315246582031,73427200
2021-03-16 00:00:00-04:00,369.64592676134737,370.35341719951157,367.7933490003447,368.5660400390625,73722500
2021-03-17 00:00:00-04:00,367.2813248264547,370.6233738852898,366.1362659817345,369.8227844238281,97959300
2021-03-18 00:00:00-04:00,367.23481832610025,369.32010118927036,363.76242462104625,364.4420166015625,115349100
2021-03-19 00:00:00-04:00,364.1412876855865,365.7197211971754,361.59150389696646,363.7677001953125,113624500
2021-03-22 00:00:00-04:00,364.2813085699684,368.05460704440395,364.2252718824728,366.67230224609375,73778600
2021-03-23 00:00:00-04:00,366.0373101003052,367.4849724644324,363.00186510857276,363.7864074707031,90686600
2021-03-24 00:00:00-04:00,365.1873129811931,366.8217830520808,361.89035449260405,361.9370422363281,97588600
2021-03-25 00:00:00-04:00,360.4987572580339,364.76703777153006,358.556056717537,363.9731750488281,116128600
2021-03-26 00:00:00-04:00,365.1219010982299,370.24013727057377,364.52416690819587,369.8385314941406,114409100
2021-03-29 00:00:00-04:00,368.3628933197625,370.5577590931056,366.877863754709,369.65179443359375,108107600
2021-03-30 00:00:00-04:00,368.3816101105084,369.3436115196959,367.0740110275809,368.671142578125,76262200
2021-03-31 00:00:00-04:00,369.2408322683644,371.7252304449524,369.2128139187483,370.16546630859375,112734200
2021-04-01 00:00:00-04:00,372.09886915365325,374.2190290770349,371.893391727222,374.1629638671875,99682900
2021-04-05 00:00:00-04:00,376.8246892465933,380.0749596235108,376.7499831645127,379.5332336425781,91684800
2021-04-06 00:00:00-04:00,378.9729228929124,380.3551993878055,378.6366742165215,379.30914306640625,62021000
2021-04-07 00:00:00-04:00,379.141055188101,380.0937075716996,378.6834126464064,379.7481384277344,55836300
2021-04-08 00:00:00-04:00,380.99961272494903,381.6066958698037,380.06562988582067,381.5506591796875,57863100
2021-04-09 00:00:00-04:00,381.4293518580536,384.49281512504706,381.3079295009663,384.3246765136719,61104600
2021-04-12 00:00:00-04:00,383.7269586097735,384.7356478067026,383.11987530124844,384.4648132324219,56704900
2021-04-13 00:00:00-04:00,384.36203264890395,386.2299986965263,383.9790961887934,385.6042175292969,56551000
2021-04-14 00:00:00-04:00,385.5761343766993,386.6315395766929,383.7455359385016,384.2872619628906,61659900
2021-04-15 00:00:00-04:00,386.42610852089956,388.68635987083064,386.3794207731198,388.4154968261719,60229800
2021-04-16 00:00:00-04:00,389.70436564966764,390.32079778500326,388.28472190043465,389.7137145996094,82037300
2021-04-19 00:00:00-04:00,388.77974091961784,389.228034481116,386.4728019580856,387.7990417480469,78498500
2021-04-20 00:00:00-04:00,386.5848990980943,387.68699217501296,383.4840687603821,384.95977783203125,81851800
2021-04-21 00:00:00-04:00,384.34336511048394,388.80780284580254,384.2032448539139,388.6023254394531,66793000
2021-04-22 00:00:00-04:00,388.4342655987634,389.26549578003414,383.98849668768133,385.05322265625,97582800
2021-04-23 00:00:00-04:00,385.6134878217857,390.6383200253725,385.53878173639555,389.2279968261719,73209200
2021-04-26 00:00:00-04:00,389.88185775138544,390.61036333622997,389.293443913069,390.0406188964844,52182400
2021-04-27 00:00:00-04:00,390.3394793906885,390.53563632822335,388.81708265316865,389.95654296875,51303100
2021-04-28 00:00:00-04:00,390.2273577613204,391.34814854078337,389.3774299790914,389.84442138671875,51238900
2021-04-29 00:00:00-04:00,392.5716715620224,392.9452589949812,388.9478136062445,392.3288269042969,78544300
2021-04-30 00:00:00-04:00,390.0593289877053,390.9092569470682,388.8544829241141,389.7510986328125,85527000
2021-05-03 00:00:00-04:00,391.740486180178,392.1234226337819,390.09669546817264,390.5917053222656,68128300
2021-05-04 00:00:00-04:00,388.60228003315905,389.09728984022036,384.49276088924864,388.1819763183594,101591200
2021-05-05 00:00:00-04:00,389.82580250833166,390.05929824240366,387.7430102993665,388.30340576171875,60162200
2021-05-06 00:00:00-04:00,388.37814202679203,391.5350091571525,386.37008425835495,391.4042663574219,74321400
2021-05-07 00:00:00-04:00,392.17013532299035,394.90669867070073,391.48831747234374,394.2528991699219,67733800
2021-05-10 00:00:00-04:00,394.60780651677413,394.8319533096077,390.22742408846256,390.3488464355469,81852400
2021-05-11 00:00:00-04:00,385.8283743617133,387.85510146471046,382.9890581244751,386.8650817871094,116888000
2021-05-12 00:00:00-04:00,384.0818760668067,385.35207938683834,377.3291680702474,378.6460876464844,134811000
2021-05-13 00:00:00-04:00,380.19641151101195,385.1278398956935,380.1496952660477,383.1944885253906,106394000
2021-05-14 00:00:00-04:00,385.9310346899563,389.9284800362055,385.9030163453545,389.07855224609375,82201600
2021-05-17 00:00:00-04:00,387.9671376698497,388.90112049078533,386.0711251805724,388.0885314941406,65129200
2021-05-18 00:00:00-04:00,388.3501869549459,388.5930316977429,384.5862359561128,384.7450256347656,59810200
2021-05-19 00:00:00-04:00,380.0563093742371,383.91363455674485,378.57125157773066,383.7361755371094,106467100
2021-05-20 00:00:00-04:00,384.6142002311314,389.1253542262279,384.4928063797059,387.8644714355469,78022200
2021-05-21 00:00:00-04:00,389.34945519441624,390.59166843930177,387.089232490251,387.546875,76578700
2021-05-24 00:00:00-04:00,389.78844536691764,392.5717248506236,389.54560067622776,391.4976501464844,51376700
2021-05-25 00:00:00-04:00,392.5810493076067,392.9359673967326,390.0499634392748,390.6290283203125,57451400
2021-05-26 00:00:00-04:00,391.2174583544931,391.9085966601107,390.18075089606674,391.4042663574219,43088600
2021-05-27 00:00:00-04:00,392.43165081383626,392.9453300641983,391.3295292083679,391.6097412109375,56707700
2021-05-28 00:00:00-04:00,393.178808495256,393.44032258439506,392.07671544123446,392.3102111816406,58520200
2021-06-01 00:00:00-04:00,394.67320566118025,394.81329741149153,391.525687491623,391.96466064453125,54216600
2021-06-02 00:00:00-04:00,392.61842198763014,393.42166217448545,391.60973290730567,392.5810546875,49097100
2021-06-03 00:00:00-04:00,390.26477509890356,392.2634837583409,388.79841505022597,391.1240234375,58138800
2021-06-04 00:00:00-04:00,392.9733282256469,395.0000837788047,391.1894173616605,394.7012023925781,55938800
2021-06-07 00:00:00-04:00,394.69185530536356,394.86931434784225,393.38428486307185,394.3182678222656,51555000
2021-06-08 00:00:00-04:00,395.1775676834587,395.2709716921303,392.5717754098022,394.4023742675781,47134300
2021-06-09 00:00:00-04:00,395.242896577049,395.3176311744139,393.5897570222941,393.81390380859375,48436300
2021-06-10 00:00:00-04:00,395.0374479909109,396.5972121670287,393.7205285195885,395.64453125,51020100
2021-06-11 00:00:00-04:00,396.1955238621483,396.410321669014,394.9066230093794,396.2982482910156,45570800
2021-06-14 00:00:00-04:00,396.4103860815458,397.2883323557152,395.1682012696967,397.18560791015625,42358500
2021-06-15 00:00:00-04:00,397.3350997073947,397.37243850900103,395.5792069332303,396.4571533203125,51508500
2021-06-16 00:00:00-04:00,396.59721625461583,396.8213630595682,392.19816419002484,394.2435607910156,80386100
2021-06-17 00:00:00-04:00,393.8325179926995,395.0933719005137,391.63765283375125,394.1127014160156,90949700
2021-06-18 00:00:00-04:00,390.82934732782405,391.5227466010482,388.5898403960133,388.7959899902344,118676300
2021-06-21 00:00:00-04:00,390.55768603100165,394.54947970964827,389.74246700562156,394.362060546875,72822000
2021-06-22 00:00:00-04:00,394.352710107166,397.30437604962555,393.63117206610633,396.47039794921875,57700300
2021-06-23 00:00:00-04:00,396.5453419827774,397.35118140093033,395.908162638729,395.99249267578125,49445400
2021-06-24 00:00:00-04:00,398.1383434268328,398.75676373658587,397.88532470396706,398.3351135253906,45110300
2021-06-25 00:00:00-04:00,399.08471063989845,400.1997887962621,398.75674142988316,399.75,58129500
2021-06-28 00:00:00-04:00,400.27486904217596,400.7246293559444,399.0754605452032,400.55596923828125,53159600
2021-06-29 00:00:00-04:00,400.9400528954754,401.57723223614346,400.237273994288,400.7713928222656,35970500
2021-06-30 00:00:00-04:00,400.3122456149289,401.78340305544015,400.2841356012442,401.1087341308594,64827900
2021-07-01 00:00:00-04:00,401.8677508401516,403.4888379572731,401.80215127327483,403.32952880859375,53441000
2021-07-02 00:00:00-04:00,404.49152708220277,406.76852436635596,403.4139096500069,406.4124450683594,57697700
2021-07-06 00:00:00-04:00,406.4686382569822,406.68416744841574,402.936012721127,405.6721496582031,68710400
2021-07-07 00:00:00-04:00,406.35609357661275,407.3868415804875,404.3414666485789,407.105712890625,63549500
2021-07-08 00:00:00-04:00,401.7834502743056,404.54772586147544,400.60277236849515,403.7887268066406,97595200
2021-07-09 00:00:00-04:00,405.2973236629894,408.3989192878367,403.5919064673389,408.09906005859375,76238600
2021-07-12 00:00:00-04:00,408.0147135517589,409.8138402584851,407.58368379970483,409.5608215332031,52889600
2021-07-13 00:00:00-04:00,408.7737117077264,410.2729791942714,407.90227266855015,408.1646423339844,52911300
2021-07-14 00:00:00-04:00,409.8606191747878,410.3478974784806,407.5274025459791,408.7736511230469,64130400
2021-07-15 00:00:00-04:00,407.4337224657248,408.10839135369446,405.4753153622365,407.37750244140625,55126400
2021-07-16 00:00:00-04:00,408.5581415441631,408.60498202795424,403.7886192907794,404.1821594238281,75874700
2021-07-19 00:00:00-04:00,399.35647556745073,404.24781810954704,395.4021716073947,398.2132873535156,147987000
2021-07-20 00:00:00-04:00,398.87858854389634,405.19424821912867,398.0821000063619,403.91986083984375,99608200
2021-07-21 00:00:00-04:00,405.11927714998365,407.3307031828911,403.8730283565818,407.19012451171875,64724400
2021-07-22 00:00:00-04:00,407.36808629960854,408.2863942745382,406.38420736629706,408.0427551269531,47878500
2021-07-23 00:00:00-04:00,409.973137588627,412.57810387739073,409.2891176794418,412.24078369140625,63766600
2021-07-26 00:00:00-04:00,411.65035780963643,413.26206508210987,411.6035173257502,413.252685546875,43719200
2021-07-27 00:00:00-04:00,412.2127139090476,412.2408239272899,408.5395094805176,411.369384765625,67397100
2021-07-28 00:00:00-04:00,411.9970499079121,412.57800915894387,409.77627340490346,411.2005615234375,52472400
2021-07-29 00:00:00-04:00,412.1283678734607,413.9836861978173,412.1189883356927,412.9060974121094,47435300
2021-07-30 00:00:00-04:00,410.33849754765976,412.35312442953557,410.20729844283443,410.9007263183594,68951200
2021-08-02 00:00:00-04:00,412.61558301486065,413.16843236981356,409.68264755521176,410.0387268066406,58783300
2021-08-03 00:00:00-04:00,410.8352061543172,413.49639234731455,408.642539261414,413.37457275390625,58053900
2021-08-04 00:00:00-04:00,412.09080591322396,413.346434118997,411.10692688961086,411.3411865234375,46732200
2021-08-05 00:00:00-04:00,412.5030891792091,414.0304665079831,412.1844995210822,413.9461364746094,38969700
2021-08-06 00:00:00-04:00,414.26478830639564,415.0518973321597,413.98365955681214,414.6302185058594,46930000
2021-08-09 00:00:00-04:00,414.60196518885573,414.9205547846809,413.52437684494777,414.2927551269531,41222600
2021-08-10 00:00:00-04:00,414.74262797604996,415.52038600343246,414.05860812109773,414.8082275390625,43339300
2021-08-11 00:00:00-04:00,415.87644828844924,415.93266831269824,414.75199061117655,415.8389587402344,44034300
2021-08-12 00:00:00-04:00,415.68905723891174,417.22581426197354,414.78950819398324,417.0852355957031,38909400
2021-08-13 00:00:00-04:00,417.5350605392358,417.8630297953268,417.0478107219428,417.84429931640625,39470300
2021-08-16 00:00:00-04:00,416.5417789840265,418.95932605512974,414.9862914344037,418.8281555175781,73740000
2021-08-17 00:00:00-04:00,416.26997110737653,416.9446399663895,413.0934254851267,416.08258056640625,92673900
2021-08-18 00:00:00-04:00,415.07059964436183,416.6354666486862,411.2849843863083,411.5285949707031,89351900
2021-08-19 00:00:00-04:00,408.8018367196642,413.36523891211175,408.6612866430519,412.1658020019531,92812200
2021-08-20 00:00:00-04:00,412.51249736786883,415.7733732693985,412.0252190130029,415.4454040527344,72008700
2021-08-23 00:00:00-04:00,417.13215804647064,420.00887376629044,415.5204503118759,419.0999450683594,54973000
2021-08-24 00:00:00-04:00,419.76513671875,420.2992555252089,419.2497769837676,419.76513671875,38744700
2021-08-25 00:00:00-04:00,419.9525966891945,421.16135587884156,419.57775837696613,420.64599609375,40529700
2021-08-26 00:00:00-04:00,420.36492091811544,420.599180595031,418.06919324203466,418.16290283203125,57829600
2021-08-27 00:00:00-04:00,418.96864575668053,422.27639048792906,418.91242573488046,421.9015808105469,77235100
2021-08-30 00:00:00-04:00,422.5762498396636,424.5440363918998,422.3326106810009,423.7569274902344,48357400
2021-08-31 00:00:00-04:00,423.6632692588089,424.0005894306205,422.52946055313254,423.129150390625,59300200
2021-09-01 00:00:00-04:00,424.0661623524176,424.58152211457764,423.11974426960506,423.35400390625,48721400
2021-09-02 00:00:00-04:00,424.7783747777005,425.462394702092,423.45714682758916,424.65655517578125,42501000
2021-09-03 00:00:00-04:00,423.52265580930316,425.0687635577039,423.11970753618436,424.5533752441406,47170500
2021-09-07 00:00:00-04:00,424.20672913760086,424.30043871518234,422.3607619842241,423.0354309082031,51671500
2021-09-08 00:00:00-04:00,422.5012585402549,423.23214734951307,420.5990431330851,422.5199890136719,56181900
2021-09-09 00:00:00-04:00,422.32334708756264,424.07560485445447,420.4680001952441,420.7116394042969,57970400
2021-09-10 00:00:00-04:00,422.64189201792766,423.06354222411983,417.27265062322766,417.39447021484375,89948200
2021-09-13 00:00:00-04:00,420.3930027876443,420.6553724465294,416.1481905625877,418.4626770019531,83738600
2021-09-14 00:00:00-04:00,419.9056916877061,420.11184130334044,415.31420871709963,416.20440673828125,78197100
2021-09-15 00:00:00-04:00,416.62609222178327,420.17747647552517,415.52039355154807,419.68084716796875,78792200
2021-09-16 00:00:00-04:00,419.1560224523783,420.1305217956713,416.0637785857491,419.0154724121094,77786700
2021-09-17 00:00:00-04:00,418.2428600689456,418.665861109797,414.5766789216659,414.93389892578125,118425000
2021-09-20 00:00:00-04:00,408.8048283528595,410.38408955076596,403.1457660287209,408.01519775390625,166445500
2021-09-21 00:00:00-04:00,410.3559031370975,411.6531636956014,407.10337084294684,407.6297912597656,92526100
2021-09-22 00:00:00-04:00,409.9046386502538,413.64601007748894,407.74255702757415,411.6061096191406,102350100
2021-09-23 00:00:00-04:00,413.47688551104596,418.21469841814167,413.24187534861926,416.6072082519531,76396000
2021-09-24 00:00:00-04:00,414.97149473457984,418.0078359804858,414.7552750846295,417.29339599609375,62094800
2021-09-27 00:00:00-04:00,416.2593696919336,417.4250108387706,415.40392931593607,416.0995788574219,61371100
2021-09-28 00:00:00-04:00,413.32642918282806,413.65544911085703,406.98115550934745,407.7143859863281,130436300
2021-09-29 00:00:00-04:00,409.0962556033454,410.8353363854079,407.83660468931265,408.400634765625,82329200
2021-09-30 00:00:00-04:00,409.87654418717653,410.5815747267988,403.07065855810856,403.4090881347656,140506000
2021-10-01 00:00:00-04:00,405.1386431605833,409.8858359543711,401.61349147576334,408.2031555175781,129240100
2021-10-04 00:00:00-04:00,407.03749673565017,407.9399274949172,400.79561465530827,402.9389343261719,128570000
2021-10-05 00:00:00-04:00,404.4430001166101,409.37821255340737,403.6439886722877,407.13153076171875,90682500
2021-10-06 00:00:00-04:00,403.5312059070278,409.0304489893108,401.90495407806975,408.8236389160156,113032200
2021-10-07 00:00:00-04:00,412.10435369862415,415.197066176869,411.9257437150467,412.358154296875,72437500
2021-10-08 00:00:00-04:00,413.1289992900791,413.5144193283019,410.9762985644965,411.6061096191406,74557400
2021-10-11 00:00:00-04:00,410.9481526531211,413.8622842543227,408.56044149355773,408.6262512207031,65233300
2021-10-12 00:00:00-04:00,409.54755357171507,409.9517641967118,406.83082211769147,407.6204528808594,71181200
2021-10-13 00:00:00-04:00,408.645002322282,409.90465316392994,405.6650899688843,409.0868225097656,72974000
2021-10-14 00:00:00-04:00,412.7529445741557,416.11830542103553,412.28292435324295,415.9678955078125,70236800
2021-10-15 00:00:00-04:00,418.0829930190192,419.50246328838506,417.46256287521214,419.1358337402344,66260200
2021-10-18 00:00:00-04:00,417.34980775714325,420.71514033276804,416.69176789132155,420.3767395019531,62213200
2021-10-19 00:00:00-04:00,422.0029718063698,423.6856235581585,421.39192256312816,423.6198425292969,46996800
2021-10-20 00:00:00-04:00,424.0805016742407,425.5845723051379,423.96770139728164,425.28375244140625,49571600
2021-10-21 00:00:00-04:00,424.68200304136724,426.6184837964389,424.2495925287721,426.39288330078125,41305400
2021-10-22 00:00:00-04:00,425.96058146063757,427.40825194853414,424.0052810402493,425.951171875,58845100
2021-10-25 00:00:00-04:00,427.04157156190274,428.5644324904607,425.264910041171,428.23541259765625,45214500
2021-10-26 00:00:00-04:00,429.7866111150071,430.9992429391153,428.2449306270115,428.6209411621094,56075100
2021-10-27 00:00:00-04:00,429.0814956872959,429.7489164065924,426.6467655584889,426.72198486328125,72438000
2021-10-28 00:00:00-04:00,428.1507944774444,430.9145155608973,428.14141358107645,430.8393249511719,51437900
2021-10-29 00:00:00-04:00,428.5362813944523,432.0050333226642,428.2448711186631,431.713623046875,70162400
2021-11-01 00:00:00-04:00,432.70065934906575,433.07669852419264,430.7265971184563,432.4562683105469,48433600
2021-11-02 00:00:00-04:00,432.6255115333647,434.5150024306183,432.49389207149477,434.20477294921875,48908400
2021-11-03 00:00:00-04:00,433.6406702124122,437.25983186693117,433.19885003088245,436.8556213378906,52509800
2021-11-04 00:00:00-04:00,437.45716584253296,438.9988457948901,437.10935550121593,438.91424560546875,52847100
2021-11-05 00:00:00-04:00,441.14228636490327,442.4301374982926,438.92380414430136,440.437255859375,66390600
2021-11-08 00:00:00-05:00,441.5370209098921,442.0352412122443,440.1269602027339,440.81317138671875,50405200
2021-11-09 00:00:00-05:00,441.17985167362065,441.4148618185051,437.9461097849906,439.3561706542969,51149100
2021-11-10 00:00:00-05:00,437.66397373985734,439.3560635833201,434.33625155444815,435.8215026855469,69429700
2021-11-11 00:00:00-05:00,437.31630732955944,437.3915266474943,435.9438559987734,435.962646484375,34848500
2021-11-12 00:00:00-05:00,437.2315739636778,439.807275407171,436.28212400629286,439.2526550292969,53466700
2021-11-15 00:00:00-05:00,440.54063749790726,440.7004283336517,438.27513622509247,439.4031677246094,46980500
2021-11-16 00:00:00-05:00,439.1399514053057,442.2796835013746,439.0647607814874,441.1422424316406,48857500
2021-11-17 00:00:00-05:00,440.8790082432791,441.0576182388675,439.4501569663317,440.0705871582031,47858300
2021-11-18 00:00:00-05:00,441.1046377023812,441.82848731755604,438.37852572627077,441.5652770996094,50625600
2021-11-19 00:00:00-05:00,441.4524058684626,442.70267579983584,440.4089746825623,440.7756042480469,57315600
2021-11-22 00:00:00-05:00,442.65573171479053,445.1468335661726,439.32797995964046,439.5347900390625,72762000
2021-11-23 00:00:00-05:00,439.2057132997234,440.9729939884895,436.6018115031317,440.1175537109375,73206500
2021-11-24 00:00:00-05:00,438.1152611459688,441.4148123907597,437.29743052339023,441.2926025390625,61858800
2021-11-26 00:00:00-05:00,434.6183409737067,436.08480192497507,430.32234880945094,431.4504089355469,112669600
2021-11-29 00:00:00-05:00,436.24463852719293,438.58533038960036,434.0449470141302,436.74285888671875,86268800
2021-11-30 00:00:00-05:00,434.29873651759567,436.207017697208,428.0004533224309,428.244873046875,148559600
2021-12-01 00:00:00-05:00,433.9603470803366,436.80866888995706,423.290880760792,423.48828125,131939200
2021-12-02 00:00:00-05:00,423.7044637690375,431.54439807571686,423.3096341374703,429.9745178222656,127637800
2021-12-03 00:00:00-05:00,431.63844870413465,432.70067046910617,422.00303269299377,426.23321533203125,137331600
2021-12-06 00:00:00-05:00,428.78070813331755,433.16130061518345,426.3647969926562,431.2812194824219,98977500
2021-12-07 00:00:00-05:00,436.56428721886243,440.76627012490576,431.1496438264403,440.2022399902344,95484700
2021-12-08 00:00:00-05:00,440.5970473857132,441.81908870916527,438.83914733929845,441.36785888671875,72238800
2021-12-09 00:00:00-05:00,440.0800010576555,441.4712714729504,438.190538959741,438.387939453125,61272600
2021-12-10 00:00:00-05:00,441.0952068137605,442.665058357532,438.53829554873346,442.5146484375,77159800
2021-12-13 00:00:00-05:00,441.99766876550603,442.3454791791736,438.3126971846737,438.5947265625,87724700
2021-12-14 00:00:00-05:00,435.323378332146,437.8144800719802,432.65366659136504,435.5771789550781,97264100
2021-12-15 00:00:00-05:00,435.6335728638,442.6274476583098,433.1142425689226,442.383056640625,116899300
2021-12-16 00:00:00-05:00,444.23491543308455,444.5169160885959,436.9307828900091,438.48187255859375,116568600
2021-12-17 00:00:00-05:00,435.39999504107936,438.4092618245341,432.1077368438548,433.815185546875,135511600
2021-12-20 00:00:00-05:00,428.7305989396733,429.59845850346267,425.5798363191293,429.2022705078125,107134800
2021-12-21 00:00:00-05:00,432.6267256122782,436.9661112382473,430.4570471935724,436.8246154785156,69806300
2021-12-22 00:00:00-05:00,436.569793417211,441.30536576361067,436.3716706238864,441.1921691894531,58890200
2021-12-23 00:00:00-05:00,442.19203501921226,445.43713726995674,442.08828110682884,443.9372253417969,56439700
2021-12-27 00:00:00-05:00,445.3145445167092,450.2670958254494,445.26738887680665,450.2199401855469,56808600
2021-12-28 00:00:00-05:00,450.653837085784,451.68207754216996,449.087884188701,449.85198974609375,47274600
2021-12-29 00:00:00-05:00,449.9558491527363,451.4463187392995,448.95590766548065,450.4275207519531,54503000
2021-12-30 00:00:00-05:00,450.85198851964896,451.8613726077948,448.72005255913206,449.1822814941406,55329000
2021-12-31 00:00:00-05:00,448.6916965613621,449.8425474311,447.77665266265734,448.0502014160156,65237400
2022-01-03 00:00:00-05:00,449.3142615710116,450.7764605012531,447.0030884828913,450.6443786621094,72668200
2022-01-04 00:00:00-05:00,452.06889544831097,452.78584543871375,448.635112640116,450.4934997558594,71178700
2022-01-05 00:00:00-05:00,450.1255372262037,450.89908537464567,441.7486470053759,441.8429870605469,104538900
2022-01-06 00:00:00-05:00,441.380853389721,444.1448419921144,439.0602084439973,441.4280090332031,86858900
2022-01-07 00:00:00-05:00,441.43743350191716,442.61661242591146,438.3243838694435,439.68280029296875,85111600
2022-01-10 00:00:00-05:00,436.4849195241094,439.35266218590664,430.7305201228873,439.1357116699219,119362000
2022-01-11 00:00:00-05:00,438.87156663562837,443.22980760686403,435.87171338487093,443.1354675292969,74303100
2022-01-12 00:00:00-05:00,444.8712086177971,446.3900061138433,442.37135493830107,444.33349609375,67605400
2022-01-13 00:00:00-05:00,445.4371314065704,446.0880403766342,437.1828801948643,438.21112060546875,91173100
2022-01-14 00:00:00-05:00,435.0604719206195,438.7395048053525,433.843551078094,438.3904724121094,95890900
2022-01-18 00:00:00-05:00,433.6925435130348,433.9000801446297,429.51354052849086,430.6266784667969,109709100
2022-01-19 00:00:00-05:00,432.17374552013666,433.56987477528105,425.8816348637501,426.15521240234375,109357600
2022-01-20 00:00:00-05:00,428.0419704136264,432.7492436968586,419.31604594789405,421.4385681152344,122379700
2022-01-21 00:00:00-05:00,420.31596407281415,422.6743219055185,413.1371366485651,413.1654357910156,202271200
2022-01-24 00:00:00-05:00,407.5525363125253,415.4294573025682,396.9210694706066,414.9200439453125,251783900
2022-01-25 00:00:00-05:00,408.52419175491247,414.80686073493035,402.9490301538802,409.85430908203125,167997300
2022-01-26 00:00:00-05:00,415.7501849161173,418.8820910132849,404.56212043743244,408.8260498046875,186391100
2022-01-27 00:00:00-05:00,413.4295686804275,416.5708886311564,405.11871802199556,406.8072814941406,149878300
2022-01-28 00:00:00-05:00,408.16568303658295,416.95764758264465,403.5810494178644,416.9104919433594,164457400
2022-01-31 00:00:00-05:00,416.24066741224294,424.7684964246404,414.891693794857,424.4194641113281,152251400
2022-02-01 00:00:00-05:00,425.14585473478627,427.9287283515847,421.6177608084225,427.2872619628906,123155400
2022-02-02 00:00:00-05:00,429.6927977248774,432.1643521308704,427.38159553014776,431.43798828125,117361000
2022-02-03 00:00:00-05:00,425.40057576602374,427.30611843415994,420.45743842360054,421.2970275878906,118024400
2022-02-04 00:00:00-05:00,421.06118368926354,427.1268727004783,418.68394073588917,423.2780456542969,118454400
2022-02-07 00:00:00-05:00,424.04223054958567,425.4383601251335,420.58959082414395,421.9197082519531,84472900
2022-02-08 00:00:00-05:00,421.4197378367775,426.31569157716,419.99528032572806,425.3912048339844,81012000
2022-02-09 00:00:00-05:00,429.4286550758493,431.93795122288446,429.23056108197864,431.6172180175781,92589900
2022-02-10 00:00:00-05:00,425.76842702143995,431.77751733735505,421.8630019636303,423.8628845214844,140103700
2022-02-11 00:00:00-05:00,423.947845988049,426.0231836326423,414.0710421144383,415.5049133300781,153214600
2022-02-14 00:00:00-05:00,414.9955162101405,416.5803257355876,410.67498861776903,414.146484375,123006300
2022-02-15 00:00:00-05:00,418.5896597934599,420.99517327307245,418.0708037959125,420.82537841796875,88482700
2022-02-16 00:00:00-05:00,418.77828888356663,422.67430043142383,416.9010453564432,421.2970275878906,84863600
2022-02-17 00:00:00-05:00,418.1084816308631,421.26868640848454,411.6937608073531,412.2974853515625,102259100
2022-02-18 00:00:00-05:00,412.55220911710694,413.80687151261105,407.3544084156553,409.62786865234375,132642900
2022-02-22 00:00:00-05:00,407.4204966635997,410.8259516984403,401.7321096953835,405.23193359375,124391800
2022-02-23 00:00:00-05:00,408.1468368692283,408.71284849771104,397.477628508236,398.04364013671875,132578000
2022-02-24 00:00:00-05:00,387.73293471716227,404.46786365481387,387.3744884622656,404.0339050292969,213942900
2022-02-25 00:00:00-05:00,405.26959895160047,413.0333227139032,403.61874859349035,412.94842529296875,121804500
2022-02-28 00:00:00-05:00,407.55255287050466,413.37299295759,406.29791910816897,411.8919372558594,145615000
2022-03-01 00:00:00-05:00,410.39205847249923,412.40138421552143,402.91132456726035,405.6187438964844,137785900
2022-03-02 00:00:00-05:00,407.87329353346485,414.8068717900214,407.11863049118716,413.08056640625,117726500
2022-03-03 00:00:00-05:00,415.5143088873288,416.11803346129733,409.22219816012046,411.02398681640625,105501700
2022-03-04 00:00:00-05:00,407.2884145484183,408.81662588103086,403.63768107861074,407.68463134765625,113978200
2022-03-07 00:00:00-05:00,407.09969537962036,407.80720269087345,395.60034091096946,395.6663818359375,137896600
2022-03-08 00:00:00-05:00,395.84559581407734,403.0055659240811,391.6005521986846,392.6665344238281,164772700
2022-03-09 00:00:00-05:00,401.05295715574266,405.1753624907321,398.8643939390567,403.1943359375,116990800
2022-03-10 00:00:00-05:00,398.5812801406087,402.2697547820951,396.61913933731984,401.37359619140625,93972700
2022-03-11 00:00:00-05:00,403.8640420157582,404.4772092709991,395.7607282684723,396.2701416015625,95636300
2022-03-14 00:00:00-04:00,397.0437338622443,400.4963446455009,392.23267777731564,393.3741149902344,95729200
2022-03-15 00:00:00-04:00,395.9872075218258,402.6566515763055,394.7137170949515,402.0246276855469,106219100
2022-03-16 00:00:00-04:00,405.53380999874116,410.99574623645054,400.7321679197033,410.93914794921875,144954800
2022-03-17 00:00:00-04:00,409.02413595065417,416.0803527832031,408.6468044640496,416.0803527832031,102676900
2022-03-18 00:00:00-04:00,414.4678791360529,420.9593028336933,413.7297868077792,420.6375732421875,106345500
2022-03-21 00:00:00-04:00,420.46728690424806,422.47338269242965,417.00392141262006,420.5146179199219,88349800
2022-03-22 00:00:00-04:00,421.90556943878335,426.37198236705336,421.90556943878335,425.4351806640625,74650400
2022-03-23 00:00:00-04:00,422.8991638853642,424.39426355842147,419.87107662912183,419.95623779296875,79426100
2022-03-24 00:00:00-04:00,421.9813008840571,426.29630669485863,420.8647048360825,426.2868347167969,64736900
2022-03-25 00:00:00-04:00,426.92088512262796,428.64311034533864,424.3375472885619,428.3686828613281,77101300
2022-03-28 00:00:00-04:00,427.77248986490883,431.4156494140625,425.8799424500739,431.4156494140625,68529800
2022-03-29 00:00:00-04:00,435.30485728967426,437.24473588066155,432.61744319877937,436.7526550292969,86581500
2022-03-30 00:00:00-04:00,435.60762945908306,436.4214398536475,431.9455548784965,434.0557556152344,79666900
2022-03-31 00:00:00-04:00,433.2892715675178,434.1125250531456,426.9208392701977,427.37506103515625,121699900
2022-04-01 00:00:00-04:00,428.9553354432427,429.0972707248986,425.0093902232998,428.5863037109375,89048800
2022-04-04 00:00:00-04:00,428.7850647544049,432.3619786728985,427.96181114365424,432.25787353515625,59601000
2022-04-05 00:00:00-04:00,430.7627409154782,433.2325015603828,425.6528684021026,426.7978515625,74214500
2022-04-06 00:00:00-04:00,422.88020528931924,424.8105825604862,419.6439370062825,422.5300598144531,106898000
2022-04-07 00:00:00-04:00,421.65015787040545,426.47616024110664,419.7008360657591,424.6593017578125,78097200
2022-04-08 00:00:00-04:00,423.90221584948597,426.4193072695884,421.9812814601947,423.5237121582031,79272700
2022-04-11 00:00:00-04:00,420.24961995400275,421.0918174503352,415.7832355906516,416.2847595214844,89770500
2022-04-12 00:00:00-04:00,419.2749706687826,421.8015343492119,413.1904372386116,414.7423400878906,84363600
2022-04-13 00:00:00-04:00,414.49638095227647,420.2497139145522,414.3165865898938,419.4927062988281,74070400
2022-04-14 00:00:00-04:00,419.71974367105213,420.8363687322028,414.1651209368808,414.26922607421875,97869500
2022-04-18 00:00:00-04:00,413.341833148195,416.1238802748247,412.2062931005156,414.43951416015625,66002500
2022-04-19 00:00:00-04:00,414.33540185587515,421.8488175877449,414.1650795150678,421.1296691894531,77821000
2022-04-20 00:00:00-04:00,422.9086685500845,423.5237406996165,419.65348460531936,420.8173828125,65224400
2022-04-21 00:00:00-04:00,424.4416483063958,425.83267191463915,413.61627398000866,414.5246887207031,85417300
2022-04-22 00:00:00-04:00,413.43650465990896,414.5436288750389,402.58274261879126,403.1505126953125,132471800
2022-04-25 00:00:00-04:00,400.90780109531795,405.65808479066646,396.33728283967,405.4877624511719,119647700
2022-04-26 00:00:00-04:00,402.95173179386785,403.1504700703284,393.71611977901205,393.7445068359375,103996300
2022-04-27 00:00:00-04:00,394.82323647876274,400.19809313911514,392.7130645715548,394.85162353515625,122030000
2022-04-28 00:00:00-04:00,399.6019576141651,406.55707558525125,395.1639313315665,404.82537841796875,105449100
2022-04-29 00:00:00-04:00,400.832054296418,402.98955707599237,389.1171818200173,389.86474609375,145491100
2022-05-02 00:00:00-04:00,389.93099434604335,393.5741537158079,383.25974771045304,392.2115173339844,158312500
2022-05-03 00:00:00-04:00,392.7130092248286,396.42238550138336,391.15163470929133,394.0093994140625,100028200
2022-05-04 00:00:00-04:00,394.67183940897127,406.5759792490273,391.48290152050896,406.0082092285156,144247900
2022-05-05 00:00:00-04:00,401.7404848718178,402.16631958492377,387.44230322988835,391.5775146484375,172929100
2022-05-06 00:00:00-04:00,389.01319891928415,392.5143949581733,383.9317127901109,389.24029541015625,151770800
2022-05-09 00:00:00-04:00,383.3354711443122,384.575087347115,375.1975117716512,376.7778015136719,155586100
2022-05-10 00:00:00-04:00,382.7582487909865,384.26282054447404,373.60779806565324,377.64837646484375,132497200
2022-05-11 00:00:00-04:00,376.68316971112745,382.3324247205916,370.9014225253903,371.64898681640625,142361000
2022-05-12 00:00:00-04:00,368.4505828254061,374.5351157341159,364.4573066901353,371.2610168457031,125090800
2022-05-13 00:00:00-04:00,375.3962141833524,381.5186058960115,374.35530738560897,380.1370544433594,104174400
2022-05-16 00:00:00-04:00,378.49055876588955,382.26618152652463,376.2384227760437,378.5946350097656,78622400
2022-05-17 00:00:00-04:00,384.68866921363724,386.6190757634291,380.9508763229202,386.38250732421875,83029700
2022-05-18 00:00:00-04:00,381.82146421765935,382.1053347959958,369.56720740842707,370.80682373046875,117674500
2022-05-19 00:00:00-04:00,367.7409001168937,372.96434969897865,366.3120175133911,368.5357666015625,98510700
2022-05-20 00:00:00-04:00,372.1221925167826,375.6991065243165,360.09505993665994,368.6966857910156,131432200
2022-05-23 00:00:00-04:00,371.7246556441584,376.36141951205695,369.40630258818845,375.5949401855469,76414900
2022-05-24 00:00:00-04:00,371.46913169376035,373.9199766517534,366.1699941920025,372.7276916503906,91448800
2022-05-25 00:00:00-04:00,371.2326698997725,377.98907865192785,370.8352510778718,376.02081298828125,91472900
2022-05-26 00:00:00-04:00,377.2509375219795,385.1712435361306,377.0427561590206,383.5341796875,82168300
2022-05-27 00:00:00-04:00,385.9944682150054,393.06313317262965,385.7957588445441,392.9495849609375,84768700
2022-05-31 00:00:00-04:00,391.33152767867176,394.08518796704755,388.0006542200998,390.7448425292969,95937000
2022-06-01 00:00:00-04:00,392.8644517588874,393.87694263717856,385.06713709140746,387.584228515625,86585800
2022-06-02 00:00:00-04:00,387.42340710258367,395.01251209671574,385.1712709822698,394.9652099609375,79609600
2022-06-03 00:00:00-04:00,390.2433012195324,391.79520408065434,387.5085850110212,388.4832458496094,71874300
2022-06-06 00:00:00-04:00,392.4953952002465,394.22706332553315,388.4926471442496,389.6660461425781,57508900
2022-06-07 00:00:00-04:00,386.17432268656637,393.8580609068562,385.71062891259504,393.4038391113281,59272400
2022-06-08 00:00:00-04:00,391.6910721501235,393.47954333395916,388.33181201108613,389.1266784667969,64350000
2022-06-09 00:00:00-04:00,387.34765697732666,389.61870798841755,379.8721008300781,379.8721008300781,86289800
2022-06-10 00:00:00-04:00,373.6645695586442,374.5162101273659,368.8101807755536,368.85748291015625,132893900
2022-06-13 00:00:00-04:00,359.4420637467876,361.2967520769685,353.2439538052529,354.8526306152344,170004900
2022-06-14 00:00:00-04:00,356.6032925923492,357.63472758428236,350.6796092755737,353.78338623046875,104011800
2022-06-15 00:00:00-04:00,357.0858572117837,363.2744957746672,352.12739188091416,358.8270263671875,125666800
2022-06-16 00:00:00-04:00,350.6038951062925,351.0107858866292,344.51933296816924,346.9512634277344,134473300
2022-06-17 00:00:00-04:00,347.36661545178714,351.04450954430285,344.1924117569051,347.69921875,111113900
2022-06-21 00:00:00-04:00,353.4299145965904,357.8395764065463,353.3538694431423,356.4520568847656,76811900
2022-06-22 00:00:00-04:00,352.22296583921377,359.92089960070416,351.80480446926504,355.80584716796875,90059400
2022-06-23 00:00:00-04:00,357.9441735497339,360.0254385770398,354.3803178822355,359.2936706542969,79292100
2022-06-24 00:00:00-04:00,362.4678495923808,370.7264928757993,362.43933990911876,370.71697998046875,98050300
2022-06-27 00:00:00-04:00,371.63881476677494,371.93342448126845,368.20802402579585,369.3009338378906,66009600
2022-06-28 00:00:00-04:00,370.859513206885,373.6440649503389,361.6409966809316,361.7550354003906,86548900
2022-06-29 00:00:00-04:00,362.3062236029839,363.2945784041764,359.63571085622056,361.46038818359375,65676000
2022-06-30 00:00:00-04:00,357.563929508268,361.76453925396646,354.06660685286846,358.5238037109375,112508300
2022-07-01 00:00:00-04:00,357.8681111996678,362.7529830546203,355.2451042734922,362.3157958984375,74839700
2022-07-05 00:00:00-04:00,357.22181596212545,363.01902578805715,354.3897288005455,363.0,81438000
2022-07-06 00:00:00-04:00,363.1425568197513,366.7159247303021,360.75716958402745,364.2259826660156,70426200
2022-07-07 00:00:00-04:00,366.00319713599873,370.47939144659864,364.24502265222054,369.68109130859375,64525900
2022-07-08 00:00:00-04:00,368.0463632374746,371.2491047720084,366.51629566106016,369.37689208984375,72397800
2022-07-11 00:00:00-04:00,366.6968987191373,367.6662567653329,364.46354395303933,365.1573181152344,58366900
2022-07-12 00:00:00-04:00,364.60617377885575,366.9915903599883,360.1774858287248,361.9261474609375,62219200
2022-07-13 00:00:00-04:00,356.4805310045145,362.9620020597862,356.0623697104502,360.0253601074219,84224600
2022-07-14 00:00:00-04:00,355.064490796516,360.234458871572,352.6220841639683,359.15106201171875,89704800
2022-07-15 00:00:00-04:00,363.5606860012762,366.12667298735175,361.6504796031944,366.01263427734375,79060400
2022-07-18 00:00:00-04:00,369.10129418165167,369.7760425251106,361.7645044246578,362.990478515625,63203600
2022-07-19 00:00:00-04:00,366.91553906146305,373.36850148412316,366.2598163377438,372.79827880859375,78506000
2022-07-20 00:00:00-04:00,372.98828349436786,376.59016077722407,371.6197609648057,375.1741027832031,71843800
2022-07-21 00:00:00-04:00,374.5944510061109,379.04213537491796,372.1900378364041,378.99462890625,64903900
2022-07-22 00:00:00-04:00,379.1181101586879,380.3155455725048,373.25436867758987,375.47821044921875,72197300
2022-07-25 00:00:00-04:00,376.1055368569356,376.7897982483448,373.69161069797406,375.9344787597656,53631500
2022-07-26 00:00:00-04:00,374.29030390175836,374.4993845551237,370.59341339787153,371.48675537109375,52946400
2022-07-27 00:00:00-04:00,374.78452854217437,382.88162668042236,374.48991881207405,381.1329650878906,82342100
2022-07-28 00:00:00-04:00,381.9407954687544,386.6070448907336,378.3864237526016,385.9132995605469,73966600
2022-07-29 00:00:00-04:00,387.3483007860886,392.5277822061919,386.5785103442153,391.5393981933594,87003700
2022-08-01 00:00:00-04:00,388.84030221771746,392.88885045045953,388.1275312754867,390.3798828125,69997500
2022-08-02 00:00:00-04:00,388.81185464934134,392.49926155328086,386.6260350117583,387.8044738769531,63435400
2022-08-03 00:00:00-04:00,389.9332658563709,395.04621476373677,389.6481690410905,393.8772888183594,67820600
2022-08-04 00:00:00-04:00,393.80123040665455,394.48549174301655,391.96703995040895,393.6111755371094,45656600
2022-08-05 00:00:00-04:00,389.3250180600784,393.59213106466996,389.2679987016488,392.9458923339844,56814900
2022-08-08 00:00:00-04:00,394.63754145835884,396.88989316531894,391.387292955347,392.4897155761719,53886100
2022-08-09 00:00:00-04:00,391.7580232530995,392.26171369385696,389.8573002309609,390.93121337890625,44931800
2022-08-10 00:00:00-04:00,397.9923437821938,399.28485036063125,396.03460162898654,399.14227294921875,68665700
2022-08-11 00:00:00-04:00,401.993357133819,403.85608634972215,398.40099222133176,399.14227294921875,59489700
2022-08-12 00:00:00-04:00,401.0810138483799,406.0038788583054,400.130652464098,405.89935302734375,61694500
2022-08-15 00:00:00-04:00,403.6849557261061,408.0946460440883,403.6279363687809,407.5719299316406,54048300
2022-08-16 00:00:00-04:00,406.49802644193505,410.2994714282671,405.69021358179475,408.3702392578125,59289000
2022-08-17 00:00:00-04:00,404.76839107782297,408.1801847177208,403.4664007169476,405.4716491699219,63563400
2022-08-18 00:00:00-04:00,405.671185528094,407.3343177003201,404.3787081612712,406.65008544921875,49023200
2022-08-19 00:00:00-04:00,403.8845695793236,404.1506695923492,400.3112016877868,401.185546875,68016900
2022-08-22 00:00:00-04:00,396.34816754384633,396.5192546194772,391.92899331076484,392.83184814453125,77695600
2022-08-23 00:00:00-04:00,392.4041568162922,394.7990857432436,391.33024395653683,391.8814697265625,49105200
2022-08-24 00:00:00-04:00,391.6534263650644,394.50451059223457,390.9691939931629,393.1360168457031,49177800
2022-08-25 00:00:00-04:00,394.6280346959815,398.73360265745475,393.5351249523274,398.68609619140625,50942300
2022-08-26 00:00:00-04:00,398.5720522592657,399.1137361754967,385.13392912672487,385.1909484863281,103087000
2022-08-29 00:00:00-04:00,382.2353335276929,385.69463364222986,381.28497221012304,382.64398193359375,65370800
2022-08-30 00:00:00-04:00,383.80334904686,384.0409393299145,376.34300835840315,378.44329833984375,85652400
2022-08-31 00:00:00-04:00,380.07809068864566,381.3230620086155,375.4308377544014,375.5638732910156,76029700
2022-09-01 00:00:00-04:00,373.3874742240931,377.08436469022797,370.678938652205,376.74224853515625,78740100
2022-09-02 00:00:00-04:00,380.4106274783638,381.62708880615634,370.95452075647603,372.76971435546875,99632100
2022-09-06 00:00:00-04:00,373.61557203339373,374.5564205138696,369.1393780774377,371.36322021484375,76637400
2022-09-07 00:00:00-04:00,371.0495374683232,378.80448878191197,370.8309729416289,378.0346984863281,70964200
2022-09-08 00:00:00-04:00,375.7633523475096,380.96180059480923,374.5563749860969,380.5056457519531,80821700
2022-09-09 00:00:00-04:00,382.74846080000646,387.2817022904019,382.4823608238422,386.4168701171875,76706900
2022-09-12 00:00:00-04:00,388.48874399097315,391.2923218090903,388.1846213728781,390.5700378417969,69256300
2022-09-13 00:00:00-04:00,381.8836405980916,383.090617922909,372.46558632358233,373.5870056152344,122947100
2022-09-14 00:00:00-04:00,374.88902163325827,376.53315711649486,371.7053054907733,375.0125732421875,85023700
2022-09-15 00:00:00-04:00,373.4539971854713,376.30508130578556,369.4814936051546,370.7549743652344,87633800
2022-09-16 00:00:00-04:00,366.5714428970576,368.58492846304785,364.6342566105422,367.9264831542969,103084800
2022-09-19 00:00:00-04:00,364.77744712887517,370.7797546386719,364.701089599931,370.7797546386719,73278500
2022-09-20 00:00:00-04:00,367.4493811490609,368.4609000016925,363.7659311992638,366.52374267578125,77274900
2022-09-21 00:00:00-04:00,368.45132204995605,371.50498233585387,360.1206054997159,360.1301574707031,106746600
2022-09-22 00:00:00-04:00,359.35721571534805,360.9985532046951,356.36083780125125,357.10516357421875,89472600
2022-09-23 00:00:00-04:00,353.63154945078173,353.6697282090651,346.67497780988714,351.1218566894531,122346900
2022-09-26 00:00:00-04:00,349.652370039799,353.2785667174396,346.4269485005134,347.6484069824219,92581200
2022-09-27 00:00:00-04:00,351.18873199675016,353.4598882434016,344.3657404059386,346.7609558105469,108294100
2022-09-28 00:00:00-04:00,347.71516751010176,355.27293178744674,346.01657657366974,353.5838928222656,110802200
2022-09-29 00:00:00-04:00,350.0340115514208,350.32027945929735,343.249200037984,346.1978759765625,112952300
2022-09-30 00:00:00-04:00,345.25315265968237,349.17519794486384,340.7108699138818,340.8444519042969,153711200
2022-10-03 00:00:00-04:00,344.56611454293574,351.6944777642895,342.7816430249758,349.84320068359375,89756500
2022-10-04 00:00:00-04:00,355.36842016959133,360.71231209913736,349.8050658415785,360.6836853027344,103602800
2022-10-05 00:00:00-04:00,356.3131988470105,362.10556813395476,353.9847887637613,359.8439636230469,88065700
2022-10-06 00:00:00-04:00,358.44114174816866,361.3993701215644,355.6355993235401,356.1318359375,82333500
2022-10-07 00:00:00-04:00,352.09522785371945,356.21766045831674,344.43247955302377,346.1978759765625,107789500
2022-10-10 00:00:00-04:00,347.3144037026543,347.5529700367685,341.31209570408595,343.5545959472656,76042800
2022-10-11 00:00:00-04:00,341.85591672497,346.4268546628964,339.4416272107152,341.3787841796875,92482800
2022-10-12 00:00:00-04:00,341.7891591233935,343.3636907851623,340.0046588434037,340.2527770996094,76991800
2022-10-13 00:00:00-04:00,333.2389867095814,350.7020596679561,332.1892890254387,349.23248291015625,147254500
2022-10-14 00:00:00-04:00,351.6944557677686,353.32627035722425,340.6345247152281,341.2738952636719,123737000
2022-10-17 00:00:00-04:00,347.362126415413,351.15056087847387,340.9399103655982,350.0436096191406,93168200
2022-10-18 00:00:00-04:00,357.97352458781444,358.27889645424324,350.71155095897484,354.1564636230469,97162900
2022-10-19 00:00:00-04:00,352.11433970586495,354.8435535760599,348.8316647816131,351.6467590332031,79746900
2022-10-20 00:00:00-04:00,351.1982293100266,355.6260339289677,347.9346294295258,348.69805908203125,88283100
2022-10-21 00:00:00-04:00,348.42140049601363,357.65868317017765,346.91367388110444,357.1720275878906,131038400
2022-10-24 00:00:00-04:00,358.69884913927166,362.6781197038341,356.04596326707,361.54254150390625,85436900
2022-10-25 00:00:00-04:00,361.46620527093705,367.6307517074169,361.3516980804559,367.31585693359375,78846300
2022-10-26 00:00:00-04:00,364.1667310883198,369.8541443090124,363.90908993272876,364.5484313964844,104087300
2022-10-27 00:00:00-04:00,365.55039117436706,367.3921160917615,361.9814193866082,362.6017150878906,81971800
2022-10-28 00:00:00-04:00,362.49674993223925,371.70540412790007,362.31543719795053,371.228271484375,100302000
2022-10-31 00:00:00-04:00,368.7662444084812,370.63659603718315,367.6402184672529,368.5467529296875,96631300
2022-11-01 00:00:00-04:00,372.29707747025043,372.5356437948338,365.76035435229414,366.93408203125,85407600
2022-11-02 00:00:00-04:00,366.34251046952323,370.8561966555853,357.62053916088735,357.7254943847656,126990400
2022-11-03 00:00:00-04:00,354.4809766440454,357.08613172387004,351.9235523083306,354.0420227050781,87100100
2022-11-04 00:00:00-04:00,359.75796183612107,361.5424330085425,353.07810578080847,359.1376953125,103505200
2022-11-07 00:00:00-05:00,360.4354853214063,363.164698821556,358.3551942624768,362.57305908203125,68286900
2022-11-08 00:00:00-05:00,363.6800782301254,367.50669186220006,360.445133617555,364.5293884277344,84641100
2022-11-09 00:00:00-05:00,362.5539832992573,363.7086651999319,356.52302003221314,357.0192565917969,78495500
2022-11-10 00:00:00-05:00,370.3026114178393,376.9729451885855,368.00285783726986,376.6389465332031,141455800
2022-11-11 00:00:00-05:00,377.4977734770305,381.08582000984256,375.60831786460767,380.28424072265625,93839900
2022-11-14 00:00:00-05:00,378.5188319106351,381.877834879153,376.77251031322436,377.04925537109375,71903500
2022-11-15 00:00:00-05:00,382.80348568869397,383.9104368342091,376.4480758536066,380.26513671875,93194500
2022-11-16 00:00:00-05:00,378.6334179598029,379.58768334395705,376.73443916433405,377.3642578125,68508500
2022-11-17 00:00:00-05:00,372.6023818822728,376.88705243365007,372.2970391508522,376.2095031738281,74496300
2022-11-18 00:00:00-05:00,379.5494183386701,379.6162238896307,375.0643895252909,377.9176330566406,92922500
2022-11-21 00:00:00-05:00,376.59124880158924,377.7172747970653,374.7017931399619,376.54351806640625,51243200
2022-11-22 00:00:00-05:00,378.49018967584743,381.7728641092099,377.07786677530646,381.6106262207031,60429000
2022-11-23 00:00:00-05:00,381.27670641341655,384.5021279345099,381.04769204993397,384.0154724121094,68261600
2022-11-25 00:00:00-05:00,383.45243275471506,384.4830556409012,383.17571677097555,383.9295654296875,30545400
2022-11-28 00:00:00-05:00,380.837748913633,382.4790864541177,377.0397623978261,377.8031921386719,67881600
2022-11-29 00:00:00-05:00,377.93671115122805,379.1295426207394,375.3124819183031,377.15423583984375,52310000
2022-11-30 00:00:00-05:00,377.4023849238339,389.0348815917969,375.4843314190897,389.0348815917969,144566700
2022-12-01 00:00:00-05:00,390.07504041496463,391.2487972907091,386.2389041546695,388.7486267089844,76398200
2022-12-02 00:00:00-05:00,383.8531695839399,389.20658327820155,383.7482143923798,388.300048828125,85342700
2022-12-05 00:00:00-05:00,385.47549236036787,386.41065374736974,379.9598399084257,381.31488037109375,77289800
2022-12-06 00:00:00-05:00,381.1526980591558,381.69660720336174,373.72851442805074,375.8183288574219,77972200
2022-12-07 00:00:00-05:00,374.9689850432598,377.54551283524984,374.0433465972937,375.1789245605469,65927900
2022-12-08 00:00:00-05:00,377.068403979044,379.18684498444895,375.2839034087124,378.1180725097656,60737900
2022-12-09 00:00:00-05:00,376.8775715745364,379.43499580414664,375.16942838990695,375.2934875488281,81447700
2022-12-12 00:00:00-05:00,376.08549280299235,380.70416259765625,375.41752454941917,380.70416259765625,75405800
2022-12-13 00:00:00-05:00,391.4587178854205,391.71635903607296,380.8186654692543,383.5860290527344,123782500
2022-12-14 00:00:00-05:00,383.2424323385713,386.9545379387217,378.1848384359595,381.1335144042969,108111300
2022-12-15 00:00:00-05:00,376.2667660559643,377.17332966722427,370.1499515992905,371.81036376953125,117705900
2022-12-16 00:00:00-05:00,369.2517657317392,370.59386612148,365.2829810609633,367.4207458496094,119858000
2022-12-19 00:00:00-05:00,367.6124286419873,367.9479610000422,362.6370475272463,364.3050842285156,79878100
2022-12-20 00:00:00-05:00,363.5478242860952,366.42376617165866,362.224886337841,364.80364990234375,74427200
2022-12-21 00:00:00-05:00,367.40152173062785,371.3894974015058,366.8646816648933,370.25830078125,78167400
2022-12-22 00:00:00-05:00,367.209831595386,370.23916053307846,359.2722332289845,364.9761962890625,100120900
2022-12-23 00:00:00-05:00,363.9503928993597,367.2193832656584,362.3973891620379,367.0755920410156,59857300
2022-12-27 00:00:00-05:00,366.96058546509136,367.3056844290648,363.9504190865602,365.6280517578125,51638200
2022-12-28 00:00:00-05:00,365.5609421925815,367.53578243852644,360.8540099500132,361.0840759277344,70911500
2022-12-29 00:00:00-05:00,363.93123576240765,368.45605164881476,363.4039622569558,367.58367919921875,66970900
2022-12-30 00:00:00-05:00,364.89946016973596,366.7592086998613,362.78082893352615,366.61541748046875,84022200
2023-01-03 00:00:00-05:00,368.4751764259672,370.449987086223,362.2056162807152,365.0719909667969,74850700
2023-01-04 00:00:00-05:00,367.33444063245616,369.9227998702252,364.2859494452824,367.8904724121094,85934100
2023-01-05 00:00:00-05:00,365.93488176571645,366.0499147712704,363.09729369153195,363.691650390625,76970500
2023-01-06 00:00:00-05:00,366.78802795358683,373.153460042991,363.72037415912655,372.0318298339844,104189600
2023-01-09 00:00:00-05:00,374.2271676198182,377.419479732033,371.63883728473166,371.8209533691406,73978100
2023-01-10 00:00:00-05:00,371.2361537559992,374.4955486092587,370.29666890331214,374.4284362792969,65358100
2023-01-11 00:00:00-05:00,376.010165101327,379.2408011692247,375.195309209713,379.1640930175781,68881100
2023-01-12 00:00:00-05:00,380.26666054687666,382.011376504994,376.19240927348505,380.5446472167969,90157700
2023-01-13 00:00:00-05:00,377.3427317250366,382.5961292686462,377.07431166109114,382.02093505859375,63903900
2023-01-17 00:00:00-05:00,382.00185828445825,383.6794913741159,380.64056599067237,381.3211975097656,62677300
2023-01-18 00:00:00-05:00,382.50988909217506,383.5739736096775,375.09953453290353,375.30084228515625,99632300
2023-01-19 00:00:00-05:00,373.2588930285292,374.9077675297641,371.2457571335137,372.5686950683594,86958900
2023-01-20 00:00:00-05:00,373.96829741871426,379.66266441415144,372.31942298138915,379.50927734375,91806400
2023-01-23 00:00:00-05:00,380.31458203818664,385.99935386476415,379.3559346776604,384.0628967285156,84178800
2023-01-24 00:00:00-05:00,382.38524381226813,384.56136267462904,381.1965305092897,383.6506652832031,59524900
2023-01-25 00:00:00-05:00,379.57639153162364,384.12996598342204,377.2852105542449,383.79443359375,84800300
2023-01-26 00:00:00-05:00,386.4594777963223,388.1754645974599,383.4876654146606,388.0124816894531,72287400
2023-01-27 00:00:00-05:00,386.967565239786,391.28147800741476,386.7566616675893,388.9040222167969,68346200
2023-01-30 00:00:00-05:00,386.14307720021804,388.37674154050546,383.72729680861056,384.02447509765625,74202000
2023-01-31 00:00:00-05:00,384.5421906397612,389.7188801347345,384.19706240377985,389.67095947265625,86811800
2023-02-01 00:00:00-05:00,388.4534215519607,396.56359788271243,385.71170461794947,393.812255859375,101459200
2023-02-02 00:00:00-05:00,397.70436739497256,401.01171197085296,395.80626464324223,399.54498291015625,101654500
2023-02-03 00:00:00-05:00,394.56960600643197,399.72713273402843,394.09028239614366,395.2981872558594,94736800
2023-02-06 00:00:00-05:00,392.84412145755863,394.2820925400618,391.22400503082395,392.8824462890625,60295300
2023-02-07 00:00:00-05:00,391.96206429093394,399.2669510561357,390.71583467034515,398.0207214355469,90990700
2023-02-08 00:00:00-05:00,396.0459739638543,397.38807436741587,392.9782908223468,393.66851806640625,76227500
2023-02-09 00:00:00-05:00,397.27301170174235,397.42639877292254,389.02863947326034,390.2557067871094,78694900
2023-02-10 00:00:00-05:00,389.0765695741987,391.54989593055205,388.26174279369724,391.16644287109375,70769700
2023-02-13 00:00:00-05:00,391.8183051444725,395.8925559564968,391.358143932513,395.7583312988281,64913500
2023-02-14 00:00:00-05:00,394.23410329587506,397.88654714068605,391.6170149103328,395.57623291015625,88389300
2023-02-15 00:00:00-05:00,393.3808847880114,396.93745771221506,392.5372705702228,396.86077880859375,61555700
2023-02-16 00:00:00-05:00,391.8854343728946,395.83505653186137,391.2623194847148,391.3965148925781,76431500
2023-02-17 00:00:00-05:00,389.2682823043391,390.6583324559055,387.34139205761664,390.4186706542969,89257800
2023-02-21 00:00:00-05:00,386.392440449129,387.44695849959504,382.32778460616737,382.58660888671875,82655900
2023-02-22 00:00:00-05:00,382.9987818589444,384.54221931792307,380.6021634644275,382.059326171875,83742300
2023-02-23 00:00:00-05:00,384.95439045031753,385.567938737912,379.86397585252666,384.09161376953125,96242400
2023-02-24 00:00:00-05:00,379.0683237378521,380.8226354035622,377.36193273433554,379.9886169433594,108194400
2023-02-27 00:00:00-05:00,383.3342657519672,384.69555770016393,380.3432910551879,381.28277587890625,80444700
2023-02-28 00:00:00-05:00,380.803515853838,382.76873131447655,379.7681602824562,379.8736267089844,96438600
2023-03-01 00:00:00-05:00,379.058688324708,380.2857555557943,377.1126357022291,378.4163818359375,99706800
2023-03-02 00:00:00-05:00,376.4415712731506,382.20305024263513,376.1060389057773,381.35943603515625,85127800
2023-03-03 00:00:00-05:00,383.1809267997028,387.724935164796,382.5290536184137,387.4756774902344,90120000
2023-03-06 00:00:00-05:00,388.3000821585358,390.60085911261217,387.3031100177366,387.74407958984375,72795900
2023-03-07 00:00:00-05:00,387.69611880425083,387.93578060753197,381.18689603557027,381.8004150390625,108310600
2023-03-08 00:00:00-05:00,381.91547162159134,383.1808636899206,380.1898891101756,382.4235534667969,74746600
2023-03-09 00:00:00-05:00,383.20967866619384,384.87774493306273,374.38054484861016,375.3679504394531,111945300
2023-03-10 00:00:00-05:00,374.82148382483746,376.901761257044,368.4273229667233,369.9515686035156,189253000
2023-03-13 00:00:00-04:00,366.02116036617707,374.2463714168759,364.9091258748091,369.4243469238281,157790000
2023-03-14 00:00:00-04:00,374.35173718346283,377.17975816787913,371.0443925918974,375.5308837890625,149752400
2023-03-15 00:00:00-04:00,369.9323910671056,373.38349766674736,367.8425178859198,373.18218994140625,172996900
2023-03-16 00:00:00-04:00,370.8239247170232,380.074864540284,370.3158428605711,379.729736328125,143254200
2023-03-17 00:00:00-04:00,378.3979930571189,379.533507168689,373.9040108000652,375.28973388671875,140553400
2023-03-20 00:00:00-04:00,376.06913373609086,379.3121292855333,375.3666692245707,378.8983154296875,93055800
2023-03-21 00:00:00-04:00,382.26637985609574,384.3545965453815,380.6689485650316,383.8734436035156,91524200
2023-03-22 00:00:00-04:00,383.70026302343734,387.31851343521214,377.29130185553555,377.32977294921875,111746600
2023-03-23 00:00:00-04:00,380.19749521054143,384.2391923827506,375.6361739137841,378.3498840332031,119351300
2023-03-24 00:00:00-04:00,377.0699305533351,380.9191540535127,374.7219018688471,380.8325500488281,107682400
2023-03-27 00:00:00-04:00,383.11324113581304,383.88310351821207,380.6497402466303,381.544677734375,74010400
2023-03-28 00:00:00-04:00,380.85183851528325,381.54470001628135,378.850254938649,380.6882629394531,62871700
2023-03-29 00:00:00-04:00,384.8550092196648,386.46207306808367,383.6521267894026,386.22149658203125,77497900
2023-03-30 00:00:00-04:00,388.85822473969705,389.1084336951085,386.61606470017716,388.4829406738281,69840000
2023-03-31 00:00:00-04:00,389.4067476454537,394.25677808538353,389.3008787149844,393.9584655761719,112062600
2023-04-03 00:00:00-04:00,393.4387769608017,395.86377728046097,393.04422801384897,395.4596252441406,67391100
2023-04-04 00:00:00-04:00,396.10434874148575,396.39305813101834,391.8894442126204,393.26556396484375,66601500
2023-04-05 00:00:00-04:00,392.5341828254698,393.29441266985214,390.5807031245207,392.2358703613281,65200200
2023-04-06 00:00:00-04:00,391.437167451645,394.0450376322365,390.3882575257403,393.7659606933594,63743300
2023-04-10 00:00:00-04:00,391.28318728502614,394.2471058980047,390.66732678096605,394.17010498046875,63681000
2023-04-11 00:00:00-04:00,394.7956544202573,395.6809594619992,393.5061679518089,394.2760009765625,59297900
2023-04-12 00:00:00-04:00,396.3449304189456,396.63363981226826,392.0819222861502,392.6689147949219,86420400
2023-04-13 00:00:00-04:00,393.75631259262076,398.2406615136449,392.6111662470231,397.8846130371094,85814800
2023-04-14 00:00:00-04:00,397.24953269593004,399.44358917464797,394.6031912280039,396.9127197265625,78161500
2023-04-17 00:00:00-04:00,396.8260867230395,398.35614960865223,395.59433632263926,398.3369140625,66436400
2023-04-18 00:00:00-04:00,399.91503394298456,400.0497708521034,397.2205894330338,398.5966796875,63560000
2023-04-19 00:00:00-04:00,396.68177851295354,399.43395956292494,396.6240425026219,398.5294189453125,55227300
2023-04-20 00:00:00-04:00,395.709795357126,398.1059569841909,394.805225474454,396.35455322265625,75840400
2023-04-21 00:00:00-04:00,396.65290416377644,397.1244246963598,394.7090566567866,396.66253662109375,73457400
2023-04-24 00:00:00-04:00,396.46043453439125,397.4997414469219,395.12284448225694,397.0763244628906,64332100
2023-04-25 00:00:00-04:00,395.10363191354855,395.66178590610525,390.71551837699116,390.77325439453125,97766700
2023-04-26 00:00:00-04:00,391.3890687387205,392.46684668077467,388.55988695720504,389.1180114746094,80447000
2023-04-27 00:00:00-04:00,391.65854499949717,397.1340685308111,391.40833604006144,396.8646240234375,92968400
2023-04-28 00:00:00-04:00,395.9792514788031,400.2615245465103,395.92151547329547,400.25189208984375,89433100
2023-05-01 00:00:00-04:00,399.8092778572073,401.8782298985706,399.6168049089298,399.8477783203125,62122300
2023-05-02 00:00:00-04:00,399.1355841651367,399.18371707766147,392.4475761726746,395.3537292480469,103998500
2023-05-03 00:00:00-04:00,395.8541741351487,398.26957154429016,392.3994991884123,392.64007568359375,91531800
2023-05-04 00:00:00-04:00,391.5911170748567,391.9182975436162,388.5213590280541,389.8589782714844,94901900
2023-05-05 00:00:00-04:00,393.4965450134205,398.125234465571,393.2367329689119,397.0763244628906,87891800
2023-05-08 00:00:00-04:00,397.40353090526224,397.6633429667236,395.77723133030975,397.18218994140625,50046800
2023-05-09 00:00:00-04:00,395.6328415851866,396.55664705489033,395.20942462672946,395.44036865234375,49220100
2023-05-10 00:00:00-04:00,398.27919887504333,398.914324338217,393.4580365761441,397.28802490234375,96142900
2023-05-11 00:00:00-04:00,396.4219457866343,396.8838338451928,394.5165694433399,396.59515380859375,70157100
2023-05-12 00:00:00-04:00,397.8365061605119,398.04821462684833,393.65046974768575,396.0754699707031,70481500
2023-05-15 00:00:00-04:00,396.6816952493689,397.84607703631826,394.7667161184098,397.4419250488281,54289400
2023-05-16 00:00:00-04:00,396.3353398421656,397.2591747577228,394.77640880213,394.7860412597656,57705500
2023-05-17 00:00:00-04:00,396.80689259108277,400.1845667461961,395.1613575223225,399.5783386230469,87287000
2023-05-18 00:00:00-04:00,399.26074988190857,403.850968255046,399.03943829896787,403.42755126953125,97177200
2023-05-19 00:00:00-04:00,404.33207636027197,404.8613328497813,401.61836671819003,402.8404846191406,103793300
2023-05-22 00:00:00-04:00,402.85981035962357,404.54384591155565,401.61842735851235,403.004150390625,60745400
2023-05-23 00:00:00-04:00,401.35854756315524,402.9367433972177,398.08671324851565,398.48126220703125,86383500
2023-05-24 00:00:00-04:00,396.8742437459542,397.25916026310097,394.42997834283796,395.5943603515625,89213700
2023-05-25 00:00:00-04:00,399.10674560980397,400.4732329300767,396.86458575045214,399.0201416015625,90961600
2023-05-26 00:00:00-04:00,399.6745569554337,404.90950419232723,399.5975853933837,404.1877746582031,93830000
2023-05-30 00:00:00-04:00,406.1219771957275,406.6512337191027,402.955982410714,404.3417053222656,72216000
2023-05-31 00:00:00-04:00,402.51333285149997,403.41790279671176,400.5309849376734,402.09954833984375,110811800
2023-06-01 00:00:00-04:00,402.33050994129945,406.9784643429913,401.07952389464964,405.919921875,88865000
2023-06-02 00:00:00-04:00,408.49887873292437,412.5790465929496,407.9696222034908,411.78997802734375,91426200
2023-06-05 00:00:00-04:00,412.1363990044285,413.4258854781173,410.29839108056865,411.0008850097656,65460200
2023-06-06 00:00:00-04:00,410.5870909976928,412.4250695118066,409.9327006351518,411.89581298828125,64022200
2023-06-07 00:00:00-04:00,412.29042176844786,413.4259359016037,410.04823214277036,410.4716491699219,85373300
2023-06-08 00:00:00-04:00,410.5389484373123,413.4066306619177,409.76911544531237,412.954345703125,61952800
2023-06-09 00:00:00-04:00,413.7530179844528,415.7064976991499,412.7041081245656,413.6952819824219,85742800
2023-06-12 00:00:00-04:00,414.6768867959098,417.5253041431819,413.9551573440261,417.44830322265625,76104300
2023-06-13 00:00:00-04:00,418.91104452208407,420.84525956412307,418.2470510492617,420.2005310058594,95899700
2023-06-14 00:00:00-04:00,420.53735216092747,422.5100677032549,417.2462527373111,420.700927734375,100612100
2023-06-15 00:00:00-04:00,419.88297886631347,427.1676425913594,419.78677175671936,425.9166564941406,110303100
2023-06-16 00:00:00-04:00,427.904413934663,428.474279953013,423.9926092848296,424.46588134765625,114165800
2023-06-20 00:00:00-04:00,422.5245090371962,423.41310274296666,420.187064856413,422.2637023925781,76160400
2023-06-21 00:00:00-04:00,421.2784731312149,422.08014103507514,419.5108951805997,420.10009765625,76982300
2023-06-22 00:00:00-04:00,419.14386433493524,421.7227488220665,418.80580025695025,421.61651611328125,70637200
2023-06-23 00:00:00-04:00,418.1586317913709,420.21596194306784,417.71433502111864,418.4290771484375,92074500
2023-06-26 00:00:00-04:00,417.8592755318311,419.781368562751,416.47807329831915,416.71954345703125,72823600
2023-06-27 00:00:00-04:00,417.59847607026,421.90629521825156,417.1445110170716,421.28814697265625,72813700
2023-06-28 00:00:00-04:00,420.20636537536024,422.5148342796088,419.5882170864921,421.50067138671875,75636000
2023-06-29 00:00:00-04:00,421.08528892018165,423.3261389375307,420.67963558379535,423.16192626953125,67882300
2023-06-30 00:00:00-04:00,426.3783009507995,429.1407051013052,426.0595438710738,428.155517578125,104964000
2023-07-03 00:00:00-04:00,427.8078209721531,428.92821645735074,427.5277073626863,428.64813232421875,32793400
2023-07-05 00:00:00-04:00,426.83224475721846,428.7446987114959,426.8225765200303,428.0106201171875,58418400
2023-07-06 00:00:00-04:00,424.4271947095155,425.08398633253137,422.147701549894,424.65899658203125,80658300
2023-07-07 00:00:00-04:00,423.664201015191,427.5373915505045,423.3454439189286,423.5869140625,86134200
2023-07-10 00:00:00-04:00,423.22948292340993,424.83284798641813,422.6596170025875,424.65899658203125,62443500
2023-07-11 00:00:00-04:00,425.4220646553444,427.85607282742535,424.44651594855435,427.36346435546875,64463800
2023-07-12 00:00:00-04:00,431.15940249157063,432.21220867974904,429.72988876678727,430.802001953125,91924500
2023-07-13 00:00:00-04:00,432.61791761555475,435.0133121303779,432.1832890285731,434.2212829589844,72425200
2023-07-14 00:00:00-04:00,435.109843497716,435.9597935487755,433.1877213239847,433.9507751464844,69815800
2023-07-17 00:00:00-04:00,433.80590268905246,436.51035622999115,433.75759097947645,435.4575500488281,52680200
2023-07-18 00:00:00-04:00,435.12919667930265,439.3404218148386,434.69453863237396,438.69329833984375,80668200
2023-07-19 00:00:00-04:00,439.4853035858035,440.85683741354967,438.61598753921226,439.6688232421875,65891700
2023-07-20 00:00:00-04:00,438.6740145693688,439.57227647249636,436.0371498627965,436.75189208984375,70591600
2023-07-21 00:00:00-04:00,438.4711584160143,438.6740145693688,436.742253327544,436.75189208984375,71275600
2023-07-24 00:00:00-04:00,437.9012445599851,439.5142779903244,436.867745334165,438.70294189453125,54023400
2023-07-25 00:00:00-04:00,438.43244612728506,441.15620646563485,438.38413442126745,439.90057373046875,55191200
2023-07-26 00:00:00-04:00,438.96370723872633,441.39771546076753,437.91090104233945,439.9682312011719,71052900
2023-07-27 00:00:00-04:00,443.35846818342566,443.7641509737044,436.14333947921443,437.05126953125,92194400
2023-07-28 00:00:00-04:00,440.3256151682766,442.16078225681895,437.05126606431355,441.33013916015625,80011800
2023-07-31 00:00:00-04:00,441.80343186125066,442.52784228350436,440.48981896786944,442.17047119140625,62040400
2023-08-01 00:00:00-04:00,440.7023562416477,441.64892989588066,439.9489705091238,440.90521240234375,55291500
2023-08-02 00:00:00-04:00,437.7853934206833,438.0461705780349,434.01846487725106,434.7718505859375,93933400
2023-08-03 00:00:00-04:00,432.75315569310766,435.4093273640729,432.1060027164115,433.5258483886719,64276100
2023-08-04 00:00:00-04:00,435.3416597654818,437.44727217935485,431.0434797536367,431.5650634765625,100128900
2023-08-07 00:00:00-04:00,433.40023969323573,435.4865451527169,432.7048045400754,435.3320007324219,58357500
2023-08-08 00:00:00-04:00,432.7917203880473,435.3223520518387,430.0775985479417,433.4388732910156,71361300
2023-08-09 00:00:00-04:00,433.7093468244431,433.87355948928627,429.77820586959297,430.541259765625,78789600
2023-08-10 00:00:00-04:00,432.8980072622996,436.28825743462227,429.527093565885,430.69580078125,93005500
2023-08-11 00:00:00-04:00,428.8219993419041,431.4588639187083,428.2231581026232,430.4446716308594,68690900
2023-08-14 00:00:00-04:00,429.5271431380979,432.8207702636719,429.21805425124865,432.8207702636719,47867400
2023-08-15 00:00:00-04:00,431.0435212704258,431.40092184966306,427.2089741403311,427.77886962890625,75707500
2023-08-16 00:00:00-04:00,427.3634700312785,429.0247856402229,424.53344729188865,424.63970947265625,80107200
2023-08-17 00:00:00-04:00,426.1078247958852,426.368601907091,420.8824080004751,421.40399169921875,95711300
2023-08-18 00:00:00-04:00,418.5836616313642,422.6403718520157,418.23595877170976,421.60687255859375,98852000
2023-08-21 00:00:00-04:00,422.6210410735604,425.09369303000517,420.4671462190992,424.3499755859375,68719000
2023-08-22 00:00:00-04:00,426.12717844156236,426.12717844156236,422.64036376815267,423.2005615234375,64994200
2023-08-23 00:00:00-04:00,424.2630351692306,428.5322402058597,424.1181589807745,427.9140625,68441000
2023-08-24 00:00:00-04:00,429.5174072282619,430.0293227205553,421.9545463127507,421.9835510253906,88517300
2023-08-25 00:00:00-04:00,423.71247141677657,426.24307373449807,420.1580380770201,424.9584655761719,102325100
2023-08-28 00:00:00-04:00,427.15101303461915,428.27143803085545,424.95847475635645,427.6532897949219,61595400
2023-08-29 00:00:00-04:00,427.5470082557006,434.1150135078099,427.3634885979469,433.83489990234375,83081900
2023-08-30 00:00:00-04:00,434.17297483140425,436.25928035352985,433.4678714194492,435.6217956542969,69053900
2023-08-31 00:00:00-04:00,436.2399468961714,437.3796788770793,434.8007943012341,434.98431396484375,66084600
2023-09-01 00:00:00-04:00,437.7081390777522,438.19107939386777,434.3371956273561,435.7956848144531,58944100
2023-09-05 00:00:00-04:00,435.35132185994263,435.670049450585,433.8445506606034,433.9121398925781,55166200
2023-09-06 00:00:00-04:00,433.1008212089274,433.20708339429626,428.6674331394679,430.9952087402344,70758500
2023-09-07 00:00:00-04:00,427.9912839614794,430.3480346831722,427.6435811384425,429.67193603515625,70355400
2023-09-08 00:00:00-04:00,429.72022009729625,431.85480770691146,429.3628490355431,430.3190612792969,61659700
2023-09-11 00:00:00-04:00,432.94628326819304,433.4581987746905,431.23668532604137,433.1491394042969,60180100
2023-09-12 00:00:00-04:00,431.7003378706483,433.2264162204621,430.1935665209915,430.7730712890625,67565400
2023-09-13 00:00:00-04:00,430.99521597971284,432.4343685526933,429.8940980148542,431.27532958984375,60199300
2023-09-14 00:00:00-04:00,433.74799281245487,435.6893927060478,432.4440481531944,434.99395751953125,83430800
2023-09-15 00:00:00-04:00,433.40728505412073,433.7368392986662,429.31689007252186,429.7530517578125,111848900
2023-09-18 00:00:00-04:00,429.4428320631367,431.3038771522312,428.96789063501143,430.0050354003906,55752200
2023-09-19 00:00:00-04:00,429.08420380682946,429.6754845917088,426.42836539622306,429.11328125,66514600
2023-09-20 00:00:00-04:00,430.3734047367829,430.79019131325117,424.9647632633325,425.1683349609375,82562600
2023-09-21 00:00:00-04:00,422.31858757052555,422.5802845540439,417.98587113932,418.1409606933594,104095800
2023-09-22 00:00:00-04:00,419.16842775985725,420.7677463582612,416.78395900410345,417.2007751464844,100829700
2023-09-25 00:00:00-04:00,415.9891218304828,418.993889361631,415.55293063128704,418.95513916015625,70874500
2023-09-26 00:00:00-04:00,415.91157553365485,416.6191660672769,411.96656825523684,412.8001708984375,96168400
2023-09-27 00:00:00-04:00,413.9730331962355,414.5352365633177,409.320464597115,412.9649658203125,104705800
2023-09-28 00:00:00-04:00,412.4124874162186,417.0359784928409,411.8212066146307,415.3591003417969,92258300
2023-09-29 00:00:00-04:00,418.4123608156291,418.5868254716406,412.8292551807975,414.3510437011719,115111300
2023-10-02 00:00:00-04:00,413.51743802249865,415.436637965525,411.4237734247356,414.1862487792969,83798600
2023-10-03 00:00:00-04:00,412.00536625897985,414.2444181473067,407.27523825202337,408.6419372558594,103760600
2023-10-04 00:00:00-04:00,409.1071941153402,412.3639860114544,407.64356048210016,411.6176452636719,87453000
2023-10-05 00:00:00-04:00,411.32680997189277,412.3057997665852,408.2348102060782,411.4625244140625,70142700
2023-10-06 00:00:00-04:00,409.01029452111743,417.8889725902115,407.6823752264937,416.3478088378906,113273300
2023-10-09 00:00:00-04:00,414.44794019758774,419.5851817448939,413.89546879833836,419.0133056640625,80374400
2023-10-10 00:00:00-04:00,419.6433174894524,423.79186665669647,419.2459060791411,421.1941833496094,78607300
2023-10-11 00:00:00-04:00,422.26047769195304,423.17158085104415,419.8760088222951,422.9195861816406,62451700
2023-10-12 00:00:00-04:00,423.53024266819244,423.9082494629408,417.98591622949925,420.3412780761719,81154200
2023-10-13 00:00:00-04:00,421.8436992963105,423.0456361807538,416.67740877681473,418.2476501464844,95143100
2023-10-16 00:00:00-04:00,420.4963128780658,423.71435449669224,420.25399100160854,422.64813232421875,75433200
2023-10-17 00:00:00-04:00,419.51728827351457,424.68360681651455,419.16835899887315,422.6286926269531,75324700
2023-10-18 00:00:00-04:00,420.85496751569167,421.81455273319096,415.91159504982164,416.9971923828125,93559800
2023-10-19 00:00:00-04:00,417.714450283055,419.5270131332278,412.65476846702256,413.333251953125,121323000
2023-10-20 00:00:00-04:00,412.8971069121286,413.4399055549237,408.14757441721036,408.25421142578125,123919900
2023-10-23 00:00:00-04:00,406.72273053416484,411.4141082592817,404.9683224528733,407.546630859375,92035100
2023-10-24 00:00:00-04:00,409.66935030950145,411.7727171708306,407.8180076603951,410.6192626953125,78564200
2023-10-25 00:00:00-04:00,408.93271643497314,408.9617938766799,404.21226147565824,404.7259826660156,94223200
2023-10-26 00:00:00-04:00,403.65979204119725,404.5127401955018,398.95874174042217,399.8795471191406,115156800
2023-10-27 00:00:00-04:00,401.4692254760225,401.86663693380547,396.6421626745101,398.0670166015625,107367700
2023-10-30 00:00:00-04:00,400.85854988329856,403.88272225418063,399.5597081383843,402.8262023925781,86562700
2023-10-31 00:00:00-04:00,403.3981296223901,405.67596153032116,401.4886317566324,405.3561096191406,79665200
2023-11-01 00:00:00-04:00,406.32535052662286,410.4932751362608,405.7922246289102,409.6790771484375,98068100
2023-11-02 00:00:00-04:00,413.4786596174057,417.68539350879695,413.4592845158063,417.5303039550781,94938900
2023-11-03 00:00:00-04:00,419.8372157670484,422.8904655764815,419.71120365505175,421.339599609375,100167800
2023-11-06 00:00:00-05:00,422.0955629730948,422.7546712710186,420.36053033622545,422.3088073730469,67831700
2023-11-07 00:00:00-05:00,422.308896123232,424.1505365569555,421.1651439105342,423.51080322265625,64256100
2023-11-08 00:00:00-05:00,424.1117888599285,424.63521246037624,421.5141051219166,423.8210144042969,61746000
2023-11-09 00:00:00-05:00,424.9647121167065,425.0034918992464,420.0891971681386,420.51568603515625,83174400
2023-11-10 00:00:00-05:00,422.59001262842264,427.38796843360757,420.5060206531149,427.0777893066406,89462200
2023-11-13 00:00:00-05:00,425.7401770580696,427.7756572288507,424.9550565166978,426.6706848144531,52236100
2023-11-14 00:00:00-05:00,432.61240832792026,436.23753414765645,432.3894615518305,434.9483947753906,97176900
2023-11-15 00:00:00-05:00,436.28601873814944,437.51703289700214,435.01625437389265,435.8692321777344,77327600
2023-11-16 00:00:00-05:00,435.42338430911985,436.7222261657172,434.3571620148054,436.4023742675781,66665800
2023-11-17 00:00:00-05:00,436.41203399072475,437.55581582516845,435.4912285306581,436.9451599121094,83133200
2023-11-20 00:00:00-05:00,436.69314036041027,441.1518692274426,436.6834380187307,440.30859375,69936200
2023-11-21 00:00:00-05:00,439.2617056622207,440.1825406267048,438.0791737195552,439.34893798828125,49244600
2023-11-22 00:00:00-05:00,441.0064463302394,442.3634429416601,439.94992648347943,441.0451965332031,59394900
2023-11-24 00:00:00-05:00,441.09367216063396,441.51045868866237,440.7641179584505,441.31658935546875,29737400
2023-11-27 00:00:00-05:00,440.68655185927656,441.5007498020653,440.1340508901427,440.52178955078125,50506000
2023-11-28 00:00:00-05:00,440.13410742327716,442.25684966761025,439.57193362163355,440.9580078125,62115000
2023-11-29 00:00:00-05:00,443.10976458954195,444.24384395397783,440.2503842780265,440.64776611328125,63146000
2023-11-30 00:00:00-05:00,441.491084558086,442.7317713844543,439.4167950935211,442.3828125,79752700
2023-12-01 00:00:00-05:00,441.7721038330207,445.5329436453829,441.18085272267393,444.9998474121094,89183400
2023-12-04 00:00:00-05:00,441.60742053346644,445.01930211338146,440.3861087358581,442.6639404296875,72430900
2023-12-05 00:00:00-05:00,441.27787936550914,443.5363064434526,440.89984300542426,442.57672119140625,69793500
2023-12-06 00:00:00-05:00,444.71884640030964,444.74792384542485,440.35705215116445,440.7932434082031,69124700
2023-12-07 00:00:00-05:00,442.87718005735604,444.80605282503006,442.27622650644105,444.1566467285156,66995400
2023-12-08 00:00:00-05:00,443.4102636541943,446.5992278993257,443.16794177253433,446.0661315917969,83194400
2023-12-11 00:00:00-05:00,445.57182828523526,447.97567223110514,445.3585838256798,447.8011779785156,65002200
2023-12-12 00:00:00-05:00,447.45223299144266,449.94330918636626,446.45386796122364,449.84637451171875,68327600
2023-12-13 00:00:00-05:00,450.22440701550494,456.30185945750105,449.86577532109465,456.0498352050781,93278000
2023-12-14 00:00:00-05:00,457.9883386207796,459.1805728813377,454.83815428105993,457.5133972167969,119026000
2023-12-15 00:00:00-05:00,456.9158501916579,458.09346468799856,454.911024624647,456.7601318359375,141553700
2023-12-18 00:00:00-05:00,458.36593103885957,460.31236579340026,457.30512766166345,459.32940673828125,70375300
2023-12-19 00:00:00-05:00,459.8744287176748,462.2004326198957,459.79658439176796,462.12255859375,55761800
2023-12-20 00:00:00-05:00,461.2660708823462,463.1541148518432,455.2905320048418,455.71875,102921000
2023-12-21 00:00:00-05:00,458.7065536605437,460.31238616429494,456.28325178797456,460.0398864746094,86667500
2023-12-22 00:00:00-05:00,461.16881437336167,462.64812393044707,459.06669078214355,460.9644470214844,67160400
2023-12-26 00:00:00-05:00,461.3732181207506,463.81597380070593,461.2953440901739,462.910888671875,55387000
2023-12-27 00:00:00-05:00,462.70651395388256,463.893840449239,462.1712562282074,463.74786376953125,68000300
2023-12-28 00:00:00-05:00,464.10794836189996,464.75998742977106,463.5045582870676,463.92303466796875,77158100
2023-12-29 00:00:00-05:00,463.72837604213146,464.2539217843669,460.62380998189565,462.5799865722656,122283100
2024-01-02 00:00:00-05:00,459.5143439023402,460.9839117212058,457.8890577311239,459.9912109375,123623700
2024-01-03 00:00:00-05:00,457.8306496986943,458.57030441924957,455.6311985932203,456.2345886230469,103585900
2024-01-04 00:00:00-05:00,455.75768568069975,458.34644746704663,454.54116395968543,454.7650146484375,84232200
2024-01-05 00:00:00-05:00,454.9694333616534,457.8404368275673,453.9378252017517,455.387939453125,86118900
2024-01-08 00:00:00-05:00,455.884242835596,462.0349842457667,455.7577198150965,461.8890075683594,74879100
2024-01-09 00:00:00-05:00,459.23211686361327,462.2101599071882,458.72605447786003,461.18829345703125,65931400
2024-01-10 00:00:00-05:00,461.4607624691406,464.6626560070687,461.17852110920177,463.7964782714844,67310600
2024-01-11 00:00:00-05:00,464.7989126874992,465.3147167416708,459.6116768106503,463.5921325683594,77940700
2024-01-12 00:00:00-05:00,465.0422353972928,465.78189018349474,462.50215203979474,463.9132995605469,58026400
2024-01-16 00:00:00-05:00,462.53132242501596,463.8451421871986,460.39023221216354,462.21014404296875,85014900
2024-01-17 00:00:00-05:00,459.18345575970955,460.1274778564824,457.28566988777015,459.640869140625,68843900
2024-01-18 00:00:00-05:00,461.31477246365523,464.2830735453687,459.7673604180853,463.72833251953125,91856200
2024-01-19 00:00:00-05:00,464.85726900395974,469.7914881784232,463.7770119836413,469.5092468261719,110834500
2024-01-22 00:00:00-05:00,471.0469830334159,472.22456782073624,469.8499148891261,470.5019836425781,75844900
2024-01-23 00:00:00-05:00,471.04699545665005,472.1175109095896,469.9569966462272,471.87420654296875,49945300
2024-01-24 00:00:00-05:00,474.74521482696895,475.679495288325,471.89369474893255,472.3900451660156,81765000
2024-01-25 00:00:00-05:00,474.52132983790426,475.23178923650255,472.3900110425858,474.95928955078125,72525000
2024-01-26 00:00:00-05:00,474.53109852869903,476.0201200569098,473.509232074134,474.3559265136719,76641600
2024-01-29 00:00:00-05:00,474.66734997690736,478.2585246858996,474.12235058965683,478.1125183105469,61322800
2024-01-30 00:00:00-05:00,477.421527922976,478.4531359964777,476.983568210537,477.7427062988281,58618400
2024-01-31 00:00:00-05:00,475.5334936248827,475.98116532447904,469.9277517507619,469.9472351074219,126011100
2024-02-01 00:00:00-05:00,471.65035080339914,476.1271567596163,470.8425637335658,476.09796142578125,91891600
2024-02-02 00:00:00-05:00,476.53588232086173,482.7644675885541,476.19525029914104,481.1100158691406,99228200
2024-02-05 00:00:00-05:00,480.4775308613438,481.1393116873206,477.10046467259485,479.3583068847656,75757100
2024-02-06 00:00:00-05:00,480.30226806860526,481.08085985334736,478.8716372206463,480.7499694824219,55918600
2024-02-07 00:00:00-05:00,482.99806143919835,485.1780588645302,482.092946704362,484.75958251953125,70556500
2024-02-08 00:00:00-05:00,484.7596458434101,485.35329426615607,483.9421467021212,484.9737548828125,52343600
2024-02-09 00:00:00-05:00,485.47977226451565,488.2145108276318,485.13914022884614,487.7765808105469,63979400
2024-02-12 00:00:00-05:00,487.7473831666172,490.01496666720067,486.84226840178366,487.5624694824219,56502300
2024-02-13 00:00:00-05:00,481.28515815868167,483.77659211196044,477.5772025602381,480.8471984863281,113099200
2024-02-14 00:00:00-05:00,483.48465429025185,485.7035886541278,481.158650574048,485.21697998046875,68387800
2024-02-15 00:00:00-05:00,485.91769748176387,488.74976352545775,485.4408007855907,488.5648498535156,61683000
2024-02-16 00:00:00-05:00,488.2632150838705,489.401862888149,485.3922116760664,486.1318664550781,75532900
2024-02-20 00:00:00-05:00,484.3897857981468,485.06130820828355,481.20737545898015,483.45550537109375,71736700
2024-02-21 00:00:00-05:00,482.15136438471933,484.0491204434422,480.3411646253707,483.8934020996094,59293400
2024-02-22 00:00:00-05:00,490.51134795574427,494.87134322560775,489.5478424615369,493.9078674316406,76402500
2024-02-23 00:00:00-05:00,495.6304262293698,496.4674086571224,493.51856105397593,494.24847412109375,61321800
2024-02-26 00:00:00-05:00,494.6864234153272,495.12438315275733,492.3117704350963,492.43829345703125,50386700
2024-02-27 00:00:00-05:00,493.1292673855463,493.57693907250416,491.23148157958644,493.35308837890625,48854500
2024-02-28 00:00:00-05:00,491.7959350516518,493.28495648375826,491.4358493661455,492.7010498046875,56506600
2024-02-29 00:00:00-05:00,494.46257806109645,496.0878345083775,491.815425510208,494.4722900390625,83924800
2024-03-01 00:00:00-05:00,495.3481852022985,499.5427199698066,494.93942084083443,499.114501953125,76844800
2024-03-04 00:00:00-05:00,498.3164953474277,500.4283603101874,498.28727031545634,498.5792236328125,49799300
2024-03-05 00:00:00-05:00,496.57441726330285,497.02211863397577,491.3871817921508,493.59637451171875,72855600
2024-03-06 00:00:00-05:00,496.8761267293977,498.3554361707815,494.8031986362925,496.0975646972656,68382400
2024-03-07 00:00:00-05:00,499.39677730974256,502.0731250869525,496.15594682375195,501.02203369140625,58652100
2024-03-08 00:00:00-05:00,501.6546542384204,504.34068432238394,497.4406063327474,498.0148010253906,86532500
2024-03-11 00:00:00-04:00,496.8080468189585,498.17054528765857,494.88106560592894,497.58660888671875,62557200
2024-03-12 00:00:00-04:00,499.6985307075949,503.5232683044219,497.1778712794107,502.9393615722656,73114400
2024-03-13 00:00:00-04:00,503.2604525888654,503.43562459877114,500.7106276661075,502.1509704589844,55104100
2024-03-14 00:00:00-04:00,503.12418400270946,503.27993205507374,498.1121499011311,501.1583251953125,110171800
2024-03-15 00:00:00-04:00,498.08804798108406,499.54266772632866,496.0477073102581,497.7170715332031,107646300
2024-03-18 00:00:00-04:00,501.7879780994152,503.2327960119457,500.2650442068728,500.675048828125,88893300
2024-03-19 00:00:00-04:00,499.9820112945357,503.7405165081089,498.976454143322,503.4574279785156,60755300
2024-03-20 00:00:00-04:00,503.51601611982346,508.2507627953458,502.84240721032234,508.11407470703125,69594600
2024-03-21 00:00:00-04:00,510.95497299473493,511.6578381638752,509.51009528309675,509.7932434082031,60256100
2024-03-22 00:00:00-04:00,509.7053025616341,510.19342318455074,508.59237324097523,508.82672119140625,79070800
2024-03-25 00:00:00-04:00,507.4501546887545,508.57285588251494,507.26466648069925,507.4208984375,48512100
2024-03-26 00:00:00-04:00,508.8463133152752,509.1880335747444,506.0835929054152,506.48382568359375,65463700
2024-03-27 00:00:00-04:00,509.3149295274711,510.7792916484105,507.14764260425625,510.7402038574219,82999800
2024-03-28 00:00:00-04:00,510.7792051650659,512.1459071621757,510.359428578344,510.64251708984375,96294900
2024-04-01 00:00:00-04:00,511.38442447935097,511.92134520134493,508.592329471925,509.7540588378906,62477500
2024-04-02 00:00:00-04:00,505.927220028753,506.6496289689748,504.2090260168563,506.51300048828125,74230300
2024-04-03 00:00:00-04:00,505.41957743973774,508.5728771082824,505.3707772955882,507.0694274902344,59155800
2024-04-04 00:00:00-04:00,511.08186037390533,511.4235209921689,500.5774945359362,500.880126953125,96858100
2024-04-05 00:00:00-04:00,502.2370828649808,508.0749863325785,501.7977623960231,506.11273193359375,74546500
2024-04-08 00:00:00-04:00,506.8156491443553,507.8211466086966,505.5855756833857,506.39581298828125,48401800
2024-04-09 00:00:00-04:00,508.1336471514087,508.37770750066494,502.12973872568773,506.981689453125,68049200
2024-04-10 00:00:00-04:00,501.2803426609476,503.89666208515973,499.92341259541246,501.9051513671875,82652800
2024-04-11 00:00:00-04:00,503.4280454371211,507.1377500106354,499.9136010169566,505.69293212890625,70099000
2024-04-12 00:00:00-04:00,502.14918793409277,503.56474960986543,496.9848635757255,498.71282958984375,92561100
2024-04-15 00:00:00-04:00,502.8911540643935,503.05709839116423,491.61554988176164,492.46490478515625,92101400
2024-04-16 00:00:00-04:00,492.943215040187,494.46614887048355,490.27806594091004,491.56671142578125,73484000
2024-04-17 00:00:00-04:00,494.0268584590965,494.1928325755386,487.26151394107353,488.65753173828125,75910300
2024-04-18 00:00:00-04:00,490.0535829309475,492.15249561510325,486.71482481856754,487.6520080566406,74548100
2024-04-19 00:00:00-04:00,487.57394131853926,488.56969668668467,482.1264983587833,483.3956298828125,102212600
2024-04-22 00:00:00-04:00,486.00217973304706,490.44409539983275,483.65920663681294,487.8472900390625,67961000
2024-04-23 00:00:00-04:00,489.85833417865257,494.0659315908711,487.6617913619136,493.6363830566406,64633600
2024-04-24 00:00:00-04:00,494.5247405147149,495.3154935043147,491.17624034467946,493.4020690917969,55928100
2024-04-25 00:00:00-04:00,487.32011244956163,492.2891769636512,485.67026231159537,491.5277099609375,69122400
2024-04-26 00:00:00-04:00,494.3197628446228,497.7658932650639,493.6852119906925,496.18438720703125,64306100
2024-04-29 00:00:00-04:00,497.9708448807049,498.6151676151332,495.198323588402,497.9415588378906,46415400
2024-04-30 00:00:00-04:00,496.4772740416634,497.45351534342734,490.0536193847656,490.0536193847656,77483600
2024-05-01 00:00:00-04:00,489.46786865773555,496.11606953951656,487.9937347584278,488.46234130859375,80242800
2024-05-02 00:00:00-04:00,492.17203084435516,493.8707109149056,487.68131503899394,493.0311279296875,62550200
2024-05-03 00:00:00-04:00,499.0154483809272,500.37240813782097,496.4772153379588,499.1423645019531,72756700
2024-05-06 00:00:00-04:00,501.5439893363052,504.3360252733681,501.10466881549837,504.2969970703125,47264700
2024-05-07 00:00:00-04:00,505.2634287213709,506.2494419365131,504.17981521335923,504.8534240722656,52561300
2024-05-08 00:00:00-04:00,503.018083190491,505.43914245784595,502.90093900562147,504.9022216796875,42047200
2024-05-09 00:00:00-04:00,505.08764898476056,507.8504281122988,504.43358410061904,507.81134033203125,43643700
2024-05-10 00:00:00-04:00,509.4124405414531,510.22273745681827,507.2452135831723,508.46551513671875,52233200
2024-05-13 00:00:00-04:00,510.14466601949385,510.25203826517287,507.3916583240956,508.5338439941406,36716400
2024-05-14 00:00:00-04:00,508.72906418826113,511.3844713761404,508.19214341702855,510.8670349121094,57535900
2024-05-15 00:00:00-04:00,513.3369504006804,517.4859756907869,512.7023697575905,517.193115234375,59504900
2024-05-16 00:00:00-04:00,517.2906967075278,518.8917465910545,515.9825072697596,516.1289672851562,50244800
2024-05-17 00:00:00-04:00,516.246162943074,516.9393157213522,514.7915729298934,516.8709716796875,59187600
2024-05-20 00:00:00-04:00,516.9881429675341,518.9308537358257,516.5976225904213,517.4664916992188,37764200
2024-05-21 00:00:00-04:00,516.7049349793422,518.8917055815594,516.4999028909981,518.7354736328125,33437000
2024-05-22 00:00:00-04:00,518.0424072439434,518.7550442398426,515.064823969773,517.2418823242188,48390000
2024-05-23 00:00:00-04:00,520.2976177568495,520.404990006262,512.253338882305,513.4639282226562,57211200
2024-05-24 00:00:00-04:00,515.3088952889863,517.6714419020187,514.3619699226733,516.8611450195312,41291100
2024-05-28 00:00:00-04:00,517.6714434796838,517.9057318355667,514.5864879004678,517.2223510742188,36269600
2024-05-29 00:00:00-04:00,513.1905202395113,514.7817983278129,512.8878878194378,513.6005249023438,45190300
2024-05-30 00:00:00-04:00,512.058043918065,512.7218807717095,508.94383216366884,510.1933898925781,46377600
2024-05-31 00:00:00-04:00,511.15017117084983,514.9672481577884,506.0443890267406,514.84033203125,90785800
2024-06-03 00:00:00-04:00,516.4511771729021,516.7342656913833,510.18366530067414,515.2601318359375,46835700
2024-06-04 00:00:00-04:00,513.9519821715993,516.5780734778808,512.4876203186922,515.8361206054688,34632700
2024-06-05 00:00:00-04:00,518.1595530381444,521.9864018010747,516.1679828855217,521.9668579101562,47610400
2024-06-06 00:00:00-04:00,522.2694966184689,522.6990451286446,520.0241537818829,521.9570922851562,30808500
2024-06-07 00:00:00-04:00,520.9808506310355,524.1341502130953,519.8874652579173,521.3225708007812,43224500
2024-06-10 00:00:00-04:00,520.5123511854081,523.2555869709606,519.9168582676467,522.9334106445312,35686100
2024-06-11 00:00:00-04:00,521.3811694677967,524.2513211148034,519.4091430834137,524.1927490234375,36383400
2024-06-12 00:00:00-04:00,528.7615289974312,531.1923600659605,527.4631115100716,528.4979248046875,63251300
2024-06-13 00:00:00-04:00,530.2454535391702,530.4211698122318,526.7700371068663,529.5620727539062,44760900
2024-06-14 00:00:00-04:00,528.0293950539849,529.9135335983043,527.0238379218912,529.88427734375,40089900
2024-06-17 00:00:00-04:00,529.2008114818414,535.49757872361,528.7419471638832,534.1015014648438,55839500
2024-06-18 00:00:00-04:00,534.16013957423,535.585473259027,533.7403629842298,535.4585571289062,41376400
2024-06-20 00:00:00-04:00,536.385998334327,537.0498352385172,532.2272010481894,534.0039672851562,70328200
2024-06-21 00:00:00-04:00,533.1803062748603,534.4045446160707,531.828742363983,533.2880249023438,64338600
2024-06-24 00:00:00-04:00,533.111823139434,535.6778223121559,531.4370433131713,531.5545654296875,45528700
2024-06-25 00:00:00-04:00,532.7787868983022,533.9638712753774,531.2607431275164,533.6015014648438,37936200
2024-06-26 00:00:00-04:00,532.4848968900385,534.9823310545671,531.8385253727439,534.2673950195312,38550600
2024-06-27 00:00:00-04:00,534.1302894973802,535.6875469780335,533.3859430174333,535.1096801757812,35041500
2024-06-28 00:00:00-04:00,535.883439640916,538.9391939081404,531.76024266257,533.0040283203125,76144500
2024-07-01 00:00:00-04:00,534.3849539324244,534.6298016081159,531.3390631933655,534.1009521484375,40297800
2024-07-02 00:00:00-04:00,532.4946292419814,537.6951904296875,532.4456716722078,537.6951904296875,40434800
2024-07-03 00:00:00-04:00,537.3818563773293,540.457157354787,537.3427022712717,540.0947875976562,32789900
2024-07-05 00:00:00-04:00,540.3985036534809,543.6108745288857,539.7618756957023,543.2093505859375,41488400
2024-07-08 00:00:00-04:00,543.9927968223914,544.786100933334,542.7685583933277,543.8361206054688,36110500
2024-07-09 00:00:00-04:00,544.795863484972,545.6968861634513,544.0711239537649,544.3649291992188,27289700
2024-07-10 00:00:00-04:00,545.5892370725392,550.0944108163902,545.2954317896393,549.7516479492188,38701200
2024-07-11 00:00:00-04:00,549.8690906630567,550.7407626908513,544.3747234457534,545.0112915039062,53054200
2024-07-12 00:00:00-04:00,546.1376269625789,552.0531251206323,545.667538567234,548.448974609375,53084400
2024-07-15 00:00:00-04:00,550.4470318184875,553.1991175344059,548.0964700225896,549.9573364257812,40584300
2024-07-16 00:00:00-04:00,551.2695891404957,553.5123721227574,550.5154392403327,553.2185668945312,36475300
2024-07-17 00:00:00-04:00,547.2835053633577,548.9582849622979,545.1386373621594,545.4618530273438,57119000
2024-07-18 00:00:00-04:00,546.9995524787638,547.988746727991,539.0860582622142,541.2700805664062,56270400
2024-07-19 00:00:00-04:00,541.0349004931855,542.6607222501957,536.6178396332328,537.6755981445312,65509100
2024-07-22 00:00:00-04:00,541.6030975244146,543.8263337080781,539.6639229224022,543.2191162109375,43346700
2024-07-23 00:00:00-04:00,543.111291105197,545.2659625762393,541.8773090500791,542.3670043945312,34439600
2024-07-24 00:00:00-04:00,537.5483166712224,537.8519253696913,529.1549319575545,530.0755615234375,74515300
2024-07-25 00:00:00-04:00,530.1931317534066,536.177254363603,526.3735438881854,527.313720703125,61158300
2024-07-26 00:00:00-04:00,531.1040247828195,535.9128068838628,530.3302678617441,533.219482421875,53763800
2024-07-29 00:00:00-04:00,534.7669398202207,535.7756811771844,531.5349026238763,533.5328979492188,39515800
2024-07-30 00:00:00-04:00,535.001925487195,536.0596840862061,527.4214517116767,530.8297119140625,46853600
2024-07-31 00:00:00-04:00,537.6658891932146,542.0927543010554,536.2947780748914,539.4581909179688,65663400
2024-08-01 00:00:00-04:00,541.1819427118934,543.4345294348678,528.3127341764186,531.8189697265625,76428700
2024-08-02 00:00:00-04:00,524.7085367838448,525.9229716163323,517.705869778205,521.9172973632812,82789100
2024-08-05 00:00:00-04:00,501.0954700551791,512.7893973566776,499.75367969518885,506.7171630859375,146267400
2024-08-06 00:00:00-04:00,508.5191877541787,518.8322000557341,507.19703427938214,511.38885498046875,84826300
2024-08-07 00:00:00-04:00,517.5786158200011,520.6343700428232,507.3733806496258,507.9707946777344,70698300
2024-08-08 00:00:00-04:00,513.1126009988247,520.3405097902447,511.08531467340157,519.7137451171875,63276600
2024-08-09 00:00:00-04:00,518.8910982629249,523.494247518684,517.6668596192271,522.0055541992188,45619600
2024-08-12 00:00:00-04:00,523.2002926739822,524.6889257907327,520.0074696393324,522.2796630859375,42542100
2024-08-13 00:00:00-04:00,525.4725645280489,531.1040615199245,525.2277168327499,530.8689575195312,52333100
2024-08-14 00:00:00-04:00,531.6622256176499,533.728785456597,528.9885080949739,532.543701171875,42446900
2024-08-15 00:00:00-04:00,538.1751381862979,541.9555715802455,537.567920792545,541.6715698242188,60846800
2024-08-16 00:00:00-04:00,540.0555939415091,543.5814362683599,539.8989177341498,542.8860473632812,44430700
2024-08-19 00:00:00-04:00,543.2974116195307,548.0768432617188,542.4453464492109,548.0768432617188,39121800
2024-08-20 00:00:00-04:00,547.6262846058479,549.2814571312036,545.8437865187526,547.185546875,33732300
2024-08-21 00:00:00-04:00,548.2335818085938,550.5253226989936,543.2974141481618,549.0660400390625,41514600
2024-08-22 00:00:00-04:00,550.9660160166799,551.5732334533072,543.5422179587766,544.7566528320312,56121500
2024-08-23 00:00:00-04:00,547.9984691071246,551.4850973665338,545.8045838781815,550.5448608398438,50639400
2024-08-26 00:00:00-04:00,551.5732410031779,552.2881770773529,547.528352675827,549.2324829101562,35788600
2024-08-27 00:00:00-04:00,547.9592265897197,550.4762675561165,546.8133563476018,549.986572265625,32693900
2024-08-28 00:00:00-04:00,549.6438836929623,550.0748179978751,543.6009999526875,546.7938232421875,41066000
2024-08-29 00:00:00-04:00,548.7624619787401,552.0630042239653,545.6969639633883,546.8428344726562,38715200
2024-08-30 00:00:00-04:00,549.212987410433,552.5722906161151,545.6577940930898,552.06298828125,62700100
2024-09-03 00:00:00-04:00,548.9190687874888,549.2520879225416,538.18498513228,540.7020263671875,60600100
2024-09-04 00:00:00-04:00,538.8607329114091,543.0035361193702,538.1359934145067,539.5952758789062,47224900
2024-09-05 00:00:00-04:00,539.5366078915503,542.3866087950116,535.8246785314534,538.282958984375,44264300
2024-09-06 00:00:00-04:00,538.6062140252714,540.2319765571665,528.3226099554475,529.2236328125,68493800
2024-09-09 00:00:00-04:00,533.4251264283236,536.4220593419303,531.495695817922,535.1488037109375,40445800
2024-09-10 00:00:00-04:00,537.0586665381934,537.8324234437913,532.1813200114981,537.4797973632812,36394600
2024-09-11 00:00:00-04:00,537.3917487162622,543.9144652005341,528.8318826121556,542.9938354492188,75248600
2024-09-12 00:00:00-04:00,543.5716351743016,547.8711746400817,541.3483991843773,547.5675659179688,51819600
2024-09-13 00:00:00-04:00,548.1747815451495,551.4263657909838,547.9201304028155,550.4273681640625,39310500
2024-09-16 00:00:00-04:00,550.1629297590999,551.5046902542234,548.360884321784,551.2402954101562,36656100
2024-09-17 00:00:00-04:00,553.4536471249235,554.9031859740162,549.2324757022386,551.4655151367188,49321000
2024-09-18 00:00:00-04:00,552.1216967889254,556.9696926491016,549.2716961893568,549.8299560546875,59044900
2024-09-19 00:00:00-04:00,559.2419348303403,561.0733907935877,556.3723270388496,559.2125244140625,75315500
2024-09-20 00:00:00-04:00,557.843033129673,559.2871245583524,555.219996107625,558.2457885742188,77503100
2024-09-23 00:00:00-04:00,559.3166610051752,560.2892222272916,558.0984411315784,559.6408081054688,44116900
2024-09-24 00:00:00-04:00,560.4365555490466,561.3010677532865,557.6072537825559,561.2421264648438,46805700
2024-09-25 00:00:00-04:00,561.0848814915315,561.8216774615664,558.8941007007465,560.0042114257812,38428600
2024-09-26 00:00:00-04:00,564.2679463720303,564.5921534543987,559.8668367278948,562.2245483398438,48336000
2024-09-27 00:00:00-04:00,563.2952985697877,564.1106429805404,560.377555197848,561.4090576171875,42100900
2024-09-30 00:00:00-04:00,560.3776493545987,564.2679545173111,558.0788790007499,563.6588745117188,63557400
2024-10-01 00:00:00-04:00,563.3051897855821,563.9535439565005,556.035444442894,558.6093139648438,72668800
2024-10-02 00:00:00-04:00,557.715374727311,559.866821742494,555.3183290115846,558.8450927734375,38097800
2024-10-03 00:00:00-04:00,557.3714411111998,559.7684865712154,555.5343678239607,557.8233642578125,40846500
2024-10-04 00:00:00-04:00,562.2735426407796,563.2657708110322,558.0983654622065,562.8924560546875,42939100
2024-10-07 00:00:00-04:00,561.2420924631317,561.8905065573382,556.6543259021896,557.8037109375,49964700
2024-10-08 00:00:00-04:00,560.377637870892,563.67853004462,559.5033520489247,563.0792236328125,37398700
2024-10-09 00:00:00-04:00,563.0693978961492,567.5393423690588,562.4701514366566,566.9793701171875,37912200
2024-10-10 00:00:00-04:00,565.6334738441669,567.4116060358193,564.3759797176003,565.9871215820312,44138100
2024-10-11 00:00:00-04:00,565.9084606662699,570.1131388058892,565.7709110163313,569.3763427734375,42268000
2024-10-14 00:00:00-04:00,570.9874990099419,574.966246072679,570.5061351329805,574.032958984375,36217200
2024-10-15 00:00:00-04:00,574.2981924836022,574.6027324678581,568.3546560789198,569.5728759765625,54203600
2024-10-16 00:00:00-04:00,569.57286786976,572.5691599226542,568.767296964022,572.0484619140625,30725400
2024-10-17 00:00:00-04:00,575.5948569414992,575.8011814159861,571.9108767867559,572.0975341796875,34393700
2024-10-18 00:00:00-04:00,573.7872313147403,575.0839994048337,572.3234729286785,574.298095703125,37416800
2024-10-21 00:00:00-04:00,573.5710785054149,574.5534731315854,570.3782959703608,573.35498046875,36439000
2024-10-22 00:00:00-04:00,570.8204817447413,574.2097557683464,570.1622940232531,573.050537109375,34183800
2024-10-23 00:00:00-04:00,571.0267810694698,571.4688706983893,564.3071746074978,567.8143310546875,49314600
2024-10-24 00:00:00-04:00,569.7693820750295,569.8479904569926,566.4194418066055,569.0424194335938,34979900
2024-10-25 00:00:00-04:00,571.2723100723214,574.1703862188206,567.9027036914881,568.8457641601562,47268200
2024-10-28 00:00:00-04:00,572.3235609618828,572.4512770786239,570.299830137409,570.6043701171875,30174700
2024-10-29 00:00:00-04:00,569.641651710168,572.64777766843,568.2466677584584,571.5278930664062,42899700
2024-10-30 00:00:00-04:00,571.0562011429839,573.0504911915006,569.0914117169528,569.7987670898438,41435800
2024-10-31 00:00:00-04:00,565.4271221936206,565.4958970216722,558.4324763422399,558.6289672851562,60182500
2024-11-01 00:00:00-04:00,561.2617325907157,565.4172428761593,560.5740443264921,560.9866333007812,45667500
2024-11-04 00:00:00-05:00,561.1242574334378,562.4210257711015,557.8922001113365,559.7783813476562,38217000
2024-11-05 00:00:00-05:00,560.6920242782184,566.5863933486033,560.4759261934032,566.547119140625,39478300
2024-11-06 00:00:00-05:00,578.8270097230293,581.508928254242,575.0840880526238,580.6345825195312,68182000
2024-11-07 00:00:00-05:00,582.6386570968723,586.1458133207747,582.5600487330294,585.1240844726562,47233200
2024-11-08 00:00:00-05:00,585.6742957423695,589.0832369047557,585.6742957423695,587.6587524414062,46444900
2024-11-11 00:00:00-05:00,589.2501303160354,589.6037779981073,586.4896037587446,588.2186279296875,37586800
2024-11-12 00:00:00-05:00,588.1401110548398,588.7393574916656,583.9059918696842,586.3914794921875,43006100
2024-11-13 00:00:00-05:00,586.8532154819194,588.6804555395651,584.4856702408568,586.6763916015625,47388600
2024-11-14 00:00:00-05:00,586.804069200042,587.2854330583992,582.2163022724781,582.9039306640625,38904100
2024-11-15 00:00:00-05:00,579.337884096854,579.809474415934,573.5810644484284,575.4378051757812,75988800
2024-11-18 00:00:00-05:00,575.8993966406199,579.1118465214918,575.0349444617987,577.7954711914062,37001700
2024-11-19 00:00:00-05:00,574.4161003090796,580.6346163861505,573.7480790226593,579.9076538085938,49412000
2024-11-20 00:00:00-05:00,579.9862433981077,580.3889988810581,574.3374733314436,580.1041259765625,50032600
2024-11-21 00:00:00-05:00,582.953055915256,584.6427460672937,577.1077952881657,583.21826171875,46750300
2024-11-22 00:00:00-05:00,583.2084127301733,585.6546259064262,582.7074417987914,585.02587890625,38226400
2024-11-25 00:00:00-05:00,588.9653319760873,590.281707390563,584.7213793724078,587.0103759765625,42441400
2024-11-26 00:00:00-05:00,588.2579731618996,590.7434606979054,587.5408441710033,590.075439453125,45621300
2024-11-27 00:00:00-05:00,589.8887838542881,590.2718722436573,586.7647756879834,588.2874755859375,34000200
2024-11-29 00:00:00-05:00,589.1028202958577,592.7278593888155,588.8277809402925,591.9419555664062,30177400
2024-12-02 00:00:00-05:00,592.3545765627109,593.6808455477146,591.8633791521069,593.0029907226562,31746000
2024-12-03 00:00:00-05:00,592.7672106157903,593.5236138358292,591.73570807165,593.2780151367188,26906600
2024-12-04 00:00:00-05:00,594.9676840777096,597.2075127280552,594.2996629026728,596.9619140625,42787600
2024-12-05 00:00:00-05:00,596.9620090763937,597.7675800229049,595.6259665136723,595.9796142578125,28762200
2024-12-06 00:00:00-05:00,596.7458937244957,598.3472020292826,596.333304701608,597.109375,31241500
2024-12-09 00:00:00-05:00,596.9914414878755,597.1584317989794,593.445010988573,594.034423828125,34742700
2024-12-10 00:00:00-05:00,594.7122615181331,595.1346840344664,591.5293123546073,592.1875,37234500
2024-12-11 00:00:00-05:00,595.115147903942,597.7184581352288,594.8400485801485,596.7655639648438,28677700
2024-12-12 00:00:00-05:00,595.9010008938557,596.4707466548862,593.6906127929688,593.6906127929688,31543800
2024-12-13 00:00:00-05:00,595.7242008087076,596.4413297893211,592.1973772710232,593.57275390625,35904700
2024-12-16 00:00:00-05:00,595.331290479334,597.0799821268581,594.5552201188243,596.1073608398438,43695200
2024-12-17 00:00:00-05:00,593.5530906608857,594.5158183353977,592.2759894688432,593.6513061523438,55773500
2024-12-18 00:00:00-05:00,593.3468374126793,595.7340497636445,575.5753477019516,575.95849609375,108248700
2024-12-19 00:00:00-05:00,580.948961299734,582.5601031255708,575.5359564813775,575.7815551757812,85919500
2024-12-20 00:00:00-05:00,573.4513839180992,587.231466902458,572.6036351958548,582.697265625,125716700
2024-12-23 00:00:00-05:00,582.4410536479828,586.7879698949739,579.257197549177,586.1867065429688,57635800
2024-12-24 00:00:00-05:00,587.5370230202848,592.7415539521577,586.9554328723399,592.7020874023438,33160100
2024-12-26 00:00:00-05:00,590.9279213446937,593.8652919269226,589.5282423631364,592.7416381835938,41219100
2024-12-27 00:00:00-05:00,588.9958679237085,589.2324867459512,582.3128451341881,586.5020751953125,64969300
2024-12-30 00:00:00-05:00,579.4839659814963,583.2788920150762,576.0536844624783,579.8092041015625,56578800
