date,open,high,low,close,volume,sma_10,sma_20,sma_50,rsi,macd,macd_signal,macd_diff,bb_high,bb_low,bb_mid,atr,returns,log_returns,volume_sma
2018-03-14 00:00:00-04:00,244.5188714747904,244.70369878146147,241.7551646864321,242.3096466064453,105895100,241.0017105102539,240.47934494018554,241.46539154052735,52.997283326202954,0.8463410628839938,0.23340998381857408,0.6129310790654197,245.88980297663022,235.06888690374086,240.47934494018554,3.5625759080998223,-0.005131589787315649,-0.005144801612012812,105911165.0
2018-03-15 00:00:00-04:00,242.82015876545825,243.4626626446098,241.54390753995625,242.0456085205078,83433000,241.64423370361328,240.717431640625,241.57506011962892,52.44976026576198,0.8141359109116877,0.3495551692371968,0.46458074167449087,245.9609748248843,235.4738884563657,240.717431640625,3.445160136425088,-0.0010896722009847704,-0.0010902663253773408,104046030.0
2018-03-16 00:00:00-04:00,242.5731714551364,243.3596693637448,242.25505565037898,242.30807495117188,100343700,242.19154052734376,240.81725006103517,241.66005340576172,52.96989591443214,0.8005635451640103,0.4397568444225595,0.36080670074145077,246.1019446514806,235.53255547058973,240.81725006103517,3.2929387583402248,0.0010843676622285248,0.0010837801602887947,103503200.0
2018-03-19 00:00:00-04:00,241.5569109929973,242.4847756433966,237.3770433606268,239.029541015625,109208400,242.13726654052735,240.74962005615234,241.6594073486328,46.17529177828344,0.5192712233503869,0.455659720208125,0.06361150314226188,246.08919105118244,235.41004906112224,240.74962005615234,3.422566867228052,-0.013530436145008928,-0.013622806651283072,100942615.0
2018-03-20 00:00:00-04:00,239.42723539305518,240.07233951458812,238.75562162094462,239.4360809326172,59757300,242.0629119873047,240.77757034301757,241.63502990722657,47.08175187772413,0.32539841504166134,0.4296074591748323,-0.10420904413317095,246.0833865565198,235.47175412951535,240.77757034301757,3.272149083400584,0.0017007936143156321,0.0016993489027285823,99611995.0
2018-03-21 00:00:00-04:00,239.39185251338063,241.4861955710921,238.76443954354212,238.9765167236328,78709600,241.9513961791992,240.84196014404296,241.59265991210938,46.13587745860768,0.13313512787178183,0.3703129929142222,-0.23717786504244037,246.0261343226336,235.65778596545232,240.84196014404296,3.2328352936969695,-0.0019193607212176778,-0.0019212050543449834,98603290.0
2018-03-22 00:00:00-04:00,236.74961765474657,237.59795331535972,232.72880812684755,233.00277709960938,148785900,241.12633056640624,240.59225616455078,241.4199005126953,36.008979138148895,-0.49555334493695113,0.19713972534398755,-0.6926930702809386,246.69945593464442,234.48505639445713,240.59225616455078,3.4481833867747045,-0.024997182593182732,-0.02531491834044719,100517020.0
2018-03-23 00:00:00-04:00,233.44464923481146,233.771610570164,227.84202490130033,228.03643798828125,183534800,239.38479614257812,239.90456008911133,241.15520812988282,30.094692833638007,-1.3786434069307916,-0.11801690111096824,-1.2606265058198234,248.06843228061223,231.74068789761043,239.90456008911133,3.6254264069239164,-0.021314506089363028,-0.02154494045377308,105055440.0
2018-03-26 00:00:00-04:00,231.6418870783982,234.55805609934146,229.23824688504877,234.2752685546875,141956100,238.29794464111328,239.388419342041,240.98008544921876,42.80368443644611,-1.5571275595268617,-0.40583903279414696,-1.1512885267327146,247.60518003695873,231.17165864712328,239.388419342041,3.8322972429336515,0.027358919571997875,0.026991353408319454,107828675.0
2018-03-27 00:00:00-04:00,235.21205195547876,235.74224499591256,228.73458164104392,230.28988647460938,129941400,236.97098388671876,238.8257179260254,240.6935693359375,38.04535953305534,-1.9971427446208168,-0.7240997751594809,-1.2730429694613359,247.87425663245028,229.7771792196005,238.8257179260254,4.059109108071865,-0.017011535637820874,-0.017157894038945614,109370785.0
2018-03-28 00:00:00-04:00,230.42242836273297,232.0926172982425,228.50480702582675,229.6094207763672,146452300,235.70096130371093,238.35133590698243,240.4101675415039,37.28326674025317,-2.3734066889887515,-1.0539611579253352,-1.3194455310634163,248.2482647600176,228.45440705394725,238.35133590698243,4.025444905524998,-0.00295482232702049,-0.002959196433108534,110598010.0
2018-03-29 00:00:00-04:00,230.7494126132141,234.40790666269632,229.6182890991537,232.54330444335938,111601600,234.7507308959961,238.19748229980468,240.13897064208984,42.62014103459294,-2.407111005995745,-1.324591127539417,-1.0825198784563277,248.35176883934977,228.04319576025958,238.19748229980468,4.080662118439579,0.012777714682054464,0.012696768494733087,107335335.0
2018-04-02 00:00:00-04:00,232.0130331334397,232.52558895343842,225.0495580668502,227.52389526367188,186286300,233.2723129272461,237.73192672729493,239.7756576538086,36.84369043472927,-2.806494767204242,-1.6209718554723822,-1.18552291173186,248.89688939010455,226.56696406448532,237.73192672729493,4.324453851158835,-0.021584836388656714,-0.021821196353002312,109695490.0
2018-04-03 00:00:00-04:00,228.76108647586676,230.91729468859214,226.96719481188146,230.44009399414062,119956900,232.41336822509766,237.2753173828125,239.44831390380858,41.78068314092306,-2.854788188316462,-1.8677351220411982,-0.9870530662752639,248.84161355425184,225.70902121137314,237.2753173828125,4.297714281555395,0.01281710972418626,0.01273566575262701,110827965.0
2018-04-04 00:00:00-04:00,226.88763069202741,233.6125052626878,226.75508245525387,232.9055633544922,123715300,231.76031646728515,236.91161422729493,239.13014526367186,45.64898682731181,-2.663416097042216,-2.026871317041402,-0.6365447800008139,248.54699281971423,225.27623563487563,236.91161422729493,4.480550604832432,0.010698960053428186,0.010642131161003985,113053070.0
2018-04-05 00:00:00-04:00,234.6640811810207,235.62732788506736,233.5771587564757,234.74363708496094,82652600,231.33702850341797,236.6442123413086,238.83817565917968,48.401554928433846,-2.3365014134476496,-2.0887973363226515,-0.2477040771249981,248.22063181527255,225.06779286734462,236.6442123413086,4.354923028099771,0.007891927114128672,0.00786094873666538,112832525.0
2018-04-06 00:00:00-04:00,232.7819206539907,234.27533379736204,227.9923030419464,229.5122528076172,179521200,230.98797607421875,236.0571533203125,238.44351287841798,41.897853698559366,-2.471063282744865,-2.165250525607094,-0.3058127571377707,247.8282586457724,224.2860479948526,236.0571533203125,4.5260952434508255,-0.022285521099983385,-0.022537595436239625,118463525.0
2018-04-09 00:00:00-04:00,230.97034824673102,234.03675757195995,229.70667639270897,230.6433868408203,105442900,231.24867095947266,235.31673355102538,238.0693618774414,43.66062284266866,-2.458096069058456,-2.2238196342973664,-0.23427643476108972,246.47809538037805,224.1553717216727,235.31673355102538,4.52598163780025,0.0049284254734376365,0.004916320540495549,118054405.0
2018-04-10 00:00:00-04:00,233.5330469478276,235.09719751911547,232.3931047987183,234.31069946289062,103529000,231.25221405029296,234.77507934570312,237.71081726074217,49.05704531104863,-2.1273749253035703,-2.2045306924986074,0.07715576719503714,244.98736015255426,224.56279853885198,234.77507934570312,4.520826569264171,0.01590035887133978,0.01577527236989159,119634615.0
2018-04-11 00:00:00-04:00,232.8260584961061,234.743679746807,232.75537508521705,233.08233642578125,91140200,231.53145904541014,234.25122146606446,237.36115325927733,47.4186941984619,-1.9420084033812373,-2.1520262346751333,0.21001783129389606,243.6497776560018,224.85266527612714,234.25122146606446,4.339932147287441,-0.005242453886762921,-0.005256243764453097,119593180.0
2018-04-12 00:00:00-04:00,234.4079115432017,235.9455254387368,234.23116253465432,234.99996948242188,68890500,232.0705139160156,233.88573760986327,237.10124145507814,50.214042376477714,-1.6216734953239325,-2.045955686804893,0.4242821914809607,242.54154642409952,225.22992879562702,233.88573760986327,4.234450494835164,0.008227277476477779,0.008193617920787296,117742950.0
2018-04-13 00:00:00-04:00,236.3078500612923,236.42273422394206,233.30330559064134,234.31069946289062,85079200,232.24725341796875,233.4989921569824,236.82508087158203,49.20154970333834,-1.4072027456082878,-1.9182050985655723,0.5110023529572845,241.31206824178685,225.68591607217797,233.4989921569824,4.154806076154132,-0.0029330642937925866,-0.002937374156334039,117825260.0
2018-04-16 00:00:00-04:00,235.94548491535662,237.00592484828672,235.12365879979507,236.23709106445312,63405300,233.1185729980469,233.1954429626465,236.59308074951173,52.1080419485316,-1.0694613439046634,-1.7484563476333905,0.6789950037287271,240.02589233613992,226.36499358915307,233.1954429626465,4.050550312528558,0.008221526400537194,0.00818791375817276,115978340.0
2018-04-17 00:00:00-04:00,238.00443144378508,239.36532282768732,237.49190264543654,238.76441955566406,64682000,233.9510055541992,233.18218688964845,236.51953643798828,55.69001343085887,-0.5910512909188697,-1.5169753362904863,0.9259240453716167,239.96817950608514,226.39619427321176,233.18218688964845,3.9846704161503896,0.010698271299494522,0.010641449697783415,113752020.0
2018-04-18 00:00:00-04:00,239.20631965807513,239.74535822498413,238.48168656357623,238.94122314453125,57303900,234.55457153320313,233.15744400024414,236.65231872558593,55.938289550498666,-0.1953889825910835,-1.2526580655506059,1.0572690829595224,239.85507854722442,226.45980945326386,233.15744400024414,3.790313362240212,0.0007404938692130436,0.0007402198388980403,113629350.0
2018-04-19 00:00:00-04:00,238.28726367597648,238.4905223067502,236.58174658331473,237.6156768798828,77655900,234.8417755126953,233.08940200805665,236.66705169677735,53.517176757184906,0.011087927125032593,-0.9999088670154782,1.0109967941405107,239.57343133278226,226.60537268333104,233.08940200805665,3.688110733595663,-0.005547582987999733,-0.005563027974552836,113576665.0
2018-04-20 00:00:00-04:00,237.54493017642025,237.76585288421933,234.7171087293506,235.60079956054688,99953100,235.45063018798828,233.21930313110352,236.66718841552733,49.976318804633586,0.01200027334161291,-0.79752703894406,0.8095273122856729,239.79464052436361,226.64396573784342,233.21930313110352,3.642441692258025,-0.008479563915113508,-0.00851571995392285,111135025.0
2018-04-23 00:00:00-04:00,236.17531609521794,236.73204585987767,234.48746268595818,235.56556701660156,65558000,235.9428482055664,233.59575958251952,236.84335723876953,49.914129044037715,0.00976774595054053,-0.6360680819651399,0.6458358279156804,239.79227123201196,227.39924793302708,233.59575958251952,3.5425946552338443,-0.00014954339718298293,-0.00014955457991168617,105236185.0
2018-04-24 00:00:00-04:00,236.59058307701824,236.81150581015282,230.89076577490286,232.39305114746094,112885500,235.75108337402344,233.50164871215821,236.8879507446289,44.539544740719684,-0.24517088753177063,-0.557888643078466,0.31271775554669534,239.71118043571963,227.2921169885968,233.50164871215821,3.7124621823778527,-0.013467655350992147,-0.013559166779707303,103782655.0
2018-04-25 00:00:00-04:00,232.33117921342284,233.40928319691392,230.5107781054454,232.96743774414062,103840900,235.73959350585938,233.63552627563476,236.87643493652342,45.67996931189524,-0.39629514949896816,-0.5255699443625664,0.12927479486359827,239.67544219851538,227.59561035275414,233.63552627563476,3.654322390170042,0.00247161691730291,0.002468567495844179,102477630.0
2018-04-26 00:00:00-04:00,233.9925689185512,236.16644142701392,233.5507233779955,235.3357696533203,67731900,235.7731735229492,233.9218437194824,236.90066772460938,50.22481336044033,-0.32125440302019115,-0.4847068360940914,0.16345243307390023,239.70880613955111,228.1348812994137,233.9218437194824,3.6217996253631317,0.010165935343207755,0.0101146097776642,98541610.0
2018-04-27 00:00:00-04:00,235.9454514886593,236.2459031345323,234.619915244341,235.55662536621094,57053600,235.89776611328125,234.072509765625,236.86612274169923,50.6395655685403,-0.24118265699542007,-0.43600200027435715,0.19481934327893707,239.86496702664815,228.28005250460185,234.072509765625,3.4792416442794303,0.0009384706507471474,0.0009380305624844136,95814210.0
2018-04-30 00:00:00-04:00,236.17520579011554,236.731935294756,233.67434578801672,233.74505615234375,82182300,235.6485626220703,234.3835678100586,236.7347897338867,47.167784991483906,-0.3202125065780024,-0.4128441015350862,0.09263159495708384,239.3444253455543,229.4227102745629,234.3835678100586,3.4491236344551335,-0.007690589093177991,-0.007720314173806505,90609010.0
2018-05-01 00:00:00-04:00,233.1794895687467,234.26643897285976,231.62418511436118,234.160400390625,74203400,235.18816070556642,234.5695831298828,236.6103549194336,48.04723051709995,-0.3453484608145345,-0.3993449733909759,0.05399651257644139,239.1925112369055,229.9466550228601,234.5695831298828,3.391490079029665,0.0017769113285996951,0.0017753344893242224,88321335.0
2018-05-02 00:00:00-04:00,233.96606511885076,234.7790458316721,232.19868291240678,232.58750915527344,86368900,234.55278930664062,234.55368041992188,236.4845635986328,44.992812637475765,-0.48657908235762193,-0.41679179518430515,-0.06978728717331678,239.20151688257315,229.9058439572706,234.55368041992188,3.3335524247607835,-0.006717152997379849,-0.00673981460758658,86454015.0
2018-05-03 00:00:00-04:00,231.75680484646094,232.7288433491431,228.9201373860479,232.07492065429688,136311500,233.99871368408202,234.42024459838868,236.37228759765625,44.01089481569818,-0.6325750442444189,-0.4599484449963279,-0.17262659924809098,239.19023375958133,229.65025543719602,234.42024459838868,3.36749196321324,-0.0022038522310945385,-0.00220628428734153,89136960.0
2018-05-04 00:00:00-04:00,231.10288831433,235.75995770217375,230.7759269200338,235.07949829101562,91222100,233.94658355712892,234.6986068725586,236.3139404296875,50.7901680176628,-0.5000691055372215,-0.4679725771045067,-0.03209652843271482,238.90718154550473,230.49003219961247,234.6986068725586,3.4829590217080044,0.012946584784981674,0.012863494147738108,84722005.0
2018-05-07 00:00:00-04:00,235.84832249995793,236.84687075534896,235.15901757631318,235.8748321533203,55304900,233.97751007080078,234.9601791381836,236.1956298828125,52.43206035744858,-0.3271096818587296,-0.4397999980553513,0.11269031619662173,238.75835763033547,231.16200064603174,234.9601791381836,3.360417124752671,0.003383254890735321,0.003377544559952449,82215105.0
2018-05-08 00:00:00-04:00,235.50367003813554,236.23712175990264,234.3106817006053,235.8748321533203,67499200,234.32568817138673,235.03838577270508,236.02116485595704,52.43206035744858,-0.18787241622050033,-0.3894144816883811,0.20154206546788078,238.8442559761419,231.23251556926826,235.03838577270508,3.2579901915058613,0.0,0.0,80413615.0
2018-05-09 00:00:00-04:00,236.54636971982185,238.48165491620054,236.0249953336343,238.15469360351562,59666100,234.84441375732422,235.2920036315918,235.9533804321289,57.1816006003264,0.10522689523497775,-0.29048620630370936,0.3957131015386871,239.2168487268506,231.367158536333,235.2920036315918,3.211478232318316,0.009665556216329918,0.00961914355763031,78839910.0
2018-05-10 00:00:00-04:00,238.89696721028608,240.70854952792098,238.79092862937145,240.38156127929688,72063900,235.34899291992187,235.56108322143555,235.9790704345703,61.251322685016014,0.511305806890789,-0.1301278036648097,0.6414336105555987,240.06424392699577,231.05792251587533,235.56108322143555,3.1645052103245335,0.009350509293293952,0.009307063895685263,78998580.0
2018-05-11 00:00:00-04:00,240.505332872426,241.38017828562056,239.99277701782748,241.11508178710938,59871500,235.90483856201172,235.90130233764648,236.08896453857423,62.51516378401969,0.8821464100148262,0.0723270390711175,0.8098193709437087,240.9680713531765,230.83453332211647,235.90130233764648,3.0375692144294297,0.003051484081843636,0.0030468377540233374,77738195.0
2018-05-14 00:00:00-04:00,241.5480657283191,242.20198836008126,240.68203894368625,241.22994995117188,54790600,236.65332794189453,236.15094528198242,236.1768634033203,62.72022380191593,1.1718013638974298,0.29222190403638,0.8795794598610498,241.72581820628517,230.57607235767966,236.15094528198242,2.9291678002841137,0.0004764038948170679,0.0004762904505103458,77307460.0
2018-05-15 00:00:00-04:00,240.00163399076862,240.01929810214165,238.62307819662107,239.56863403320312,87036100,237.19415130615235,236.19115600585937,236.1767904663086,57.79576383739821,1.2528585181965752,0.4843492268684191,0.7685092913281562,241.85179291676172,230.53051909495701,236.19115600585937,2.906146654160306,-0.0068868559575833155,-0.006910679793965715,78425165.0
2018-05-16 00:00:00-04:00,239.6039808016906,241.0355558477446,239.5774441834004,240.57601928710938,53942600,237.99300231933594,236.27289581298828,236.1847183227539,59.85411781890737,1.3824484625523041,0.6639690740051961,0.718479388547108,242.13369063949455,230.41210098648202,236.27289581298828,2.8033448799018186,0.004204996442759068,0.004196180151558188,78257100.0
2018-05-17 00:00:00-04:00,240.31095314555378,241.45092218362453,239.59516553209602,240.37281799316406,56536400,238.82279205322266,236.41075286865234,236.19034118652343,59.22664243133368,1.452014857472932,0.8215782306987433,0.6304366267741887,242.51600944845262,230.30549628885205,236.41075286865234,2.735660006446582,-0.0008446448426050468,-0.0008450017560510032,77201125.0
2018-05-18 00:00:00-04:00,240.02817433458355,240.39049092487784,239.4184253128825,239.7718963623047,64368000,239.29203186035156,236.61930770874022,236.16071044921875,57.313123384129256,1.4420344971003374,0.9456694839790621,0.49636501312127523,242.88256801505196,230.3560474024285,236.61930770874022,2.609688978271493,-0.0024999566751198188,-0.002503086784655633,75421870.0
2018-05-21 00:00:00-04:00,241.25654536464714,242.1137269152695,240.8677190756154,241.5746612548828,58025900,239.8620147705078,236.9197624206543,236.08316802978516,61.34769149678616,1.5615919896967227,1.0688539851225944,0.4927380045741283,243.51948736895136,230.32003747235726,236.9197624206543,2.59055623360673,0.007518666365528004,0.007490542077024009,75045265.0
2018-05-22 00:00:00-04:00,242.09595749896323,242.35223541747547,240.5760080340291,240.90296936035156,52966400,240.36482849121094,237.34525833129882,235.99835174560548,59.10612881405005,1.583884210375743,1.1718600301732243,0.41202418020251863,243.81883128817458,230.87168537442307,237.34525833129882,2.532389887166705,-0.0027804732956763223,-0.002784345991834942,72049310.0
2018-05-23 00:00:00-04:00,239.6304765758288,241.59227148003484,239.47139171583964,241.56573486328125,64694200,240.7059326171875,237.77517318725586,235.9584765625,60.634547646843856,1.6361698454961697,1.2647219932378135,0.3714478522583562,244.1702698641824,231.38007651032933,237.77517318725586,2.5029963069544543,0.0027511719954695923,0.0027473944486631338,70091975.0
2018-05-24 00:00:00-04:00,241.1680971017814,241.4420391350856,239.28583108913134,241.0708770751953,76043800,240.77486419677734,238.06192855834962,235.933701171875,58.86545784227177,1.6190127292845204,1.335580140447155,0.28343258883736544,244.50789953555335,231.6159575811459,238.06192855834962,2.4870611260398445,-0.0020485429705748848,-0.002050644104725489,70507570.0
2018-05-25 00:00:00-04:00,240.49642944335938,241.12384231755013,239.99271924932825,240.49642944335938,56374800,240.71299896240234,238.30891876220704,235.90271759033203,56.793950240016315,1.5412953743935134,1.3767231872364267,0.16457218715708666,244.7304898542889,231.8873476701252,238.30891876220704,2.3902084076242756,-0.0023828993315386793,-0.0023857429544270363,70473630.0
2018-05-29 00:00:00-04:00,238.87046799840775,239.63045614166222,236.61706715123918,237.73049926757812,115908600,240.36305389404296,238.50819091796876,235.81116607666016,48.02975866639056,1.2421970866030279,1.3498179671097472,-0.10762088050671936,244.58921740701035,232.42716442892717,238.50819091796876,2.4965765422311272,-0.01150091991878266,-0.011567566992821757,72159945.0
2018-05-30 00:00:00-04:00,239.03839445916907,241.3448148214591,238.96771105135883,240.90296936035156,69678400,240.49648742675782,238.84531936645507,235.84863464355467,56.34998580281145,1.246779266400324,1.3292102269678627,-0.08243096056753862,244.6668824779397,233.02375625497044,238.84531936645507,2.576415043063259,0.01334481735640769,0.013256559603311202,71933695.0
2018-05-31 00:00:00-04:00,240.49651999924623,240.79697172773785,238.82635789555584,239.42726135253906,93519900,240.3816116333008,239.18730697631835,235.84845825195313,52.166308893145185,1.1184406856592943,1.287056318706149,-0.16861563304685467,244.25272586590668,234.12188808673002,239.18730697631835,2.5407147874727203,-0.006125736065980547,-0.006144575362932587,72291245.0
2018-06-01 00:00:00-04:00,240.72629848815825,242.0783448076039,240.65558809722202,241.77789306640625,71258400,240.522119140625,239.67245559692384,235.9044857788086,57.570173107197384,1.192659533356931,1.2681769616363054,-0.07551742827937447,243.66520041847113,235.67971077537655,239.67245559692384,2.5485982637293008,0.009817727942041055,0.009769847182852502,69038590.0
2018-06-04 00:00:00-04:00,242.5997810747195,243.18302059188778,242.36119412283583,242.92674255371094,45385200,240.8376037597656,240.0648178100586,236.10296508789062,59.951505164179586,1.328862754519207,1.280314120212886,0.04854863430632106,243.70147068618698,236.42816493393022,240.0648178100586,2.4669217824258887,0.0047516730034087296,0.004740419439998397,66746745.0
2018-06-05 00:00:00-04:00,243.0591623128724,243.48334363778017,242.2903555730624,243.10336303710938,51135000,240.99047393798827,240.42624435424804,236.40430358886718,60.32021155401483,1.4345203281280305,1.311155361795915,0.12336496633211547,243.74860541420318,237.1038832942929,240.42624435424804,2.375926516875307,0.0007270524502231979,0.0007267882756286126,66538250.0
2018-06-06 00:00:00-04:00,243.7131954532173,245.2419639185261,243.09460084664707,245.13592529296875,62732200,241.41376953125,240.88929901123046,236.62151672363282,64.38396630452155,1.6630943868003385,1.3815431667968,0.2815512200035386,244.1255859045162,237.6530121179447,240.88929901123046,2.35960055651843,0.008360897317365001,0.008326138623579211,66299900.0
2018-06-07 00:00:00-04:00,245.6219003146421,245.91350645027276,244.19914391979617,245.10934448242188,72969400,241.76813049316405,241.23703155517578,236.91790588378908,64.29123658032533,1.8211035773768742,1.469455248912815,0.35164832846405925,244.7092102049262,237.76485290542536,241.23703155517578,2.31351212608687,-0.00010843294598739117,-0.00010843882526428765,66965065.0
2018-06-08 00:00:00-04:00,244.64984175340834,245.88700367386923,244.48193831762,245.833984375,72139700,242.24444122314452,241.50965270996093,237.24239715576172,65.73990344152773,1.9819526659558733,1.571954732321427,0.40999793363444637,245.4894472481994,237.52985817172245,241.50965270996093,2.248623071098467,0.0029563943965835726,0.0029520328568427624,66968855.0
2018-06-11 00:00:00-04:00,246.0549263597859,246.87675252466192,245.94004221387883,246.1609649658203,58892500,242.81089477539064,241.76194686889647,237.51475036621093,66.40225455169383,2.1114715982589303,1.6798581055089277,0.4316134927500026,246.22064164357332,237.30325209421963,241.76194686889647,2.1624905767101423,0.0013300870164538736,0.001329203234302846,66919905.0
2018-06-12 00:00:00-04:00,246.57628852029868,246.8413850221631,245.8339913469702,246.47909545898438,72329000,243.68575439453124,242.0244041442871,237.8938543701172,67.06931991909087,2.214262121902493,1.7867389087876409,0.4275232131148523,246.92319152773302,237.12561676084118,242.0244041442871,2.0799836551731965,0.001292367752979251,0.0012915333645885112,67796825.0
2018-06-13 00:00:00-04:00,246.71769650737758,246.9739744526654,245.48935305247187,245.69261169433594,79070600,244.1647186279297,242.33060302734376,238.1989047241211,63.70202877068642,2.206822805960087,1.8707556882221301,0.33606711773795683,247.34139884862972,237.3198072060578,242.33060302734376,2.037457779817506,-0.003190874111185238,-0.0031959758054487413,67398550.0
2018-06-14 00:00:00-04:00,246.5587117756602,246.8414724884736,245.71919427543313,246.311279296875,77097600,244.85312042236328,242.61736602783202,238.46701904296876,65.18284884966103,2.2251977055700536,1.9416440916917148,0.2835536138783388,247.8454236576869,237.38930839797715,242.61736602783202,1.973986566554661,0.0025180553793320293,0.002514890389851139,68556300.0
2018-06-15 00:00:00-04:00,245.52650527534564,246.33427828335442,244.4169314328949,245.99696350097656,120041600,245.2750274658203,242.89857330322266,238.69208557128906,63.759669876976645,2.1891619912831572,1.9911476716100034,0.19801431967315386,248.2176910020769,237.57945560436843,242.89857330322266,1.9699408725478655,-0.0012760917680899597,-0.0012769066665208114,71731560.0
2018-06-18 00:00:00-04:00,244.54121078049525,245.61529785717133,244.06189434330213,245.4910125732422,52917600,245.53145446777344,243.18452911376954,239.01166076660155,61.434444833193346,2.095620409030772,2.012042219094157,0.08357818993661503,248.41471617802418,237.9543420495149,243.18452911376954,1.967450035771192,-0.0020567364756612916,-0.0020588544627189002,71159040.0
2018-06-19 00:00:00-04:00,243.21862106184778,244.77202466352017,242.80142015383026,244.55010986328125,97531500,245.67612915039064,243.33330154418945,239.28979522705077,57.25289398464514,1.9233933644882484,1.9943124481729755,-0.0709190836847271,248.54107948059925,238.12552360777966,243.33330154418945,2.0190316346026727,-0.003832737907992545,-0.003840101669528797,73134320.0
2018-06-20 00:00:00-04:00,245.2335415022571,245.63299888683773,244.62993988532875,244.96725463867188,53785500,245.65926208496094,243.53651580810546,239.5029263305664,58.59835108529026,1.7998151394277784,1.9554129864239362,-0.15559784699615786,248.6656896718924,238.40734194431852,243.53651580810546,1.95216430524223,0.0017057640073188107,0.0017043108441620668,73175275.0
2018-06-21 00:00:00-04:00,244.95838476265965,244.97615528081644,242.93452320471235,243.43161010742188,71061400,245.49148864746093,243.6298095703125,239.7099118041992,52.097521631104335,1.5599823208399073,1.8763268533071307,-0.3163445324672234,248.6794645244058,238.58015461621918,243.6298095703125,1.9585548603037917,-0.0062687747124205995,-0.006288505984439376,73493635.0
2018-06-22 00:00:00-04:00,244.69208545289305,244.80748545823238,243.65351249404213,243.87542724609375,54898500,245.2956329345703,243.77003707885743,239.88742095947265,53.6963315433226,1.3897057552780723,1.7790026337013192,-0.3892968784232469,248.68153365774316,238.8585404999717,243.77003707885743,1.9169348953399852,0.00182316971274199,0.001821509756123445,72436370.0
2018-06-25 00:00:00-04:00,242.72150867695257,242.88128081499514,238.86907139864692,240.5556182861328,137854200,244.73509826660157,243.7729965209961,240.0123193359375,42.318431416289556,0.9756330218606308,1.6183287113331817,-0.6426956894725508,248.67666452117527,238.8693285208169,243.7729965209961,2.137607820490474,-0.0136127243217945,-0.01370622697371535,76510340.0
2018-06-26 00:00:00-04:00,241.12370974663938,241.9403408769516,240.36919416007444,241.08819580078125,68547400,244.19600830078124,243.94088134765624,240.10934143066407,44.35544801704191,0.682583553578354,1.4311796797822163,-0.7485961262038623,248.1920570633649,239.6897056319476,243.94088134765624,2.097146313089523,0.0022139475205062986,0.002211500349967018,74142280.0
2018-06-27 00:00:00-04:00,241.67403316486272,243.10315106426856,238.94002844283239,239.0909423828125,105110700,243.5358413696289,243.85027999877929,240.11587188720702,38.81893692925143,0.2858826028801502,1.202120264401803,-0.9162376615216528,248.42174150383187,239.2788184937267,243.85027999877929,2.2447160493999982,-0.008284326867745717,-0.00831883260693364,75913895.0
2018-06-28 00:00:00-04:00,239.03770220338833,241.2213357813261,238.3275587424145,240.4579620361328,76650500,242.95050964355468,243.90181503295898,240.14620666503907,43.97368593887559,0.08086909416061872,0.9778700303535662,-0.8970009361929475,248.29232551536614,239.5113045505518,243.90181503295898,2.2910775486508266,0.005717571898359752,0.005701288621873037,75070425.0
2018-06-29 00:00:00-04:00,241.54979912275832,242.91680177360362,240.68876867952034,240.80416870117188,97592500,242.4312301635742,243.85312881469727,240.20997650146484,45.23220871943353,-0.053057984624047094,0.7716844273580437,-0.8247424119820908,248.35690218378437,239.34935544561017,243.85312881469727,2.303060562137968,0.0014397804177805895,0.0014387449277545583,76387130.0
2018-07-02 00:00:00-04:00,239.23296243372596,241.4787384011984,238.99327719000505,241.31893920898438,63554800,242.01402282714844,243.77273864746093,240.3243392944336,47.13376983644611,-0.11631764419252022,0.5940840130479309,-0.7104016572404511,248.39560673283572,239.14987056208614,243.77273864746093,2.316089179927638,0.0021377142704339658,0.0021354326103958337,77295610.0
2018-07-03 00:00:00-04:00,242.2155014070091,242.31315798114133,240.0407531607095,240.46681213378906,42187100,241.6056930541992,243.64091110229492,240.42236419677735,44.38644021678524,-0.2325304473550034,0.4287611209673441,-0.6612915683223475,248.4780189788397,238.80380322575013,243.64091110229492,2.31296886853508,-0.0035311239059333532,-0.003537373039265976,76848215.0
2018-07-05 00:00:00-04:00,241.59419894270374,242.49071624932256,240.52011188401102,242.42857360839844,56925900,241.35182495117186,243.50554351806642,240.6230746459961,51.40851264588104,-0.16443665188833734,0.31012156639620786,-0.4745582182845452,248.31919639625056,238.69189063988227,243.50554351806642,2.292321386177824,0.008158138153043337,0.008125040432648748,76557900.0
2018-07-06 00:00:00-04:00,242.45524880932732,244.8519124147663,242.07353476250805,244.47911071777344,66493700,241.45657501220703,243.474031829834,240.85330810546876,57.455440125661134,0.05436271968829942,0.2589697970546262,-0.20460707736632677,248.25340555423398,238.694658105434,243.474031829834,2.3270396908978555,0.008458314458786864,0.008422743357338993,76234115.0
2018-07-09 00:00:00-04:00,245.48205972164303,246.7336620303323,245.43768761200442,246.68040466308594,50550400,241.73707275390626,243.51635284423827,241.08020080566405,62.806466550230205,0.4007690067924159,0.2873296390021841,0.11343936779023178,248.39257464708115,238.6401310413954,243.51635284423827,2.321861949587928,0.009004016493882272,0.008963722031420497,75154650.0
2018-07-10 00:00:00-04:00,247.13315571604667,247.66575655603182,246.84021306391304,247.56809997558594,51966800,242.43832092285157,243.58670959472656,241.32043029785157,64.73281323161919,0.7384160770957635,0.37754692662090006,0.36086915047486345,248.6505298018149,238.5228893876382,243.58670959472656,2.226396945542068,0.003598564359874601,0.003592105018746916,74808365.0
2018-07-11 00:00:00-04:00,246.0146766095031,246.8047060907769,245.45544712755907,245.7572479248047,77054700,242.9052261352539,243.55061721801758,241.56067413330078,58.119862128485686,0.8500839477600266,0.4720543308487254,0.3780296169113012,248.54122164854564,238.5600127874895,243.55061721801758,2.218272367148125,-0.007314561330639235,-0.007341443904075534,75044650.0
2018-07-12 00:00:00-04:00,247.01780626494482,248.03860894847847,246.41420449771564,247.9853515625,60124700,243.79466705322267,243.66525421142578,241.8371731567383,63.113078069522345,1.1056259149882521,0.5987686476766307,0.5068572673116214,248.94439350631907,238.38611491653248,243.66525421142578,2.2227786997571006,0.0090662784373996,0.009025426466289255,74097355.0
2018-07-13 00:00:00-04:00,247.80777090580222,248.48237331413685,247.35505615464416,248.18057250976562,48216000,244.56692810058593,243.75871887207032,242.1490344238281,63.523435110753695,1.308810313424857,0.7407769808262761,0.5680333325985809,249.28245847855325,238.23497926558738,243.75871887207032,2.1445314468810714,0.0007872277375884362,0.0007869180363592955,72653275.0
2018-07-16 00:00:00-04:00,248.22493207070815,248.36693364721475,247.51478874218458,247.9586181640625,48201000,245.282373046875,243.8568016052246,242.46670837402343,62.669804978785656,1.435379392161849,0.8796974630933907,0.5556819290684583,249.60128603455905,238.11231717589015,243.8568016052246,2.05221812246315,-0.0008943260282566756,-0.000894726176372123,69061245.0
2018-07-17 00:00:00-04:00,247.18638258473862,249.35227253462637,247.13312521623325,248.96170043945312,52315500,246.04664916992186,244.03033599853515,242.7443524169922,64.96141101466935,1.5982035596688604,1.0233986824084846,0.5748048772603758,250.1586729621953,237.901999034875,244.03033599853515,2.0641416364581473,0.004045361612424081,0.004037201137780442,69031140.0
2018-07-18 00:00:00-04:00,249.0416440665278,249.5919883944477,248.59781450024312,249.4854736328125,44593500,246.94851531982422,244.27710418701173,243.01656524658202,66.13058407643464,1.7493416828592103,1.1685872824986299,0.5807544003605805,250.85058181551818,237.70362655850528,244.27710418701173,1.987715369154321,0.002103830398148876,0.002101620446010307,66384240.0
2018-07-19 00:00:00-04:00,248.81975837777637,249.201445348002,248.06524260902577,248.54458618164062,61412100,247.56011657714845,244.45597076416016,243.26996032714842,62.12056289788193,1.772762675774004,1.2894223611537048,0.48334031462029925,251.28456169556782,237.6273798327525,244.45597076416016,1.9471807730566357,-0.003771311561636903,-0.0037784408873346225,66765570.0
2018-07-20 00:00:00-04:00,248.3403841175709,248.97064160173855,248.10072590548324,248.260498046875,82337700,247.9382553100586,244.69741516113282,243.47207641601562,60.919405103151654,1.74824773154333,1.3811874352316298,0.36706029631170023,251.70323382415538,237.69159649811027,244.69741516113282,1.8702332675708264,-0.0011430067302210523,-0.0011436604606066823,67329385.0
2018-07-23 00:00:00-04:00,248.0563777829698,248.92626647417546,247.71017768725454,248.7221221923828,47047600,248.14242706298828,244.93974990844725,243.63888763427735,62.1984745131304,1.7459425334937748,1.4541384548840588,0.291804078609716,252.14746182909974,237.73203798779477,244.93974990844725,1.8235086618101188,0.001859434542102134,0.001857707933706157,66936840.0
2018-07-24 00:00:00-04:00,250.13341674844273,250.8169043704597,249.10372914190762,249.97361755371094,68026900,248.3829788208008,245.41064987182617,243.81605834960936,65.49558171022782,1.8240740734356393,1.528125578594375,0.2959484948412643,252.64169175434398,238.17960798930835,245.41064987182617,1.8428853415434592,0.005031701041695591,0.005019084338629097,63445475.0
2018-07-25 00:00:00-04:00,249.72504243612434,252.42353281795852,249.68067033106541,252.10398864746094,78882900,249.0176528930664,245.96143951416016,244.03353912353515,70.25211494585925,2.034445206812478,1.6293895042379958,0.4050557025744823,253.46463381659845,238.45824521172187,245.96143951416016,1.9071694233541479,0.008522383740325212,0.008486273247949351,63962250.0
2018-07-26 00:00:00-04:00,251.38497342649512,252.19271906525444,251.2873168758302,251.5092315673828,57919500,249.3700408935547,246.58235397338868,244.27235107421876,67.4563064096141,2.128636325357178,1.7292388684618323,0.39939745689534556,253.75665804028017,239.40804990649718,246.58235397338868,1.8356146209305837,-0.002359173622238142,-0.002361960856904658,61602690.0
2018-07-27 00:00:00-04:00,251.83772754225907,251.93538411873658,248.88183498872385,249.8050079345703,76768700,249.53248443603516,247.04970626831056,244.45693084716797,60.07832607708876,2.0422253583475083,1.7918361664389675,0.2503891919085408,253.77075012804102,240.3286624085801,247.04970626831056,1.9226099430078796,-0.0067759883889427774,-0.00679904963244946,61608600.0
2018-07-30 00:00:00-04:00,249.88486779932234,250.04463990131578,247.97637947622283,248.5001220703125,63742500,249.58663482666014,247.43450393676758,244.61947692871092,55.10825897117402,1.8471577755547628,1.8029004882621267,0.044257287292636116,253.53364706355617,241.335360809979,247.43450393676758,1.9330135488710984,-0.005223617713058792,-0.005237308501841277,59916100.0
2018-07-31 00:00:00-04:00,249.2635094920372,250.33756924478948,248.88182264202132,249.72508239746094,68570500,249.66297302246093,247.8548110961914,244.81854064941408,58.57293605773878,1.7709944501699226,1.796519280643686,-0.025524830473763416,253.3377152533857,242.3719069389971,247.8548110961914,1.9261873792715183,0.004929415394016701,0.004917305605766272,60166885.0
2018-08-01 00:00:00-04:00,249.92924867985008,250.43522077645216,248.659902898579,249.30787658691406,53853300,249.64521331787108,248.29686431884767,244.9732049560547,56.96049778027671,1.657858681005223,1.7687871607159935,-0.11092847971077058,252.63118870918927,243.96253992850606,248.29686431884767,1.915410986314493,-0.0016706604180145579,-0.0016720575274111282,60750195.0
2018-08-02 00:00:00-04:00,248.00306905621076,250.8346764359806,247.79889772747592,250.66604614257812,63426400,249.85735931396485,248.70873794555663,245.1684664916992,60.748662788386035,1.6586705793364729,1.7467638444400895,-0.08809326510361659,252.22200504521004,245.19547084590323,248.70873794555663,1.9954372521852215,0.005447760312500938,0.005432974940092428,61075220.0
2018-08-03 00:00:00-04:00,250.79031061862074,251.79336968061608,250.61276797272257,251.7401123046875,53935400,250.2053207397461,249.07178802490233,245.37195404052736,63.4857331396755,1.726084944757588,1.7426280645035892,-0.01654311974600131,252.24601565960248,245.8975603902022,249.07178802490233,1.9372347133072425,0.004284849019792869,0.004275695193425362,60447305.0
2018-08-06 00:00:00-04:00,251.77565566455615,252.97397385214276,251.38508346931644,252.66331481933594,39400900,250.5994400024414,249.37093353271484,245.60380279541016,65.69974278133876,1.8328777684668012,1.7606780052962319,0.07219976317056931,252.71066990014106,246.03119716528863,249.37093353271484,1.9123529754157482,0.0036672841137492806,0.003660576022678741,59889830.0
2018-08-07 00:00:00-04:00,253.32901985532757,253.8793641115752,253.19584933141965,253.49765014648438,43196600,250.95184326171875,249.66741104125975,245.86382720947265,67.61109832723076,1.9622165280289607,1.8009857098427777,0.161230818186183,253.3495516668671,245.98527041565242,249.66741104125975,1.8626169980459992,0.003302162515143925,0.003296722349423436,59451320.0
2018-08-08 00:00:00-04:00,253.32902825337575,253.7906012053874,252.92957084681646,253.39114379882812,42114600,251.08055877685547,250.04910583496093,246.17704010009766,67.09709331553807,2.032692639234398,1.8473270957211019,0.18536554351329593,253.6115148422332,246.48669682768866,250.04910583496093,1.7910750952263512,-0.0004201472778729842,-0.00042023556447031796,57704315.0
2018-08-09 00:00:00-04:00,253.45335963961256,253.84393189997337,252.9119004677377,253.0450439453125,35717000,251.23414001464843,250.30209045410157,246.41988159179687,65.35825025579652,2.037135272072362,1.885288730991354,0.15184654108100815,253.95969428144525,246.6444866267579,250.30209045410157,1.72971483358416,-0.0013658719414061382,-0.001366805594750408,56483930.0
2018-08-10 00:00:00-04:00,251.6069312347668,252.14839017212856,250.6393591752967,251.34950256347656,77076000,251.38858947753906,250.4605369567871,246.65832641601563,57.496969670858356,1.8821438881713277,1.884659762427349,-0.0025158742560211778,254.00974691517104,246.91132699840318,250.4605369567871,1.7779984004721339,-0.006700551630651086,-0.006723101112487157,57926930.0
2018-08-13 00:00:00-04:00,251.62465763749628,252.2371444168388,250.11562674275706,250.4085693359375,65732900,251.57943420410157,250.58303451538086,246.83093994140626,53.64107263049527,1.6642027585514825,1.8405683616521757,-0.17636560310069327,253.9424227511898,247.2236462795719,250.58303451538086,1.802535491444248,-0.0037435253220818865,-0.0037505498494777986,58803525.0
2018-08-14 00:00:00-04:00,251.13653533173775,252.2461092546333,250.74596314374196,252.0064239501953,43842000,251.807568359375,250.73527069091796,247.01253356933594,58.70555689041919,1.6019500734220173,1.7928447040061442,-0.1908946305841268,254.0627695362669,247.40777184556902,250.73527069091796,1.8050358076765014,0.0063809901493994126,0.006360717824391755,58379850.0
2018-08-15 00:00:00-04:00,250.65720419863487,250.79923291848888,248.686599730624,250.12460327148438,102925400,251.88924102783204,250.76722717285156,247.15295837402343,51.5613823294254,1.3848040115752838,1.7112365655199722,-0.3264325539446884,254.05817659528122,247.4762777504219,250.76722717285156,1.9132349799547015,-0.007467352019101092,-0.007495372270728037,61296445.0
2018-08-16 00:00:00-04:00,251.5625792532371,253.018353155352,251.52706530486208,252.1484375,69967900,252.03748016357423,250.94741973876953,247.29320861816407,57.545232319799226,1.3603395538666803,1.641057163189314,-0.2807176093226338,254.12452415256269,247.77031532497637,250.94741973876953,1.9832717588056248,0.008091304102215702,0.008058745013588537,61724235.0
2018-08-17 00:00:00-04:00,251.9442870366462,253.4799471329589,251.53597140871622,253.03611755371094,65618500,252.16708068847657,251.18620071411132,247.45174407958984,59.885963448041345,1.3964818826945304,1.5921421070903574,-0.19566022439582698,254.23489701190113,248.13750441632152,251.18620071411132,1.9804648991939857,0.003520466208365658,0.0035142838727571365,60888275.0
2018-08-20 00:00:00-04:00,253.48877385282518,253.84383201638548,253.03605911799497,253.57754516601562,39807500,252.25850372314454,251.42897186279296,247.60661529541017,61.287937559749956,1.4520750053196707,1.56412868673622,-0.11205368141654937,254.42699902392923,248.4309447016567,251.42897186279296,1.8967011848508804,0.0021397246272154558,0.0021374386767641666,60526270.0
2018-08-21 00:00:00-04:00,254.09241617817474,255.03333265260636,253.6130726814549,254.17230224609375,67272000,252.32596893310546,251.6389060974121,247.76684204101562,62.82495581301922,1.5265280165527884,1.556608552699534,-0.03008053614674555,254.7842897644464,248.4935224303778,251.6389060974121,1.86520734926087,0.002345464302403899,0.0023427179944135916,60488525.0
2018-08-22 00:00:00-04:00,253.76391839237363,254.5450625208637,253.49760448173464,254.02134704589844,44993300,252.3889892578125,251.734774017334,247.9176870727539,62.15047391056394,1.5554218069158026,1.556371203542788,-0.0009493966269853438,255.04364397541616,248.42590405925182,251.734774017334,1.8067966842514547,-0.0005939089305221357,-0.000594085364291532,58794045.0
2018-08-23 00:00:00-04:00,253.84382361860813,254.70485385858763,253.36448021459879,253.68405151367188,49204900,252.45289001464843,251.84351501464843,248.07751586914063,60.58533525244303,1.5334270212172783,1.551782367077686,-0.018355345860407768,255.25688353470466,248.4301464945922,251.84351501464843,1.7734807528041252,-0.0013278235713222175,-0.0013287059101872126,58358315.0
2018-08-24 00:00:00-04:00,254.261013918595,255.35284410240035,254.20775655247763,255.2108154296875,57487400,252.83902130126953,252.1138053894043,248.2555065917969,64.89482187358249,1.6205128203525305,1.5655284577326551,0.05498436261987538,255.69088482672288,248.5367259520857,252.1138053894043,1.7660030267987221,0.006018367756687182,0.00600032971831095,57394250.0
2018-08-27 00:00:00-04:00,256.40917185937667,257.33234482639574,256.24939973697053,257.225830078125,57072400,253.52074737548827,252.55009078979492,248.48008392333983,69.61650118679563,1.8310169617685972,1.6186261585398438,0.21239080322875337,256.3774835519757,248.72269802761417,252.55009078979492,1.791397767506545,0.007895490812350303,0.007864484524407623,57060745.0
2018-08-28 00:00:00-04:00,257.68741586376615,257.7939577065519,256.8885281227042,257.3501281738281,46943500,254.05511779785155,252.93134307861328,248.71726623535156,69.88557463093265,1.9849910863327977,1.6918991440984348,0.29309194223436297,257.06407334072196,248.79861281650457,252.93134307861328,1.7281143258166278,0.00048322555967783565,0.00048310884380562075,55979395.0
2018-08-29 00:00:00-04:00,257.5631772420402,258.9656667527116,257.32351902828185,258.7348937988281,61485500,254.91614685058593,253.40269393920897,249.0009619140625,72.77792416956966,2.193470737073028,1.7922134626933535,0.4012572743796745,257.9083693817304,248.89701849668756,253.40269393920897,1.7219738542889955,0.005380862387077023,0.005366437270304553,56361005.0
2018-08-30 00:00:00-04:00,258.2555538204787,258.62835549143284,257.0927225076336,257.68743896484375,61229500,255.4700469970703,253.75376358032227,249.25536560058595,67.49706260026547,2.2482550266847454,1.883421775491632,0.3648332511931134,258.44226775287825,249.0652594077663,253.75376358032227,1.7162736712108193,-0.0040483709738772244,-0.004056587811684508,56251160.0
2018-08-31 00:00:00-04:00,257.27908823769684,258.1401185744521,256.790886610231,257.6962890625,66140800,255.93606414794922,254.05157241821288,249.5406591796875,67.518508216345,2.266262041701424,1.9599898287335904,0.30627221296783347,258.94289678937486,249.16024804705089,254.05157241821288,1.6900564064258419,3.434431143323202e-05,3.4343721680871163e-05,56861430.0
2018-09-04 00:00:00-04:00,257.27903957078377,257.60746901323,256.24935204712614,257.2524108886719,57594400,256.30355072021484,254.2810272216797,249.80819885253905,65.19507023689863,2.2191346687543785,2.011818796737748,0.20731587201663038,259.31869311246817,249.24336133089122,254.2810272216797,1.672690735636415,-0.0017224857037831942,-0.0017239708880004802,57771105.0
2018-09-05 00:00:00-04:00,256.8973427625893,257.1015140436307,255.54811110611712,256.5600280761719,72452400,256.54232330322264,254.43414611816405,250.12828704833984,61.63233120169795,2.1016894123856105,2.0297929198673206,0.07189649251828989,259.5527718216062,249.3155204147219,254.43414611816405,1.6749485247020106,-0.0026914531533763775,-0.002695081625452203,59233895.0
2018-09-06 00:00:00-04:00,256.66653905478404,256.96833979896434,254.75807803438673,255.7877655029297,65909900,256.7189651489258,254.55397720336913,250.4222784423828,57.835944203923155,1.9241180300444682,2.00865794190275,-0.08453991185828169,259.68152802770504,249.42642637903324,254.55397720336913,1.7131851846931248,-0.0030100658276077663,-0.0030146051872204766,60423660.0
2018-09-07 00:00:00-04:00,254.74045760923735,256.2672325805828,254.50077227813136,255.29080200195312,73524800,256.87964019775393,254.66626510620117,250.74627563476562,55.4681196741196,1.7234240691005027,1.9516111673423007,-0.22818709824179795,259.7549338323972,249.5775963800051,254.66626510620117,1.7169905502472897,-0.0019428743982318197,-0.0019447642268920111,62314050.0
2018-09-10 00:00:00-04:00,256.3027222309289,256.56903625847275,255.53934828156608,255.73463439941406,50210900,256.93202209472656,254.88552169799806,251.05180908203124,57.155174714045216,1.581950483895099,1.8776790306528606,-0.2957285467577615,259.75690296301445,250.0141404329817,254.88552169799806,1.6856508149810279,0.0017385365786015683,0.0017370270731843524,60970795.0
2018-09-11 00:00:00-04:00,255.08652888454353,257.02161874815994,254.7403560065421,256.5777893066406,50530500,256.8672180175781,255.1939826965332,251.36728149414063,60.23701582167068,1.5203416506622602,1.8062115546547406,-0.28586990399248036,259.6564815615307,250.7314838315357,255.1939826965332,1.7281945240265144,0.0032969914661997723,0.0032915683066402483,60210675.0
2018-09-12 00:00:00-04:00,256.5866962429352,257.2435552033378,255.84995122701346,256.63995361328125,59810800,256.79620056152345,255.4256591796875,251.67370178222657,60.46282206223531,1.4597057670277138,1.7369103971293354,-0.27720463010162155,259.6783360278459,251.17298233152908,255.4256591796875,1.704295199190644,0.00024228249377555855,0.00024225314811202818,61009115.0
2018-09-13 00:00:00-04:00,257.7051188124591,258.3442342555749,257.4210614845859,258.1578063964844,51034200,256.7384918212891,255.8273193359375,252.02752166748047,65.59962996141881,1.5166464703384008,1.6928576117711485,-0.17621114143274763,259.47596617892725,252.17867249294773,255.8273193359375,1.7042941594122887,0.005914327686835197,0.005896906706019988,58414555.0
2018-09-14 00:00:00-04:00,258.3620120999993,258.548412894725,257.4210957791152,258.2022399902344,55079900,256.78997192382815,256.13000946044923,252.34299499511718,65.73995721663356,1.5475189722019422,1.6637898838573073,-0.11627091165536507,259.5015601198988,252.75845880099968,256.13000946044923,1.6630815134263965,0.00017211795517724227,0.00017210314458141702,57670155.0
2018-09-17 00:00:00-04:00,258.1489192375227,258.1844060826232,256.56000252044703,256.8351745605469,68244000,256.7038604736328,256.319962310791,252.59011627197265,57.91261000790944,1.4450176334339062,1.620035433772627,-0.17501780033872083,259.38721574756244,253.2527088740196,256.319962310791,1.6615926531664644,-0.005294552943224673,-0.005308618758763141,57801430.0
2018-09-18 00:00:00-04:00,257.04837133519743,258.82368995702524,257.0217426394385,258.2289733886719,61930400,256.8015167236328,256.55253372192385,252.8210876464844,62.77862132302532,1.459429110620647,1.5879141691422312,-0.1284850585215842,259.4536335306488,253.6514339131989,256.55253372192385,1.6849442776887429,0.005426822204200876,0.005412150062715328,58907575.0
2018-09-19 00:00:00-04:00,258.2821745760306,258.9212902243807,258.1578892967261,258.50408935546875,49080600,256.9959228515625,256.7691230773926,253.03980743408204,63.67145288462054,1.4760350560741813,1.5655383465286214,-0.08950329045444017,259.572219545057,253.96602660972817,256.7691230773926,1.6191197526863021,0.0010653954247914488,0.0010648282938625876,57998005.0
2018-09-20 00:00:00-04:00,259.7645329642432,260.9184787850341,258.52178873975845,260.5989074707031,100360600,257.47703704833987,257.09800109863284,253.336640625,69.64258953036534,1.639332497675241,1.5802971767579455,0.059035320917295575,260.0725770132149,254.12342518405075,257.09800109863284,1.6759247296062338,0.008103616931002477,0.008070958940583869,60766370.0
2018-09-21 00:00:00-04:00,261.3416596599288,261.45758204644017,260.200313965692,260.3608093261719,105479700,257.9840377807617,257.4318389892578,253.58414978027344,68.26909324741075,1.7295966526687607,1.6101570719401086,0.11943958072865213,260.29548772381884,254.5681902546968,257.4318389892578,1.6460206832592308,-0.0009136574932034902,-0.0009140751326165644,63580110.0
2018-09-24 00:00:00-04:00,259.7813150054989,259.9239866684046,258.9163867572712,259.4959716796875,53409600,258.36017150878905,257.64609680175784,253.81045776367188,63.37958453990628,1.7116160313325395,1.6304488638185948,0.0811671675139447,260.4536576748986,254.83853592861706,257.64609680175784,1.6316208179479055,-0.003321689038848108,-0.003327218095149195,63376220.0
2018-09-25 00:00:00-04:00,259.9507564276149,260.0577533802823,259.0145058799359,259.2552490234375,44370000,258.62791748046874,257.74756774902346,254.0363903808594,62.04749803862277,1.6588201072077595,1.6361231124964277,0.022696994711331797,260.63266081416776,254.86247468387916,257.74756774902346,1.5895941524049415,-0.0009276546941821007,-0.000928085232078847,62741100.0
2018-09-26 00:00:00-04:00,259.39779647019435,260.58371507676577,258.0602807787188,258.4793701171875,79739700,258.8118591308594,257.8040298461914,254.22674377441408,57.82870548068261,1.5366583723412646,1.6162301644653954,-0.07957179212413079,260.69997967636823,254.90808001601454,257.8040298461914,1.6562970199508023,-0.002992722072831966,-0.0029972092202943485,64380910.0
2018-09-27 00:00:00-04:00,258.95193064011346,260.28944619075577,258.67551293659324,259.20159912109375,59249500,258.91623840332034,257.8273651123047,254.4210662841797,60.519683709951025,1.4810495447962921,1.5891940405315748,-0.10814449573528262,260.7602281701868,254.8945020544226,257.8273651123047,1.6672812380663355,0.0027941456356026517,0.0027902492670128843,64269110.0
2018-09-28 00:00:00-04:00,258.57752029215237,259.7277917564604,258.5418727887045,259.22845458984375,70091400,259.01885986328125,257.9044158935547,254.63474365234376,60.620309209329385,1.4227456341722018,1.5559043592597004,-0.1331587250874986,260.89884954688387,254.90998224022556,257.9044158935547,1.632898218758449,0.00010360842232870482,0.00010360305534682257,64712205.0
2018-10-01 00:00:00-04:00,260.46784283610697,261.1990247523705,259.4602703458394,260.1290283203125,62078900,259.34824523925784,258.0260528564453,254.8721142578125,63.939487216756646,1.4326929461232112,1.5312620766324025,-0.09856913050919136,261.1706621223989,254.88144359049167,258.0260528564453,1.6570176433133292,0.0034740543120301837,0.003468033725216412,64509110.0
2018-10-02 00:00:00-04:00,259.97747802734375,260.69080911051776,259.6029887328202,259.97747802734375,47258200,259.523095703125,258.1623062133789,255.09722137451172,62.97750753314648,1.4120699569463682,1.5074236526951956,-0.09535369574882746,261.3959133612993,254.9286990654585,258.1623062133789,1.6163606957693444,-0.000582596621174214,-0.0005827663965292837,63992300.0
2018-10-03 00:00:00-04:00,261.0295876624094,261.448677055501,259.7634212147403,260.1200866699219,64694600,259.6846954345703,258.3403091430664,255.30015075683593,63.53349454663758,1.391196567034001,1.4841782355629567,-0.09298166852895573,261.59339949419143,255.0872187919414,258.3403091430664,1.6212817775544415,0.0005485422955104902,0.0005483919011814285,63604410.0
2018-10-04 00:00:00-04:00,259.63860706605675,259.69210553069195,256.4999125561794,258.08709716796875,111545900,259.4335144042969,258.45527572631835,255.41981292724608,51.629986296070065,1.1968128788610102,1.4267051642225674,-0.22989228536155726,261.4949229139752,255.41562853866148,258.45527572631835,1.7640598015678708,-0.007815580595791793,-0.007846282318297529,65886210.0
2018-10-05 00:00:00-04:00,258.30997967842393,258.82714050010605,255.2158585929535,256.6425476074219,105951700,259.0616882324219,258.5228630065918,255.52247924804686,45.15602716832713,0.9156443504896856,1.3244930014759912,-0.40884865098630563,261.32921307737405,255.71651293580962,258.5228630065918,1.8960042376810617,-0.0055971397888470165,-0.005612862471235502,67507555.0
2018-10-08 00:00:00-04:00,255.95593872277664,256.9992130580816,254.5738498970342,256.6425476074219,87742200,258.77634582519534,258.56825866699216,255.65923004150392,45.15602716832713,0.6849209239824177,1.1965785859772764,-0.5116576619948587,261.21771731032686,255.91880002365747,258.56825866699216,1.9338155893500848,0.0,0.0,69384120.0
2018-10-09 00:00:00-04:00,256.2591681367459,257.56990772534647,255.7063053186593,256.26806640625,74339000,258.4776275634766,258.55277252197266,255.81458892822266,43.515516614465554,0.4664761957253063,1.0505581079268824,-0.5840819122015761,261.2517454844839,255.85379955946144,258.55277252197266,1.928800362017019,-0.0014591547842047747,-0.0014602203872595822,70574545.0
2018-10-10 00:00:00-04:00,255.75973706603548,255.83108647445613,247.77924314698828,248.1537322998047,214731000,257.44506378173827,258.12846145629885,255.78316192626954,23.550467480311085,-0.35728323457124134,0.7689898394272577,-1.1262730739984992,263.36874081941653,252.88818209318117,258.12846145629885,2.397373426105926,-0.031663461703347884,-0.03217558859692195,78320555.0
2018-10-11 00:00:00-04:00,247.06586985379727,248.68872864724938,241.07379887259498,242.68775939941406,274840500,255.7936798095703,257.35495910644534,255.65075958251953,17.66948990394623,-1.4346392220475934,0.32826402713228753,-1.7629032491798808,265.8843311841187,248.82558702877193,257.35495910644534,2.770056022430817,-0.022026559301501658,-0.022272766066072622,89510870.0
2018-10-12 00:00:00-04:00,246.78956549462055,247.07490881808016,242.86619003848062,246.05841064453125,183186500,254.47667541503907,256.74776763916014,255.55860687255858,29.380761428004377,-1.993488523484956,-0.13608648299116122,-1.8574020404937948,266.57905883507567,246.91647644324462,256.74776763916014,2.88556269359048,0.01388883911351213,0.01379327303881233,95916200.0
2018-10-15 00:00:00-04:00,245.70163179290182,247.03024927204768,244.58703533727837,244.67620849609375,102263700,252.9313934326172,256.1398193359375,255.41732879638673,27.64420170142631,-2.518876739888327,-0.6126445343705944,-1.9062322055177328,267.28965619825294,244.989982473622,256.1398193359375,2.8539663536746827,-0.005617374121928753,-0.005633210903204627,97617185.0
2018-10-16 00:00:00-04:00,246.6378981861361,250.4007767416327,246.16531039841902,250.02626037597656,118255800,251.93627166748047,255.72968368530275,255.36458770751952,41.947038175367005,-2.4750157709842426,-0.985118781693324,-1.4898969892909186,267.14231812038105,244.31704925022447,255.72968368530275,3.0590093459507024,0.021865844304058024,0.021630215360891925,100433455.0
2018-10-17 00:00:00-04:00,250.06196685381698,250.69505007361667,247.49393205394864,250.07089233398438,110626000,250.9313522338867,255.30802383422852,255.29605255126953,42.04995236553017,-2.408886071962087,-1.2698722397470767,-1.13901383221501,266.90120955583774,243.7148381126193,255.30802383422852,3.0691599655019397,0.00017850908116900932,0.00017849315031881883,103510725.0
2018-10-18 00:00:00-04:00,249.13459571750118,249.73203139427414,245.18447238743,246.45956420898438,134557500,249.7685989379883,254.60105667114257,255.15742095947266,36.423459580827625,-2.617706516352598,-1.539439095068181,-1.078267421284417,266.53684749177813,242.665265850507,254.60105667114257,3.198964249862829,-0.014441217413567853,-0.014546506693385055,105220570.0
2018-10-19 00:00:00-04:00,247.11056242456397,249.04548714557046,245.63037467389387,246.3258819580078,139901600,248.73693237304687,253.89931030273436,255.02303771972657,36.23020290400639,-2.76214497552445,-1.783980271159435,-0.9781647043650148,266.0464936729164,241.75212693255227,253.89931030273436,3.214403408563812,-0.0005424104818395614,-0.0005425576396206541,106941665.0
2018-10-22 00:00:00-04:00,246.99464419352634,247.31563500155545,244.6852029518663,245.22021484375,82415800,247.59469909667968,253.1855224609375,254.90045196533202,34.595250480911844,-2.9320329401095364,-2.0135908049494553,-0.9184421351600811,265.60795810697795,240.76308681489706,253.1855224609375,3.172691168644193,-0.0044886355646797105,-0.004498739736596581,108391975.0
2018-10-23 00:00:00-04:00,241.60000952677385,245.0953697990402,239.51346040293703,243.9718475341797,146352700,246.36507720947264,252.4213523864746,254.77171752929686,32.79573966417664,-3.1313074220708472,-2.237134128373734,-0.8941732936971132,265.13320232232917,239.70950245062002,252.4213523864746,3.3536956880848203,-0.005090800978074905,-0.005103803252138668,113491110.0
2018-10-24 00:00:00-04:00,243.72213512158604,244.1055770269243,236.02698317460644,236.57981872558594,177806700,245.2076858520508,251.32637481689454,254.4631854248047,24.626994579578323,-3.8414272496825674,-2.557992752635501,-1.2834344970470664,265.4559943185244,237.1967553152647,251.32637481689454,3.6911884141014655,-0.030298695867186698,-0.030767188789779885,118394460.0
2018-10-25 00:00:00-04:00,238.4167363242791,242.36686115191208,237.39131263295704,240.82424926757812,138061500,245.02133483886718,250.40750732421876,254.27717834472656,34.686594439064834,-4.0154249374851645,-2.849479189605434,-1.1659457478797304,264.75755868394856,236.05745596448895,250.40750732421876,3.8408922721175136,0.01794079716882102,0.017781760414434807,122335060.0
2018-10-26 00:00:00-04:00,237.11488929847306,241.64459895888504,233.87809566701173,236.58877563476562,201574600,244.07437133789062,249.27552337646483,253.9659851074219,30.335633563957032,-4.443860624421177,-3.168355476568583,-1.275505147852594,264.22303388368385,234.3280128692458,249.27552337646483,4.1212930592429275,-0.017587405112624244,-0.01774390114276078,128909220.0
2018-10-29 00:00:00-04:00,239.68285758734302,240.9758006122715,231.70236173875418,235.27796936035156,160749100,243.1345474243164,248.0329704284668,253.61082214355469,29.118296912015552,-4.833453066282402,-3.501374994511347,-1.3320780717710554,263.29334096206406,232.77259989486953,248.0329704284668,4.489303474548242,-0.005540441514594985,-0.00555584668800747,133842730.0
2018-10-30 00:00:00-04:00,235.10848928879474,239.0764356577013,234.61805060601563,238.76434326171875,157116000,242.00835571289062,246.97231369018556,253.31455810546876,36.425643930868624,-4.805491926705258,-3.7621983809501294,-1.043293545755129,261.7041219808248,232.2405053995463,246.97231369018556,4.487095015772344,0.01481810605066669,0.014709390573049505,139335620.0
2018-10-31 00:00:00-04:00,241.33241420076962,243.63295647681852,240.8598264017095,241.31459045410156,128296300,241.13272552490236,246.03203887939452,253.0574038696289,41.20082475892978,-4.5253830877387315,-3.9148353223078503,-0.6105477654308813,259.64522690464423,232.4188508541448,246.03203887939452,4.514346315724303,0.010681021954720427,0.01062438279219862,142515705.0
2018-11-01 00:00:00-04:00,242.17961366233064,244.07889108510727,241.09176602736096,243.88272094726562,99495000,240.87504119873046,245.3218200683594,252.85463134765624,45.629658770939656,-4.049488167865974,-3.941765891419475,-0.1077222764464989,257.7781547065705,232.86548543014825,245.3218200683594,4.40525908301159,0.010642251213784482,0.010586021050209745,141913160.0
2018-11-02 00:00:00-04:00,244.98832474567004,245.4163396224673,240.38726686446276,242.43814086914062,122634100,240.48626708984375,244.61159973144532,252.62971313476564,43.638538106169214,-3.7457251665868228,-3.9025577464529446,0.15683257986612187,255.97707234164926,233.2461271212414,244.61159973144532,4.449817202653942,-0.005923257180804331,-0.005940869250268286,142747280.0
2018-11-05 00:00:00-05:00,242.92857618600445,244.32851613775983,241.956651152827,243.7756805419922,65622500,240.34181365966796,243.96825637817383,252.4010104370117,45.988632292442354,-3.358349563002946,-3.7937161097629453,0.4353665467599992,253.90351761237733,234.03299514397034,243.96825637817383,4.301392044245292,0.005517034852917435,0.005501871760773171,141641295.0
2018-11-06 00:00:00-05:00,243.71318368453908,245.47868687033352,243.6507597587035,245.3181915283203,60085900,240.47644805908203,243.42076263427734,252.1628576660156,48.647931695026735,-2.893529059143191,-3.613678699638995,0.7201496404958041,251.6437680355896,235.19775723296507,243.42076263427734,4.124715977629916,0.006327583550986837,0.006307648444032411,140928640.0
2018-11-07 00:00:00-05:00,247.49390862324185,250.65045336689656,247.0658937931748,250.57020568847656,102752100,241.8754867553711,243.54158630371094,252.0272592163086,56.501065328615404,-2.077414668025284,-3.306425893316253,1.2290112252909688,252.1032526847209,234.979919922701,243.54158630371094,4.210969253411796,0.021408987761716514,0.021183034646104985,135329695.0
2018-11-08 00:00:00-05:00,249.76771131269436,250.75748724948596,248.97413267896457,250.115478515625,65584900,242.8046096801758,243.9129722595215,251.85487091064454,55.706732638702505,-1.4506090971145227,-2.9352625340759073,1.4846534369613846,252.9267300104984,234.8992145085446,243.9129722595215,4.03756820463391,-0.0018147695237833439,-0.0018164182129580958,124866915.0
2018-11-09 00:00:00-05:00,248.80469199431192,248.99193658998522,246.26340649142955,247.67227172851562,98812600,243.91295928955077,243.9936653137207,251.65456756591797,51.516071548620225,-1.1378906402773339,-2.575788155316193,1.437897515038859,253.1111029276588,234.8762276997826,243.9936653137207,4.024318477459735,-0.009768315026359886,-0.009816338007233916,120648220.0
2018-11-12 00:00:00-05:00,247.16407054496352,247.40481365630885,242.52733699522076,243.04452514648438,99673600,244.68961486816406,243.91208114624024,251.36153228759767,44.662568991701065,-1.2490808571022,-2.3104466956733947,1.0613658385711946,253.03282920277437,234.79133308970611,243.91208114624024,4.104362495733673,-0.018684960370145665,-0.018861729656772495,120518715.0
2018-11-13 00:00:00-05:00,243.50813288464084,245.50548118361553,241.86745003736456,242.58970642089844,98176600,245.07215118408203,243.54025344848634,251.06827819824218,44.042422217406546,-1.3582429953211204,-2.12000595560294,0.7617629602818194,252.22979424277918,234.8507126541935,243.54025344848634,4.071053113627765,-0.0018713391108555744,-0.001873092253380348,119514755.0
2018-11-14 00:00:00-05:00,244.4623252215636,244.8635637999173,239.37085392940523,240.93128967285156,125335900,245.03382110595703,243.0832733154297,250.75570343017577,41.76520018147714,-1.560585687555374,-2.0081219019934267,0.4475362144380526,251.29937247461734,234.86717415624204,243.0832733154297,4.172600024833787,-0.006836303042345393,-0.006859777609330279,120250250.0
2018-11-15 00:00:00-05:00,239.6649613893908,243.9093529433486,238.0867027743603,243.44566345214844,135101400,244.9901153564453,242.93257827758788,250.50886138916016,46.29875992958194,-1.500755008905486,-1.9066485233758388,0.4058935144703528,251.00474321015344,234.86041334502232,242.93257827758788,4.290460749416252,0.010436061595449075,0.010381981832388294,120277445.0
2018-11-16 00:00:00-05:00,242.34892538585214,244.9882819690097,241.83173743188132,244.0787811279297,126668000,245.15417938232423,242.820223236084,250.2846209716797,47.40897639367985,-1.386271386152771,-1.8025730959312254,0.4163017097784545,250.76183555969007,234.8786109124779,242.820223236084,4.209466734252833,0.002600652921080693,0.0025972770749421127,119615765.0
2018-11-19 00:00:00-05:00,243.47251856087186,243.76678736008276,239.03198224402044,239.95040893554688,103061700,244.7716522216797,242.55673294067384,249.96893646240235,41.3987640834021,-1.6101071114664478,-1.76407989903827,0.1539727875718222,250.51202505573096,234.60144082561672,242.55673294067384,4.2692761735140055,-0.016914097052209587,-0.01705877409993295,120648060.0
2018-11-20 00:00:00-05:00,236.6154672493297,238.0778310334612,234.6448681024103,235.50979614257812,136021300,243.79081268310546,242.13363037109374,249.5475765991211,36.09775899385195,-2.121365100692998,-1.8355369393692156,-0.2858281613237823,250.62491786375756,233.64234287842993,242.13363037109374,4.34329507777276,-0.018506377266318985,-0.01867976275623477,120131490.0
2018-11-21 00:00:00-05:00,237.061353202817,238.2116247297562,236.30344914168026,236.31234741210938,75563700,242.36502685546876,242.12025680541993,249.14102447509765,37.651614464742586,-2.433727069603691,-1.9551749654161106,-0.47855210418758043,250.64725804694618,233.59325556389368,242.12025680541993,4.226047471301712,0.0034077192655093125,0.003401926147362657,115019340.0
2018-11-23 00:00:00-05:00,234.67160011270744,236.13396378953615,234.5735286819056,234.73402404785156,42807900,240.8268814086914,241.81574554443358,248.672548828125,35.80754627201098,-2.77662646382376,-2.1194652650976407,-0.6571611987261194,250.921469101784,232.71002198708317,241.81574554443358,4.048388275509002,-0.006678971207142781,-0.006701375348802308,110256660.0
2018-11-26 00:00:00-05:00,236.98999557113535,238.7466009692611,236.59765537578926,238.523681640625,79981400,239.91202239990236,241.91249084472656,248.2789776611328,43.02326509729828,-2.7113285007399384,-2.2378379122261003,-0.4734905885138381,250.83325633611847,232.99172535333466,241.91249084472656,4.045830321644755,0.016144475042105144,0.016015538891442287,104177000.0
2018-11-27 00:00:00-05:00,237.48933403239405,239.32618713378906,236.88299998591717,239.32618713378906,75502400,239.54018859863282,242.11490173339843,247.92879791259764,44.44734120376656,-2.565253265242461,-2.303320982829373,-0.2619322824130883,250.59727136650875,233.6325321002881,242.11490173339843,3.9313558092324077,0.003364468834474721,0.003358821672128487,99914665.0
2018-11-28 00:00:00-05:00,240.396225565942,244.83676147460938,239.26377788494935,244.83676147460938,127629600,239.7648941040039,242.41852264404298,247.6609536743164,53.1133374599705,-1.9819832243144049,-2.2390534311263792,0.25707020681197434,250.83388405273638,234.00316123534958,242.41852264404298,4.0486149364058095,0.02302537138461891,0.022764287624432472,98440345.0
2018-11-29 00:00:00-05:00,244.06095703708348,245.70163980786214,242.91961131776668,244.30172729492188,82346400,240.10193786621093,242.567879486084,247.37690643310546,52.26090511681066,-1.545099357872175,-2.1002626164755385,0.5551632586033635,251.005570904315,234.130188067853,242.567879486084,3.95814447595507,-0.0021852689786659996,-0.002187660163143188,96142850.0
2018-11-30 00:00:00-05:00,244.1501041474499,246.3525476690746,243.82911345368706,245.79078674316406,98204200,240.3364501953125,242.6632827758789,247.0807440185547,54.451902034513054,-1.0664180893425907,-1.8934937110489491,0.8270756217063584,251.20084062004102,234.1257249317168,242.6632827758789,3.8556651716288175,0.006095165452696838,0.006076665068955358,96078310.0
2018-12-03 00:00:00-05:00,249.91935540908307,250.0263523495367,247.44941866082354,249.04550170898438,103176300,240.83312225341797,242.9936508178711,246.85443786621093,58.892802719656935,-0.4195946128583614,-1.5987138914108316,1.1791192785524702,251.97082897674258,234.01647265899962,242.9936508178711,3.8828009169676614,0.01324181027672644,0.013154903865169617,95105420.0
2018-12-04 00:00:00-05:00,248.21618372563074,248.64419858808955,240.6636765731652,240.97576904296875,177986000,240.93565826416017,242.85365524291993,246.48403381347657,46.72791536977522,-0.5517817358322645,-1.3893274602951182,0.8375457244628537,251.8649474879706,233.84236299786926,242.85365524291993,4.2041597897427705,-0.03240264373634538,-0.032939232511619426,100723595.0
2018-12-06 00:00:00-05:00,237.1148392029293,240.7261213773136,234.01179240772498,240.61019897460938,204185400,241.4456985473633,242.61825561523438,246.1111328125,46.26172440592396,-0.6782213192754227,-1.2471062320911792,0.5688849128157565,251.60566722103087,233.63084400943788,242.61825561523438,4.401289564421413,-0.0015170407788768214,-0.0015181926503439274,107928570.0
2018-12-07 00:00:00-05:00,240.27139029923381,241.84075126834617,234.1812454855948,235.01942443847656,161018900,241.31640625,241.84071655273436,245.64193389892577,39.733045221958974,-1.2155423653765354,-1.2407934587482505,0.02525109337171516,250.63031520422334,233.0511179012454,241.84071655273436,4.634019294302125,-0.02323581693526955,-0.023510024482065718,110841910.0
2018-12-10 00:00:00-05:00,234.84105545903276,236.43716550863462,230.60558811608786,235.46524047851562,151445900,241.3895278930664,241.10820465087892,245.16720672607423,40.45468342178832,-1.5871043855907487,-1.3100556441167501,-0.2770487414739986,249.4476142004156,232.76879510134225,241.10820465087892,4.719559158462457,0.001896932736960899,0.0018951358321028686,115134960.0
2018-12-11 00:00:00-05:00,238.66638860838694,238.85363325284783,234.04750596611032,235.51876831054688,121504400,241.0890365600586,240.50052947998046,244.6930130004883,40.5467336001585,-1.8558575443363168,-1.4192160241606635,-0.4366415201756533,248.60606089884368,232.39499806111724,240.50052947998046,4.7257425961963895,0.00022732795686719598,0.00022730212178249313,116269550.0
2018-12-12 00:00:00-05:00,238.49685410654146,239.86111886140665,236.62432691841863,236.70457458496094,97976700,240.82687530517578,240.18353195190429,244.22452392578126,42.66140478601795,-1.9506755295046503,-1.525507925229461,-0.4251676042751893,248.3618668541762,232.00519704963236,240.18353195190429,4.698357450100916,0.005034869547426046,0.005022236976235053,116184705.0
2018-12-13 00:00:00-05:00,237.6498437028021,238.51477184325688,235.5098234495447,236.62442016601562,96662700,240.0056411743164,239.88526763916016,243.7574627685547,42.55123115381256,-2.0091272888600145,-1.6222317979555718,-0.38689549090444264,248.12570668077282,231.6448285975475,239.88526763916016,4.5773996603588625,-0.00033862640418269585,-0.0003386837510499751,116109010.0
2018-12-14 00:00:00-05:00,234.47545576293268,235.42955700710894,231.70235241482038,232.25518798828125,116961100,238.80098724365234,239.45146255493165,243.20016479492188,36.94959905391665,-2.3805695271616116,-1.77389934379678,-0.6066701833648316,248.31582259223165,230.58710251763165,239.45146255493165,4.602018809704319,-0.0184648405040736,-0.01863744370046992,115690270.0
2018-12-17 00:00:00-05:00,231.3011010050752,232.41569770152586,226.06695927243624,227.69873046875,165492300,236.99178161621094,238.66411590576172,242.5923974609375,32.19038242199339,-3.0079346210965525,-2.020706399256735,-0.9872282218398176,248.6906723447138,228.63755946680965,238.66411590576172,4.726784496803269,-0.019618323960802764,-0.019813317793341695,117209815.0
2018-12-18 00:00:00-05:00,229.33941606115198,230.00817404669752,225.8440290168278,227.4490509033203,134515100,234.83213653564454,237.83262939453124,242.00852752685546,31.94755167143515,-3.4850989805830466,-2.3135849155219974,-1.1715140650610492,248.6519718633795,227.013286925683,237.83262939453124,4.686595963450874,-0.0010965347277768211,-0.0010971363618300656,117602170.0
2018-12-19 00:00:00-05:00,227.52926190448613,231.3010525250624,222.33970784860364,224.0428009033203,214992800,233.1388397216797,237.03724899291993,241.35653259277345,28.760083268040006,-4.090953120003121,-2.6690585564182223,-1.4218945635848987,249.3523830746783,224.72211491116155,237.03724899291993,4.991935157237152,-0.014975881352206066,-0.015089152172977197,123198725.0
2018-12-20 00:00:00-05:00,222.79450353410618,224.3638507742223,218.1488585473539,220.39588928222656,252053400,231.1174087524414,236.28155364990235,240.63908905029297,25.792915240160823,-4.809926342940827,-3.097232113722743,-1.7126942292180836,250.57485885926474,221.98824844053996,236.28155364990235,5.079296376496527,-0.01627774517364422,-0.016411683128447124,129000330.0
2018-12-21 00:00:00-05:00,221.2972864799225,223.96103454003133,215.2343385006495,215.88009643554688,255345600,229.20347595214844,235.25994110107422,239.99361633300782,22.673557879584564,-5.678644663861405,-3.6135146237504756,-2.0651300401109296,252.0934643998661,218.42641780228234,235.25994110107422,5.339824923845478,-0.02048946040412314,-0.020702281475874128,137989425.0
2018-12-24 00:00:00-05:00,214.39124202550883,216.00563669064812,210.11311326960217,210.17588806152344,147311600,226.6745407104492,234.03203430175782,239.34337890625,19.47035387182804,-6.74958709711035,-4.2407291184224505,-2.5088579786878995,254.10996028649447,213.95410831702117,234.03203430175782,5.379303387931225,-0.02642303977164695,-0.026778402103667377,143214610.0
2018-12-26 00:00:00-05:00,211.63780135232858,220.79498291015625,209.65568091550543,220.79498291015625,218485400,225.20216217041016,233.14559936523438,238.8381103515625,37.24465227406354,-6.664618906208091,-4.7255070759795785,-1.9391118302285122,253.9058732316176,212.38532549885116,233.14559936523438,5.7907318598397675,0.0505248006637391,0.04928984946188164,150139810.0
2018-12-27 00:00:00-05:00,217.55726318862372,222.68742954792995,214.31950984244187,222.49012756347656,186267300,223.7807174682617,232.30379638671874,238.39438873291016,39.53877967706955,-6.386873098755302,-5.057780280534724,-1.3290928182205786,253.3566423895596,211.2509503838779,232.30379638671874,5.974816705957504,0.007677460017332383,0.007648138303072796,155678055.0
2018-12-28 00:00:00-05:00,223.84437908980937,225.47670135459668,221.03712692857448,222.2030792236328,153100200,222.33858337402344,231.17211227416993,237.83792510986328,39.27693883843255,-6.119379549100273,-5.2701001342478335,-0.8492794148524396,251.83825230466,210.50597224367988,231.17211227416993,5.865156543104982,-0.0012901621433151211,-0.0012909951190193704,156951585.0
2018-12-31 00:00:00-05:00,223.82645885131,224.3915003778305,221.95197382206396,224.1493377685547,144299400,221.5279983520508,230.16449279785155,237.31949401855468,42.077786255995704,-5.684811219728942,-5.3530423513440555,-0.33176886838488695,250.1248201988816,210.2041653968215,230.16449279785155,5.620468686866523,0.008758917975943525,0.008720781183457474,160049235.0
2019-01-02 00:00:00-05:00,220.61561100863256,225.3063260642124,220.58870557266602,224.3825225830078,126925200,221.19637756347657,229.09407958984374,236.87795318603514,42.42046593803527,-5.260951646336565,-5.334624210342558,0.0736725640059932,247.84725413797838,210.3409050417091,229.09407958984374,5.555979530057942,0.0010403100753029193,0.001039769327774105,161485285.0
2019-01-03 00:00:00-05:00,222.63360250759496,222.93855359314486,218.54381198522043,219.02813720703125,144140700,220.35428619384766,227.59321136474608,236.33199829101562,37.00650281560657,-5.296044527416598,-5.3269082737573665,0.030863746340768827,244.425440100477,210.76098262901516,227.59321136474608,5.57617460632433,-0.023862755950592174,-0.024152083551873975,163533505.0
2019-01-04 00:00:00-05:00,222.0596066578405,227.0104124077604,221.68291684980105,226.36465454101562,142628800,220.5864715576172,226.86265563964844,235.95488708496094,46.989612509146035,-4.677935920111139,-5.197113803028121,0.5191778829169822,242.53659509065145,211.18871618864543,226.86265563964844,5.748038934496104,0.033495775600053124,0.03294701266162063,161765645.0
2019-01-07 00:00:00-05:00,226.63367752908553,229.55751518261582,225.73679330201114,228.1494140625,103139100,221.36182403564453,226.23961639404297,235.63843841552733,49.102801992632486,-3.9979790047521533,-4.957286843372928,0.9593078386207745,240.61500599592435,211.8642267921616,226.23961639404297,5.610373430646717,0.007884444349773645,0.007853524535785769,156713330.0
2019-01-08 00:00:00-05:00,230.33787517212102,230.77733980190953,227.8086544085286,230.2930145263672,102512600,222.80311584472656,226.0032958984375,235.51270233154298,51.598462122715326,-3.248688746259205,-4.615567223950183,1.3668784776909781,239.9423574925231,212.0642343043519,226.0032958984375,5.421681427984874,0.009395599250936248,0.009351735147269554,153788015.0
2019-01-09 00:00:00-05:00,231.0015672871316,232.21236682399817,229.77283991391428,231.36929321289062,95006600,224.92245635986328,225.79849853515626,235.32360321044922,52.84858268724281,-2.538758890722903,-4.200205557304727,1.6614466665818242,239.28859774428489,212.30839932602763,225.79849853515626,5.208670390991946,0.0046735185986295225,0.004662631617744306,150966050.0
2019-01-10 00:00:00-05:00,229.83563750113174,232.43659715362483,229.15399650240835,232.1854705810547,96823900,226.06150512695314,225.63183364868163,235.235537109375,53.82260006597216,-1.8885061495719526,-3.7378656757581727,1.8493595261862201,238.71363862415583,212.55002867320744,225.63183364868163,5.0710939810079845,0.0035275958915303995,0.0035213885189282024,149732025.0
2019-01-11 00:00:00-05:00,231.10918026804572,232.30205192325036,230.52621084525182,232.275146484375,73858100,227.04000701904297,225.41036224365234,235.17548065185548,53.93519454374634,-1.3503738028261978,-3.2603673011717778,1.90999349834558,237.87001816994282,212.95070631736186,225.41036224365234,4.835718773650166,0.00038622530124676757,0.00038615073545395206,148526095.0
2019-01-14 00:00:00-05:00,230.37370700114573,231.6652226884312,229.97012545558084,230.8580322265625,70908200,227.90550231933594,225.12204284667968,235.01735443115234,51.78629436714767,-1.0264174172203866,-2.8135773243815,1.7871599071611133,236.7708589296204,213.47322676373895,225.12204284667968,4.654954649017594,-0.006101015451981717,-0.006119702692954779,147238370.0
2019-01-15 00:00:00-05:00,231.23472891177062,233.81776021044035,231.22575130966445,233.50384521484375,85208300,228.84095306396483,225.18447570800782,234.8611395263672,55.362197595034296,-0.5498463648490315,-2.360831132475006,1.8109847676259747,236.9977688539111,213.37118256210454,225.18447570800782,4.533867030079041,0.011460779435582547,0.01139560221803181,145650730.0
2019-01-16 00:00:00-05:00,233.93433888012572,234.95680020292303,233.72807299168477,234.0688934326172,77636700,229.8095901489258,225.50298385620118,234.66486297607423,56.110855491486355,-0.1251233592673202,-1.9136895778334693,1.788566218566149,237.89936983961874,213.10659787278362,225.50298385620118,4.313801884221916,0.002419866864520115,0.002416943701526222,141257950.0
2019-01-17 00:00:00-05:00,233.1989036905895,236.70572470971874,233.1540430515914,235.84469604492188,96118400,231.49124603271486,225.92276611328126,234.53299407958986,58.46836522719622,0.3507222051673864,-1.4608072212332983,1.8115294264006847,239.0984362550587,212.74709597150382,225.92276611328126,4.25936472521516,0.007586666413732068,0.007558032393409693,139338115.0
2019-01-18 00:00:00-05:00,237.65645419931408,239.4502231203334,235.880613114038,238.98382568359375,127900300,232.75316314697267,226.66981735229493,234.43715698242187,62.32129900983064,0.9699537472804138,-0.974655027530556,1.9446087748109697,240.97986078520583,212.35977391938403,226.66981735229493,4.212662035943471,0.013310155756370845,0.013222353879593972,134983490.0
2019-01-22 00:00:00-05:00,237.512948644322,237.72819215552116,234.14065432491404,235.75503540039062,115531200,233.51372528076172,227.43777465820312,234.2458938598633,56.51388300956895,1.1864857448937585,-0.5424268730456931,1.7289126179394516,241.96547619931474,212.9100731170915,227.43777465820312,4.257698416138917,-0.013510497097313778,-0.013602594323483898,128157380.0
2019-01-23 00:00:00-05:00,236.78647293735455,237.4860417151032,233.78190454892763,236.2483367919922,86030300,234.10925750732423,228.4561866760254,233.9594564819336,57.170551396739114,1.381963794263953,-0.15754873958376392,1.539512533847717,242.44599281329613,214.46638053875466,228.4561866760254,4.2181583268558205,0.0020924320482222925,0.0020902459612452337,119691615.0
2019-01-24 00:00:00-05:00,236.0689029622403,236.9568370088599,235.05541934958248,236.37384033203125,59204100,234.60971221923828,229.76608428955078,233.68462371826172,57.34702231828711,1.5293789154059425,0.17983679141417738,1.349542123991765,241.36588312931352,218.16628544978803,229.76608428955078,4.05267685060022,0.0005312356554263431,0.0005310945997192148,115286240.0
2019-01-25 00:00:00-05:00,238.22144949546475,239.19907756601734,236.4725413588362,238.37393188476562,96883400,235.2285583496094,230.64503173828126,233.49865692138673,60.16400951661239,1.7869977362862528,0.5012689803885925,1.2857287558976602,242.0550280005531,219.23503547600941,230.64503173828126,3.9650025922706393,0.00846156050908542,0.008425962176627598,109206140.0
2019-01-28 00:00:00-05:00,236.2303825110158,236.62498644464915,234.7953620742769,236.56222534179688,85613700,235.65726623535156,231.34863662719727,233.36901092529297,56.52251503244814,1.8239475983768614,0.7658047039862463,1.058142894390615,242.38991911404997,220.30735414034456,231.34863662719727,3.937400250714788,-0.007600271257196756,-0.0076293004990677215,104173460.0
2019-01-29 00:00:00-05:00,236.70575662116138,237.27077083451346,235.41424082058828,236.2483367919922,66136300,236.19629669189453,232.05089950561523,233.24218353271485,55.89132577210977,1.8070716504762743,0.974058093284252,0.8330135571920223,242.4437044518011,221.65809455942937,232.05089950561523,3.788766662372673,-0.001326875198908728,-0.0013277562772790663,99825265.0
2019-01-30 00:00:00-05:00,237.764071126748,240.83140059178444,237.00171387664844,239.9883270263672,92473700,236.84474487304686,232.84284896850585,233.22332427978515,61.4195437618778,2.0716031441740483,1.1935671034622113,0.878036040711837,243.11977819833407,222.56591973867762,232.84284896850585,3.8455021721883575,0.015830757943781526,0.01570675845384291,97233980.0
2019-01-31 00:00:00-05:00,239.92548769174795,242.58025711157353,239.71021688368006,242.09593200683594,104012100,237.64744873046874,233.72851943969727,233.1963296508789,64.14660489607601,2.423377183043897,1.4395291193785484,0.9838480636653484,243.98942146114513,223.4676174182494,233.72851943969727,3.775826319024437,0.008782114557751797,0.008743776088081705,96088325.0
2019-02-01 00:00:00-05:00,242.29334754787808,243.23509271610658,241.42336846884933,242.21263122558594,85782500,238.28424224853515,234.887744140625,233.15900665283203,64.2970903565074,2.6806761291465477,1.6877585213321482,0.9929176078143995,243.31903619265265,226.45645208859733,234.887744140625,3.635533313898209,0.00048203709076255485,0.0004819209482059673,93170415.0
2019-02-04 00:00:00-05:00,242.25736953247116,243.97939917852275,241.58470640632694,243.91661071777344,60744800,238.77752075195312,235.76534194946288,233.23833068847657,66.5075962190958,2.987644594795853,1.9477357360248893,1.0399088587709637,244.1188710886515,227.41181281027426,235.76534194946288,3.5469018466337516,0.007035056279127261,0.007010425721471388,89076215.0
2019-02-05 00:00:00-05:00,244.34715526397238,245.24403954335247,243.8449022571784,244.93910217285156,79552800,239.69592742919923,236.60482635498047,233.42691680908203,67.79607386751047,3.2756659919940603,2.2133217872187236,1.0623442047753366,245.10150903836976,228.1081436715912,236.60482635498047,3.393490092315203,0.004191971395753891,0.004183209561367168,87896900.0
2019-02-06 00:00:00-05:00,244.6611173589182,245.15439285929028,243.88083226488828,244.6162567138672,58347800,240.53271942138673,237.32098846435548,233.59299499511718,66.9206658845674,3.4382402011392514,2.4583054700028293,0.9799347311364222,245.98187026251463,228.66010666619633,237.32098846435548,3.2420665567499745,-0.0013180641886918476,-0.0013189335993379334,85688660.0
2019-02-07 00:00:00-05:00,243.00184405429718,243.54893036100768,240.625106039328,242.2843475341797,95482000,241.12377014160157,237.86674118041992,233.74400146484376,60.812632583332864,3.340409687404531,2.6347263134831698,0.705683373921361,246.33207878687472,229.40140357396513,237.86674118041992,3.29557256516349,-0.00953292806869821,-0.009578657281733164,85712430.0
2019-02-08 00:00:00-05:00,241.03771034218343,242.6789969406424,240.21256455574564,242.58035278320312,75788900,241.5444122314453,238.38648529052733,233.8251348876953,61.295551798816945,3.249307456481432,2.7576425420828223,0.4916649143986098,246.66716550262518,230.10580507842948,238.38648529052733,3.23634826657301,0.001221726669659029,0.0012209809689311998,84660680.0
2019-02-11 00:00:00-05:00,243.23508259502825,243.49515938801105,242.185715707408,242.71487426757812,68021400,242.15967712402343,238.9084716796875,233.8929086303711,61.52758746236719,3.151632978511998,2.8364406293686577,0.31519234914334016,246.89327496090678,230.9236683984682,238.9084716796875,3.0987122247180117,0.0005545440215235509,0.0005543903188083032,84368845.0
2019-02-12 00:00:00-05:00,244.32919394491842,246.21262877689057,244.2574278847918,245.83595275878906,72270200,243.11843872070312,239.65736770629883,233.9128924560547,66.53970602494792,3.2881662673959227,2.9267857569741107,0.36138051042181196,247.28296841363002,232.03176699896764,239.65736770629883,3.127215245046185,0.012859032643257606,0.012777057284274647,84436945.0
2019-02-13 00:00:00-05:00,246.67008408505103,247.47727446830802,246.24854737579935,246.6342010498047,65277200,243.78302612304688,240.3138854980469,233.95954193115233,67.6987740120843,3.4213427389683773,3.025697153372964,0.3956455855954131,247.9681520595253,232.65961893656848,240.3138854980469,3.0210799925085263,0.003247077093718964,0.0032418167230361793,83440390.0
2019-02-14 00:00:00-05:00,245.5490677386686,247.21728734814707,244.73289945805635,246.0872039794922,83234400,244.1821533203125,240.91480102539063,233.9654702758789,66.01133016757385,3.443058524603174,3.1091694276190065,0.33388909698416747,248.398760858817,233.43084119196425,240.91480102539063,2.982744842335826,-0.002217847597714373,-0.0022203106641756174,83720275.0
2019-02-15 00:00:00-05:00,247.86293690858662,248.80468186464043,247.65667103278165,248.768798828125,97088700,244.8377700805664,241.56100616455078,233.95993621826173,69.96394311653702,3.634751580765169,3.2142858582482394,0.4204657225169295,249.40544329256124,233.7165690365403,241.56100616455078,2.9637972025367127,0.01089692923999519,0.01083798552363728,83768790.0
2019-02-19 00:00:00-05:00,247.97056799727545,249.85400303103305,247.96159039611473,249.1992950439453,59120800,245.36603851318358,242.07177963256837,234.12440673828124,70.55592563959748,3.777858356162511,3.327000357831094,0.45085799833141715,250.48795187816305,233.65560738697368,242.07177963256837,2.887269733421113,0.0017305072736140126,0.0017290116710874373,80329815.0
2019-02-20 00:00:00-05:00,249.1635238889427,250.1590800890733,248.66127067165527,249.70166015625,76610800,245.84229431152343,242.76911087036132,234.30623596191407,71.26758619663165,3.887001242071733,3.439000534679222,0.4480007073925112,251.28671826145964,234.251503479263,242.76911087036132,2.788022567992322,0.002015917068369344,0.0020138878342768458,78383795.0
2019-02-21 00:00:00-05:00,249.0647861823057,249.4235344355389,247.85398687824858,248.81365966796875,64214700,246.26203460693358,243.39737701416016,234.5821206665039,68.13278814246178,3.8573780938804987,3.5226760465194773,0.3347020473610214,251.75045892422327,235.04429510409705,243.39737701416016,2.7208547615644005,-0.0035562458324289725,-0.0035625843065493308,77293015.0
2019-02-22 00:00:00-05:00,249.4324908366338,250.5535962624302,248.7957106185881,250.35630798339844,78114600,247.06923065185546,244.09650039672852,234.87994201660158,70.5558007549549,3.9132706144044676,3.6007949600964753,0.3124756543079923,252.3207458892884,235.87225490416864,244.09650039672852,2.6520712531556656,0.006200014571098311,0.006180873556395175,78238540.0
2019-02-25 00:00:00-05:00,251.78231687361028,252.30249767796232,250.6163509654497,250.6970672607422,69030700,247.8809020996094,244.71265716552733,235.18350799560548,71.07890918517677,3.9396484504503633,3.668565658167253,0.27108279228311005,252.97604362492683,236.44927070612783,244.71265716552733,2.601651141827681,0.0013610972301378865,0.0013601717769622648,76845905.0
2019-02-26 00:00:00-05:00,250.34738149887136,251.39672106406434,250.1410882049369,250.51779174804688,56844100,248.66119384765625,245.41043548583986,235.4597723388672,70.37057041919375,3.9011173870752884,3.71507600394886,0.18604138312642826,253.14283402457104,237.67803694710867,245.41043548583986,2.5055069787776643,-0.0007151081369007883,-0.0007153639486871828,75407425.0
2019-02-27 00:00:00-05:00,249.80020834065053,250.7598811219917,248.8674683645355,250.4101104736328,56921600,249.1186096191406,246.11852416992187,235.73548614501954,69.91985267317582,3.8178820945965413,3.7356372220783967,0.08224487251814461,252.90048320291703,239.3365651369267,246.11852416992187,2.4617145343975584,-0.00042983483792780053,-0.00042992724340209213,74946690.0
2019-02-28 00:00:00-05:00,250.1948368364919,250.63432875589552,249.6208451168797,249.94371032714844,69268300,249.449560546875,246.61629333496094,236.08925659179687,67.89155126052825,3.6719549210592106,3.7229007618745595,-0.05094584081534892,252.97352686711065,240.25905980281124,246.61629333496094,2.3582694704417198,-0.0018625451887793743,-0.0018642818828519961,73786420.0
2019-03-01 00:00:00-05:00,251.52223081073174,251.91686208537593,250.06928264987644,251.50430297851562,78880500,249.99127044677735,247.08671188354492,236.5653680419922,70.93025761757359,3.6402705957922024,3.7063747286580884,-0.06610413286588601,253.42871772449277,240.74470604259707,247.08671188354492,2.3307610624264177,0.0062437764460028244,0.006224364833127225,72529840.0
2019-03-04 00:00:00-05:00,252.56260326501933,252.80475215233454,248.29342559486247,250.58944702148438,106494600,250.17333526611327,247.50555267333985,237.02817596435546,66.93130247107916,3.500982166651255,3.6652962162567215,-0.16431404960546647,253.60652193199755,241.40458341468215,247.50555267333985,2.486515740643964,-0.003637536003148978,-0.003644167924689553,73565445.0
2019-03-05 00:00:00-05:00,250.71511574681074,250.91243144340865,249.7016318220463,250.24871826171875,59114600,250.2782775878906,247.8221580505371,237.55229431152344,65.45126138360001,3.3247751810278885,3.597192009210955,-0.27241682818306634,253.801268406817,241.8430476942572,247.8221580505371,2.395393160695278,-0.0013597091330682654,-0.001360634376334455,73483935.0
2019-03-06 00:00:00-05:00,250.36526150543068,250.3742391075912,248.41006018612026,248.73292541503906,75039800,250.18140411376953,248.0118492126465,238.1190350341797,59.18156271458754,3.0279141511772423,3.4833364376042124,-0.45542228642697014,253.85216828820404,242.17153013708895,248.0118492126465,2.3645921436078248,-0.006057145296122668,-0.006075564215738019,73258285.0
2019-03-07 00:00:00-05:00,248.28453071144233,248.4280355197575,245.8091480375507,246.6522216796875,94885100,249.96526031494142,248.1136474609375,238.7344775390625,51.84058925219487,2.594842514700076,3.3056376530233855,-0.7107951383233093,253.78212019113772,242.44517473073728,248.1136474609375,2.4045339460278634,-0.008365212333186989,-0.0084003970778477,75085150.0
2019-03-08 00:00:00-05:00,244.79568083107918,246.32934580769265,244.32931070032558,246.158935546875,85795800,249.54552307128907,248.30737686157227,239.45413848876953,50.2492237970119,2.1866200594044756,3.0818341342996036,-0.895214074895128,253.4014411501849,243.21331257295964,248.30737686157227,2.398703734123153,-0.00199992576370589,-0.002001928285611605,74600840.0
2019-03-11 00:00:00-04:00,246.8763993919627,249.88991772435608,246.849493955807,249.72848510742188,65098900,249.44866485595702,248.6647834777832,240.03280853271485,59.853183027834106,2.1266192965879327,2.8907911667572694,-0.7641718701693367,253.05598852762014,244.27357842794626,248.6647834777832,2.493866480077291,0.014500995272085593,0.01439686133015662,74066340.0
2019-03-12 00:00:00-04:00,250.2845885402205,251.19045065167552,250.0962504574032,250.6702423095703,79667500,249.4639099121094,249.06255187988282,240.59641082763673,61.94066101933364,2.1305011048478946,2.7387331543753946,-0.6082320495275,252.58020622420665,245.544897535559,249.06255187988282,2.420159270375602,0.0037711244744200734,0.0037640316109739166,74648645.0
2019-03-13 00:00:00-04:00,251.5580690118337,253.26214337368611,251.39660906772014,252.32937622070312,80639200,249.6558364868164,249.38722305297853,241.19893676757812,65.35809208771818,2.241615755457076,2.639309674591731,-0.3976939191346549,252.851972175309,245.92247393064807,249.38722305297853,2.432426541357045,0.006618790869814761,0.006596982849121305,75067095.0
2019-03-14 00:00:00-04:00,252.3563525815843,252.77788933327716,251.7285499406143,252.1680145263672,67518400,249.87826690673828,249.66391372680664,241.75931030273438,64.74914959614792,2.290253756751355,2.569498491023656,-0.279244734272301,253.08867500001364,246.23915245359964,249.66391372680664,2.333634602164603,-0.0006394883415984376,-0.0006396929014817138,75179155.0
2019-03-15 00:00:00-04:00,252.72023115792376,254.22461004945322,252.53103603472826,253.4138641357422,81309000,250.06922302246093,250.03024673461914,242.33993713378905,67.2836459547158,2.4016447094334694,2.5359277347056186,-0.1342830252721492,253.41344719846919,246.6470462707691,250.03024673461914,2.3138460965161336,0.004940553669009251,0.004928389183474393,75082885.0
2019-03-18 00:00:00-04:00,253.6300981714098,254.6300393757013,253.40488940816354,254.33274841308594,62199800,250.44355316162108,250.30844421386718,243.04602935791016,69.05109631809532,2.5348489627539266,2.53571198031528,-0.0008630175613535407,254.11902474749164,246.49786368024272,250.30844421386718,2.2360820873033926,0.003626022121866024,0.0036194639522494827,73338440.0
2019-03-19 00:00:00-04:00,255.39570823440198,256.16139589718296,253.50394946882147,254.39576721191406,90268100,250.85825805664064,250.56826782226562,243.60665161132812,69.17409265551646,2.615351242467028,2.5516398327456296,0.06371140972139866,254.7330835751121,246.40345206941916,250.56826782226562,2.2661795402361133,0.00024778090600330316,0.0002477502133845385,74895805.0
2019-03-20 00:00:00-04:00,254.17955894218778,255.38667431548166,252.52202615387543,253.63003540039062,84609200,251.34796905517578,250.76468658447266,244.11626403808594,65.75458033931032,2.5875342374202432,2.5588187136805525,0.028715523739690774,255.11394529208047,246.41542787686484,250.76468658447266,2.3089272989054073,-0.0030100021706948032,-0.003014541338119549,75295725.0
2019-03-21 00:00:00-04:00,252.81030916798105,256.9000796525872,252.76525093004852,256.4947204589844,79550400,252.33221893310548,251.14873962402345,244.64029815673828,71.44219758061138,2.7647746029560665,2.600009891535655,0.16476471142041138,256.0611138760299,246.23636537201702,251.14873962402345,2.439348829164925,0.011294739024388267,0.011231429721601169,76062510.0
2019-03-22 00:00:00-04:00,255.13449792626113,255.65697014672995,251.49511671277395,251.5581817626953,122659300,252.8721435546875,251.20883331298828,245.04407592773438,54.61030894625474,2.47833277564672,2.5756744683578683,-0.09734169271114812,256.11035499282747,246.3073116331491,251.20883331298828,2.6222241803824606,-0.01924616104165955,-0.01943377959135144,78289745.0
2019-03-25 00:00:00-04:00,251.2158645009245,252.40497335776593,250.10785499044835,251.3690185546875,85575200,253.03619689941405,251.24243087768554,245.42774688720704,54.08447397938265,2.2105794895017823,2.5026554725866514,-0.29207598308486915,256.1386692865464,246.34619246882468,251.24243087768554,2.599002336592112,-0.0007519660329960987,-0.0007522489012672661,79116970.0
2019-03-26 00:00:00-04:00,253.125593361551,254.19758910713398,251.83740603410251,253.24270629882812,68125900,253.29344329833984,251.3786766052246,245.8470980834961,58.36126102749655,2.125077453000614,2.4271398686694443,-0.3020624156688303,256.337920392513,246.4194328179362,251.3786766052246,2.615400066295995,0.0074539326879417,0.007426289414095508,79681060.0
2019-03-27 00:00:00-04:00,253.23374488985834,253.81930970512812,250.36909583442437,251.9185333251953,72224700,253.25235900878906,251.45409774780273,246.26830810546875,54.49786077220277,1.9282392390076097,2.3273597427370776,-0.39912050372946783,256.39798392490405,246.51021157070141,251.45409774780273,2.6750296237536917,-0.005228869146858162,-0.005242587525101288,80446215.0
2019-03-28 00:00:00-04:00,252.54907992827737,253.32378477778863,251.39601230929048,252.8733673095703,56238500,253.32289428710936,251.60058059692383,246.65569854736327,56.72257523745925,1.8282161215101382,2.22753101849169,-0.39931489698155165,256.5303668820974,246.6707943117503,251.60058059692383,2.62165411266401,0.0037902490609629247,0.0037830841657755174,79794725.0
2019-03-29 00:00:00-04:00,254.38677789026698,254.79213709615857,253.26073427729185,254.4678497314453,82186800,253.42829284667968,251.7487579345703,247.06367767333984,60.22026214723141,1.856211238361027,2.153267062465557,-0.29705582410453024,256.83377114064086,246.66374472849978,251.7487579345703,2.571448089372885,0.006305458098808003,0.006285661870502257,79960040.0
2019-04-01 00:00:00-04:00,256.4677058809414,257.78291713150287,256.19743891736897,257.4856262207031,77617900,253.74358062744142,252.09356689453125,247.49649627685548,65.84637395747063,2.0977256368788915,2.1421587773482242,-0.04443314046933278,257.7234263615412,246.46370742752126,252.09356689453125,2.62456375442179,0.011859166069279947,0.011789397217908901,78516205.0
2019-04-02 00:00:00-04:00,257.67482041149606,257.84598124041696,256.81901626689137,257.61175537109375,40070400,254.06517944335937,252.46171875,247.86905487060548,66.06241707377711,2.273102198861295,2.1683474616508382,0.10475473721045692,258.50841718637975,246.41502031362023,252.46171875,2.5104495557863475,0.0004898492868976589,0.0004897293499014915,77563995.0
2019-04-03 00:00:00-04:00,258.82786619830597,259.224235717059,257.4135489378142,258.0171203613281,68243200,254.50388793945314,252.92592849731446,248.31429656982422,66.78951725595317,2.4169379979390158,2.218065568908474,0.19887242903054192,259.17831337735583,246.67354361727305,252.92592849731446,2.4604665003190944,0.0015735500487950027,0.0015723133161208303,77224165.0
2019-04-04 00:00:00-04:00,258.34142325877013,258.95398437326423,257.64779030482515,258.7017517089844,48997500,254.72459106445314,253.5284049987793,248.76336486816408,68.03512577964547,2.5567008768250616,2.2857926304917915,0.27090824633327015,259.5650060504214,247.49180394713719,253.5284049987793,2.3780184694705224,0.002653433798104121,0.002649919657630447,74929785.0
2019-04-05 00:00:00-04:00,259.36835085576655,260.00793582463683,259.0800771405904,259.9538879394531,58621700,255.5641616821289,254.2181526184082,249.2349658203125,70.23402808876365,2.736951026795083,2.37602430975245,0.3609267170426329,259.8690901817883,248.5672150550281,254.2181526184082,2.3014588727692322,0.004840076351231293,0.0048284008401091195,73571080.0
2019-04-08 00:00:00-04:00,259.5305822634568,260.26025645144784,258.87296278297543,260.15216064453125,53566300,256.4424758911133,254.73933639526368,249.67053039550783,70.57915915199953,2.862798955218892,2.4733792388457387,0.3894197163731534,260.55806758059686,248.92060520993053,254.73933639526368,2.2361613581766018,0.0007627225991877484,0.000762431874125084,72994450.0
2019-04-09 00:00:00-04:00,259.1881932281539,259.51248056467637,258.26935161671037,258.81884765625,66142300,257.00009002685545,255.14676666259766,250.11566284179688,65.1118006871019,2.822412119959125,2.543185815068416,0.2792263048907091,260.9096315756654,249.3839017495299,255.14676666259766,2.2109219060083363,-0.0051251274830005356,-0.005138305995848429,72318190.0
2019-04-10 00:00:00-04:00,259.2332694125867,259.791810186664,258.818893023963,259.70172119140625,52601500,257.7784088134766,255.5153839111328,250.58473052978516,66.93813185554279,2.82903442995368,2.600355538045469,0.22867889190821078,261.45079305238704,249.5799747698786,255.5153839111328,2.1224962363230273,0.003411163998105815,0.003405359175250957,70916305.0
2019-04-11 00:00:00-04:00,260.188182537175,260.19719968513976,259.0621386937665,259.6296691894531,55093100,258.4540390014648,255.88846664428712,250.97755737304686,66.63157341255959,2.7962354028140908,2.6395315109991935,0.1567038918148973,261.8731814312791,249.90375185729513,255.88846664428712,2.0519651473980454,-0.00027744137244289924,-0.0002774798664205167,70295040.0
2019-04-12 00:00:00-04:00,261.24215460241066,261.66554815952185,259.67471047201315,261.38629150390625,69727800,259.14588317871096,256.28708801269534,251.3633645629883,70.21320194816903,2.878801644210199,2.6873855376413944,0.1914161065688047,262.6117776669459,249.96239835844477,256.28708801269534,2.050816134731665,0.006765876642439217,0.006743090818710499,69715980.0
2019-04-15 00:00:00-04:00,261.4583339542193,261.5574400967974,260.4133620858321,261.2151184082031,49596700,259.5188323974609,256.6312065124512,251.74341430664063,69.43114045186837,2.8970286046871365,2.729314151050543,0.16771445363659332,263.2358440586589,250.02656896624345,256.6312065124512,1.9860491258912105,-0.0006548663846075442,-0.0006550809032575365,69085825.0
2019-04-16 00:00:00-04:00,262.0979588640087,262.15200676565667,260.7917370944754,261.38629150390625,52153200,259.8962860107422,256.9807327270508,252.09280792236328,69.7934732110862,2.8919492496788166,2.761841170776198,0.13010807890261855,263.8112006246346,250.15026482946698,256.9807327270508,1.941350593411927,0.0006552955156127194,0.0006550809032575529,67180080.0
2019-04-17 00:00:00-04:00,262.50322370313506,262.53024764423844,260.33220879685194,260.7466125488281,58268300,260.1692352294922,257.33656158447263,252.40895812988282,66.61574677604138,2.8039844907951306,2.7702698347799846,0.033714656015146005,264.17321066485283,250.49991250409246,257.33656158447263,1.9596854686958252,-0.0024472551769937345,-0.0024502546005135094,65863035.0
2019-04-18 00:00:00-04:00,261.3321834981804,261.53036825574327,260.0349791743683,261.2601013183594,68708500,260.42507019042966,257.57483062744143,252.74183502197266,67.87999084827847,2.7440740602842766,2.765030679880843,-0.020956619596566473,264.6068840696075,250.54277718527538,257.57483062744143,1.9265214410300506,0.001969301785023525,0.001967365252258104,65320940.0
2019-04-22 00:00:00-04:00,260.4943943046953,261.63844452957363,260.4043053322833,261.48529052734375,40160100,260.5782104492188,258.0711860656738,253.12585388183595,68.44436548301044,2.6838280010817925,2.748790144121033,-0.06496214303924042,264.7257053828482,251.41666674849947,258.0711860656738,1.8770655664772147,0.0008619349370533325,0.0008615636844505524,61195980.0
2019-04-23 00:00:00-04:00,261.8546696519358,264.07074319403506,261.62047128318324,263.8365173339844,52246600,260.94664611816404,258.6945610046387,253.55097717285156,73.65030433140416,2.793603990543147,2.757752913405456,0.03585107713769098,265.0500500607332,252.33907194854413,258.6945610046387,1.9276646450639359,0.008991812892797268,0.008951627258074149,59529550.0
2019-04-24 00:00:00-04:00,263.7554113001675,264.08871575545896,263.10680918752394,263.2509460449219,50392900,261.3898559570313,259.19497299194336,253.96169860839845,70.52952516075518,2.801062637397706,2.7664148582039063,0.0346477791937998,265.32670826789865,253.06323771598807,259.19497299194336,1.8601104966975852,-0.0022194474630713446,-0.0022219140869625957,58642900.0
2019-04-25 00:00:00-04:00,263.151932239352,263.74648667544756,261.8997858066131,263.0888671875,57770900,261.72857055664065,259.7534896850586,254.30675689697264,69.64981474600421,2.762055997305424,2.76554308602421,-0.0034870887187858912,265.1194547860366,254.38752458408052,259.7534896850586,1.8591526661359314,-0.0006156819561599081,-0.0006158715661257626,57920210.0
2019-04-26 00:00:00-04:00,263.1338429715897,264.3859890119185,262.3591107705115,264.3139343261719,50916400,262.1969970703125,260.32551803588865,254.6603515625,72.44720256987634,2.797744971288921,2.7719834630771523,0.025761508211768813,265.03476744666466,255.61626862511267,260.32551803588865,1.8711330643695805,0.004656476542577392,0.0046456686936912645,57654105.0
2019-04-29 00:00:00-04:00,264.40404516990714,265.2508321267672,264.3139561868012,264.72833251953125,57197700,262.531201171875,260.83854217529296,255.03317413330078,73.34227277345218,2.826880690304165,2.782962908522555,0.0439177817816101,265.0975038357152,256.5795805148707,260.83854217529296,1.8044019740999904,0.0015678257539308849,0.0015665979982373488,56404650.0
2019-04-30 00:00:00-04:00,264.3859925010435,265.1517075672727,262.9717027806485,264.8634338378906,81111700,262.8960327148437,261.20743255615236,255.3550668334961,73.64289119292403,2.828269969170435,2.792024320652131,0.03624564851830403,265.5185780503343,256.8962870619704,261.20743255615236,1.8312307464231468,0.000510339475467303,0.000510209296565598,56579340.0
2019-05-01 00:00:00-04:00,265.4940523837412,265.7012542994581,262.86360248304516,262.87261962890625,71671900,263.04466552734374,261.470475769043,255.62853332519532,62.464450667886936,2.6383160488284148,2.761282666287388,-0.1229666174589732,265.5050760290734,257.4358755090126,261.470475769043,1.9031179657081343,-0.007516379970376907,-0.007544770305470516,58159415.0
2019-05-02 00:00:00-04:00,262.75559336209204,263.6744628214465,260.8097861138976,262.30517578125,65030200,263.2005218505859,261.68487854003905,255.88060363769532,59.68357199979012,2.4141592966241205,2.6918579923547346,-0.277698695730614,265.40621394189026,257.96354313818784,261.68487854003905,1.9718007329824776,-0.0021586266704280987,-0.0021609598632454266,57998765.0
2019-05-03 00:00:00-04:00,263.7824949736138,265.1517541920076,262.4132082639191,264.87249755859375,56543700,263.5617614746094,261.99341583251953,256.2017803955078,66.86999414188432,2.415826720336156,2.636651737951019,-0.22082501761486295,265.69745821795806,258.289373447081,261.99341583251953,2.034284852823559,0.009787537625581377,0.009739949938102111,58376075.0
2019-05-06 00:00:00-04:00,260.56651379565,264.2239015566236,260.25121605943474,263.7825012207031,107198100,263.79148254394534,262.18484649658205,256.4703042602539,61.83075847508212,2.302651042782145,2.569851598917244,-0.2672005561350992,265.8429303797749,258.5267626133892,262.18484649658205,2.2190703275618056,-0.004115173707868625,-0.004123664336805917,60804895.0
2019-05-07 00:00:00-04:00,261.377204151244,261.97175840097896,257.46758453143724,259.3773498535156,144729900,263.34556579589844,262.14610595703124,256.6439099121094,46.55983509757716,1.836331516344103,2.423147582402616,-0.5868160660585131,265.90451246835977,258.3876994457027,262.14610595703124,2.5116307819692403,-0.01669993781544199,-0.016840953955351186,65363075.0
2019-05-08 00:00:00-04:00,259.0170593261719,260.72864014867525,258.4225049894771,259.0170593261719,91568300,262.92217712402345,262.15601654052733,256.8138952636719,45.56854095800489,1.4213134804425067,2.2227807620105944,-0.8014672815680877,265.88016525255944,258.43186782849523,262.15601654052733,2.4969525231998775,-0.0013890593282228636,-0.0013900249654533806,66634375.0
2019-05-09 00:00:00-04:00,256.94515008492795,258.83688139411777,255.20651782330074,258.23333740234375,103471100,262.43662414550784,262.08259735107424,256.9703598022461,43.40376790591478,1.0174404671607817,1.9817127030406319,-0.9642722358798501,266.0475048294267,258.11768987272177,262.08259735107424,2.59078030746211,-0.003025754079159726,-0.003030340927820942,69177855.0
2019-05-10 00:00:00-04:00,257.2964675787668,260.2872461358025,254.30568902173113,259.5305480957031,112429300,261.9582855224609,262.07764129638673,257.1620965576172,47.822181580784395,0.7929021734084927,1.7439505971142042,-0.9510484237057115,266.0550289854531,258.1002536073204,262.07764129638673,2.832978650791343,0.005023405213317789,0.005010830009330329,72044665.0
2019-05-13 00:00:00-04:00,254.41381166197624,255.3776841385173,252.17071400422503,253.00848388671875,127290500,260.7863006591797,261.6587509155273,257.19218017578123,33.61354500911614,0.08766730922877741,1.412693939537119,-1.3250266303083416,267.26874793349305,256.0487538975616,261.6587509155273,3.1563254679832538,-0.025130237102490627,-0.02545139342180214,74922800.0
2019-05-14 00:00:00-04:00,254.02640467494984,256.82801528908266,253.90030209434335,255.2965850830078,77003200,259.8296157836914,261.3628242492676,257.28632293701173,40.313529001172164,-0.2833395950169688,1.0734872326263014,-1.3568268276432702,267.6220450498269,255.10360344870824,261.3628242492676,3.203697320439015,0.009043574986653535,0.009002926748834825,76293125.0
2019-05-15 00:00:00-04:00,253.66600357344205,257.4314854826764,253.45880172522786,256.7919006347656,73956400,259.22154388427737,261.1331047058105,257.41718658447263,44.271851770761415,-0.45150114726283164,0.7684895566484748,-1.2199907039113065,267.70161436562563,254.56459504599542,261.1331047058105,3.2586249230825532,0.005857170205671336,0.0058400836709594775,77383285.0
2019-05-16 00:00:00-04:00,257.4946294219541,260.5304384583781,257.4225747303499,259.1701965332031,76749600,258.90804595947264,261.0542839050293,257.6259320068359,49.95646595881288,-0.3883847288078073,0.5371146995572185,-0.9254994283650257,267.6770623807053,254.4315054293533,261.0542839050293,3.292904415977549,0.009261568969109124,0.009218943622156592,78307350.0
2019-05-17 00:00:00-04:00,256.8641218949481,259.98100350122996,256.846087599335,257.49468994140625,100353000,258.1702651977539,260.86601333618165,257.8427813720703,46.36799346051246,-0.46816715211252813,0.33605832922326917,-0.8042254813357973,267.6663869424732,254.0656397298901,260.86601333618165,3.281619522114506,-0.006464889150872066,-0.006485877051942446,79889575.0
2019-05-20 00:00:00-04:00,255.8912387080266,257.6028200496014,255.04445144059238,255.7921600341797,62877600,257.37123107910156,260.58135681152345,258.0354458618164,42.98884708526931,-0.6611538620917372,0.1366158909602679,-0.7977697530520051,267.7222993582166,253.44041426483028,260.58135681152345,3.2299587426069714,-0.006611902977937012,-0.006633858440202277,81025450.0
2019-05-21 00:00:00-04:00,257.4856778560646,258.4766019386151,257.23344513426133,258.0982666015625,46847100,257.2433227539062,260.29444427490233,258.20284149169925,48.467105848017724,-0.6208568418899745,-0.014878655609780564,-0.605978186280194,267.34977691293255,253.23911163687214,260.29444427490233,3.1909932541661448,0.009015548275891794,0.008975150842330923,80755475.0
2019-05-22 00:00:00-04:00,257.14333727037746,258.2603637668367,256.82803955212853,257.30548095703125,49482500,257.07216491699216,259.99717102050784,258.3355462646484,46.80212449413538,-0.6454519704479367,-0.1409933185774118,-0.5044586518705249,267.03015281218273,252.96418922883294,259.99717102050784,3.065374037062003,-0.0030716426536684382,-0.0030763698305784006,80709955.0
2019-05-23 00:00:00-04:00,255.0803864030303,255.12541714671232,252.74722755959448,254.1615447998047,98733800,256.6649856567383,259.55080490112306,258.3721896362305,40.81420139191031,-0.9081644059863265,-0.29442753605919475,-0.6137368699271317,266.86961981008506,252.23198999216103,259.55080490112306,3.1720082770887723,-0.012218690972041868,-0.012293952872856654,82758100.0
2019-05-24 00:00:00-04:00,255.6028919720907,256.01729582994847,254.11651984904475,254.73809814453125,55268100,256.1857406616211,259.072013092041,258.42359130859376,42.27281901942323,-1.057650925920143,-0.4470722140313844,-0.6105787118887586,266.3344530516485,251.80957313243348,259.072013092041,3.0812059702184116,0.0022684523151632607,0.002265883261660195,82975685.0
2019-05-28 00:00:00-04:00,255.01738417734387,255.97226710547216,252.35092019830472,252.36892700195312,70029400,256.12178497314454,258.4540428161621,258.40269256591796,38.11589842908497,-1.3517107016190835,-0.6279999115489243,-0.7237107900701591,265.7890934535121,251.11899217881205,258.4540428161621,3.119787465714771,-0.00930041937124737,-0.009343938311253967,83617270.0
2019-05-29 00:00:00-04:00,251.2518863252841,251.65724556949357,249.2700383825875,250.6753387451172,104972900,255.65966033935547,257.74463806152346,258.3295443725586,35.43351511598898,-1.701796361739099,-0.8427592015869593,-0.8590371601521397,265.20624219066144,250.2830339323855,257.74463806152346,3.1182946909755462,-0.006710763789168239,-0.006733382212542251,84810330.0
2019-05-30 00:00:00-04:00,251.4320400543578,252.26983748575273,250.26096556764537,251.3599853515625,62523800,255.11646881103516,257.16900634765625,258.2688287353516,37.352886659221625,-1.9020706241481662,-1.0546214860992007,-0.8474491380489655,264.73495954300506,249.60305315230747,257.16900634765625,3.039050207199247,0.0027312084621990973,0.002727485489635931,84352925.0
2019-05-31 00:00:00-04:00,248.81063679481224,249.63938959568011,247.94581540525135,247.97283935546875,86862800,253.99673309326172,256.4523895263672,258.15568481445314,32.245759625576184,-2.3075043208904162,-1.3051980530574439,-1.0023062678329724,264.6271885611762,248.27759049155821,256.4523895263672,3.0658444742786686,-0.01347527925479608,-0.013566894791164942,85444555.0
2019-06-03 00:00:00-04:00,248.0088483932753,249.12587484626778,246.0089938617991,247.3422393798828,96428000,252.9814880371094,255.57587661743165,257.9726351928711,31.38539064215007,-2.649159730112501,-1.5739903884684554,-1.0751693416440458,263.71059007426686,247.44116316059643,255.57587661743165,3.069489939292241,-0.002543020345393443,-0.002546259313972577,87438770.0
2019-06-04 00:00:00-04:00,249.639346792,252.84631662733304,249.18892937140495,252.71119689941406,77231900,252.67339172363282,255.02231140136718,257.99569549560545,44.872057222396236,-2.458355707516347,-1.750863452278034,-0.7074922552383129,262.31061475212243,247.73400805061192,255.02231140136718,3.2433890327320967,0.02170659379890738,0.021474360346894147,85940460.0
2019-06-05 00:00:00-04:00,254.3326771964583,254.92723146390156,252.52201794105454,254.90020751953125,71169700,252.35358581542968,254.79845428466797,258.06631927490236,49.25182457968947,-2.1062279969542885,-1.821936361213285,-0.28429163574100347,261.807635947708,247.78927262162796,254.79845428466797,3.1835193534545914,0.008662103804559562,0.008624803030743632,82262450.0
2019-06-06 00:00:00-04:00,255.19749740805958,257.2333653557435,254.54889525439398,256.5577392578125,69430400,252.2788116455078,254.67548828125,258.132619934082,52.339532568873125,-1.6741171107313448,-1.792372511116897,0.11825540038555227,261.46723592509073,247.8837406374093,254.67548828125,3.1478729783042287,0.006502669238330316,0.006481618094520759,81155555.0
2019-06-07 00:00:00-04:00,257.5757458007118,260.2061961055513,257.4045849508437,259.12518310546875,74272200,252.77517547607422,254.72008056640624,258.2767529296875,56.73106210739549,-1.1116801025016798,-1.6562340293938538,0.544553926892174,261.61559946653813,247.82456166627432,254.72008056640624,3.183628968978129,0.010007274990353254,0.009957533787972681,79695610.0
2019-06-10 00:00:00-04:00,260.6745984921607,261.9808201331554,260.2241810285488,260.31427001953125,60799100,253.33279266357422,254.75926666259767,258.4255709838867,58.632215263550805,-0.5634996715417913,-1.4376871578234414,0.8741874862816501,261.77160651880433,247.746926806391,254.75926666259767,3.160200973171596,0.004588851225542756,0.004578354547304482,77114100.0
2019-06-11 00:00:00-04:00,262.1339317774846,262.50327737561093,259.60258797515644,260.2511901855469,58641300,254.1210189819336,255.12140197753905,258.54123779296873,58.48540716522727,-0.1326239397795348,-1.1766745142146602,1.0440505744351254,262.4744652197773,247.76833873530077,255.12140197753905,3.1416644322632314,-0.00024232184420636127,-0.00024235120888834946,73681640.0
2019-06-12 00:00:00-04:00,260.01698727953396,260.57550049432666,259.2782960961573,259.7917785644531,47096300,255.03266296386718,255.34616165161134,258.58736083984377,57.358959312485275,0.16981992518662992,-0.9073756263344022,1.077195551521032,262.97648386424623,247.71583943897642,255.34616165161134,3.0099172869708117,-0.0017652623250875576,-0.0017668222366648086,72186295.0
2019-06-13 00:00:00-04:00,260.7017173359757,261.22421717908406,259.99906693662774,260.8638610839844,48945200,255.98305053710936,255.54975967407228,258.65240295410155,59.32763389141829,0.490364351716039,-0.627827630724314,1.118191982440353,263.5326775374446,247.5668418106999,255.54975967407228,2.897240238946535,0.004126699179840543,0.004118207709925312,70935735.0
2019-06-14 00:00:00-04:00,260.5755615234375,261.1791056260825,259.80984621456577,260.5755615234375,52324700,257.2433227539062,255.620027923584,258.70357177734377,58.54486173082987,0.7129166941474523,-0.3596787657499607,1.072595459897413,263.7525214736225,247.48753437354551,255.620027923584,2.7880987512729782,-0.0011051724809595376,-0.0011057836343940058,69714490.0
2019-06-17 00:00:00-04:00,260.8096802680297,261.44027562181344,260.5033997363136,260.674560546875,39205700,258.5765548706055,255.7790214538574,258.74302795410154,58.74614814428659,0.8870540162223506,-0.11033220935549848,0.9973862255778491,264.17206166837514,247.38598123933969,255.7790214538574,2.6558685465748963,0.00037992443673040555,0.0003798522837161435,66657125.0
2019-06-18 00:00:00-04:00,262.4942892335855,264.4581026767264,262.1339332880597,263.40411376953125,85434800,259.6458465576172,256.159619140625,258.8120324707031,63.94436697452316,1.2311196508094895,0.15795816267749913,1.0731614881319904,265.18691539619743,247.13232288505262,256.159619140625,2.736416659666076,0.01047111469922446,0.010416672296344357,67784985.0
2019-06-19 00:00:00-04:00,263.5392835877693,264.5302076436877,262.56639382733385,263.99871826171875,78674400,260.5556976318359,256.4546417236328,258.8889636230469,64.9795868954545,1.534089726847867,0.4331844755115727,1.1009052513362945,266.0818193265671,246.8274641206985,256.4546417236328,2.6812307422866293,0.0022573849879494734,0.0022548409223618502,69376350.0
2019-06-20 00:00:00-04:00,266.6831672665671,266.9263827888443,264.06173445016157,266.52099609375,116570000,261.55202331542966,256.91541748046876,259.0430065917969,69.04032771464362,1.955184288956218,0.7375844382005018,1.2175998507557164,267.4962871983524,246.33454776258515,256.91541748046876,2.69883315548941,0.009554129083046314,0.009508777029205556,72730725.0
2019-06-21 00:00:00-04:00,266.251288502116,267.50952485915224,265.9163628738044,266.13360595703125,83309500,262.25286560058595,257.5140205383301,259.17164428710936,67.7411255539338,2.231917461594037,1.0364510428792089,1.195466418714828,268.7389810421772,246.289060034483,257.5140205383301,2.619856643336439,-0.0014535070121923788,-0.0014545643782264556,71959510.0
2019-06-24 00:00:00-04:00,266.34178300435536,266.6585865868795,265.65380982514523,265.8077087402344,47582700,262.8022094726563,258.06750106811523,259.295205078125,66.60558843453391,2.3972987452370944,1.308620583350786,1.0886781618863084,269.7717857235876,246.3632164126429,258.06750106811523,2.50449379465057,-0.001224562435942378,-0.001225312825183678,71575240.0
2019-06-25 00:00:00-04:00,265.8620215575545,265.8891769398379,263.0920620646163,263.20068359375,82028700,263.09715881347654,258.6090888977051,259.33149291992186,58.20079412370222,2.2915835142379706,1.505213169528223,0.7863703447097476,270.21047558544524,247.00770220996492,258.6090888977051,2.5253953004056444,-0.009807936567528763,-0.009856351202597839,72175205.0
2019-06-26 00:00:00-04:00,264.0968777608522,264.6037967215319,262.8295803591529,262.9382019042969,51584900,263.41180114746095,259.22223205566405,259.36595458984374,57.415229351337864,2.1617045686926986,1.6365114493611181,0.5251931193315804,270.3688800064113,248.0755841049168,259.22223205566405,2.4717396619751724,-0.0009972682664390886,-0.000997765869293244,69505805.0
2019-06-27 00:00:00-04:00,263.6985816288529,264.377493914319,263.31840621899835,263.8705749511719,40355200,263.7124725341797,259.8477615356445,259.41564025878904,59.50605838799081,2.1096900872476,1.7311471769384146,0.3785429103091853,270.55481741969646,249.14070565159253,259.8477615356445,2.397993401121384,0.0035459778766355754,0.003539705719997398,68397375.0
2019-06-28 00:00:00-04:00,264.84822100220697,265.7262820776857,264.3322686125038,265.2284240722656,59350900,264.1777587890625,260.7105407714844,259.5052764892578,62.401292050868555,2.153214396775354,1.8155606209058024,0.3376537758695517,270.1578178487474,251.2632636942213,260.7105407714844,2.359258667220845,0.005145890637275441,0.005132695788856537,67021780.0
2019-07-01 00:00:00-04:00,268.55960231230983,268.7768730392971,266.43233818876865,267.63629150390625,78705600,264.8739318847656,261.72524337768556,259.63280029296874,66.91826588320707,2.354857176316557,1.9234199319879535,0.4314372443286034,269.4053128357467,254.04517391962438,261.72524337768556,2.444200831493031,0.009078466759598003,0.009037505205663682,66135660.0
2019-07-02 00:00:00-04:00,267.59102884896026,268.38762376676675,266.74918415742064,268.33331298828125,61504500,265.3668518066406,262.50634918212893,259.7697607421875,68.11251040810016,2.5416062852370374,2.0470572026377702,0.4945490825992671,269.5081826407962,255.50451572346165,262.50634918212893,2.3866464584825358,0.0026043608677219776,0.0026009753966755927,65349290.0
2019-07-03 00:00:00-04:00,269.01219161006856,270.4967597025448,268.8673536772652,270.4786376953125,40898900,266.01484375,263.28527069091797,259.90260314941406,71.52029427647997,2.830092529137403,2.2036642679376968,0.6264282611997061,270.19465529048136,256.3758860913546,263.28527069091797,2.3707036196097517,0.007994999514372436,0.007963208837638375,63835750.0
2019-07-05 00:00:00-04:00,269.2475267615392,270.333797324257,267.95307413888946,270.17083740234375,51677300,266.37982788085935,263.9659255981445,260.0410009765625,70.35850071037612,2.9993088788609157,2.362793190122341,0.6365156887385748,270.77156304694915,257.16028814933986,263.9659255981445,2.3817650436678437,-0.0011379837446366947,-0.0011386317397901725,62948095.0
2019-07-08 00:00:00-04:00,268.8583641963323,269.9898848326591,268.14323541916946,268.6863708496094,45841800,266.6351043701172,264.44398498535156,260.1529510498047,64.88424591820588,2.979286648610014,2.4860918818198754,0.4931947667901384,271.16503409037387,257.72293588032926,264.44398498535156,2.356467682204019,-0.005494547698068786,-0.005509698247702653,61526575.0
2019-07-09 00:00:00-04:00,267.5276691801684,269.31998001630495,267.47335840483174,269.0212707519531,41101300,266.9564605712891,264.8793350219727,260.2470977783203,65.53573440744464,2.956363393203162,2.5801461840965327,0.37621720910662937,271.60196711904746,258.1567029248979,264.8793350219727,2.320050105723247,0.0012464342768290226,0.0012456581225090816,60541685.0
2019-07-10 00:00:00-04:00,270.0894280343671,271.2571649910291,269.555353643339,270.3066711425781,58448500,267.66705932617185,265.3821090698242,260.35866455078127,67.99040393679775,3.007251889293798,2.665567325135986,0.3416845641578119,272.14893298416297,258.6152851554854,265.3821090698242,2.3140389723912973,0.004778062296085794,0.004766683587490246,60532045.0
2019-07-11 00:00:00-04:00,270.9493075836309,271.18464500017757,269.9354699046471,270.94024658203125,50826100,268.46726379394534,265.9395324707031,260.4802008056641,69.15649461218078,3.0633927473349445,2.745132409575778,0.3182603377591664,272.60850855293205,259.2705563884742,265.9395324707031,2.2379772669012374,0.002343913440149281,0.0023411707599424194,60718535.0
2019-07-12 00:00:00-04:00,271.4290973293695,272.2256920471457,271.12132712023003,272.15325927734375,40326000,269.2955322265625,266.5040023803711,260.66581359863284,71.31133064925929,3.1692318369096597,2.829952295042555,0.33927954186710485,273.2693796078419,259.7386251529003,266.5040023803711,2.169939281059323,0.00447704876117494,0.0044670565908920355,60287575.0
2019-07-15 00:00:00-04:00,272.58782210519985,272.58782210519985,271.7369164693559,272.24383544921875,33900000,269.9970733642578,267.08741607666013,260.86458679199217,71.47160393998222,3.2232630480147577,2.9086144456369953,0.3146486023777624,273.71830571521735,260.4565264381029,267.08741607666013,2.0757225921153686,0.000332813107274621,0.000332757737277334,59366340.0
2019-07-16 00:00:00-04:00,272.15322575697263,272.3614354132492,271.05792196743965,271.3656921386719,36650100,270.37001342773436,267.62197265625,260.99445068359375,67.53248067751755,3.1588115328196977,2.958653863073536,0.20015766974616156,273.8075591648175,261.4363861476825,267.62197265625,2.0205647959506656,-0.0032255764730094727,-0.0032307898586023285,59238560.0
2019-07-17 00:00:00-04:00,271.3386591329703,271.50159148092774,269.5191650390625,269.5191650390625,36036300,270.4885986328125,267.92772521972654,261.10918395996094,60.03914001330779,2.9250161721388395,2.951926324886597,-0.026910152747757543,273.8479737790784,262.00747666037466,267.92772521972654,2.0178406278017067,-0.006804570928095721,-0.006827827581929343,56768635.0
2019-07-18 00:00:00-04:00,269.0211364431302,270.88587913208465,268.5775894576505,270.50567626953125,51392600,270.4913024902344,268.25307312011716,261.3317504882813,62.43715702718653,2.7872057036982483,2.9189822006489274,-0.13177649695067917,273.98610767148494,262.5200385687494,268.25307312011716,2.0385869882754526,0.003660263752767845,0.003653581288820855,55404545.0
2019-07-19 00:00:00-04:00,271.60117132788554,271.6283267183781,268.8312109975781,269.0032043457031,58678600,270.3745391845703,268.37718353271487,261.5314733886719,56.84242785346123,2.5276162008402707,2.840709000687196,-0.3130927998469253,274.06212792955654,262.6922391358732,268.37718353271487,2.0927676120272047,-0.005554308303427513,-0.005569790830224888,52509975.0
2019-07-22 00:00:00-04:00,269.40141995777003,270.2070757552025,268.88546764229045,269.6639404296875,43638100,270.4722961425781,268.55370025634767,261.76008544921876,58.59933810140599,2.3481376602769046,2.742194732605138,-0.3940570723282333,274.16782358729193,262.9395769254034,268.55370025634767,2.037684790661835,0.002456238711324943,0.0024532270875246517,50526405.0
2019-07-23 00:00:00-04:00,270.7864433136411,271.5920715332031,269.953632082453,271.5920715332031,44564500,270.7293762207031,268.8429183959961,262.0013159179687,63.295136112548285,2.3345721947566744,2.6606702250354455,-0.32609803027877104,274.4573674667186,263.2284693252736,268.8429183959961,2.029859527294249,0.007150125821210329,0.007124684870263521,50375495.0
2019-07-24 00:00:00-04:00,270.8317017841682,272.8684387207031,270.7411746175419,272.8684387207031,47213200,270.9855529785156,269.32630615234376,262.3985150146484,66.04101032098711,2.3991576347934256,2.6083677069870417,-0.2092100721936161,274.56666716471494,264.0859451399726,269.32630615234376,2.0368169969990326,0.004699574550518282,0.004688566026818515,48634720.0
2019-07-25 00:00:00-04:00,272.41578587292383,272.4700966389974,270.75922463265556,271.56488037109375,55394100,271.0480163574219,269.7576400756836,262.7238809204102,61.02023888006985,2.3184303746278374,2.550380240515201,-0.23194986588736377,274.18006649746525,265.3352136539019,269.7576400756836,2.0419882177882136,-0.00477724120723122,-0.004788688696837893,48825180.0
2019-07-26 00:00:00-04:00,272.25287897362153,273.5835481165805,272.126135424287,273.3843994140625,45084100,271.17113037109374,270.23333129882815,263.0557308959961,65.01796159666574,2.3739084804941513,2.5150858885109915,-0.1411774080168402,274.0217209831955,266.4449416144608,270.23333129882815,2.0403224697666817,0.006700126468792256,0.006677780380323425,49061625.0
2019-07-29 00:00:00-04:00,273.2667386978963,273.38442125310485,272.33436688549176,272.88653564453125,38126500,271.235400390625,270.6162368774414,263.33005767822266,63.11067941530031,2.350605516518044,2.4821898141124024,-0.1315842975943582,273.8042627654794,267.4282109894034,270.6162368774414,1.9695890338985678,-0.0018211125821309126,-0.0018227728236132714,48000405.0
2019-07-30 00:00:00-04:00,271.4834517363673,272.6240332315374,271.10324869630654,272.2166748046875,45849000,271.32049865722655,270.84525604248046,263.62449737548826,60.53752975057736,2.252124488953598,2.4361767490806416,-0.1840522601270438,273.7931324606708,267.8973796242901,270.84525604248046,1.9562817420647212,-0.0024547229428583117,-0.0024577407147622467,46357575.0
2019-07-31 00:00:00-04:00,272.4610628992389,272.6511782245278,267.2198800736409,269.2384948730469,104245200,271.292431640625,270.89051513671876,263.89342407226565,50.64990733502255,1.9117261453012588,2.331286628324765,-0.41956048302350624,273.7076318442922,268.0733984291453,270.89051513671876,2.2044971998377343,-0.010940475758060897,-0.011000762879405428,48494610.0
2019-08-01 00:00:00-04:00,269.3923878679063,272.35243534985585,266.0973871356964,266.89398193359375,142646600,270.93126220703124,270.71128234863284,264.06933837890625,44.48947934129913,1.4362195601437975,2.1522732146885715,-0.716053654544774,274.0231060000638,267.39945869720185,270.71128234863284,2.493822272289285,-0.008707941041486755,-0.008746076710251578,53581995.0
2019-08-02 00:00:00-04:00,265.99785609649547,266.24225458999433,263.32745655172783,264.8844299316406,116749700,270.519384765625,270.4469619750977,264.2209173583984,39.99881444565361,0.8869983487090849,1.8992182414926742,-1.0122198927835893,274.6207780381989,266.27314591199644,270.4469619750977,2.57044392297333,-0.007529401702482508,-0.007557890741181886,56835615.0
2019-08-05 00:00:00-04:00,260.783689110787,260.8923106170289,255.01746727943436,256.9184265136719,178745400,269.2448333740234,269.85856475830076,264.27605499267577,27.95355236284138,-0.1888760736342192,1.4815993784672956,-1.6704754521015148,277.07106872804985,262.64606078855167,269.85856475830076,3.0916238322042537,-0.030073505717284177,-0.030534989446072535,63480795.0
2019-08-06 00:00:00-04:00,258.8103654742626,260.73848038847234,257.334858657285,260.5212097167969,120711700,268.1377471923828,269.43356170654295,264.39171722412107,37.16916645761266,-0.7422436866324347,1.0368307654473496,-1.7790744520797843,277.71575530010495,261.15136811298095,269.43356170654295,3.1436545495325547,0.014023062697424926,0.013925649187883637,67461315.0
2019-08-07 00:00:00-04:00,257.4434211251954,261.4444879419177,255.30712465631177,260.675048828125,140572300,266.918408203125,268.9519805908203,264.5578396606445,37.5365763195686,-1.1550631274039347,0.5984519868770928,-1.7535151142810275,278.05455686284245,259.8494043187982,268.9519805908203,3.3574908878235115,0.000590505131982777,0.0005903308524325988,71567505.0
2019-08-08 00:00:00-04:00,262.16868632785787,265.78955078125,261.61651775871724,265.78955078125,87713900,266.34087524414065,268.69444580078124,264.86012390136716,48.35013103009131,-1.0573395918342499,0.2672936711348243,-1.324633262969074,277.8487426195101,259.54014898205236,268.69444580078124,3.4829916782021892,0.01962022056241075,0.019430225181168697,73411895.0
2019-08-09 00:00:00-04:00,264.8482175889276,265.4456637627405,262.19594001239,263.9792175292969,93730000,265.4003570556641,268.2857437133789,265.11250854492187,45.356992546976535,-1.1131401627906143,-0.008793095650263455,-1.1043470671403508,277.51542399265793,259.0560634340999,268.2857437133789,3.4908930418206046,-0.0068111528336306515,-0.006834454603310542,76082095.0
2019-08-12 00:00:00-04:00,262.47653060747723,263.97013209125237,259.8151922727457,260.76568603515625,65527600,264.1882720947266,267.71183624267576,265.3683654785156,40.55736436004574,-1.4005232915592956,-0.2871391348320699,-1.1133841567272258,277.3059216277915,258.11775085756,267.71183624267576,3.538973914301358,-0.01217342609095351,-0.01224812912262036,77663475.0
2019-08-13 00:00:00-04:00,260.46692626244254,266.26936599228577,260.1229396524817,264.8210144042969,94299800,263.4487060546875,267.38460235595704,265.7179409790039,48.031059164505336,-1.2862186559729594,-0.4869550390602478,-0.7992636169127116,276.904023762163,257.8651809497511,267.38460235595704,3.72522051612298,0.015551618124302946,0.015431931001833767,80545960.0
2019-08-14 00:00:00-04:00,260.7656080106551,261.3720873263827,256.8641288378296,256.9908447265625,135622100,262.22394104003905,266.75818634033203,265.80353393554685,38.07646145369259,-1.8066348997519412,-0.7508910111985865,-1.0557438885533548,277.23409030001517,256.2822823806489,266.75818634033203,4.027482305433288,-0.029567780696513002,-0.03001371981826452,85525250.0
2019-08-15 00:00:00-04:00,257.8780400292399,258.5660133001021,255.62406014182483,257.6698303222656,99556600,261.30152587890626,266.11639404296875,265.8589263916016,39.252187834163855,-2.1396158990696676,-1.0286359887728027,-1.110979910296865,277.15305482551616,255.07973326042134,266.11639404296875,3.9499445092078576,0.0026420614182796065,0.0026385773094809942,87933450.0
2019-08-16 00:00:00-04:00,259.3263521875103,261.90619630989795,257.7241018009672,261.4717102050781,83018300,260.96025390625,265.7398193359375,265.9572058105469,45.49279601419354,-2.072831495928199,-1.237475090203882,-0.8353564057243168,276.8703417870678,254.60929688480724,265.7398193359375,3.9704031862381766,0.014754850725277047,0.014647056942520047,89150435.0
2019-08-19 00:00:00-04:00,264.4952017841978,265.3008300750685,263.81628943373863,264.6219177246094,53571800,261.73060302734376,265.4877182006836,266.0671405029297,50.06983615677446,-1.745586916456773,-1.3390974554544604,-0.40648946100231265,276.47882850112046,254.49660790024677,265.4877182006836,3.960311520791906,0.012047986059602778,0.011975986796064243,89647120.0
2019-08-20 00:00:00-04:00,264.114995296604,264.6490696903885,262.4675223424774,262.59423828125,51596400,261.9379058837891,265.03782653808594,266.11273986816406,47.31572698495352,-1.6310581910823885,-1.397489602580046,-0.2335685885023424,275.7250485761674,254.35060450000447,265.03782653808594,3.8332569370147036,-0.007662552901115172,-0.0076920610949762925,89998715.0
2019-08-21 00:00:00-04:00,264.7577462117834,265.10170529540915,264.0697727944984,264.7305908203125,49524700,262.3434600830078,264.6309341430664,266.2023278808594,50.41066242710984,-1.3523188653387024,-1.3884554551317776,0.03613658979307521,274.6962036642019,254.56566462193086,264.6309341430664,3.7385576568107353,0.008135565170985792,0.008102649863237879,90114290.0
2019-08-22 00:00:00-04:00,265.4365786995359,266.07021351807236,262.87480116707053,264.6490173339844,51666400,262.2294067382812,264.28514099121094,266.29947265625,50.2891820976444,-1.1250295991742973,-1.3357702839402816,0.2107406847659843,273.83582171351253,254.73446026890934,264.28514099121094,3.699761563538671,-0.00030813774137461447,-0.0003081852255631418,89927905.0
2019-08-23 00:00:00-04:00,263.34556116445606,265.0111559870093,256.60168809011344,257.85089111328125,149161500,261.6165740966797,263.5084655761719,266.2392132568359,41.34684874465813,-1.4764337803360945,-1.3639029832194443,-0.11253079711665026,272.4819385374729,254.5349926148709,263.5084655761719,4.036169158778471,-0.025687328406452936,-0.0260230087916858,95131775.0
2019-08-26 00:00:00-04:00,260.04151360481694,260.70233154296875,258.5116956298589,260.70233154296875,72423800,261.61023864746096,262.8992553710938,266.24174865722654,45.70772799907221,-1.5074596568799734,-1.3926143179515502,-0.11484533892842319,270.838015141509,254.9604956006785,262.8992553710938,3.9515456781291163,0.01105848584573943,0.010997787866342442,96846640.0
2019-08-27 00:00:00-04:00,262.0963526786402,262.46749470133955,258.9190344141973,259.6794128417969,66668900,261.09607849121096,262.2723922729492,266.221845703125,44.43148024021957,-1.5961890046145868,-1.4333292552841574,-0.16285974933042935,269.06670559509547,255.47807895080294,262.2723922729492,3.9227538644871958,-0.003923703693471836,-0.003931421613979394,97887635.0
2019-08-28 00:00:00-04:00,259.0185898937804,261.67086686459277,258.21293417482644,261.5079345703125,59696700,261.54778747558595,261.8858642578125,266.1839221191406,47.26600170011644,-1.5016511305693712,-1.4469936303412003,-0.05465750022817084,267.8839172687786,255.88781124684644,261.8858642578125,3.8895523520071333,0.007041458190717664,0.007016782889676699,95660210.0
2019-08-29 00:00:00-04:00,264.0696718566362,265.37318539901827,263.0648675062555,264.84814453125,57899400,262.2656188964844,261.7835723876953,266.20091064453123,52.07516850217711,-1.1440146667774798,-1.3863978376284563,0.2423831708509765,267.49965126821957,256.06749350717104,261.7835723876953,3.8878165289141786,0.012772881887602505,0.012691996661869319,91422850.0
2019-08-30 00:00:00-04:00,266.3328141671288,266.3509085531038,263.79821887978943,264.7305908203125,62901200,262.5915069580078,261.77588043212893,266.1651025390625,51.895794884157226,-0.8601554579352069,-1.2811493616898064,0.42099390375459955,267.47563842089676,256.0761224433611,261.77588043212893,3.792450324942764,-0.0004438532546473528,-0.0004439517866600984,88730425.0
2019-09-03 00:00:00-04:00,263.0287458637237,263.94299567707674,261.8519479244874,263.1826171875,69101400,262.44757690429685,262.08908996582034,266.10608276367185,49.47888908830097,-0.751441376611524,-1.1752077646741501,0.4237663880626261,267.3589713903248,256.81920854131585,262.08908996582034,3.7271783657200754,-0.005847354580427733,-0.0058645172952449184,83248225.0
2019-09-04 00:00:00-04:00,265.35511068657013,266.1878941850872,264.60376571235577,266.1697998046875,46887300,262.8051330566406,262.3715194702148,266.11332458496094,53.93711047021656,-0.4194093220482955,-1.0240480761489792,0.6046387541006837,267.8752794024136,256.86775953801606,262.3715194702148,3.675613982282013,0.011350227644629562,0.011286297106801842,79557005.0
2019-09-05 00:00:00-04:00,268.6591809547892,270.50580250609715,266.13361948386745,269.591552734375,83258100,263.2912292480469,262.81734466552734,266.24114196777344,58.45916240215968,0.11846969312074407,-0.7955445222950346,0.9140142154157787,269.0900240381237,256.544665292931,262.81734466552734,3.725368913706848,0.012855526555598518,0.012773595703132159,76691295.0
2019-09-06 00:00:00-04:00,269.90827070857443,270.44234484116004,269.22935869893166,269.79962158203125,49584300,263.80628967285156,263.0178482055664,266.3783703613281,58.724512757725115,0.5551328786860381,-0.5254090420988201,1.0805419207848583,269.88584181229055,256.14985459884224,263.0178482055664,3.5459130014583855,0.0007717929050294892,0.0007714952260398702,74784815.0
2019-09-09 00:00:00-04:00,270.78645251784974,270.876952059632,268.9941140653553,269.935546875,51260300,265.01475524902344,263.31566467285154,266.4996697998047,58.90917037772397,0.9017646528137107,-0.23997430311631396,1.1417389559300246,270.8123721081296,255.8189572375735,263.31566467285154,3.4271219295168374,0.0005038009029505464,0.0005036740378836746,72661330.0
2019-09-10 00:00:00-04:00,269.175066700084,269.9354725918967,267.91683059042794,269.8721008300781,57947100,265.9317321777344,263.77098541259767,266.59254333496096,58.77698868254284,1.1580045104092846,0.03962145958880575,1.1183830508204788,271.68731330324226,255.85465752195307,263.77098541259767,3.3265215263064967,-0.0002350414595497785,-0.00023506908612264363,72282305.0
2019-09-11 00:00:00-04:00,270.1799754671858,271.8727259373139,269.5282184686589,271.791259765625,68821100,267.1429168701172,264.11949768066404,266.67564270019534,61.5848883283885,1.498660900701168,0.3314293478112782,1.1672315528898898,272.769749239498,255.46924612183005,264.11949768066404,3.256377665045673,0.007111364715522317,0.007086198203189855,71008370.0
2019-09-12 00:00:00-04:00,272.69641910988423,273.79172313296596,271.9360407085292,272.7326354980469,72908700,268.2653869628906,264.9065872192383,266.7636291503906,62.91911227378941,1.8235736763002137,0.6298582135090653,1.1937154627911484,273.6828336998483,256.1303407386283,264.9065872192383,3.166669500923907,0.0034635982526944886,0.00345761381075377,67872700.0
2019-09-13 00:00:00-04:00,273.1761761691998,273.52922378912524,272.1804327059594,272.55157470703125,62104800,269.0357299804688,265.6506744384766,266.805087890625,62.46970285610836,2.0429099054629205,0.9124685518998364,1.130441353563084,274.3697842433597,256.9315646335935,265.6506744384766,3.036821042512617,-0.0006638765129262092,-0.0006640969765175502,66000110.0
2019-09-16 00:00:00-04:00,271.4200714477773,272.5968692967688,271.0670514305876,271.7097473144531,58191200,269.7336456298828,266.16257629394534,266.8358660888672,60.31269541296786,2.1243191829720445,1.154838678114278,0.9694805048577664,275.040888417404,257.28426417048667,266.16257629394534,2.9291779584889435,-0.0030886902542500705,-0.003093470102845439,64758755.0
2019-09-17 00:00:00-04:00,271.5106744009053,272.4882961925736,271.3386810336181,272.3977966308594,41475500,270.65516357421876,266.55137023925784,266.9100946044922,61.48330588752221,2.2187797397882605,1.3676268904490747,0.8511528493391858,275.7991079084624,257.30363257005325,266.55137023925784,2.8020663299508404,0.002532295301169052,0.0025290944439612306,64153940.0
2019-09-18 00:00:00-04:00,272.0085030211567,272.6693210251948,269.9717658529061,272.5606994628906,73375800,271.29425354003905,267.04969329833983,266.98088317871094,61.77081367087863,2.280497157059415,1.5502009437711428,0.730296213288272,276.4634054986654,257.63598109801427,267.04969329833983,2.794601247260686,0.0005980328550601044,0.000597854104674424,65242910.0
2019-09-19 00:00:00-04:00,272.9498388074487,273.94558214926315,272.20755489582285,272.54248046875,76560500,271.58934631347654,267.4402877807617,267.02559936523437,61.71532886200608,2.301409320265691,1.7004426190700523,0.6009667011956386,277.08218676959837,257.79838879192505,267.4402877807617,2.719131676273515,-6.684380461496886e-05,-6.684603876163636e-05,66594700.0
2019-09-20 00:00:00-04:00,273.14641599012,273.42835453717225,270.4637120181929,271.2548828125,89565000,271.73487243652346,267.7705810546875,267.0318920898437,57.766168241453784,2.1888522639285384,1.7981245480417498,0.39072771588678856,277.45984472297255,258.0813173864025,267.7705810546875,2.736668165038218,-0.004724392520518039,-0.0047355877371776526,68489630.0
2019-09-23 00:00:00-04:00,270.5909570013887,271.90959322004414,270.336327054296,271.191162109375,43476800,271.8604339599609,268.4375946044922,267.01265014648436,57.56983591758318,2.070639217672351,1.85262748196787,0.21801173570448107,277.0841099358072,259.79107927317716,268.4375946044922,2.653568022231783,-0.0002349108058971039,-0.0002349384017622634,63205395.0
2019-09-24 00:00:00-04:00,272.2824740494429,272.673507976676,268.09924360560893,269.0632019042969,94869400,271.7795440673828,268.8556381225586,266.94903747558595,51.29939454373732,1.78467331928681,1.8390366494316581,-0.054363330144848065,276.74072555487004,260.9705506902472,268.8556381225586,2.790760618577159,-0.007846716642704976,-0.007877664120772386,64327675.0
2019-09-25 00:00:00-04:00,269.1449700706574,271.1001669203276,267.66264939196464,270.6545715332031,71854000,271.66587524414064,269.4043960571289,266.93481506347655,55.22686453940732,1.6672346705010455,1.8046762536455356,-0.13744158314449018,276.0959334690177,262.7128586452401,269.4043960571289,2.836957540704715,0.0059144826109378545,0.005897060719226146,64586930.0
2019-09-26 00:00:00-04:00,270.6637140924757,270.87285754850967,268.6812361680686,270.0907897949219,56179700,271.4016906738281,269.8335388183594,266.94624755859377,53.578351138497084,1.5112504660282298,1.7459910961220746,-0.23474063009384483,275.46056515264485,264.2065124840739,269.8335388183594,2.790862100685883,-0.0020830305399518467,-0.002085203065549429,64411080.0
2019-09-27 00:00:00-04:00,270.8455691998778,270.9547201008358,267.08068181796534,268.6357421875,84746600,271.010107421875,270.0229187011719,266.90884887695313,49.47377752708161,1.2557462178745027,1.6479421204725604,-0.3921959025980577,275.203273758586,264.8425636437577,270.0229187011719,2.8682318279847814,-0.005387253702825889,-0.005401817282737855,65753440.0
2019-09-30 00:00:00-04:00,269.1541465618406,270.59098115887195,269.1086878271732,269.88165283203125,51662400,270.8272979736328,270.2804718017578,266.92641784667967,52.80761918295784,1.1406432119858891,1.5464823387752262,-0.4058391267893371,274.86009934685825,265.7008442566574,270.2804718017578,2.8030180525124364,0.00463791837372729,0.0046271963693792235,65191500.0
2019-10-01 00:00:00-04:00,270.7637634037494,271.4185301350152,266.45323194525736,266.6714782714844,88242400,270.2546661376953,270.45491485595704,266.86656860351565,44.63549543721844,0.78138171009806,1.3934622130397931,-0.6120805029417331,274.1128276174225,266.7970020944916,270.45491485595704,2.957466633744251,-0.01189474914971278,-0.011966057707406021,66148550.0
2019-10-02 00:00:00-04:00,265.0891732306405,265.0982760796757,260.6695180033378,261.9608459472656,122539500,269.19468078613284,270.2444671630859,266.6739440917969,35.86467064099911,0.1152274510164375,1.137815260635122,-1.0225878096186845,275.13942088803054,265.3495134381413,270.2444671630859,3.1749304647729866,-0.01766455248514842,-0.017822432711082893,69931160.0
2019-10-03 00:00:00-04:00,261.73345487523494,264.1342754190595,259.0143676971502,264.10699462890625,85278800,268.35113220214845,269.9702392578125,266.49871520996095,41.50428504298257,-0.23679866854359943,0.8628924747993777,-1.099691143342977,275.547713826517,264.39276468910805,269.9702392578125,3.3138574117112967,0.008192631512850879,0.008159254082703913,70032195.0
2019-10-04 00:00:00-04:00,264.7616621869322,267.93544651398554,264.7070728744863,267.6808166503906,65091200,267.9937255859375,269.86429901123046,266.42103393554686,49.472129934640996,-0.22481283265557295,0.6453514133083875,-0.8701642459639605,275.53049688264116,264.19810113981976,269.86429901123046,3.3506141598090102,0.013531720454832863,0.013440984352888458,70807540.0
2019-10-07 00:00:00-04:00,266.88058737396443,268.50841485168297,266.24399873388415,266.5259094238281,59610500,267.52720031738284,269.6938171386719,266.2838641357422,47.23308902554811,-0.3049896022963594,0.4552832101874381,-0.7602728124837975,275.54338941349096,263.8442448638528,269.6938171386719,3.2730285853797105,-0.004314493810256392,-0.004323828096832274,71225050.0
2019-10-08 00:00:00-04:00,264.67077779882845,265.40738677887896,262.35179996128653,262.38818359375,95708100,266.8596984863281,269.31962127685546,266.0738970947266,40.211285518054446,-0.6944054897157912,0.22534547020679227,-0.9197509599225835,275.97736150233317,262.66188105137775,269.31962127685546,3.337391505176988,-0.015524666397435771,-0.015646435962830964,73113100.0
2019-10-09 00:00:00-04:00,264.4069762063046,265.81652938083784,263.77949053439676,264.8798522949219,62359400,266.2822265625,268.9740509033203,265.9271606445312,45.468581054915894,-0.7928243599399138,0.021711504177451046,-0.8145358641173649,275.7981508246607,262.1499509819799,268.9740509033203,3.3438882395991913,0.009496116277208921,0.009451311588722665,72790015.0
2019-10-10 00:00:00-04:00,264.7981232978098,267.55359417676493,264.63443855313955,266.6714782714844,55296300,265.94029541015624,268.6709930419922,265.8758203125,48.94493318973576,-0.7179763956325473,-0.1262260757845486,-0.5917503198479988,275.3370218433866,262.00496424059776,268.6709930419922,3.3135501956010627,0.006763919418709463,0.0067411467464314765,71909395.0
2019-10-11 00:00:00-04:00,269.4269323090313,271.67314311799345,269.30873405810314,269.43603515625,98720400,266.02032470703125,268.5152160644531,265.9266613769531,53.83538561809671,-0.43061830862262696,-0.1871045223521643,-0.24351378627046266,274.9529291047808,262.0775030241254,268.5152160644531,3.4341298135230636,0.01036690126250095,0.010313533463847387,73740175.0
2019-10-14 00:00:00-04:00,269.11778063099183,269.7907531154155,268.7904111136401,269.135986328125,40394800,265.9457580566406,268.3865280151367,266.01169250488283,53.23932039972861,-0.22450839416472945,-0.19458529671467734,-0.029923097450052116,274.66458280114045,262.108473229133,268.3865280151367,3.2602878269696576,-0.0011136180353567005,-0.0011142385686551963,72850355.0
2019-10-15 00:00:00-04:00,270.1817208062417,272.54615738895194,270.06349481421915,271.8004455566406,46754500,266.4586547851562,268.3566604614258,266.3093328857422,57.716445860686164,0.1520816868923589,-0.12525189999327008,0.277333586885629,274.5633757785277,262.1499451443239,268.3566604614258,3.270993772245178,0.009900048168464348,0.009851363746644307,73114305.0
2019-10-16 00:00:00-04:00,271.3366718475405,272.0551029660115,270.927460009867,271.36395263671875,48928200,267.3989654541016,268.2968231201172,266.5261877441406,56.75771618523391,0.4105778230328383,-0.018085955388048414,0.4286637784208867,274.36171928231454,262.2319269579199,268.2968231201172,3.1178972853808427,-0.0016059315834745513,-0.0016072224738394728,71891925.0
2019-10-17 00:00:00-04:00,272.5279987380787,273.0372586742496,271.47309522670037,272.16424560546875,45736600,268.20469055175784,268.2779113769531,266.7559716796875,58.13095517234336,0.6722653708148982,0.11998430985254094,0.5522810609623573,274.2918788622126,262.2639438916936,268.2779113769531,3.0147121962486993,0.0029491498814560035,0.0029448096701396136,70350730.0
2019-10-18 00:00:00-04:00,271.6275752651865,272.27323884892064,270.11797412023844,270.9728088378906,64304000,268.5338897705078,268.26380767822263,266.8596368408203,55.31462137898858,0.774586694645734,0.25090478681117956,0.5236819078345545,274.251046769479,262.2765685869663,268.26380767822263,2.953323091422521,-0.0043776388222031,-0.004387248739117336,69087680.0
2019-10-21 00:00:00-04:00,272.29154052140666,273.00994384916356,271.8550201651412,272.80987548828125,39048600,269.16228637695315,268.344743347168,267.03625,58.641805515324705,0.992472402582564,0.3992183099654565,0.5932540926171075,274.5286171589021,262.1608695354339,268.344743347168,2.8878810856975505,0.0067795239613492875,0.006756646330203994,68866270.0
2019-10-22 00:00:00-04:00,273.34643282027804,273.6374464088708,271.82775595636684,271.918701171875,48594700,270.11533813476564,268.4875183105469,267.2593103027344,56.446130782691334,1.0807795228473083,0.5355305525418268,0.5452489703054815,274.86012805269127,262.1149085684025,268.4875183105469,2.8108674690408653,-0.0032666497677593664,-0.0032719969161281214,66552535.0
2019-10-23 00:00:00-04:00,271.664068797207,272.76443096306724,271.45489757866204,272.7098693847656,34352200,270.89833984375,268.590283203125,267.4170874023437,57.95136280006146,1.2007625711161154,0.6685769562566846,0.5321856148594308,275.1625231727178,262.01804323353224,268.590283203125,2.703629320138318,0.00290957631630695,0.002905351691731331,64677445.0
2019-10-24 00:00:00-04:00,273.64656905775985,273.79207586258536,272.32793271893104,273.1554870605469,35453100,271.54674072265624,268.74351806640624,267.7403802490234,58.81473260775117,1.3166303286982952,0.7981876307450066,0.5184426979532886,275.58591002902955,261.90112610378293,268.74351806640624,2.615094593246604,0.0016340357493718205,0.0016327021655081985,63641115.0
2019-10-25 00:00:00-04:00,272.58249491439386,274.81963026068695,272.52793334522363,274.27398681640625,45205400,272.03053588867186,269.0254302978516,268.07246337890626,60.980372389067874,1.481630628368805,0.9348762302697664,0.5467543980990386,276.27907238553064,261.77178821017253,269.0254302978516,2.5919947591192267,0.00409473654692305,0.00408637592847774,61664055.0
2019-10-28 00:00:00-04:00,275.49260735291523,276.32016158660775,275.4653265651048,275.8199768066406,42147000,272.6989349365234,269.32234649658204,268.3594287109375,63.812775560442326,1.7173465247291801,1.0913702891616492,0.6259762355675309,277.1549217861204,261.4897712070437,269.32234649658204,2.5530076170536753,0.005636662842799067,0.005620836303522721,61188285.0
2019-10-29 00:00:00-04:00,275.54716315144003,276.66573093338,275.419834309273,275.7381286621094,44284900,273.0927032470703,269.77567901611326,268.5817529296875,63.54976526650208,1.875924124026369,1.2482810561345934,0.6276430678917757,277.9826410522726,261.56871697995393,269.77567901611326,2.459642546128912,-0.00029674480245722723,-0.00029678883990825854,58990410.0
2019-10-30 00:00:00-04:00,275.93820126006324,276.95672100272753,274.62866794732867,276.5838928222656,49643900,273.614697265625,270.50683135986327,268.86154602050783,65.14827228225538,2.0462561462343274,1.4078760741545402,0.6383800720797872,278.39808745323273,262.6155752664938,270.50683135986327,2.4502432967910517,0.0030672731560916766,0.0030625786708473298,55345630.0
2019-10-31 00:00:00-04:00,276.57476285774817,276.57476285774817,274.39221680138,275.84722900390625,69053800,273.9829956054688,271.0938430786133,269.08387878417966,62.5742368292813,2.097622797539657,1.5458254188315634,0.5517973787080934,278.7362235364327,263.4514626207939,271.0938430786133,2.4317742056549485,-0.0026634371612983543,-0.0026669904207122425,54534380.0
2019-11-01 00:00:00-04:00,277.29321451712957,278.4481381708568,277.1295020424609,278.4026794433594,71141500,274.7259826660156,271.6299362182617,269.3589520263672,67.38787580806806,2.317816387920061,1.700223612649263,0.6175927752707981,279.7299648333917,263.52990760313173,271.6299362182617,2.4438552743189197,0.009264006198941965,0.009221358483640465,54836895.0
2019-11-04 00:00:00-05:00,279.95776061162724,280.09416455683635,279.1483842824147,279.521240234375,60606900,275.397119140625,272.2797027587891,269.79235900878905,69.2520877908871,2.5531487923398686,1.8708086485873843,0.6823401437524843,280.71569678726337,263.8437087303148,272.2797027587891,2.390114548544495,0.0040177802643712734,0.004009730539392023,54886715.0
2019-11-05 00:00:00-05:00,279.72129600704636,280.02141242557303,278.9210225610841,279.2120361328125,42933200,276.12645263671874,273.1208953857422,270.1625531005859,68.09333406275067,2.6837644652809445,2.0333998119260963,0.6503646533548482,280.76148397754224,265.48030679394213,273.1208953857422,2.2979913568262407,-0.0011061917917337682,-0.0011068040734494714,52247970.0
2019-11-06 00:00:00-05:00,279.21209240068293,279.5485647690466,278.3299764135138,279.2757568359375,46487100,276.7830413818359,273.84069061279297,270.5544799804687,68.21137970218341,2.7605976045549596,2.178839370451869,0.5817582341030905,280.93291727322,266.7484639523659,273.84069061279297,2.2208911424481377,0.00022821617580515152,0.00022819013845505628,51454355.0
2019-11-07 00:00:00-05:00,280.61245990736666,281.5945958295788,279.78490583507175,280.2577819824219,54272300,277.49327087402344,274.52000579833987,270.9294769287109,70.05039904351636,2.867672895106807,2.316606075382857,0.5510668197239501,281.3325012095598,267.70751038711995,274.52000579833987,2.227887417533363,0.0035163279391317026,0.0035101601125490244,51403155.0
2019-11-08 00:00:00-05:00,279.9121579980025,281.0034446120877,279.2119328680502,280.9488830566406,49032100,278.1607604980469,275.09564819335935,271.2514916992188,71.30837795777393,2.974014329293311,2.448087726164948,0.5259266031283634,282.0369289197563,268.1543674669624,275.09564819335935,2.196717726569373,0.0024659478474788887,0.002462912387252604,48918740.0
2019-11-11 00:00:00-05:00,279.566712897289,280.5852326412768,279.4302812062415,280.4124450683594,35797300,278.62000732421876,275.6594711303711,271.5651287841797,68.88958588811116,2.9806455925760247,2.5545992994471636,0.4260462931288611,282.4018701691305,268.9170720916117,275.6594711303711,2.1482808782714993,-0.0019093793235444023,-0.0019112045119330239,48688865.0
2019-11-12 00:00:00-05:00,280.7761908966361,281.9038337622453,280.2305474042965,281.0035400390625,46484600,279.14654846191405,276.1196258544922,271.92154724121093,70.09336805870575,2.9990264307872394,2.643484725715179,0.3555417050720604,283.00049601325605,269.23875569572834,276.1196258544922,2.114352698248451,0.0021079484206167898,0.002105729814602429,48675370.0
2019-11-13 00:00:00-05:00,280.0123286946821,281.4946496897508,279.78497952985765,281.0945129394531,53917700,279.5976104736328,276.6061538696289,272.22004150390626,70.28394603597307,2.9865075304905986,2.712089286670263,0.27441824382033575,283.4491174713505,269.76319026790725,276.6061538696289,2.085446802651645,0.00032374289796477385,0.00032369050454047685,48924845.0
2019-11-14 00:00:00-05:00,280.8126005592483,281.58559326566467,280.17601180041527,281.50372314453125,51219900,280.1632598876953,277.07312774658203,272.4582849121094,71.17378601020981,2.97530855054373,2.764733139444956,0.21057541109877365,283.91454716089305,270.231708332271,277.07312774658203,2.0371707071229133,0.0014557744325882638,0.001454715820264936,49199010.0
2019-11-15 00:00:00-05:00,282.84045746173746,283.5861691680478,282.14933507162783,283.54071044921875,62023600,280.67706298828125,277.70152282714844,272.7331066894531,75.1610940326954,3.0951224845712773,2.8308110084702207,0.26431147610105654,284.49480223689835,270.9082434173985,277.70152282714844,2.0404046582938853,0.0072360936542272825,0.007210038743555537,49084990.0
2019-11-18 00:00:00-05:00,283.3042825380905,283.9863298938384,282.8495843009252,283.7498779296875,49228000,281.0999267578125,278.24852294921874,273.0093933105469,75.53531009264238,3.170407474236299,2.8987303016234365,0.2716771726128626,285.1392911035296,271.35775479490786,278.24852294921874,1.975857582195265,0.0007376982308373581,0.0007374262652416079,49593960.0
2019-11-19 00:00:00-05:00,284.35010771793173,284.35921056429345,283.0223965204034,283.6680603027344,67804700,281.5455291748047,278.8359909057617,273.2853125,75.05895602792886,3.186734678527614,2.956331177004272,0.23040350152334188,285.46646295798007,272.20551885354337,278.8359909057617,1.9302116151734645,-0.00028834418379342086,-0.0002883857629705193,50554460.0
2019-11-20 00:00:00-05:00,283.07699087413437,283.5953536303308,281.05812918125986,282.6131896972656,79406200,281.8792724609375,279.3311569213867,273.50175109863284,69.01577987386726,3.0790613609004254,2.980877213783503,0.09818414711692247,285.52227760081416,273.14003624195925,279.3311569213867,1.9787630084806824,-0.0037186795169783515,-0.0037256109949525165,52807160.0
2019-11-21 00:00:00-05:00,282.72229641818564,282.8314195597847,281.35820164303874,282.158447265625,54664700,282.0693389892578,279.78130493164065,273.69026733398437,66.52906977714396,2.9233371561226704,2.969369202251337,-0.046032046128666515,285.39293364662166,274.16967621665964,279.78130493164065,1.9426526447853456,-0.0016090630169375286,-0.0016103589491780915,53767740.0
2019-11-22 00:00:00-05:00,282.9041146409001,283.0405185464772,281.77647201802966,282.785888671875,44850200,282.25303955078124,280.20690002441404,273.89495361328125,68.22999945623172,2.8180689351444244,2.9391091488299543,-0.12104021368552997,285.35522462847376,275.0585754203543,280.20690002441404,1.894180779332644,0.002223720084691738,0.002221251278462782,53749980.0
2019-11-25 00:00:00-05:00,283.71358367271534,284.9776306152344,283.71358367271534,284.9776306152344,48647200,282.7095581054688,280.66478271484374,274.1603112792969,73.32874121896117,2.878318900684178,2.926951099200799,-0.04863219851662093,285.79991416460194,275.52965126508553,280.66478271484374,1.915435148191696,0.007750535055525809,0.007720653955732276,54074990.0
2019-11-26 00:00:00-05:00,285.0139498893716,285.80512037479554,284.69565557558855,285.62322998046875,37569000,283.17152709960936,281.1590377807617,274.42481994628906,74.62079946204489,2.9442227387105504,2.9304054271027495,0.013817311607800864,286.20436022354824,276.1137153379752,281.1590377807617,1.8578658375499313,0.0022654387428255873,0.00226287650547501,53739195.0
2019-11-27 00:00:00-05:00,286.10522505743006,286.89642333984375,285.88697877404934,286.89642333984375,44444600,283.75171813964846,281.67466430664064,274.71153442382814,76.98836499209938,3.063869686188923,2.9570982789199842,0.10677140726893875,286.8504660829249,276.49886253035635,281.67466430664064,1.8161035176802933,0.00445759737211171,0.004447691711002811,53479230.0
2019-11-29 00:00:00-05:00,286.3326155519564,286.57817040881315,285.6051093338683,285.83245849609375,36592700,284.18459167480466,282.17392578125,274.977333984375,71.0254874501225,3.037819589855019,2.9732425411069916,0.06457704874802728,286.9128630049458,277.43498855755416,282.17392578125,1.7786185525585179,-0.003708532965883915,-0.0037154266231111573,51856175.0
2019-12-02 00:00:00-05:00,286.08703031011913,286.15069472322455,282.9769099443492,283.4043273925781,75767800,284.17095336914065,282.42400817871095,275.22032287597654,59.667570552621534,2.7890938754684385,2.936412807979281,-0.1473189325108426,286.8586083889747,277.9894079684472,282.42400817871095,1.8782732830097209,-0.008494945312688462,-0.00853123301479558,52087490.0
2019-12-03 00:00:00-05:00,280.68527170644836,281.58559326566467,279.302998783299,281.50372314453125,73941700,283.946337890625,282.52313232421875,275.4265740966797,52.57982890049317,2.410823602239134,2.8312949668312517,-0.42047136459211787,286.7787814170217,278.2674832314158,282.52313232421875,2.03706294917182,-0.006706334605166786,-0.006728923114461944,52754230.0
2019-12-04 00:00:00-05:00,282.5495390662209,283.8408667166338,282.2039639124934,283.24066162109375,49080000,283.9035980224609,282.7245635986328,275.71012329101563,57.54337863688454,2.22554342502184,2.71014465846937,-0.4846012334475298,286.7068429746249,278.7422842226407,282.7245635986328,2.058497279381158,0.006170214934140272,0.0061512571006125385,53061570.0
2019-12-05 00:00:00-05:00,283.94087117115305,283.9590491097116,282.4403447864453,283.7498779296875,40709000,284.01726684570315,282.9482696533203,275.97202941894534,58.901558134788004,2.0956398187705076,2.5872436905295975,-0.4916038717590898,286.62111210992623,279.2754271967144,282.9482696533203,2.0199406396586697,0.0017978220559129454,0.0017962079081846073,52772665.0
2019-12-06 00:00:00-05:00,285.65971875651235,286.7419031701625,285.6506159076721,286.3417663574219,48927000,284.4355987548828,283.2524688720703,276.2970489501953,65.03307423495286,2.176741884247349,2.5051433292731478,-0.3284014450257988,286.9907896511091,279.51414809303157,283.2524688720703,2.0893752540026944,0.00913441248555058,0.009092946062812341,52505400.0
2019-12-09 00:00:00-05:00,285.950635548419,286.62358007257694,285.36860847152025,285.4413757324219,34838500,284.7011474609375,283.4770935058594,276.63316162109373,61.59520940540828,2.14365118045572,2.4328448995096625,-0.28919371905394264,287.17441395037355,279.7797730613452,283.4770935058594,2.02977499307798,-0.003144461377234453,-0.0031494155841784908,51795720.0
2019-12-10 00:00:00-05:00,285.3867795968124,286.0506211948081,284.4682803690839,285.123046875,52649800,284.71568908691404,283.7126235961914,276.9379895019531,60.379928055200494,2.0679025870872465,2.3598564370251793,-0.29195384993793283,287.19281026721893,280.2324369251639,283.7126235961914,1.9978154096955674,-0.001115216238728789,-0.0011158385550795757,52638345.0
2019-12-11 00:00:00-05:00,285.577786637345,286.1870945138328,285.0412460235377,285.9324645996094,53429100,284.7466125488281,283.9590698242188,277.3232092285156,62.41076372337806,2.049558492398887,2.297796848099921,-0.2482383557010337,287.3334539701263,280.58468567831125,283.9590698242188,1.9369606297383888,0.0028388365426110784,0.0028348146560077214,52985570.0
2019-12-12 00:00:00-05:00,285.9415300114766,289.178979276665,285.7051057972178,288.39691162109375,96389600,284.89666137695315,284.3241897583008,277.8519305419922,67.81937166734454,2.2084236108964888,2.2799222006592346,-0.07149858976274581,287.9506162131875,280.6977633034141,284.3241897583008,2.0467401190033043,0.00861898289491303,0.008582051517394888,55109165.0
2019-12-13 00:00:00-05:00,288.1604930993886,289.79742361331523,287.38750044719393,288.5697326660156,81503900,285.17038879394534,284.677490234375,278.3411853027344,68.16529877960835,2.321509657623153,2.2882396920520183,0.03326996557113482,288.50705998298866,280.84792048576134,284.677490234375,2.0726817652260183,0.0005992472109026536,0.0005990677339898798,56623365.0
2019-12-16 00:00:00-05:00,290.2975551457974,291.14328723980907,288.5060429102938,290.55218505859375,82749700,285.8851745605469,285.02806396484374,278.7986126708984,71.89720271704165,2.5417982365733565,2.338951400956286,0.2028468356170703,289.5907332380949,280.46539469159256,285.02806396484374,2.1130076626752516,0.006869924902597413,0.006846434492050995,57659670.0
2019-12-17 00:00:00-05:00,290.93420015250655,291.2342888479106,290.5340633902449,290.61590576171875,61097700,286.7963928222656,285.3713653564453,279.28041259765627,72.01077777943003,2.690505774899691,2.4092622757449673,0.2812434991547237,290.49626250628694,280.2464682066037,285.3713653564453,2.012094648031711,0.0002193089792532632,0.0002192849345544873,58253155.0
2019-12-18 00:00:00-05:00,291.0068891101069,291.23423824222414,290.5794716316232,290.634033203125,48133000,287.5357299804688,285.7196640014648,279.84532958984374,72.04538984418465,2.7777995592288107,2.4829697324417364,0.29482982678707437,291.263868900606,280.17545910232366,285.7196640014648,1.9151426453580827,6.237594380364975e-05,6.237399850535984e-05,57269570.0
2019-12-19 00:00:00-05:00,290.825006142969,291.8981151659742,290.57037621858717,291.8253479003906,85310500,288.34327697753906,286.1802719116211,280.3842395019531,74.29510333526241,2.909569940929714,2.5682897741393322,0.34128016679038176,292.1313565211908,280.2291873020514,286.1802719116211,1.8731852383601517,0.004099019939736381,0.00409064184435314,57564785.0
2019-12-20 00:00:00-05:00,292.8579742516137,294.2379231152867,291.8801572122193,293.104736328125,147142100,289.0195739746094,286.7275863647461,280.91290466308595,76.48387350875737,3.0817108274841303,2.670973984808292,0.41073684267583843,293.0971877951589,280.35798493433333,286.7275863647461,1.9117130938270048,0.004384089445756745,0.004374507321341706,62188655.0
2019-12-23 00:00:00-05:00,293.8906778189208,293.9455076437393,293.40632910700657,293.55255126953125,52990000,289.8306915283203,287.2659194946289,281.3952349853516,77.21519846634595,3.217182960965374,2.7802157800397085,0.43696718092566567,294.0202695889986,280.51156940025925,287.2659194946289,1.8352172525260966,0.0015278324977490154,0.0015266665491101613,62595645.0
2019-12-24 00:00:00-05:00,293.78090368646434,293.8265858930027,293.2599926646551,293.56158447265625,20270000,290.67454528808594,287.6951171875,281.88374694824216,77.23058087830546,3.2873796405977487,2.881648552151317,0.4057310884464318,294.88985337884486,280.5003809961551,287.6951171875,1.7446012507990603,3.077201368517635e-05,3.077154023647585e-05,61176785.0
2019-12-26 00:00:00-05:00,293.9454926967339,295.13353724845075,293.9363729857451,295.1243896484375,30911200,291.59373779296874,288.17017517089846,282.3502258300781,79.77461917117361,3.4295822424735434,2.991235290215762,0.4383469522577812,295.9830992747614,280.3572510670355,288.17017517089846,1.7322692168701632,0.005323602468588096,0.005309482188635187,60843895.0
2019-12-27 00:00:00-05:00,295.8554774530982,295.91030727604016,294.52123861313635,295.05126953125,42528800,292.25917358398436,288.5779174804687,282.82397216796875,79.32802294931079,3.4960780352504344,3.0922038392226967,0.40387419602773766,296.91591310666433,280.2399218542731,288.5779174804687,1.7077548915868523,-0.0002477603334465339,-0.00024779103110849536,60748105.0
2019-12-30 00:00:00-05:00,295.13348547956235,295.27056001059447,292.9401814269704,293.4245300292969,49729100,292.7446533203125,288.95752105712893,283.2491778564453,69.94633304829324,3.3785661401448692,3.1494762994071315,0.22908984073773775,297.450824136233,280.46421797802486,288.95752105712893,1.7522280124466525,-0.0055134129893341655,-0.0055286679478251995,61404925.0
2019-12-31 00:00:00-05:00,292.9220497660977,294.38424384860156,292.5747755339869,294.1374816894531,57077300,293.1031829833984,289.49417877197266,283.71247131347656,71.53520624843077,3.3048698745317324,3.180555014432052,0.1243148600996804,297.8717080997159,281.11664944422944,289.49417877197266,1.7563166054586532,0.0024297616156532253,0.002426814517763639,60470400.0
2020-01-02 00:00:00-05:00,295.67275187158805,296.906478796011,294.7497366062965,296.88818359375,59151200,293.73041076660155,290.2634017944336,284.19403747558596,76.66178403723016,3.4288975120774694,3.2302235139611355,0.1986739981163339,298.38626869215716,282.14053489671005,290.2634017944336,1.8286509269657416,0.009351755813293616,0.009308298867301643,59730875.0
2020-01-03 00:00:00-05:00,293.49777150755784,295.7641735797391,293.44294167338677,294.6401062011719,77709700,294.1310180664062,290.8333740234375,284.6484655761719,66.17242451880523,3.307660598358325,3.2457109308405734,0.06194966751775155,298.49162615137993,283.17512189549507,290.8333740234375,1.9441217122084193,-0.007572134954533238,-0.007600949117060077,61162360.0
2020-01-06 00:00:00-05:00,292.8854545477704,295.8464049037738,292.76664728278183,295.76416015625,55653900,294.5248992919922,291.4340881347656,285.10955139160154,68.49370673182023,3.2646483962956268,3.249498423931584,0.015149972364042696,298.6474606384155,284.2207156311157,291.4340881347656,2.025238562835817,0.0038150066179742925,0.003807747935650188,61909605.0
2020-01-07 00:00:00-05:00,295.19755772617054,295.67278681667864,294.4847419794395,294.93255615234375,40496400,294.7076812744141,291.8636276245117,285.5450927734375,64.9430875034773,3.1274066263189866,3.225080064409065,-0.09767343809007833,298.8318579350431,284.8953973139803,291.8636276245117,1.9719656781197235,-0.0028117132362045494,-0.00281567352707605,61488075.0
2020-01-08 00:00:00-05:00,295.12438459091834,297.71976504897265,294.8776503960096,296.50433349609375,68296000,295.0028594970703,292.4167755126953,285.98969970703126,68.28905523280555,3.109625009157071,3.201989053358666,-0.09236404420159516,299.0039228193842,285.8296282060065,292.4167755126953,2.034119176322819,0.005329277188843573,0.005315126842978963,63160950.0
2020-01-09 00:00:00-05:00,298.0670148932862,298.5879260402373,297.4821263305997,298.5148010253906,48473300,295.49818115234376,293.0863632202148,286.44359619140624,71.97376709491411,3.220635396804198,3.205718322047773,0.01491707475642512,299.28270136386084,286.8900250765688,293.0863632202148,2.0376529883100125,0.006780567101975832,0.006757682445918816,62952125.0
2020-01-10 00:00:00-05:00,299.09971858480566,299.25506045062673,297.18973874984056,297.6557922363281,53029300,295.75132141113284,293.67252960205076,286.88194946289065,68.32090569856487,3.202382031909565,3.2050510640201315,-0.0026690321105666825,299.2367479203326,288.1083112837689,293.67252960205076,2.0396293249154525,-0.0028776087018527186,-0.0028817569777610623,62932135.0
2020-01-13 00:00:00-05:00,298.2773104255387,299.71206160755526,297.84779146443003,299.70294189453125,47086800,296.21648864746095,294.23783111572266,287.3443304443359,71.97173735168599,3.314891966257221,3.2270192444675496,0.08787272178967154,299.8404204952261,288.6352417362192,294.23783111572266,2.040817899652001,0.006877573733145237,0.006854031105383145,60466995.0
2020-01-14 00:00:00-05:00,299.264238992548,300.31518120708546,298.6884979136288,299.2459716796875,62832800,296.7986328125,294.7716430664062,287.81230529785154,70.03158432307664,3.3288107641630518,3.2473775484066505,0.08143321575640128,300.14193294081025,289.4013531920022,294.7716430664062,2.011236856352334,-0.0015247438412018255,-0.001525907446042421,59533440.0
2020-01-15 00:00:00-05:00,299.1545348144793,300.6806779375008,299.0722900853066,299.92218017578125,72056600,297.3771026611328,295.2401428222656,288.2426953125,71.26596204056483,3.3557231979468156,3.269046678314684,0.08667651963213174,300.6905452456869,289.78974039884434,295.2401428222656,1.982461927483896,0.0022597079329027547,0.0022571586326587453,58998785.0
2020-01-16 00:00:00-05:00,301.30219453828755,302.4171142578125,301.0737276112458,302.4171142578125,54050300,297.92999572753905,295.8302032470703,288.70061279296874,75.30722671385858,3.537592658902952,3.322755874432338,0.21483678447061383,301.69017521598425,289.97023127815635,295.8302032470703,2.0190670813801357,0.00831860478131019,0.008284195879561633,58646415.0
2020-01-17 00:00:00-05:00,303.1299620038811,303.5686007011989,302.3531687920046,303.3584289550781,95846000,298.8018280029297,296.46642303466797,289.18354064941406,76.64202683020032,3.714859162181483,3.401176531982167,0.31368263019931586,302.6837350616582,290.24911100767775,296.46642303466797,1.9616645690811438,0.00311263699336517,0.0031078027677009816,61032065.0
2020-01-21 00:00:00-05:00,302.398801777143,303.56855126120206,302.3257046358388,302.76434326171875,77742400,299.50184631347656,297.01337280273435,289.6533123779297,73.92594898674699,3.7640171460527654,3.473744654796287,0.29027249125647847,303.42299032663254,290.60375527883616,297.01337280273435,1.9103204302441519,-0.0019583622429932834,-0.001960282341572583,60653660.0
2020-01-22 00:00:00-05:00,303.6233480257216,304.2722140708887,302.64553093599403,302.8008728027344,48914900,300.28867797851564,297.49817962646483,290.10417419433594,73.98699335284695,3.7625504911491134,3.531505822066852,0.2310446690822614,304.11532324053206,290.8810360123976,297.49817962646483,1.8900606234334751,0.00012065337886912886,0.0001206461008356196,55742300.0
2020-01-23 00:00:00-05:00,302.1521113343028,303.5594755373367,301.03719151691797,303.1482238769531,51963000,300.95306701660155,297.97796325683595,290.5481610107422,74.59603596691811,3.7462322518756537,3.5744511080286125,0.17178114384704113,304.77037252465766,291.18555398901424,297.97796325683595,1.9352194375038512,0.0011471270574738845,0.0011464696099667394,55690950.0
2020-01-24 00:00:00-05:00,303.80620806071624,303.88845281451574,299.1637441044687,300.4523010253906,87578400,301.1468170166016,298.32249908447267,290.94895812988284,62.38715623064334,3.475695828367293,3.554700052096349,-0.07900422372905602,304.87883899947076,291.7661591694746,298.32249908447267,2.134468671256935,-0.008893084765876025,-0.008932864261433571,59056370.0
2020-01-27 00:00:00-05:00,295.2066810180619,297.1166611579254,294.8685544324489,295.6361999511719,84062500,300.9448577880859,298.34808959960935,291.241611328125,47.447353165406206,2.8399376236482112,3.4117475664067216,-0.5718099427585104,304.8581305669828,291.8380486322359,298.34808959960935,2.380845665662992,-0.016029503045183024,-0.01615936514887079,61713935.0
2020-01-28 00:00:00-05:00,297.0617985757093,299.61149697791484,295.72755969424713,298.73419189453125,63834000,300.8479827880859,298.53223571777346,291.5944049072266,54.924850003978804,2.556605765020606,3.2407192061294987,-0.6841134411088925,304.8647711270185,292.1997003085284,298.53223571777346,2.4947350485972755,0.01047906834099166,0.010424543486672539,62779195.0
2020-01-29 00:00:00-05:00,300.0957812711259,300.3242481211235,298.28631377909755,298.48736572265625,53888900,300.7721221923828,298.7853775024414,291.93407775878904,54.262395264834375,2.285797169592797,3.0497347988221586,-0.7639376292293614,304.6698785722039,292.9008764326789,298.7853775024414,2.462106426699324,-0.0008262401110152862,-0.0008265816355095939,62987185.0
2020-01-30 00:00:00-05:00,296.4221593516263,299.6664069187532,295.67280891809725,299.4562072753906,75491800,300.72552490234375,299.05131378173826,292.2523876953125,56.481158155738015,2.1248627281555628,2.86476038468884,-0.7398976565332771,304.53892526950114,293.5637022939754,299.05131378173826,2.571498681981939,0.003245837727130496,0.003240581366978539,63907910.0
2020-01-31 00:00:00-05:00,298.8347807041798,298.9901505066073,293.104839444491,294.0187072753906,113845600,299.88568420410155,298.9078399658203,292.45776428222655,43.67539387939225,1.5407988469365819,2.599968077138388,-1.0591692302018063,304.7525931774384,293.0630867542022,298.9078399658203,2.841489335476059,-0.01815791380473697,-0.0183247919138503,66642630.0
2020-02-03 00:00:00-05:00,295.4990298946987,298.06699506215597,295.3802226702437,296.20269775390625,69083000,299.17011108398435,298.98596954345703,292.70845703125,48.70583455954528,1.23986144145357,2.3279467500014244,-1.0880853085478543,304.6390723871408,293.33286669977326,298.98596954345703,2.927689224853865,0.007428066393306176,0.0074006141689459265,66211295.0
2020-02-04 00:00:00-05:00,299.81259553758144,301.5855011806518,299.4927362514343,300.7173156738281,62573200,298.9654083251953,299.23362731933594,293.07053955078123,57.21283286131339,1.3500952576478085,2.132376451530701,-0.7822811938828926,304.7323303486496,293.73492429002226,299.23362731933594,3.1030545249889867,0.015241650242067584,0.015126663213653803,66557260.0
2020-02-05 00:00:00-05:00,303.65082382168174,304.4002020615823,302.1886577494263,304.19000244140625,65951100,299.1043212890625,299.6964996337891,293.51117065429685,62.381087562207625,1.6980985280609389,2.045520866836749,-0.34742233877580997,305.2275049782146,294.16549428936355,299.6964996337891,3.144471086615073,0.01154801066176292,0.011481841315618963,67829995.0
2020-02-06 00:00:00-05:00,305.14958457567815,305.40546643081,304.1351768681348,305.21356201171875,50359700,299.31085510253905,300.1319610595703,293.95972412109376,63.7701726025727,2.033050588517142,2.0430268111728274,-0.00997622265568543,305.95288229533304,294.31103982380756,300.1319610595703,3.0106009777622256,0.003364869200491505,0.0033592206955634822,66933180.0
2020-02-07 00:00:00-05:00,304.15341594950706,305.22262540475447,303.038496381652,303.5868225097656,64139400,299.6243072509766,300.38556213378905,294.3319079589844,59.97951037853869,2.142540355516246,2.062929520041511,0.07961083547473491,306.34291408128666,294.42821018629144,300.38556213378905,2.951567266715099,-0.005329840165787525,-0.005344094435095275,67716485.0
2020-02-10 00:00:00-05:00,302.70035366918944,305.91715735245873,302.66379115886144,305.8531799316406,42070000,300.64600524902346,300.79543151855466,294.7365069580078,63.25648631558929,2.3846985672404912,2.1272833294813074,0.25741523775918385,307.06493793566125,294.5259251014481,300.79543151855466,2.97312433292097,0.007465269418280185,0.007437542203117275,67168520.0
2020-02-11 00:00:00-05:00,307.20577615157714,307.9916890041701,305.85324188570775,306.38330078125,54864500,301.4109161376953,301.12944946289065,295.1262445068359,63.99905381321867,2.5895364525517834,2.219733954095403,0.3698024984563806,307.82770211781957,294.4311968079617,301.12944946289065,2.91350895717872,0.0017332526989841668,0.0017317523499307556,67557405.0
2020-02-12 00:00:00-05:00,307.81800184241695,308.5673799444257,307.4524603916157,308.3572082519531,43992700,302.397900390625,301.5850112915039,295.5767395019531,66.69781565545907,2.877974292523561,2.351382021781035,0.5265922707425261,308.91815822996864,294.2518643530392,301.5850112915039,2.8614068290356456,0.006442607889104446,0.006421943000591326,66615400.0
2020-02-13 00:00:00-05:00,306.93157642101494,308.9969262404168,306.65742728084103,308.0282287597656,54501900,303.2551025390625,301.9903137207031,296.06921752929685,65.81232376139293,3.0449175490502967,2.4900891272348873,0.5548284218154094,309.79210662935145,294.1885208120548,301.9903137207031,2.8241276955027987,-0.0010668779045330812,-0.0010674474238724385,65737665.0
2020-02-14 00:00:00-05:00,308.4394837726626,308.6405357740244,307.24231936560784,308.521728515625,64582200,304.7054046630859,302.29554443359376,296.60957763671877,66.53016653045849,3.180381134556569,2.6281475286992237,0.5522336058573454,310.6016117064996,293.9894771606879,302.29554443359376,2.722276889282352,0.0016021250969315837,0.0016008430636542715,66264260.0
2020-02-18 00:00:00-05:00,307.52557156291806,308.58566124480814,306.33752704004746,307.72662353515625,57226200,305.85779724121096,302.51395416259766,297.099296875,64.19154579185562,3.1868427357613314,2.7398865701116453,0.4469561656496861,311.14374683933255,293.88416148586276,302.51395416259766,2.688409554673661,-0.002577144191088898,-0.0025804707437460947,64333270.0
2020-02-19 00:00:00-05:00,308.69538196134926,309.87425122864335,308.4120852020123,309.197998046875,48814700,306.70586547851565,302.8356369018555,297.60825927734373,66.53580185182742,3.272962552617173,2.846501766612751,0.42646078600442205,311.9450908972209,293.72618290649007,302.8356369018555,2.6497822788746204,0.0047814339065486156,0.004770039159165726,62886885.0
2020-02-20 00:00:00-05:00,308.64963919276863,309.4721423570291,304.9393389090685,307.9277038574219,74163400,307.0796356201172,303.0919784545898,298.03997802734375,62.71829783090581,3.201802615637689,2.917561936417739,0.2842406792199501,312.46773952207246,293.7162173871072,303.0919784545898,2.78428379095219,-0.00410835192167236,-0.004116814385233467,64149310.0
2020-02-21 00:00:00-05:00,306.57514878327885,306.8858604042742,303.93405817128195,304.7565612792969,113788200,307.033935546875,303.17239532470705,298.42628173828126,54.3369225549631,2.856594110454182,2.905368371225028,-0.04877426077084568,312.57625424480364,293.7685364046105,303.17239532470705,2.8706667834655994,-0.01029833476624542,-0.010351729516741646,67240570.0
2020-02-24 00:00:00-05:00,295.3072473908234,304.8297340268577,293.5708763000979,294.6492614746094,161088400,306.1401794433594,302.88224334716796,298.61680603027344,37.25033681983448,1.747297501056721,2.6737541971913665,-0.9264566961346454,312.9393199320758,292.8251667622601,302.88224334716796,3.469823279415185,-0.033165158978889275,-0.03372759333719598,70916070.0
2020-02-25 00:00:00-05:00,296.0383078861717,296.6505836333486,284.8434284508616,285.7207336425781,218913200,304.12693481445314,302.38647003173827,298.6125714111328,28.672843195497194,0.14603101420368603,2.1682095605938305,-2.0221785463901445,314.57515654023246,290.1977835232441,302.38647003173827,4.065346986777458,-0.030302223692492247,-0.030770826849982277,77658605.0
2020-02-26 00:00:00-05:00,287.11892786401404,290.7104209886197,283.93868633219154,284.6697692871094,194773800,301.95558166503906,301.68324890136716,298.5380285644531,27.85964102443306,-1.1940242846411593,1.4957627915468326,-2.689787076187992,316.06012161090274,287.3063761918316,301.68324890136716,4.258660391752509,-0.0036782922333646884,-0.003685073785035024,84205595.0
2020-02-27 00:00:00-05:00,279.1500278323521,284.7246265399028,271.8847961425781,271.8847961425781,284353500,298.30834045410154,300.3531204223633,298.2043298339844,20.31243411920093,-3.2502019430190217,0.5465698446336618,-3.796771787652683,319.7222795504391,280.9839612942875,300.3531204223633,4.871601106436233,-0.04491159414836465,-0.04595137121349736,95728825.0
2020-02-28 00:00:00-05:00,263.833535145683,272.2319789613865,260.9457107535948,270.74237060546875,384975800,294.5797546386719,298.9174285888672,297.8081335449219,19.79636374213068,-4.915261667580012,-0.545796457809073,-4.369465209770938,322.20085384098064,275.6340033367538,298.9174285888672,5.3297916136759085,-0.004201873563059677,-0.0042107262410382325,111203025.0
2020-03-02 00:00:00-05:00,272.5244617816566,282.53132361972916,269.0974581232793,282.46734619140625,238703600,291.97431640625,298.339860534668,297.6451623535156,37.380634169599745,-5.228455574069187,-1.482328281061096,-3.746127293008091,322.631939492984,274.047781576352,298.339860534668,5.908654033874049,0.04330676266044575,0.0423952484610458,117445925.0
2020-03-03 00:00:00-05:00,282.84206278668677,286.8082453931347,271.9396274475978,274.379638671875,300139100,288.6396179199219,297.2487075805664,297.3200744628906,32.145283990141536,-6.059425125451298,-2.3977476499391366,-3.6616774755121617,323.6919977395583,270.80541742157453,297.2487075805664,6.548651456135683,-0.02863236274415537,-0.02905026519490991,128998730.0
2020-03-04 00:00:00-05:00,279.7530793720431,286.13188375797836,277.203381559532,285.91253662109375,176613400,286.3110717773437,296.5084686279297,297.2018182373047,44.156099833019056,-5.721413112773632,-3.062480742506036,-2.658932370267596,323.34782938015667,269.6691078757027,296.5084686279297,6.920336715419088,0.04203263042783845,0.04117325803072901,134700740.0
2020-03-05 00:00:00-05:00,278.7114427448358,281.9008327977847,274.1695181571032,276.4084777832031,186366800,283.1591491699219,295.11939239501953,296.8678930664062,38.161344188191016,-6.1495461370570865,-3.6798938214162464,-2.46965231564084,323.0771084768267,267.16167631321235,295.11939239501953,7.264813983174193,-0.033241140630660415,-0.03380618446189287,140721525.0
2020-03-06 00:00:00-05:00,267.9003132173233,273.0453928793516,265.231835125878,271.8390808105469,228667200,279.8674011230469,293.45066833496094,296.4336236572266,35.65502714764959,-6.779407995644249,-4.299796656261847,-2.4796113393824015,322.75103451015326,264.1503021597686,293.45066833496094,7.5442303170421185,-0.01653131991211998,-0.016669487020666927,149636900.0
2020-03-09 00:00:00-04:00,251.5876801885311,259.71197463610093,249.89704783579214,250.60986328125,309417300,275.4634613037109,290.8018203735352,295.57458923339846,26.83647031157173,-8.889130132251694,-5.217663351459817,-3.671466780791877,325.1087361070762,256.49490463999416,290.8018203735352,8.572644792593021,-0.07809479588437906,-0.08131287620423726,161900795.0
2020-03-10 00:00:00-04:00,260.12339991297733,263.66918431263923,249.9428970451321,263.57781982421875,276444100,273.249169921875,288.68805236816405,294.94365783691404,37.07468815592732,-9.40626484403208,-6.05538364997427,-3.35088119405781,324.21287415094747,253.16323058538063,288.68805236816405,8.940762112229743,0.051745595217915774,0.05045125542925102,173619500.0
2020-03-11 00:00:00-04:00,256.5226437962952,257.6558306839711,247.54845736466214,250.72869873046875,255316300,269.8550628662109,285.905322265625,294.0572064208984,32.25794998148059,-10.729234579041986,-6.9901538357878135,-3.7390807432541724,324.07070917369094,247.73993535755906,285.905322265625,9.447090708467377,-0.04874887083563839,-0.04997718277476558,183642090.0
2020-03-12 00:00:00-04:00,233.95009968243195,243.69193139870373,226.34671474938688,226.73968505859375,392220700,265.3405517578125,281.824446105957,292.7235095214844,25.57687107879856,-13.55713236144669,-8.303549540919589,-5.253582820527102,326.4257874005232,237.22310481139084,281.824446105957,10.513868799368412,-0.09567717534267184,-0.10056887541563818,201053490.0
2020-03-13 00:00:00-04:00,240.42941305337604,248.09677526977262,227.11436995312613,246.12281799316406,329566100,262.878596496582,278.72917556762695,291.7632162475586,36.941377574562885,-14.071991730527941,-9.45723797884126,-4.614753751686681,324.21049537433197,233.24785576092194,278.72917556762695,11.28838461449773,0.08548628322193075,0.08202807388781233,214806700.0
2020-03-16 00:00:00-04:00,220.40660915986865,234.7726107780124,216.91564173418007,219.19117736816406,297240000,256.5509796142578,274.2626480102539,290.2092761230469,30.070569346273544,-16.46339998430355,-10.858470379933717,-5.604929604369833,324.46410597080194,224.0611900497058,274.2626480102539,12.568298303389605,-0.10942358308991895,-0.11588636644729117,226439590.0
2020-03-17 00:00:00-04:00,223.93413457519435,234.10550046036911,216.65062185131984,231.0257568359375,262070500,252.21559143066406,270.42760467529297,288.9369891357422,35.727664992250766,-17.20532432833045,-12.127841169613063,-5.077483158717385,321.5282345338205,219.3269748167654,270.42760467529297,12.917339753793868,0.05399204297304139,0.052584900729233205,236681805.0
2020-03-18 00:00:00-04:00,215.90124320983887,226.97731522464503,208.38011597518343,219.3282470703125,327597100,245.55716247558593,265.93411712646486,287.40827087402346,32.89503918946198,-18.523666695087,-13.407006274707852,-5.11666042037915,318.39466267855795,213.47357157437176,265.93411712646486,13.612218404291026,-0.050632924769215104,-0.051959753020951065,250620925.0
2020-03-19 00:00:00-04:00,218.64284326233184,226.0725919909202,212.21835456333,219.7943115234375,289322000,239.89574584960937,261.52744750976564,285.9055059814453,33.12254973290773,-19.308281166284218,-14.587261253023126,-4.721019913261092,313.94421923496077,209.11067578457053,261.52744750976564,13.629505477383825,0.0021249631971735905,0.0021227086561917286,261378855.0
2020-03-20 00:00:00-04:00,222.94363004147445,224.72696071707477,210.0466734873275,210.32244873046875,347158800,233.74408264160155,256.80574188232424,284.18186828613284,30.834537016421123,-20.458560405934463,-15.761521083605395,-4.6970393223290685,309.8055443961082,203.80593936854027,256.80574188232424,13.704561316838356,-0.04309421261777624,-0.04405033816188734,273047385.0
2020-03-23 00:00:00-04:00,209.76171566084122,211.13137648969655,200.6336404665036,204.94488525390625,326025200,229.17758483886718,252.32052307128907,282.31046997070314,29.585022219878155,-21.555609769535067,-16.92033882079133,-4.635270948743738,306.9098408027736,197.73120533980455,252.32052307128907,13.475502367292254,-0.025568185940312627,-0.02590073266244886,281294225.0
2020-03-24 00:00:00-04:00,215.4885612758454,224.38682507267387,214.91863611227424,223.51353454589844,235494500,225.17115631103516,249.21016311645508,280.8276248168945,38.806282126273075,-20.688213632031506,-17.673913783039364,-3.0142998489921418,302.9144456136036,195.50588061930654,249.21016311645508,13.901676470969067,0.09060313590645341,0.08673087890130125,282123290.0
2020-03-25 00:00:00-04:00,225.09466188292848,235.6475644145072,220.38814988584195,226.85960388183594,299430300,222.78424682617188,246.3196548461914,279.3707580566406,40.32288659099861,-19.505943735313963,-18.040319773494286,-1.4656239618196771,298.27312029322525,194.36618939915758,246.3196548461914,13.998657760804507,0.014970320892359057,0.014859371566100036,287356115.0
2020-03-26 00:00:00-04:00,229.36911860691484,241.57662927963491,228.93707402575518,240.10586547851562,257632800,224.12086486816406,244.73070831298827,278.1879559326172,46.02577626721721,-17.300692107833612,-17.89239424036215,0.591702132528539,295.3871048821773,194.07431174379923,244.73070831298827,14.04996973487554,0.05838968846820003,0.0567485912052012,286020080.0
2020-03-27 00:00:00-04:00,232.8162667433577,239.74734053233655,230.77554977075565,232.9541473388672,224341200,222.8039978027344,242.8412971496582,276.8485952758789,43.60304244940941,-15.946279406755878,-17.5031712736409,1.556891866885021,292.28022086195506,193.40237343736135,242.8412971496582,13.712851590081572,-0.02978568693186867,-0.030238290581292817,277988350.0
2020-03-30 00:00:00-04:00,235.05003225521446,241.2365231887897,233.05528002333395,240.51951599121094,171369500,224.93683166503905,240.74390563964843,275.6106433105469,46.79364339378823,-14.099900681146124,-16.822517155141945,2.7226164739958207,286.7182936645368,194.76951761476005,240.74390563964843,13.324960465784496,0.03247578434969345,0.03195959216367466,274621645.0
2020-03-31 00:00:00-04:00,239.5175449357564,242.06383359967347,235.52804049293425,236.93447875976562,194881100,225.52770385742187,238.87164764404298,274.28216430664065,45.48056421314214,-12.778610909673773,-16.01373590604831,3.2351249963745374,282.18738143168827,195.5559138563977,238.87164764404298,12.840019940138404,-0.014905390178717615,-0.015017591842627654,269358745.0
2020-04-01 00:00:00-04:00,227.95348423990177,236.85174851191033,224.20297754937033,226.27127075195312,189554600,226.22200622558594,235.88958435058595,272.75230285644534,41.72972481263565,-12.448413455044573,-15.300671415847564,2.8522579608029908,273.70316445128145,198.07600424989047,235.88958435058595,12.83226860229961,-0.045004880942736136,-0.046049049449269915,270005805.0
2020-04-02 00:00:00-04:00,225.38882134558207,232.27393107275833,224.83727084545978,231.49258422851562,177660400,227.39183349609374,233.64378967285157,271.3261370849609,44.15822644231166,-11.63133444881396,-14.566804022440843,2.935469573626884,266.5862097738018,200.70136957190135,233.64378967285157,12.446868004085248,0.02307545920085574,0.02281324690884125,269570485.0
2020-04-03 00:00:00-04:00,230.50895788891833,232.8622275477319,225.41636693712175,228.14651489257812,135561200,229.1742401123047,231.45916137695312,269.82610290527344,42.923622807481415,-11.125544924305615,-13.878552202813799,2.753007278508184,259.3944543220044,203.5238684319019,231.45916137695312,12.089653190265597,-0.014454326245865623,-0.014559807695527073,264915185.0
2020-04-06 00:00:00-04:00,237.0172704456677,245.4375275667559,228.128205119222,243.4703369140625,188061200,233.02678527832032,231.10218505859376,268.68646362304685,49.84016282069421,-9.380071090862373,-12.978855980423514,3.5987848895611414,258.21997727015764,203.98439284702988,231.10218505859376,12.462486708641904,0.06716658384503282,0.06500708369970457,258847380.0
2020-04-07 00:00:00-04:00,252.06523798355965,252.81902284832933,243.4979273640559,243.71853637695312,201427200,235.0472854614258,230.10922088623047,267.6481103515625,49.94596388062282,-7.885839827268967,-11.960252749792605,4.0744129225236385,253.61096202323483,206.60747974922612,230.10922088623047,12.240072367615113,0.0010194238281200363,0.001018904568516479,255096535.0
2020-04-08 00:00:00-04:00,246.31991721822396,253.7106259149399,243.82878088383262,251.89971923828125,153774500,237.55129699707032,230.1677719116211,266.7114208984375,53.43266880639847,-5.972648724948613,-10.762731944823807,4.790083219875195,253.87959836916767,206.4559454540745,230.1677719116211,12.079502165498804,0.03356816015288433,0.03301704876607662,250019445.0
2020-04-09 00:00:00-04:00,255.16303317810022,258.49071084159345,253.22344715493466,255.7329864501953,189999200,239.11400909423827,231.61743698120117,265.8563333129883,55.01388853914388,-4.099857756368891,-9.430157107132823,5.330299350763932,257.73659243621637,205.49828152618593,231.61743698120117,11.68746569677119,0.01521743344337767,0.01510280969315133,239908370.0
2020-04-13 00:00:00-04:00,254.75854323137895,255.0986580184009,249.49128056839425,253.39805603027344,114839100,241.1583999633789,231.98119888305663,264.93517028808594,53.815202660963955,-2.772111614981185,-8.098548008702496,5.326436393721311,259.08246911841655,204.87992864769672,231.98119888305663,11.298482852844753,-0.00913034510069588,-0.009172282163268016,229172020.0
2020-04-14 00:00:00-04:00,258.2885455898214,261.89195738074227,253.26029231760305,260.8716125488281,134143400,243.19360961914063,234.06522064208986,264.2722283935547,57.04160936815014,-1.1040825042658469,-6.699654907815167,5.59557240354932,263.2426182622874,204.8878230218923,234.06522064208986,11.107995867865785,0.029493345906575597,0.0290667840423573,221017190.0
2020-04-15 00:00:00-04:00,255.15387885192655,261.0094429241634,253.21426463121037,255.3285369873047,121775000,245.03301544189452,235.2803596496582,263.45474517822265,54.026947160515775,-0.22682261896349587,-5.405088450044833,5.178265831081337,265.84164785892403,204.71907144039238,235.2803596496582,10.871366041086304,-0.021248289560390266,-0.02147728410306016,214002415.0
2020-04-16 00:00:00-04:00,256.60628411021946,257.4152211975013,253.49006970924398,256.5603332519531,131798300,248.06192169189453,237.14196395874023,262.57160552978513,54.60114891610966,0.561337080022696,-4.211803344031327,4.773140424054023,268.12266005727054,206.1612678602099,237.14196395874023,10.375207858741376,0.00482435797887204,0.004812758057074236,204212475.0
2020-04-17 00:00:00-04:00,262.3331711725406,264.09809932728353,259.5938211171872,263.4914245605469,146684800,251.26180572509764,239.3268196105957,261.757633972168,57.79539542191731,1.725351682705707,-3.02437233868392,4.749724021389627,271.2545467403138,207.3990924808776,239.3268196105957,10.172533445640592,0.02701544397273259,0.02665696878148537,197080615.0
2020-04-20 00:00:00-04:00,259.7867982566206,263.6292486240073,258.62857317015494,258.84918212890625,100109300,254.33207244873046,241.75315628051757,260.8303463745117,55.00395499257242,2.247345474503618,-1.9700287760464128,4.217374250550031,271.8165084348497,211.68980412618544,241.75315628051757,9.803115017655717,-0.017618191709210196,-0.017775239380022317,184728140.0
2020-04-21 00:00:00-04:00,254.38175000112426,255.58595430937598,250.05210166382398,250.98974609375,126385700,255.08401336669922,244.05539932250977,259.7784048461914,50.55227365950516,2.00374063650375,-1.1752748935363804,3.17901553004013,269.1292304166939,218.98156822832567,244.05539932250977,9.731255406757613,-0.030362993502688673,-0.03083349762839056,174746165.0
2020-04-22 00:00:00-04:00,255.87090205979615,258.3068866614787,254.5471919266126,256.5603332519531,92951600,256.3681930541992,245.7077392578125,258.7925479125977,53.429258518910366,2.2344248172265395,-0.49333495138379646,2.727759768610336,269.47025447628897,221.94522403933607,245.7077392578125,9.558818632541263,0.022194481029206736,0.021951768226927598,167619020.0
2020-04-23 00:00:00-04:00,257.83803449166567,261.00942882801934,256.2385632888214,256.5419006347656,104709700,256.83241119384763,247.19185409545898,257.795719909668,53.41818333167858,2.3882263475644834,0.08297730840585954,2.305249039158624,269.736745118065,224.6469630728529,247.19185409545898,9.21682198301674,-7.184515608416042e-05,-7.184773707100848e-05,157882990.0
2020-04-24 00:00:00-04:00,258.0586753592096,260.78882372538203,256.00875672334155,260.1177673339844,85063200,257.27088928222656,248.19244918823242,256.83093109130857,55.351733872217785,2.766764190957076,0.6197346849161028,2.1470295060409734,271.1628855954177,225.2220127810471,248.19244918823242,8.899910912947007,0.013938723812254139,0.013842473177585567,149254510.0
2020-04-27 00:00:00-04:00,262.09406566675983,264.9896700484018,261.6344450330701,263.8681945800781,77896600,258.31790313720705,249.73815155029297,255.94773040771486,57.35127027295549,3.3309887295888814,1.1619854938506586,2.1690032357382227,272.5589489867488,226.91735411383712,249.73815155029297,8.612196041623466,0.014418189439855844,0.014315235770203641,141932280.0
2020-04-28 00:00:00-04:00,267.51761283020494,267.86692903854635,262.3514808302591,262.65484619140625,105270000,258.49622650146483,250.84491806030275,255.03039276123047,56.47015415469089,3.638293682074817,1.6572471314954904,1.9810465505793267,273.9156921908159,227.7741439297896,250.84491806030275,8.390999767813735,-0.004598312390785897,-0.004608917151029124,138627305.0
2020-04-29 00:00:00-04:00,267.98647324976343,271.06593788395355,266.9569272587203,269.5307922363281,118745600,259.9164520263672,252.47473373413087,254.2664761352539,60.201680124191704,4.386106150630781,2.2030189353225484,2.183087215308232,275.9857468321707,228.96372063609104,252.47473373413087,8.392434905294705,0.026178637647946257,0.02584184236103597,134820530.0
2020-04-30 00:00:00-04:00,268.1519197995434,269.63191314520935,265.2838909183048,267.0212707519531,122901700,260.96254577636716,254.51223373413086,253.42294158935547,58.23940713466791,4.721825246607665,2.7067801975795716,2.0150450490280933,275.5159992366951,233.50846823156658,254.51223373413086,8.103548285409694,-0.009310704218813748,-0.009354319764071148,131487885.0
2020-05-01 00:00:00-04:00,262.26877941171466,267.18672684650835,258.78484641412496,259.9523010253906,125180000,260.60863342285154,255.93521957397462,252.46343353271484,52.99896324595687,4.367136637101851,3.038851485484028,1.328285151617823,274.18341466936806,237.68702447858118,255.93521957397462,8.124857724479243,-0.026473433021480752,-0.02683016437428207,128863865.0
2020-05-04 00:00:00-04:00,258.06784244223917,260.9726488665371,256.58787713450204,260.6693115234375,80873200,260.7906463623047,257.5613594055176,251.58168853759764,53.456435590984384,4.096676180642589,3.2504164245157403,0.846259756126849,270.69373181022206,244.4289870008131,257.5613594055176,7.857708725018945,0.002758238704633875,0.002754441744603615,126129465.0
2020-05-05 00:00:00-04:00,263.4913676039255,265.8905741855777,260.79796898937275,263.07769775390625,79569900,261.9994415283203,258.54172744750974,250.9502572631836,55.03941288665536,4.03021317267752,3.4063757741480964,0.6238373985294237,270.1602184755499,246.92323641946956,258.54172744750974,7.669391149099034,0.009239239618938466,0.009196818934292644,120704900.0
2020-05-06 00:00:00-04:00,264.77830538088773,265.1643710660051,260.8623279708527,261.29437255859375,73632600,262.47284545898435,259.4205192565918,250.4617300415039,53.58610923498828,3.789953100455648,3.4830912394096067,0.3068618610460412,268.8793905376952,249.96164797548835,259.4205192565918,7.428866288102848,-0.006778701541552579,-0.0068017812985024335,114315170.0
2020-05-07 00:00:00-04:00,264.51171080796263,266.3777697134358,263.9417856328459,264.4473571777344,75250400,263.2633911132813,260.04790115356445,250.0572817993164,55.80790021772343,3.8100449439687623,3.548481980321438,0.26156296364732423,269.08322887578305,251.01257343134583,260.04790115356445,7.261332778584219,0.012066791137775423,0.011994567835425287,110388965.0
2020-05-08 00:00:00-04:00,267.5819556045888,269.29175906737254,266.45127866866704,268.82293701171875,76452400,264.1339080810547,260.7023986816406,249.9960446166992,58.75835933503357,4.131416204771654,3.6650688252114816,0.466347379560172,270.2731996969042,251.131597666377,260.7023986816406,7.088694857945215,0.016546128048629205,0.016410732346994042,104711625.0
2020-05-11 00:00:00-04:00,266.892578270506,270.2570055839343,266.4697350281808,268.8781433105469,79514200,264.63490295410156,261.4764030456543,249.9587600708008,58.79573808780148,4.340525060238576,3.8001600722169004,0.5403649880216759,271.06294448589364,251.88986160541498,261.4764030456543,6.852878836360091,0.00020536305213325612,0.0002053419680282134,102945380.0
2020-05-12 00:00:00-04:00,270.0639145922281,270.4775563533977,263.38101225836226,263.5189208984375,95870800,264.7213104248047,261.60876846313477,249.57979156494142,53.706919728965374,4.027375793781005,3.8456032165297214,0.18177257725128326,271.23128974901533,251.9862471772542,261.60876846313477,6.870283497694044,-0.019931788973712283,-0.0201331066516533,101031750.0
2020-05-13 00:00:00-04:00,262.9581454558485,263.99689253994427,256.4315270763484,258.85833740234375,144721100,263.65406494140626,261.7852584838867,249.2693655395508,49.679975018431385,3.3643504680214846,3.749352666828074,-0.3850021988065895,271.0638916652101,252.5066253025633,261.7852584838867,6.919932209544174,-0.017685953935315246,-0.017844219243731703,102179055.0
2020-05-14 00:00:00-04:00,256.42238447612806,262.08488647615417,250.94368586031882,261.9562072753906,121977900,263.14755859375,262.05505218505857,248.7902389526367,52.24320826281314,3.0536695278202615,3.6102160390265117,-0.5565465112062502,271.0187431162985,253.09136125381866,262.05505218505857,7.221451381422114,0.011967433246053316,0.011896389760563768,101688035.0
2020-05-15 00:00:00-04:00,259.56619361268525,263.2063817576998,258.61937607827673,263.1604309082031,111146300,263.46837158203124,262.0385025024414,248.5252780151367,53.240328180985856,2.8715223057465664,3.462477292370523,-0.5909549866239567,270.9927416575521,253.08426334733076,262.0385025024414,7.033276688422181,0.004597041793121148,0.004586507668035518,99911110.0
2020-05-18 00:00:00-04:00,269.383676574657,272.78488091937567,269.0619645324173,271.17620849609375,119703800,264.51906127929686,262.6548538208008,248.51202056884765,59.32775299582873,3.3355257164806744,3.4370869771925534,-0.10156126071187899,272.31528985302117,252.99441778858042,262.6548538208008,7.218360497190064,0.03045966128048616,0.030004975779177195,100890835.0
2020-05-19 00:00:00-04:00,270.5786678061945,272.2884430673774,268.3724944146935,268.390869140625,95189300,265.0503784179688,263.52490997314453,248.86764068603514,56.571754692034816,3.4388571499075624,3.4374410117355554,0.001416138172007031,271.8712540945435,255.1785658517456,263.52490997314453,6.982473936868194,-0.010271326422461091,-0.010324440510145715,99331015.0
2020-05-20 00:00:00-04:00,271.9299425834225,273.814375850398,271.70013227998567,272.9502868652344,85861700,266.2159698486328,264.3444076538086,249.05509002685548,59.858951518633724,3.8443398048415247,3.51882077035675,0.3255190344847749,273.00706512879134,255.6817501788259,264.3444076538086,6.871119134932823,0.016987976301907848,0.016845294284545738,98976520.0
2020-05-21 00:00:00-04:00,272.82173390080567,273.63067103163144,269.9720792092253,271.06597900390625,78293900,266.87783203125,265.07061157226565,249.4618356323242,57.90811874461908,3.9679003483466317,3.608636685954726,0.35926366239190566,273.4247858061798,256.7164373383515,265.07061157226565,6.641652898323776,-0.006903483718478265,-0.006927423002124944,97655730.0
2020-05-22 00:00:00-04:00,270.78092249867296,271.75531605411203,269.53994110545716,271.5806579589844,63958200,267.1536041259766,265.6437561035156,250.35865509033204,58.3078010967748,4.060545815049522,3.699018511773686,0.3615273032758366,274.13188051928023,257.155631687751,265.6437561035156,6.32549018763314,0.0018987220637920466,0.0018969217695330263,96600480.0
2020-05-26 00:00:00-04:00,277.5466019109484,277.7856136973342,271.59910780063615,274.9267578125,88951400,267.7584655761719,266.1966842651367,250.93473388671876,60.90679400070418,4.35378261271768,3.829971331962485,0.5238112807551949,275.54706598413327,256.8463025461401,266.1966842651367,6.316880584112904,0.012320832708273999,0.012245548990259134,97153220.0
2020-05-27 00:00:00-04:00,277.7212306525081,279.0541420158943,272.8952128963509,279.0173645019531,104817400,269.3083099365234,267.0148101806641,252.13125762939453,63.87182871658799,4.860226989391663,4.036022463448321,0.8242045259433421,277.7440861671951,256.28553419413305,267.0148101806641,6.3055983366436505,0.014878896190391622,0.014769291277121085,97130590.0
2020-05-28 00:00:00-04:00,280.0468515835098,282.0599922398802,277.83147672252164,278.5025329589844,90405200,271.2727294921875,267.46339721679686,253.08079315185546,63.22191123020948,5.160557509119997,4.2609294725826565,0.8996280365373401,279.2718672135674,255.65492722002628,267.46339721679686,6.157235278123288,-0.0018451595078597949,-0.001846863911585041,95713570.0
2020-05-29 00:00:00-04:00,278.03375713092686,280.3318607230198,275.28523421175083,279.7435607910156,119090800,273.05146484375,268.09951171875,254.28909942626953,64.16840141077594,5.436048797398314,4.495953337545789,0.9400954598525253,281.0587858244237,255.14023761307638,268.09951171875,6.0779060804908385,0.004456073770122693,0.004446174869327726,95523025.0
2020-06-01 00:00:00-04:00,279.1001076480142,281.4809398340968,278.5853346376734,280.8742370605469,55758300,274.8228454589844,269.14560852050784,255.5106979370117,65.05088091762266,5.680136673847983,4.732790004806228,0.9473466690417549,282.67072679602273,255.62049024499294,269.14560852050784,5.85059887448602,0.004041831262654005,0.004033685005828996,92051940.0
2020-06-02 00:00:00-04:00,281.7934214913829,283.24583851794176,280.4605383804992,283.1998596191406,74267200,276.02521057128905,270.27213592529296,256.96824615478516,66.85885259402662,5.992162460084103,4.984664495861804,1.0074979642222992,284.51950203359235,256.02476981699357,270.27213592529296,5.631648964697201,0.00827994259257192,0.008245851917851103,91721640.0
2020-06-03 00:00:00-04:00,285.18541958591584,287.92476883249293,284.909658409725,286.96875,92567600,277.88299865722655,271.46668853759763,258.60872344970704,69.60321811387432,6.46899257985234,5.281530112659911,1.1874624671924296,287.04497513918596,255.8884019360093,271.46668853759763,5.5668818396011375,0.01330823534279979,0.013220458689478763,92371525.0
2020-06-04 00:00:00-04:00,285.98518598186917,287.7225657388418,284.119127013096,286.2149963378906,75794400,279.2094696044922,272.7127197265625,259.86275268554687,68.38359139022671,6.708728221099648,5.566969734347858,1.1417584867517894,288.814892023021,256.610547430104,272.7127197265625,5.426635902897187,-0.0026266053781444088,-0.002630060958340659,92479615.0
2020-06-05 00:00:00-04:00,291.6109209590687,295.32463552707304,291.5465673368315,293.5505065917969,150524700,281.4579223632812,274.1678771972656,261.1965707397461,73.28898231824351,7.405271456336095,5.934630078745506,1.4706413775905887,292.16758409160536,256.1681703029259,274.1678771972656,5.689707566203275,0.02562937074494287,0.025306444396043848,96243330.0
2020-06-08 00:00:00-04:00,294.3594665924078,297.291848746868,293.8171175615824,297.09881591796875,73641200,284.0097381591797,275.5816711425781,262.3364297485352,75.28641718500769,8.14966167000415,6.377636396997235,1.772025273006915,295.9641662795345,255.19917600562172,275.5816711425781,5.550538608265266,0.01208755987979293,0.012015088742843039,96102770.0
2020-06-09 00:00:00-04:00,294.433066953884,297.17241696231423,293.5689776241452,294.8835144042969,77479200,286.0054138183594,276.88193969726564,263.57501708984375,71.68236893992972,8.463280529536576,6.794765223505103,1.6685153060314724,298.65825913678174,255.10562025774954,276.88193969726564,5.411460088972679,-0.007456446794737559,-0.007484385060909969,96001020.0
2020-06-10 00:00:00-04:00,295.4626446212481,296.35431008693706,292.52106030785467,293.2380676269531,95000800,287.4274841308594,278.3678970336914,264.62938812255857,69.03872825262071,8.48128495827632,7.132069170459347,1.3492157878169726,300.34894208155106,256.38685198583175,278.3678970336914,5.298730781123373,-0.005579989036239463,-0.005595615331878294,95957520.0
2020-06-11 00:00:00-04:00,286.306935800571,286.94121464894255,275.7816379696527,276.3331604003906,209243600,287.210546875,279.24163818359375,265.4173617553711,49.031762839201285,7.0501985643349485,7.115695049234468,-0.0654964848995192,299.36168028691617,259.12159608027133,279.24163818359375,6.167137843707448,-0.05764908820797543,-0.05937755594738433,99183645.0
2020-06-12 00:00:00-04:00,283.3469055073033,284.11906476800726,274.4854347080679,279.6423645019531,194678900,287.20042724609374,280.1259460449219,266.4847836303711,51.9662383079732,6.1126149810087895,6.915079035589333,-0.8024640545805433,298.6181872461672,261.6337048436765,280.1259460449219,6.414744430581158,0.011975414375776205,0.011904276475084694,102818695.0
2020-06-15 00:00:00-04:00,273.95230329940716,283.38372874328377,272.7756754665918,282.2530517578125,135782700,287.3383087158203,281.08057708740233,267.499992980957,54.20626363412826,5.516641470539639,6.635391522579394,-1.118750052039755,297.8632132899745,264.29794088483015,281.08057708740233,6.7142664910176455,0.009335807399958984,0.009292498092951424,104050515.0
2020-06-16 00:00:00-04:00,290.0022973807095,290.14937937635153,282.82302403325144,287.685791015625,137627500,287.7869018554687,281.9060562133789,268.69077850341796,58.53929387287096,5.4202238578831725,6.39235798964015,-0.9721341317569774,298.27791259948293,265.5341998272749,281.9060562133789,6.798699428697745,0.01924776091517355,0.01906486591831883,104946700.0
2020-06-17 00:00:00-04:00,288.7061588750805,289.0003228615567,285.75537372521586,286.49078369140625,83398900,287.7391052246094,282.811051940918,269.55118743896486,57.25595112009444,5.187585840817178,6.151403559875556,-0.9638177190583779,298.05682189021906,267.5652819916169,282.811051940918,6.544860122100823,-0.004153862865454605,-0.004162514119533886,104357180.0
2020-06-18 00:00:00-04:00,284.9740877759043,287.0791307706854,284.5144669914152,286.60113525390625,80828700,287.77771911621096,283.49359436035155,270.4088394165039,57.348937136869225,4.955004774417091,5.912123802783864,-0.9571190283667725,298.1221983080297,268.8649904126734,283.49359436035155,6.260560383327209,0.00038518363864326055,0.000385109474469461,104105530.0
2020-06-19 00:00:00-04:00,290.0689386157883,290.26282089573067,283.01501607269654,284.9631652832031,135549600,286.9189849853516,284.1884536743164,271.07010833740236,55.421705120632666,4.5856515791538754,5.646829358057866,-1.061177778903991,297.66463780199587,270.71226954663695,284.1884536743164,6.331077843306275,-0.005715155207783873,-0.005731549199954622,106968315.0
2020-06-22 00:00:00-04:00,284.36307218217655,287.18832733403883,283.21820564851276,286.79132080078125,74649400,285.8882354736328,284.94898681640626,271.69127502441404,57.152424920937015,4.389849925245642,5.395433471495422,-1.0055835462497802,297.14970715981025,272.7482664730023,284.94898681640626,6.162438117750546,0.0064154099206514825,0.006394918771148443,107502875.0
2020-06-23 00:00:00-04:00,289.44113788217754,290.37366646344435,287.70535438204575,288.1116027832031,68471200,285.21104431152344,285.6082290649414,272.38554595947267,58.408305000043384,4.291738930892507,5.174694563374839,-0.8829556324823322,296.96739226643996,274.2490658634428,285.6082290649414,5.978145799530014,0.004603632978624983,0.004593068670713468,106478865.0
2020-06-24 00:00:00-04:00,286.0711358531049,286.6897503140339,278.92490610868884,280.7622375488281,132813500,283.9634613037109,285.69547271728516,272.78335845947265,49.67929202995583,3.579688487208216,4.855693348141514,-1.2760048609332983,296.87621376768516,274.51473166688515,285.69547271728516,6.207328004886032,-0.025508744401054995,-0.02583973329289809,107878670.0
2020-06-25 00:00:00-04:00,280.1897990735888,284.03991677797876,278.1677990684482,283.77215576171875,89468000,284.7073608398438,285.9589538574219,273.35223083496095,52.79104068150471,3.22112747296012,4.528780173105235,-1.3076527001451153,296.6885127644914,275.22939495035234,285.9589538574219,6.183384412360644,0.010720523668597659,0.010663466282530157,107831810.0
2020-06-26 00:00:00-04:00,282.6734931052813,282.885859215094,276.4505490229153,277.0321960449219,127961000,284.44634399414065,285.82338562011716,273.7616680908203,45.9402813993288,2.365834991819497,4.096191136848088,-1.7303561450285905,296.9256871007576,274.7210841394767,285.82338562011716,6.264686007106557,-0.023751307448417802,-0.0240379170848798,108275320.0
2020-06-29 00:00:00-04:00,278.2878382488589,281.24233868339707,275.9980771665016,281.1038513183594,79773300,284.3314239501953,285.8348663330078,274.1139166259766,50.149007627255756,1.9935773718061114,3.675668383839693,-1.6820910120335815,296.91712952479816,274.7526031412175,285.8348663330078,6.19179854352005,0.014697408213077301,0.014590448060037503,109476070.0
2020-06-30 00:00:00-04:00,280.66989282570773,286.4035230684894,280.5129498778858,284.70465087890625,113394800,284.03330993652344,285.9101058959961,274.6310260009766,53.59012822444925,1.9664469806505736,3.333824103201869,-1.3673771225512956,296.94009858878013,274.88011320321203,285.9101058959961,6.170282446883162,0.01280949920699892,0.012728151517620597,111432450.0
2020-07-01 00:00:00-04:00,285.82196042697643,287.96399300740876,285.36031693170133,286.6990661621094,72396500,284.05413818359375,285.89662170410156,275.34521240234375,55.42545878747188,2.0818799790531557,3.083435278372127,-1.0015552993189711,296.92206308763167,274.87118032057145,285.89662170410156,5.9623581384274,0.007005207948118208,0.006980785468948741,110423895.0
2020-07-02 00:00:00-04:00,290.1335885242947,291.4816073233506,287.61303399713563,288.2778015136719,69344200,284.2218048095703,285.9997619628906,275.9795617675781,56.879141904857,2.2745328123530157,2.921654785168305,-0.647121972815289,297.07367441628026,274.92584950950095,285.9997619628906,5.878085497199817,0.005506593979172081,0.005491488119730115,110101385.0
2020-07-06 00:00:00-04:00,292.10019917073765,293.3097024538688,291.3523392224344,292.72802734375,61713800,284.998291015625,285.9586380004883,276.70328430175783,60.763591674734776,2.754554809932017,2.8882347901210474,-0.13367998018903027,296.92567654428245,274.99159945669413,285.9586380004883,5.8176437431281816,0.015437282394659357,0.015319339810680375,105660840.0
2020-07-07 00:00:00-04:00,291.1861571430053,293.16197598302176,289.3303419029436,289.7088928222656,82910000,285.29004821777346,285.5891418457031,277.29510681152345,57.01136836198531,2.858406842675379,2.8822692006319137,-0.023862357956534908,295.4745853980426,275.70369829336363,285.5891418457031,5.675785910053181,-0.010313786994980867,-0.010367342655435322,106124280.0
2020-07-08 00:00:00-04:00,290.4751465955823,292.0355030043778,288.7116942101427,291.9247131347656,54638600,285.6713592529297,285.4412017822266,277.8562371826172,59.01187523967892,3.083958553170419,2.922607071139615,0.16135148203080396,294.84254581577494,276.03985774867823,285.4412017822266,5.507787544637604,0.0076484373362311064,0.007619336330010876,104982250.0
2020-07-09 00:00:00-04:00,292.53415581966215,292.7742193790963,286.8467063436829,290.26287841796875,83354200,286.6214233398438,285.29244232177734,278.40839782714846,56.874209616253694,3.0929600178517376,2.9566776604820397,0.13628235736969785,294.2806702808715,276.3042143626832,285.29244232177734,5.5377679368358725,-0.0056926825377394685,-0.005708947612286808,104399920.0
2020-07-10 00:00:00-04:00,290.1982140439162,293.49435402565143,288.767131059591,293.2265930175781,57550400,287.5668670654297,286.1371139526367,278.88231384277344,59.67938935811239,3.3011867172961615,3.025579471844864,0.27560724545129744,294.7667584489116,277.5074694563618,286.1371139526367,5.4798718674947695,0.010210449974735303,0.010158675459542328,96815260.0
2020-07-13 00:00:00-04:00,295.5717862583092,297.9538536311134,290.0320658619064,290.6875915527344,102997500,288.9324066162109,286.68937530517576,279.35564025878904,56.300696974901996,3.2241655049383553,3.0652966784635627,0.1588688264747926,294.9933387515322,278.38541185881934,286.68937530517576,5.654294431902787,-0.008658837654235363,-0.008696543204271961,92231190.0
2020-07-14 00:00:00-04:00,289.2657251994357,295.23017784397115,288.06546370459,294.4546203613281,93657000,290.2674835205078,287.29945373535156,280.0456866455078,59.92571934391932,3.427582346028089,3.137753811976468,0.2898285340516211,295.9937414570458,278.6051660136573,287.29945373535156,5.762181553865526,0.012959028586228438,0.012875778827897727,90124905.0
2020-07-15 00:00:00-04:00,297.67691997939255,298.25859520955737,294.77778571364365,297.1598815917969,87196500,291.51300659179685,287.77315826416014,280.775498046875,62.341691579046724,3.7636980621781504,3.2629426620168047,0.5007554001613457,297.4741278687284,278.0721886595919,287.77315826416014,5.622309646320077,0.009187362138006527,0.009145415052776017,87603355.0
2020-07-16 00:00:00-04:00,295.257956898738,296.63364550890554,294.61164472972223,296.1812438964844,54622500,292.4612243652344,288.25768127441404,281.43756896972656,60.9110858498495,3.9060774759211654,3.391569624797677,0.5145078511234882,298.600797099446,277.91456544938205,288.25768127441404,5.402733018873975,-0.003293303557903693,-0.003298738417775368,86164535.0
2020-07-17 00:00:00-04:00,297.18755470615184,297.8246248415815,295.21170746259276,297.0398254394531,62774900,293.3374267578125,288.7796157836914,282.15247802734376,61.74060004758166,4.04160543056156,3.521576785950454,0.5200286446111062,299.769009066563,277.79022250081977,288.7796157836914,5.203460473167888,0.0028988383318047095,0.002894644802255821,85261845.0
2020-07-20 00:00:00-04:00,296.7719656553359,300.18813689215324,296.02410586279206,299.4402770996094,56308800,294.00865173339844,289.5034713745117,282.85233642578123,64.03836572139193,4.293219140784458,3.6759052569172552,0.6173138838672032,301.27155440082424,277.7353883481992,289.5034713745117,5.12921551289598,0.008081245188603647,0.00804876678665982,81299805.0
2020-07-21 00:00:00-04:00,301.4069275614781,301.8500871049481,299.0894691350206,300.077392578125,57292200,295.0455017089844,290.1677749633789,283.47742553710935,64.64527657193723,4.492250842056819,3.8391743739451685,0.6530764681116508,302.7221762178628,277.61337370889504,290.1677749633789,4.960029974112518,0.0021276879806777504,0.0021254276582123176,80431945.0
2020-07-22 00:00:00-04:00,299.7172780341707,302.0993731333049,299.60648815541464,301.7854309082031,57792900,296.0315734863281,290.8514663696289,284.1355712890625,66.2878906783794,4.733247388278642,4.017988976811863,0.7152584114667784,304.3381884408449,277.3647442984129,290.8514663696289,4.783805331525213,0.0056919927069596365,0.005675854526449002,79898030.0
2020-07-23 00:00:00-04:00,301.42537631818345,302.1270831480681,296.8181852176336,298.18463134765625,75738000,296.82374877929686,291.7225860595703,284.8288854980469,59.96294135962458,4.5808789351805785,4.130566968485606,0.4503119666949722,304.73230658880186,278.7128655303387,291.7225860595703,4.82131194573302,-0.011931654718090656,-0.012003408240228036,77044255.0
2020-07-24 00:00:00-04:00,296.3289495911897,297.289147705287,294.7593505494647,296.2643127441406,73766600,297.1275207519531,292.3471939086914,285.57700500488284,56.84767909529525,4.256110384636031,4.155675651715692,0.10043473292033944,304.96368614144944,279.73070167593335,292.3471939086914,4.721595435194341,-0.006440032119820138,-0.006460858590249995,76259185.0
2020-07-27 00:00:00-04:00,296.9567514724589,298.6002009240035,296.16271013664567,298.4247741699219,48293000,297.9012390136719,293.4168228149414,286.30637634277343,59.40310014197551,4.12550390880574,4.149641303133701,-0.024137394327961026,304.1442184319489,282.68942719793387,293.4168228149414,4.558445103206019,0.0072923444804067206,0.007265883898311598,72275785.0
2020-07-28 00:00:00-04:00,297.69530442770673,298.81250154862204,296.2365239348657,296.531982421875,57495000,298.1089752197266,294.1882293701172,286.9738073730469,56.25972020241385,3.8251706739514475,4.084747177297251,-0.2595765033458033,303.37058935492104,285.00586938531336,294.1882293701172,4.41684028253104,-0.0063426093001552886,-0.006362809104800136,71161870.0
2020-07-29 00:00:00-04:00,297.40903461982157,300.7421134441049,297.3720952714355,300.17889404296875,48454200,298.41087646484374,294.9619415283203,287.5538610839844,60.58717392005827,3.8371968936377243,4.035237120565346,-0.19804022692762135,303.39468564398294,286.5291974126577,294.9619415283203,4.402075335366674,0.012298543959097463,0.012223531272327259,67914840.0
2020-07-30 00:00:00-04:00,297.2059420708996,299.5234003844888,295.11933357691976,299.10791015625,61861700,298.7035430908203,295.58238372802737,288.1682019042969,58.74897071710902,3.717455793954173,3.971680855243111,-0.2542250612889383,303.28654938932925,287.8782180667255,295.58238372802737,4.44903855898684,-0.0035678187506595904,-0.003574198595251479,67388100.0
2020-07-31 00:00:00-04:00,300.8990939222795,301.5731032762325,296.6796674453573,301.4715270996094,84986800,299.14671325683594,296.24207000732423,288.7386267089844,61.52348755289126,3.769828012829521,3.9313102867603935,-0.16148227393087256,303.5822636187604,288.90187639588805,296.24207000732423,4.480781221264576,0.007902221449525237,0.007871162413894269,68170230.0
2020-08-03 00:00:00-04:00,303.13343702102367,304.3336982264849,302.58870135537785,303.5673828125,53077900,299.559423828125,296.7840377807617,289.38865478515623,63.84559727126791,3.9350901441695783,3.932066258242231,0.0030238859273472585,304.5921020962013,288.9759734653221,296.7840377807617,4.3651662145225005,0.006952085104203309,0.0069280307813389475,67738435.0
2020-08-04 00:00:00-04:00,302.70874832852365,304.739990234375,302.70874832852365,304.739990234375,41917900,300.02568359375,297.5355926513672,290.05184143066407,65.11416060414885,4.113266022671951,3.968306211128175,0.1449598115437758,305.36849952634054,289.7026857763939,297.5355926513672,4.198457335331704,0.003862758281245382,0.0038553169869341634,65688830.0
2020-08-05 00:00:00-04:00,306.0418016743555,306.89123771970355,305.7740406786033,306.6326904296875,42697700,300.5104095458984,298.27099151611327,290.6859600830078,67.11956685576322,4.356972313173969,4.046039431537334,0.310932881636635,306.6044318596105,289.93755117261605,298.27099151611327,4.052228060331479,0.006210869121104912,0.00619166116452696,65091785.0
2020-08-06 00:00:00-04:00,306.05108949352723,308.8024658628492,305.72793350897297,308.68243408203125,43679400,301.56018981933596,299.1919692993164,291.27926147460937,69.18547528437466,4.661770498077033,4.169185644845274,0.49258485323175893,307.84685692609474,290.537081672538,299.1919692993164,3.982392652727533,0.00668468730281635,0.006662443852630751,63108045.0
2020-08-07 00:00:00-04:00,307.71297454516787,309.1902388250722,306.8081434818142,308.9040222167969,57308300,302.82416076660155,299.97584075927733,291.8872912597656,69.40924196082344,4.865123451437341,4.3083732061636875,0.5567502452736539,309.1517283734017,290.799953145153,299.97584075927733,3.8680857020511348,0.000717851456059071,0.0007175939239417549,63095940.0
2020-08-10 00:00:00-04:00,309.356415827872,310.0119414454086,307.4175082706169,309.8273010253906,44282100,303.96441345214845,300.93282623291014,292.4889660644531,70.37457156867434,5.042654434368899,4.45522945180473,0.5874249825641691,310.0262066786222,291.8394457871981,300.93282623291014,3.777110521532602,0.0029888856803093056,0.002984427841941587,60160170.0
2020-08-11 00:00:00-04:00,311.0091648796552,311.64623502713425,306.54046013928667,307.26983642578125,69601100,305.03819885253904,301.57358703613284,293.0168780517578,64.31987955031846,4.920265242857852,4.548236610015354,0.37202863284249776,310.5560911233384,292.5910829489273,301.57358703613284,3.8720151191265297,-0.00825448432447784,-0.008288741225828204,58957375.0
2020-08-12 00:00:00-04:00,309.7072598051472,312.32939037175544,309.67956233416606,311.5538330078125,53774400,306.1756927490234,302.2932846069336,293.5839575195312,69.11355268905524,5.1100481934559525,4.660598926703474,0.4494492667524783,312.02151281582,292.56505639804715,302.2932846069336,3.9568393210442196,0.013942131879469466,0.013845834388088408,57286270.0
2020-08-13 00:00:00-04:00,310.78750691268493,312.3017105491452,310.0673444500074,310.9906311035156,41816100,307.36396484375,303.0337539672852,294.06439514160155,67.82345762201406,5.155576584681967,4.759594458299173,0.39598212638279406,313.03888282586473,293.0286251087056,303.0337539672852,3.833805519479475,-0.001807719387881046,-0.0018093552843655132,56645950.0
2020-08-14 00:00:00-04:00,310.6028714247222,311.5353999760587,309.87346706744495,310.9998779296875,47260400,308.3167999267578,303.73175659179685,294.5600927734375,67.83407379093845,5.133231605711103,4.834321887781559,0.29890971792954435,313.9131201143808,293.55039306921293,303.73175659179685,3.678671761560497,2.973345576062769e-05,2.9733013730193995e-05,55870225.0
2020-08-17 00:00:00-04:00,312.0154599206983,312.38476890654016,311.0090809592796,311.9877624511719,35481000,309.158837890625,304.359130859375,294.928837890625,69.01043865910941,5.136032092781591,4.894663928781565,0.2413681640000256,314.9437771263109,293.7744845924391,304.359130859375,3.5148302769385085,0.0031764788078396666,0.003171444457219443,54828835.0
2020-08-18 00:00:00-04:00,312.38474031767976,313.08644705008913,310.78744458391986,312.6617431640625,38733900,309.9510131835938,304.98834838867185,295.2400964355469,69.82134707233124,5.133460769517114,4.942423296928675,0.19103747258843917,315.96883542131434,294.00786135602937,304.98834838867185,3.4279854333121342,0.002160279325045922,0.0021579492767648204,53900920.0
2020-08-19 00:00:00-04:00,313.04037642109654,313.5574147719256,310.79679627269803,311.3600158691406,68054200,310.4237457275391,305.4670776367187,295.56962646484374,66.21734236255483,4.969103728965592,4.9477593833360585,0.021344345629533912,316.67967153471056,294.2544837387269,305.4670776367187,3.3803163665918086,-0.004163372473231619,-0.004172063439280802,54413985.0
2020-08-20 00:00:00-04:00,309.63336706931557,312.8094750881142,309.50412160274976,312.3293762207031,42207800,310.78843994140624,306.17431488037107,295.9514526367187,67.56018588268131,4.861033896419144,4.930414285952676,-0.06938038953353143,317.2437750039084,295.10485475683373,306.17431488037107,3.3749618750755674,0.003113310322960361,0.0031084740077436017,52737475.0
2020-08-21 00:00:00-04:00,311.9971136916814,313.6590187987212,311.6554738791478,313.43743896484375,55106600,311.2417816162109,307.03297119140626,296.6935382080078,69.07349026458772,4.809359871632864,4.906203403088713,-0.0968435314558489,317.5445243882433,296.5214179945692,307.03297119140626,3.2770035211111277,0.0035477378322481545,0.003541459455359932,51804475.0
2020-08-24 00:00:00-04:00,315.87478769734156,316.68728436371094,313.4096284054614,316.6134338378906,48588700,311.92039489746094,307.94240417480466,297.4329595947266,72.96622453074997,4.967422721041828,4.918447266679337,0.04897545436249118,318.4648239971062,297.41998435250315,307.94240417480466,3.2770501237638734,0.010132787211176497,0.010081794697731544,51819260.0
2020-08-25 00:00:00-04:00,317.17663880879144,317.8044669230327,316.0132886974553,317.72137451171875,38463400,312.9655487060547,309.0018737792969,298.1423260498047,74.18686025881244,5.123035061698488,4.959364825683167,0.16367023601532082,318.96769149785354,299.03605606074024,309.0018737792969,3.1709164167505515,0.0034993482759022587,0.0034932398030257123,50867680.0
2020-08-26 00:00:00-04:00,318.3123051250386,321.1744711148294,317.76756939870836,320.90673828125,50790200,313.9008392333984,310.03826599121095,298.8067449951172,77.3529180641102,5.44067448899375,5.055626758345284,0.3850477306484663,320.42081158505636,299.65572039736554,310.03826599121095,3.1910721443476997,0.010025651482927778,0.009975728038506125,50984480.0
2020-08-27 00:00:00-04:00,321.77458090081905,323.0579344592056,319.94646352268916,321.6083679199219,58034100,314.9626129150391,311.16328887939454,299.5090966796875,77.99319602929702,5.683505755184797,5.181202557713187,0.5023031974716101,321.4401299798939,300.88644777889516,311.16328887939454,3.185386343788326,0.0021863973390827685,0.002184010650620359,50793100.0
2020-08-28 00:00:00-04:00,322.6332894034035,323.81509518897934,321.4422417348515,323.6858215332031,48588900,316.2312072753906,312.27400360107424,300.25079040527345,79.81304447921396,5.974711670722343,5.339904380315018,0.6348072904073243,322.9161570376214,301.63185016452707,312.27400360107424,3.127348280241148,0.00645957574648226,0.006438802098381731,48973205.0
2020-08-31 00:00:00-04:00,323.4735012045628,324.35060666428654,322.28245347132435,322.5132751464844,66099200,317.28375854492185,313.22129821777344,301.00179260253907,75.99327804965712,6.041240107365638,5.480171525725142,0.5610685816404963,323.9671554962147,302.4754409393322,313.22129821777344,3.0516914882926516,-0.003622483002699184,-0.0036290600826292254,49624270.0
2020-09-01 00:00:00-04:00,323.34411329047265,325.65232922648164,322.4485243802426,325.55078125,54908700,318.5726623535156,314.2618377685547,301.77698181152346,78.82102003226974,6.266825664476414,5.637502353475397,0.6293233110010172,325.5383297659896,302.9853457711198,314.2618377685547,3.062556728145966,0.009418235891641924,0.009374160831413953,50273810.0
2020-09-02 00:00:00-04:00,327.4621164118237,331.22911386665123,326.3172217084211,330.2596740722656,69540000,320.46262817382814,315.4431869506836,302.6199432373047,82.30143683890068,6.747787842741275,5.859559451328574,0.8882283914127012,328.13658301573207,302.7497908856351,315.4431869506836,3.2493978630391993,0.014464388026301567,0.01436077668712689,51615925.0
2020-09-03 00:00:00-04:00,328.5699763174422,329.0408614690771,316.3087321994255,318.8939514160156,148011100,321.11908569335935,315.9537628173828,303.38257751464846,57.66803851927267,6.141044860624163,5.915856533187692,0.225188327436471,328.33599008110275,303.5715355536629,315.9537628173828,4.013793863739266,-0.034414503339463165,-0.03502062934005862,56832510.0
2020-09-04 00:00:00-04:00,319.57715026354145,321.14672035614166,309.18093559831357,316.2902526855469,139156300,321.4043670654297,316.3230743408203,304.032939453125,53.70260540693805,5.387990547297079,5.81028333600957,-0.42229278871249054,328.27534879316624,304.3707998884744,316.3230743408203,4.581793213317039,-0.008164779290755764,-0.008198293650755736,60924910.0
2020-09-08 00:00:00-04:00,310.8798493187982,316.3549607309717,307.3436737413122,307.6483459472656,114465300,320.5078582763672,316.21412658691406,304.6452624511719,43.107372098208735,4.0472062537756415,5.457667919562784,-1.4104616657871425,328.43789664689047,303.99035652693766,316.21412658691406,4.898185625912928,-0.027322709646929733,-0.027702916399880217,64434070.0
2020-09-09 00:00:00-04:00,311.6553602505374,316.188700542301,310.7874686489755,313.7235412597656,91462300,320.1080749511719,316.5368118286133,305.29765625,50.50084234525143,3.435243185446609,5.053182972739549,-1.61793978729294,328.1232085582005,304.9504150990261,316.5368118286133,5.1583405522788155,0.01974720616096315,0.019554759482396152,65527130.0
2020-09-10 00:00:00-04:00,315.5978714825398,316.2533971603592,307.3159885272084,308.2762145996094,90569500,318.8450225830078,316.3729309082031,305.7690875244141,44.87019704783991,2.4820922936611964,4.538964836923879,-2.056872543262682,328.3236061644949,304.4222556519113,316.3729309082031,5.428273986626816,-0.017363461595143126,-0.017515974507587618,67366885.0
2020-09-11 00:00:00-04:00,310.05812950649084,311.11990351849477,305.6078810919823,308.4331359863281,84680200,317.5274993896484,316.24505615234375,306.2037689208984,45.0602303797084,1.7195536452638294,3.975082598591869,-2.2555289533280396,328.474834143435,304.0152781612525,316.24505615234375,5.434256018047221,0.0005090285247033588,0.0005088990136319006,69510090.0
2020-09-14 00:00:00-04:00,311.5999249612927,314.2682362405836,308.5807885105292,312.4955139160156,65605700,316.40846862792966,316.31983795166013,306.6881231689453,49.87707482352489,1.4265913636140226,3.4653843515963,-2.0387929879822773,328.4381932410655,304.20148266225476,316.31983795166013,5.462887749204952,0.0131710165209602,0.013085032854821824,70427355.0
2020-09-15 00:00:00-04:00,314.9515071825437,315.7824594521563,312.50480343116857,314.07440185546875,52920900,315.5645812988281,316.424169921875,307.1150506591797,51.6513296249443,1.3067562336896117,3.0336587280149625,-1.7269024943253508,328.4269202443742,304.4214195993758,316.424169921875,5.307463305414644,0.005052513937455982,0.005039792820001208,71299350.0
2020-09-16 00:00:00-04:00,315.3116463788061,316.7427294770832,312.5510000169259,312.8280029296875,82096000,314.29230346679685,316.43248291015624,307.57743286132813,50.142379240708564,1.0985486679180099,2.646636715995572,-1.5480880480775623,328.42502439504244,304.43994142527004,316.43248291015624,5.227768030753403,-0.0039684830040839225,-0.003976378327989159,73467455.0
2020-09-17 00:00:00-04:00,307.9714762809404,311.79389633261354,307.44519615617884,310.0765686035156,91523300,312.27399291992185,316.368310546875,307.94046997070313,46.8860811288694,0.7034163705057495,2.2579926468976077,-1.5545762763918582,328.4818617956259,304.25475929812416,316.368310546875,5.2388422266644925,-0.008795358153375732,-0.008834265620639303,74640910.0
2020-09-18 00:00:00-04:00,310.88219558209073,310.993428984105,304.02252899495534,306.5068359375,105877900,311.0352813720703,316.07718353271486,308.2653491210938,42.98572138594919,0.1010586442412773,1.8266058463663417,-1.7255472021250644,328.8281145692573,303.3262524961724,316.07718353271486,5.362560638270574,-0.011512423147910011,-0.011579204126625508,77824415.0
2020-09-21 00:00:00-04:00,301.9182014330189,303.2437795741085,298.2380798999571,303.095458984375,99450800,309.71580200195314,315.5600845336914,308.46272644042966,39.59580771660739,-0.644158347175221,1.3324530076580292,-1.9766113548332502,329.4822991913013,301.6378698760815,315.5600845336914,5.570146023932884,-0.011129856019983286,-0.011192256303609274,80041625.0
2020-09-22 00:00:00-04:00,304.5785896576303,306.7384460300399,302.06644718578764,306.1822509765625,63612100,309.56919250488284,315.038525390625,308.7726196289062,43.906428776808184,-0.9744371604788853,0.8710749740306464,-1.8455121345095318,329.53358691886325,300.5434638623868,315.038525390625,5.505992653955696,0.010184223816915194,0.01013271403907158,80792795.0
2020-09-23 00:00:00-04:00,306.7384591067574,307.0165707899801,298.58102560551066,299.08160400390625,93112200,308.10499877929686,314.1065368652344,308.8651593017578,37.31045978216033,-1.7885312922480807,0.33915372077490097,-2.127685013022982,330.1102092690498,298.10286446141896,314.1065368652344,5.7152464061352495,-0.023190916357851754,-0.02346405684093251,83525235.0
2020-09-24 00:00:00-04:00,297.7653868058365,302.9379378728557,296.44905891226836,299.87890625,76681300,307.26526794433596,313.0551452636719,308.9195397949219,38.42896166289261,-2.342369748592546,-0.19715097309858842,-2.1452187754939573,329.8757391870246,296.2345513403192,313.0551452636719,5.770505874310397,0.002665835128005112,0.0026622880920172468,84819790.0
2020-09-25 00:00:00-04:00,299.0260243217955,305.51490229744024,298.1546867340451,304.72698974609375,71069400,306.8946533203125,312.2110763549805,309.09045471191405,44.87007342479519,-2.3628533913552587,-0.6302914567499225,-1.7325619346053363,328.92402588363535,295.49812682632563,312.2110763549805,5.884056566387882,0.016166803983378664,0.016037512829691673,85471555.0
2020-09-28 00:00:00-04:00,308.8891253586317,310.5020659374077,307.8972472441894,309.7882995605469,64584600,306.6239318847656,311.51620025634764,309.3454241943359,50.671798598841704,-1.948223514972483,-0.8938778683944346,-1.0543456465780483,327.3979912408575,295.6344092718378,311.51620025634764,5.876272253882599,0.016609325674336706,0.016472899384553447,86271340.0
2020-09-29 00:00:00-04:00,309.5843740782885,310.3259488282698,307.40595935248126,308.1011962890625,51304000,306.026611328125,310.79559631347655,309.518642578125,48.82722818611148,-1.7357528070990043,-1.0622528561353486,-0.6734999509636557,325.9051801560974,295.6860124708557,310.79559631347655,5.665109198304452,-0.0054459877079852115,-0.005460871160370566,85531580.0
2020-09-30 00:00:00-04:00,308.76854858003315,313.58886813155385,308.5738902068861,310.4371337890625,104081100,305.7875244140625,310.0399139404297,309.72583740234376,51.46183900344687,-1.3631639014192274,-1.1224350651921244,-0.24072883622710295,323.5490924156565,296.5307354652029,310.0399139404297,5.652435101460659,0.007581721616583437,0.007553124816278162,87990200.0
2020-10-01 00:00:00-04:00,313.03270872151455,314.0060289873834,310.5484025217798,312.43017578125,88698700,306.02288513183595,309.14843902587893,309.9387322998047,53.6542759609433,-0.8967257804822566,-1.077293208250151,0.18056742776789436,319.0829205603212,299.21395749143664,309.14843902587893,5.503610822664961,0.006420114655296905,0.006399593504466678,88948135.0
2020-10-02 00:00:00-04:00,307.4801391377748,312.4024144710618,307.0073689601297,309.4638671875,89431100,306.31858825683594,308.67693481445315,310.16431701660156,50.03204129181679,-0.757692316793964,-1.0133730299589137,0.25568071316494967,317.5555357801668,299.7983338487395,308.67693481445315,5.497839108268912,-0.009494308884641423,-0.009539667160534036,86019135.0
2020-10-05 00:00:00-04:00,311.5217221973405,315.13694812133673,311.47538439020013,314.9515686035156,45713100,307.50419921875,308.61000061035156,310.5380621337891,55.95606976580555,-0.20236293950085837,-0.8511710118673027,0.6488080723664443,317.2756407132962,299.94436050740694,308.61000061035156,5.510356381523756,0.01773293103937945,0.017577536989743864,81346975.0
2020-10-06 00:00:00-04:00,315.090688159139,317.18567808183934,309.96447503768013,310.47430419921875,90128900,307.93340454101565,308.75129852294924,310.779052734375,50.67715436854064,-0.12213038339450577,-0.7053628861727433,0.5832325027782376,317.44173163237656,300.0608654135219,308.75129852294924,5.632559714569147,-0.014215723465512253,-0.014317734792932966,80130155.0
2020-10-07 00:00:00-04:00,313.43135342172144,316.6850714131168,313.40354507518236,315.87860107421875,56999600,309.61310424804685,308.8590515136719,311.1659851074219,56.06504558047719,0.37323368202663687,-0.4896435725328673,0.8628772545595041,317.84193710606894,299.87616592127483,308.8590515136719,5.6738602502354984,0.017406583417390653,0.017256824210626936,78407020.0
2020-10-08 00:00:00-04:00,317.81598305879504,318.7429656383515,316.89825106833507,318.6780700683594,45242500,311.49302062988284,309.3791442871094,311.53596862792966,58.58859495457489,0.9804055199144273,-0.19563375404340838,1.1760392739578356,319.32021731248994,299.43807126172885,309.3791442871094,5.473181986942445,0.008862483829611634,0.008823442518895715,76140670.0
2020-10-09 00:00:00-04:00,320.32811028649445,321.9874170889095,319.7070477762188,321.52392578125,59528600,313.17271423339844,310.03368377685547,311.9842889404297,61.038552763873604,1.6719570677789193,0.17788441032105717,1.494072657457862,321.2778557022779,298.789511851433,310.03368377685547,5.318622346485853,0.008930189994812432,0.00889055165860518,74883090.0
2020-10-12 00:00:00-04:00,324.06378442537806,328.17030980233085,323.5724848688719,326.6964111328125,80388500,314.863525390625,310.7437286376953,312.48878662109377,65.08206087477164,2.6073372308426883,0.6637749744253835,1.9435622564173047,324.11279451874384,297.3746627566468,310.7437286376953,5.413462466099781,0.016087404192376198,0.01595937320451738,75622230.0
2020-10-13 00:00:00-04:00,326.55736813172996,326.73349705593574,323.60029192754826,324.5643615722656,73255500,316.5098419189453,311.26822662353516,312.9087261962891,62.21585727220892,3.1403936645288013,1.1590987124460672,1.981294952082734,325.8837947653805,296.6526584816898,311.26822662353516,5.250586941977474,-0.006526088098592897,-0.006547476115700564,76638960.0
2020-10-14 00:00:00-04:00,325.1391526992879,326.2329853972063,321.7927590329618,322.5250549316406,57727900,317.7186340332031,311.7530792236328,313.26442749023437,59.51594890983613,3.3595627775432604,1.599191525465506,1.7603712520777544,327.16512516893897,296.3410332783267,311.7530792236328,5.192704043567976,-0.00628321184354963,-0.0063030342951490145,75420555.0
2020-10-15 00:00:00-04:00,318.6131927450355,322.60848562858945,318.0755552653786,322.12646484375,60357700,318.6882629394531,312.3555740356445,313.5743029785156,58.97723156151501,3.4611944940899093,1.971592119190387,1.4896023748995224,328.3879927084176,296.32315536287143,312.3555740356445,5.145577352113894,-0.0012358422447990014,-0.0012366065275795403,73862275.0
2020-10-16 00:00:00-04:00,323.4798076396234,325.13911424772533,321.7556337558863,321.9317626953125,89501900,319.9350524902344,313.12682037353517,313.83928955078125,58.697734099721146,3.485844875621865,2.2744426704766827,1.2114022051451823,329.441178933565,296.8124618135053,313.12682037353517,5.019713290665687,-0.0006044276695239548,-0.0006046104095669335,73043475.0
2020-10-19 00:00:00-04:00,323.1924104328647,323.8227516799886,316.1380878968359,317.0372619628906,68425600,320.14362182617185,313.82391052246095,314.0019543457031,52.023309927704545,3.0749886218070515,2.4345518607427565,0.6404367610642949,329.54482731961593,298.10299372530596,313.82391052246095,5.210066897271902,-0.015203534722525003,-0.015320293397909314,71492215.0
2020-10-20 00:00:00-04:00,318.38139712826285,321.55168968171705,317.6212929886074,318.3072509765625,60051900,320.9269165039062,314.43016052246094,314.1715533447266,53.500765794713054,2.819359755985147,2.5115134397912344,0.30784631619391245,329.8579972112344,299.00232383368746,314.43016052246094,5.160378384525798,0.0040058036263905805,0.0039978017572034905,71314205.0
2020-10-21 00:00:00-04:00,318.26087876428136,320.43004263717467,317.39879185718223,317.7047119140625,63575000,321.1095275878906,315.36131591796874,314.3802508544922,52.67199595685206,2.538885479988096,2.516987847830607,0.021897632157489078,329.13007923700826,301.5925525989292,315.36131591796874,5.0082978413448425,-0.0018929479634893775,-0.001894741853670263,69837345.0
2020-10-22 00:00:00-04:00,317.91790278181213,320.0314217004003,315.77657552045014,319.4474182128906,55399300,321.18646240234375,316.3397415161133,314.5381225585937,54.850462628848845,2.4292268148827816,2.4994356412410417,-0.07020882635826009,328.22030637216557,304.459176660061,316.3397415161133,4.954479865530937,0.005485302022525618,0.005470312542951719,68773245.0
2020-10-23 00:00:00-04:00,320.67102412804957,320.7266408105194,318.0754846485953,320.531982421875,49143900,321.08726806640624,317.12999114990237,314.72894958496096,56.201621792855384,2.4021463524555884,2.4799777834839514,-0.07783143102836299,327.86282019876097,306.39716210104376,317.12999114990237,4.789956743844735,0.003395125917911024,0.003389375489854193,67676970.0
2020-10-26 00:00:00-04:00,317.1485658849641,317.9365067637999,311.1139000222835,314.608642578125,91473000,319.8784912109375,317.3710083007812,314.8011248779297,47.78989187928164,1.8810374401983836,2.360189714826838,-0.4791522746284542,327.64002066660254,307.1019959349599,317.3710083007812,5.120537147826648,-0.018479715499821414,-0.01865259864252069,69021390.0
2020-10-27 00:00:00-04:00,314.9515782824497,315.2852783983385,313.3108011782151,313.5240173339844,65994100,318.7744567871094,317.6421493530273,314.83184997558595,46.41983742808432,1.3648020912882544,2.1611121901191215,-0.7963100988308671,327.1780043247507,308.10629438130394,317.6421493530273,4.89581858156213,-0.003447537980051818,-0.0034534944331195525,69755895.0
2020-10-28 00:00:00-04:00,307.8508925089764,313.5518292002192,302.3168058775529,302.80810546875,127094300,316.8027618408203,317.26069793701174,314.6347772216797,35.57006656962639,0.08996032051328484,1.7468818161979542,-1.6569214956846694,328.3952312028185,306.126164671205,317.26069793701174,5.348618920212426,-0.034178918592444374,-0.03477667785841586,70906555.0
2020-10-29 00:00:00-04:00,303.0398684553781,309.0559761451705,301.35275342695843,305.8857116699219,90597700,315.1786865234375,316.9334747314453,314.5252911376953,39.91377316987992,-0.6643654761031144,1.2646323577377405,-1.9289978338408549,328.96513316235774,304.90181630053286,316.9334747314453,5.516804905783831,0.010163552908888374,0.010112251316499092,71001505.0
2020-10-30 00:00:00-04:00,304.30987072993145,305.61691969344054,299.0446159372506,302.6969299316406,120287300,313.2552032470703,316.59512786865236,314.33264221191405,37.121279684641415,-1.5021661052682589,0.7112726651365406,-2.2134387704047995,329.77388821988245,303.41636751742226,316.59512786865236,5.611397107704361,-0.010424748906618486,-0.010479467216809951,72544315.0
2020-11-02 00:00:00-05:00,306.0896301269531,308.09188741481535,303.34574158278815,306.0896301269531,86068300,312.1604400634766,316.1520309448242,314.18568603515627,41.78775631613147,-1.8708011569223686,0.19485790072475884,-2.065659057647127,330.09574723597467,302.20831465367377,316.1520309448242,5.595937134523672,0.011208241180638012,0.011145894278984195,74562075.0
2020-11-03 00:00:00-05:00,309.3248519661346,313.5518907130495,306.1731165199986,311.4939880371094,93294200,311.47911376953124,316.20301513671876,314.08329711914064,48.361896855874384,-1.707181251203906,-0.18554992966097414,-1.5216313215429318,330.07056657896237,302.33546369447515,316.20301513671876,5.729245952493151,0.0176561287225403,0.01750207002532519,74720340.0
2020-11-04 00:00:00-05:00,315.97126216053266,322.5343145343358,314.7940044922087,318.4555969238281,126959700,311.5542022705078,316.33186492919924,314.0979815673828,55.35608232657851,-1.0041919409317757,-0.34927833191513447,-0.6549136090166412,330.2328127376013,302.4309171207972,316.33186492919924,6.108608848545528,0.02234909550128905,0.02210301418143,78218345.0
2020-11-05 00:00:00-05:00,323.7393687910326,326.4739785623512,323.3871109043666,324.6663513183594,82039700,312.0760955810547,316.6312789916992,314.173173828125,60.49674560616956,0.053471737516815665,-0.2687283180287445,0.32220005554556014,330.9724627577571,302.2900952256413,316.6312789916992,6.2450211906867805,0.019502732734249406,0.0193149914939588,80058205.0
2020-11-06 00:00:00-05:00,324.37891645062587,325.8435643582199,322.2653978925801,324.5921325683594,74973000,312.48211059570315,316.78468933105466,314.23284912109375,60.40722979675419,0.8755956680674899,-0.03986352080949759,0.9154591888769875,331.3950573036727,302.17432135843666,316.78468933105466,6.05453156746914,-0.00022860006803482325,-0.00022862620101311897,80830425.0
2020-11-09 00:00:00-05:00,337.3938067723991,337.77387297534375,328.20740720794697,328.6708984375,172304200,313.8883361816406,316.88341369628904,314.3325506591797,63.59528066108182,1.8351031967429776,0.33512982270099745,1.4999733740419803,331.78414568715044,301.98268170542764,316.88341369628904,6.563617913148799,0.012565818637892079,0.012487523947870293,85426210.0
2020-11-10 00:00:00-05:00,327.6790159718678,329.2456185696468,324.9166263863297,328.1888732910156,85552000,315.3548217773438,317.06463928222655,314.4460626220703,62.95017346579291,2.5274891041424894,0.7736016789892959,1.7538874251531935,332.41598235983355,301.71329620461955,317.06463928222655,6.404001789589392,-0.0014665890675928939,-0.0014676655619848245,86041035.0
2020-11-11 00:00:00-05:00,330.3765581914952,331.4518612889709,329.1344050330131,330.6268615722656,58649000,318.13669738769534,317.4697296142578,314.54758422851563,64.89009114715981,3.235636796431038,1.2660087024776443,1.9696280939533937,333.7740507732017,301.1654084553139,317.4697296142578,6.179643661615528,0.007428613459080191,0.0074011572008940395,86087090.0
2020-11-12 00:00:00-05:00,329.61646944206416,330.67324321370563,325.61192600078954,327.4195251464844,67546200,320.2900787353516,317.73438262939453,314.49078125,60.40887918458365,3.4977241134445762,1.7123517846710308,1.7853723287735455,334.4978361282237,300.97092913056537,317.73438262939453,6.09976320099414,-0.009700773889117942,-0.009748132924556218,86446515.0
2020-11-13 00:00:00-05:00,329.32913773288357,332.69408950193605,328.81002967758116,331.9525146484375,62892200,323.21563720703125,318.2354202270508,314.75195251464845,64.17448161614297,4.024809075779672,2.1748432428927593,1.8499658328869124,336.037573867804,300.4332665862976,318.2354202270508,6.040820426312536,0.013844591277582197,0.013749630383151796,85116030.0
2020-11-16 00:00:00-05:00,334.622140095063,336.2906972148393,333.33362089104185,336.0960388183594,74541100,326.2162780761719,319.18835906982423,315.1480682373047,67.24159133480167,4.722438150129733,2.684362224340154,2.038075925789579,338.5996322672311,299.7770858724174,319.18835906982423,5.919203436318914,0.012482279805321461,0.012405018418562395,85421805.0
2020-11-17 00:00:00-05:00,333.6858582065338,335.49348521603423,332.17487235671945,334.28839111328125,66111000,328.49571838378904,319.98741607666017,315.680869140625,64.64156761606021,5.070996859826494,3.1616891514374226,1.909307708389071,340.473764750642,299.50106740267836,319.98741607666017,5.776486509556129,-0.005378366586626271,-0.005392882069984322,85724760.0
2020-11-18 00:00:00-05:00,334.55728418581134,335.1042005097741,330.22826311784223,330.2653503417969,70591300,329.67669372558595,320.6154479980469,316.01170532226564,59.158982925306134,4.965368700640568,3.522425061278052,1.4429436393625155,341.54862321127575,299.682272784818,320.6154479980469,5.712161572582967,-0.012034640981957057,-0.012107643571574402,86075575.0
2020-11-19 00:00:00-05:00,329.63500754078495,332.02661012404343,328.29087149861675,331.65582275390625,59940900,330.3756408691406,321.22586822509766,316.47929748535154,60.4088510724575,4.936947073747035,3.805329463771849,1.1316176099751862,342.692411713222,299.7593247369733,321.22586822509766,5.5709885049289465,0.004210167402273202,0.0042013294449983404,86302655.0
2020-11-20 00:00:00-05:00,331.39620780880034,331.60014506825297,329.3104974100037,329.3846435546875,70417300,330.8548919677734,321.66850128173826,316.89832763671876,57.323031630991046,4.677241223978285,3.9797118158131366,0.6975294081651486,343.4227105459329,299.91429201754363,321.66850128173826,5.340583993427062,-0.006848000376896701,-0.006871555530203159,87366325.0
2020-11-23 00:00:00-05:00,331.1923113139346,332.6198723058136,328.9582800615384,331.3591613769531,63230600,331.12371826171875,322.5060272216797,317.2756005859375,59.27094059036398,4.577977478796242,4.099364948409757,0.478612530386485,344.3978814040754,300.61417303928397,322.5060272216797,5.220656011344786,0.0059945655054127744,0.005976669580861509,85954205.0
2020-11-24 00:00:00-05:00,333.9083212958037,337.24546358278957,333.05551333256483,336.69854736328125,62415900,331.9746856689453,323.66475372314454,317.72808349609375,64.04948039994677,4.87396997958524,4.254285954644854,0.6196840249403861,345.9814048247752,301.3481026215139,323.66475372314454,5.268202168094191,0.016113590957136825,0.015985145030064735,85775295.0
2020-11-25 00:00:00-05:00,336.615126222549,336.6429345632087,335.0856109077494,336.179443359375,45330900,332.5299438476562,325.3333206176758,318.1951123046875,63.272246336713025,5.00891911260311,4.405212586236505,0.6037065263666044,346.09915771909175,304.5674835162598,325.3333206176758,5.0071117600540225,-0.0015417470849560244,-0.0015429367999766897,81687125.0
2020-11-27 00:00:00-05:00,337.2733243638305,337.5884950330975,336.1053173094643,337.1157531738281,28514100,333.49956665039065,326.8948226928711,318.73589599609375,64.11803586365747,5.132258172244633,4.550621703438131,0.5816364688065017,346.22330116972734,307.5663442160149,326.8948226928711,4.755402186023965,0.0027851489225418913,0.0027812775817893363,78582945.0
2020-11-30 00:00:00-05:00,336.33708795881,336.6059208367198,332.9443565005629,335.6233215332031,83872700,333.8666473388672,328.54114227294923,319.3182257080078,61.67982844234957,5.051349690121981,4.650767300774901,0.4005823893470799,344.6928710713051,312.38941347459337,328.54114227294923,4.713687506541199,-0.004427059924000165,-0.004436888371930947,76762215.0
2020-12-01 00:00:00-05:00,338.8770642217867,340.8329840925718,338.2837817293062,339.294189453125,74231400,334.18646240234375,330.2013702392578,320.0422003173828,65.18651488845904,5.223227383607991,4.765259317341519,0.45796806626647246,343.3225150360598,317.0802254424558,330.2013702392578,4.749114296028877,0.010937463770850364,0.010878082310001907,76170370.0
2020-12-02 00:00:00-05:00,338.1817171232896,340.1654446970557,337.60699257658405,340.00787353515625,45927000,334.75841064453124,331.62706451416017,320.71871276855467,65.84099527112775,5.355297498910318,4.883266953655279,0.4720305452550386,342.2701042925192,320.98402473580114,331.62706451416017,4.592638426346219,0.002103437383297324,0.0021012282561825683,73802010.0
2020-12-03 00:00:00-05:00,339.90594329021474,341.30569594652076,338.81211070717654,339.91522216796875,62882000,335.72339782714846,332.7000457763672,321.53538513183594,65.66839715424977,5.390351212389646,4.9846838054021525,0.4056674069874937,342.06542565813334,323.334665894601,332.7000457763672,4.442706055846076,-0.00027249771078585727,-0.00027253484503320054,70598125.0
2020-12-04 00:00:00-05:00,340.4992481431544,342.8445129394531,340.4065442272832,342.8445129394531,50749900,336.84226684570314,333.60895385742185,322.394697265625,68.48158879124506,5.590062061275148,5.1057594565767515,0.4843026046983967,343.2047799399552,324.0131277748885,333.60895385742185,4.334604964105954,0.00861770988895838,0.008580789388900792,69033635.0
2020-12-07 00:00:00-05:00,342.07508856328803,342.6312837481267,340.8700225705228,342.1399841308594,48944300,338.1178009033203,334.48634643554686,323.1429571533203,67.05834587587651,5.626624535798783,5.209932472421158,0.4166920633776243,343.8295626663272,325.1431302047665,334.48634643554686,4.166025350164838,-0.0020549513905102623,-0.0020570657001511977,67732200.0
2020-12-08 00:00:00-05:00,340.87008586139694,343.7066507125633,340.82374804124925,343.1412048339844,42458900,339.29600524902344,335.2098617553711,323.81001525878906,68.0738178425082,5.671018729640082,5.302149723864943,0.3688690057751387,344.87522359851187,325.5444999122303,335.2098617553711,4.0743737302469265,0.0029263481310681794,0.0029220747093592473,61239935.0
2020-12-09 00:00:00-05:00,343.7993068138485,343.95687801184386,339.2292894437654,340.0635681152344,74098300,339.63250732421875,335.80359649658203,324.4492626953125,61.77041225400343,5.395664029534146,5.320852584998784,0.07481144453536182,345.1235735925514,326.48361940061267,335.80359649658203,4.121031932949177,-0.00896900947887913,-0.009009473172266453,60667250.0
2020-12-10 00:00:00-05:00,338.6915901201066,340.9997674831479,337.8202243105125,339.9523010253906,57735400,340.0097930908203,336.2698684692383,325.03956604003906,61.54851762016399,5.1095652341982145,5.27859511483867,-0.16902988064045577,345.43910877678826,327.10062816168835,336.2698684692383,4.053782735783904,-0.00032719497257660546,-0.0003272485125306328,60621570.0
2020-12-11 00:00:00-05:00,338.25584976830436,339.96149387697574,336.7356134430943,339.5536193847656,57698600,340.2535797119141,336.87657318115237,325.58203491210935,60.70702666373312,4.795381429093709,5.181952377689678,-0.38657094859596874,345.1888228174836,328.56432354482115,336.87657318115237,3.994646857076586,-0.001172757588115969,-0.0011734458064243255,60129190.0
2020-12-14 00:00:00-05:00,341.7228170082681,342.79809173388674,337.85728782298236,338.0334167480469,69216200,340.4945892333984,337.1806182861328,326.15342590332034,57.479957863283154,4.373308078813864,5.020223517914515,-0.6469154391006517,345.18949506344507,329.17174150882056,337.1806182861328,4.062229503778571,-0.004477062089555117,-0.0044871141457053666,60445390.0
2020-12-15 00:00:00-05:00,340.5733606765333,342.60345458984375,339.2014446984404,342.60345458984375,63865300,340.8255157470703,337.50598907470703,326.7064636230469,63.723090257794084,4.357346984591857,4.887648211249984,-0.5303012266581275,345.8345430203166,329.1774351290975,337.50598907470703,4.0985015279227355,0.013519485398105324,0.013428912574245314,59911600.0
2020-12-16 00:00:00-05:00,342.816755225148,344.0589086713419,341.9361103282016,343.1412048339844,58420500,341.13884887695315,337.94862976074216,327.3598016357422,64.38573139228585,4.338082933271437,4.777735155654275,-0.4396522223828381,346.48453227422266,329.41272724726167,337.94862976074216,3.9573798718668463,0.001569599596666027,0.0015683690626812495,59527075.0
2020-12-17 00:00:00-05:00,344.78188359842443,345.2639043286698,343.95685556996756,345.0599670410156,64119500,341.6533233642578,338.6883605957031,327.9434289550781,66.7215364639892,4.426616824868802,4.707511489497181,-0.280894664628379,346.9938101286134,330.3829110627928,338.6883605957031,3.8263312734967454,0.005591756921059954,0.005576181085542212,59203485.0
2020-12-18 00:00:00-05:00,345.3485696719916,345.5161309651634,341.67136919379556,343.68218994140625,136542300,341.7370910644531,339.2896789550781,328.4435113525391,63.50094776955566,4.335627064472021,4.633134604492149,-0.2975075400201277,347.2036226921776,331.3757352179786,339.2896789550781,3.827647737630397,-0.003992862780994866,-0.0040008555406783565,63033555.0
2020-12-21 00:00:00-05:00,339.7629543638441,352.3212438699424,337.0260063626711,342.4533386230469,96386700,341.7684265136719,339.94311370849607,328.862099609375,60.68728530239013,4.116901909825117,4.529888065558742,-0.4129861557336252,346.52356968117977,333.3626577358124,339.94311370849607,4.6467612926047455,-0.0035755455310875206,-0.0035819530722062992,64332025.0
2020-12-22 00:00:00-05:00,342.7791360979551,342.8908436114936,340.74970717574905,341.8761291503906,47949000,341.6419189453125,340.46896209716795,329.1656939697266,59.356886947707466,3.8525745867436854,4.394425369795731,-0.5418507830520456,345.7799692437114,335.1579549506245,340.46896209716795,4.467788088543303,-0.001685512762051422,-0.0016869348368617513,63567945.0
2020-12-23 00:00:00-05:00,342.84430466406303,344.0917525684816,341.8575170917641,342.183349609375,46201400,341.85389709472656,340.74320220947266,329.51807373046876,59.86125680686999,3.6260841612656236,4.24075712808971,-0.6146729668240862,345.80784294788134,335.678561471064,340.74320220947266,4.308248616270029,0.0008986309156706618,0.0008982273886391779,62757220.0
2020-12-24 00:00:00-05:00,342.65811576810853,343.54251428118584,342.07165131242414,343.51458740234375,26457900,342.2101257324219,341.1099594116211,329.9378643798828,62.05844604195319,3.513507108706108,4.095307124212989,-0.5818000155068814,345.8515918981096,336.36832692513264,341.1099594116211,4.105578212876577,0.0038904224723044223,0.0038828743493888535,61813570.0
2020-12-28 00:00:00-05:00,346.06537505500916,346.85667458893,345.4416652223988,346.4656982421875,39000400,342.9013336181641,341.57745666503905,330.4246490478516,66.44367837160519,3.620681996532028,4.0003820986767975,-0.3797001021447697,346.49222165426835,336.66269167580975,341.57745666503905,4.051043139570124,0.00859093310173531,0.008554241032271757,62337885.0
2020-12-29 00:00:00-05:00,347.99247990906485,348.1693596640355,345.2182860136059,345.8047790527344,53680500,343.6784698486328,342.08652954101564,330.902109375,64.64174758369779,3.610666694142651,3.9224390177699684,-0.3117723236273173,346.5139441373015,337.65911494472977,342.08652954101564,3.9724738903457997,-0.0019076035313346784,-0.0019094253241586842,60828275.0
2020-12-30 00:00:00-05:00,346.6238671606465,347.33138589790764,345.90705840463,346.29803466796875,49455300,344.0479278564453,342.4367218017578,331.48732482910157,65.39600406461494,3.6010207747492586,3.858155369165827,-0.25713459441656816,347.03012837891316,337.84331522460246,342.4367218017578,3.7977691014049038,0.0014263990699767692,0.0014253827291802713,59589470.0
2020-12-31 00:00:00-05:00,346.1026197103733,348.78371400805713,345.59061740637577,348.0575866699219,78520700,344.53956604003906,342.8392074584961,332.08233154296875,68.01697691427155,3.692789279371823,3.8250821512070265,-0.13229287183520366,347.8978998547911,337.7805150622011,342.8392074584961,3.754578208567508,0.005081033750711894,0.0050681688582904305,61219155.0
2021-01-04 00:00:00-05:00,349.3887700821715,349.5191144538357,339.6232833911593,343.319091796875,110210800,344.365478515625,343.00940093994143,332.594619140625,55.76697054560758,3.3446050207062967,3.7289867251068807,-0.38438170440058395,347.88901417006815,338.1297877098147,343.00940093994143,4.193239126718143,-0.013614111728989853,-0.013707633528934882,63585595.0
2021-01-05 00:00:00-05:00,342.6767566253038,346.7728598923991,342.6301928867929,345.68365478515625,66426200,344.565625,343.15135803222654,333.1193438720703,59.6703321848764,3.222322036250489,3.6276537873356025,-0.40533175108511355,348.16682482272734,338.13589124172574,343.15135803222654,4.189626832353004,0.0068873623540872675,0.0068637528169560235,64369410.0
2021-01-06 00:00:00-05:00,344.17549263484494,350.94339886260224,343.62624515725565,347.7502746582031,107997700,345.09531860351564,343.43187255859374,333.66370971679686,62.763183530835825,3.254653225922766,3.5530536750530355,-0.2984004491302694,348.8045427440294,338.0592023731581,343.43187255859374,4.413021608995402,0.0059783557725090475,0.005960556309422664,67322080.0
2021-01-07 00:00:00-05:00,350.12425147477427,353.66178899148537,349.9473717579539,352.91705322265625,68766800,346.1994110107422,343.92066497802733,334.4298779296875,69.13598944158825,3.6550585366375685,3.5734546473699424,0.08160388926762607,350.6946405983734,337.1466893576813,343.92066497802733,4.520056803587319,0.014857726768243262,0.014748431997242427,68637475.0
2021-01-08 00:00:00-05:00,354.3041182519428,355.14195305315735,351.05516813608017,354.9278564453125,71677200,347.47386169433594,344.66387939453125,335.25795471191407,71.20165533820075,4.087519267504774,3.6762675713969086,0.4112516961078656,352.7220112243756,336.6057475646869,344.66387939453125,4.489108811693738,0.005697665228400428,0.0056814949267746445,68516420.0
2021-01-11 00:00:00-05:00,351.7534496860149,354.29488155566315,351.63242370939287,352.5354309082031,51034700,348.3759460449219,345.29303588867185,336.25250122070315,65.57799126412087,4.188911600494521,3.7787963772164312,0.4101152232780896,353.7371230217753,336.8489487555684,345.29303588867185,4.403846234852731,-0.006740596697791146,-0.006763417126394109,68181385.0
2021-01-12 00:00:00-05:00,352.72150764451703,353.62448612257145,350.36621794703956,352.6097717285156,52547700,348.9903533935547,345.9458435058594,337.186982421875,65.66873000575619,4.226543475534186,3.868345796879982,0.3581976786542036,354.5316877089743,337.3599993027445,345.9458435058594,4.3220192306155285,0.00021087474845016274,0.00021085251749563882,67923840.0
2021-01-13 00:00:00-05:00,352.53544554182605,354.55555668053626,351.7534642871781,353.5594787597656,45303600,349.7658233642578,346.72214660644534,338.2042333984375,66.87022513364205,4.283621505758674,3.9514009386557207,0.33222056710295345,355.11132556392397,338.3329676489667,346.72214660644534,4.213453027954289,0.0026933656052539057,0.002689744995738492,66728210.0
2021-01-14 00:00:00-05:00,354.30415242528704,354.8068647184422,351.9861359560516,352.3212585449219,49989100,350.36814575195314,347.2080368041992,339.12886596679687,63.73820260660284,4.180749158958292,3.997270582716235,0.1834785762420572,355.7116391325013,338.7044344758971,347.2080368041992,4.11397272327117,-0.003502155335185053,-0.0035083022369805173,66034400.0
2021-01-15 00:00:00-05:00,350.7014344796534,351.5020240301078,347.8900242126763,349.75189208984375,107160000,350.53757629394534,347.5385711669922,339.8940240478516,57.69908029367535,3.8475435955733133,3.9673251852876508,-0.1197815897143375,355.8968398983759,339.1803024356085,347.5385711669922,4.1366342667693425,-0.0072926807360121915,-0.007319402326115205,68471375.0
2021-01-19 00:00:00-05:00,352.2095511727949,353.0380960342888,350.72936958492306,352.4981384277344,51233300,351.4554809570312,347.9104797363281,340.5748748779297,61.85882092345023,3.7617122370199922,3.9262025956341193,-0.16449035861412709,356.4543756890156,339.36658378364064,347.9104797363281,4.075889243746179,0.007851984220817787,0.007821317816198246,67827065.0
2021-01-20 00:00:00-05:00,354.7881669476118,358.21402492373454,354.39719066105187,357.3761901855469,61836100,352.62473449707034,348.59517974853514,341.22907165527346,67.89755785654013,4.040729264565584,3.9491079294204123,0.09162133514517201,357.84002423436664,339.35033526270365,348.59517974853514,4.1930319046214635,0.013838517785002669,0.01374363980942516,64091755.0
2021-01-21 00:00:00-05:00,357.93475983810305,358.36300987967786,356.7804109135132,357.7020263671875,47840100,353.6199096679687,349.3576141357422,341.89126953125,68.25905875792367,4.239276781952242,4.007141699926779,0.2321350820254633,358.95888558139006,339.75634269009436,349.3576141357422,4.006572409017406,0.0009117456355205444,0.0009113302479346371,61664425.0
2021-01-22 00:00:00-05:00,355.8494812219019,357.5996414893799,355.4677949159223,356.43597412109375,52860500,353.9718017578125,350.08560638427736,342.4465710449219,65.18740669266909,4.24552748640491,4.054818857222405,0.19070862918250508,359.51378940204614,340.65742336650857,350.08560638427736,3.8799766263208197,-0.003539404735700691,-0.003545683247817151,61910000.0
2021-01-25 00:00:00-05:00,357.1714012989788,358.19540580199936,352.3212155048195,357.8416748046875,70402000,354.26318359375,350.86852264404297,343.0396270751953,66.96492053773301,4.3141783494234005,4.106690755662605,0.20748759376079562,360.1411161635737,341.5959291245122,350.86852264404297,4.022420459953606,0.003943767704873036,0.003936011438937526,63120030.0
2021-01-26 00:00:00-05:00,358.79128116207573,359.2008944003585,357.0504391042999,357.2831726074219,42665300,354.7379577636719,351.55695190429685,343.57275329589845,65.53321145517484,4.274247330645551,4.140202070659194,0.1340452599863564,360.5846163484189,342.5292874601748,351.55695190429685,3.8887086625325322,-0.0015607522448872757,-0.001561971487461097,63930400.0
2021-01-27 00:00:00-05:00,353.95968803310404,354.05278710492604,346.31672868098127,348.55096435546875,123351100,354.3320770263672,351.6612152099609,343.9953820800781,48.18651373661646,3.4976665598729255,4.011694968501941,-0.5140284086290157,360.4974056462512,342.82502477367063,351.6612152099609,4.394261181383109,-0.024440580809407364,-0.024744209251098853,68147935.0
2021-01-28 00:00:00-05:00,350.3663101277551,355.55161937828063,349.92879841681105,351.5486145019531,94198100,354.13099060058596,351.9484069824219,344.3873040771484,52.80493449825035,3.088503670698003,3.827056708941154,-0.7385530382431509,360.3681048309712,343.52870913387255,351.9484069824219,4.580432170056592,0.008600320908672687,0.008563548832827388,70173815.0
2021-01-29 00:00:00-05:00,349.6867328043069,350.65491209093165,342.83504399028214,344.5107421875,126765100,353.3499389648438,351.8590423583984,344.55559814453125,43.09305861354703,2.1713121208103416,3.495907791314992,-1.3245956705046504,360.55029070249117,343.1677940143057,351.8590423583984,4.875656337314763,-0.020019627511329685,-0.02022273559086937,74039305.0
2021-02-01 00:00:00-05:00,347.90858629226074,351.27856215518443,344.7992707610039,350.2452392578125,75817600,353.39927368164064,351.96842498779296,344.8747351074219,51.000859298857456,1.8854232127374075,3.173810875599475,-1.2883876628620676,360.5194833175814,343.41736665800454,351.96842498779296,5.0108108823411674,0.016645336031906766,0.016508320778884453,73904150.0
2021-02-02 00:00:00-05:00,353.4290462295083,356.7524870405597,350.32904887111556,355.19781494140625,64450700,353.6692413330078,352.5623611450195,345.3733843994141,56.60890506316226,2.0350271345881765,2.9460541273972156,-0.9110269928090391,360.23263864254193,344.8920836474971,352.5623611450195,5.117699232370169,0.014140308356763054,0.014041266757101241,71616145.0
2021-02-03 00:00:00-05:00,356.026389967423,357.19937586145977,354.2017673399159,355.4771423339844,52427100,353.4793365478516,353.0520355224609,345.8498107910156,56.90846391038461,2.151329519097544,2.7871092057372815,-0.6357796866397374,360.13087035201966,345.9732006929022,353.0520355224609,4.966264181596864,0.0007863995239503208,0.0007860904738586358,70916190.0
2021-02-04 00:00:00-05:00,356.5105285695319,359.56399139751954,355.58891286655813,359.5174560546875,47142600,353.66087951660154,353.64039459228513,346.4524670410156,61.09254949448754,2.5402372736370467,2.7377348193172346,-0.19749754568018796,360.81422452080665,346.4665646637636,353.64039459228513,4.903448816021028,0.01136588894063717,0.011301782518599875,67873435.0
2021-02-05 00:00:00-05:00,361.38864164328993,361.6399836315469,359.470919602901,360.9324645996094,48669800,354.11052856445315,354.0411651611328,347.04393310546874,62.46706537987731,2.9288666829294243,2.7759611920396727,0.15290549088975158,361.87389010835744,346.2084402139082,354.0411651611328,4.708135616922803,0.003935854910774195,0.003928129697413027,66868585.0
2021-02-08 00:00:00-05:00,362.38465454642807,363.5855673167599,361.52821120762786,363.5390319824219,38365200,354.6802642822266,354.47172393798826,347.58074279785154,64.9252058551492,3.407902316953482,2.9023494170224344,0.5055528999310477,363.33144781640954,345.612000059567,354.47172393798826,4.5613475526533565,0.007221759299773867,0.007195807267396691,65202985.0
2021-02-09 00:00:00-05:00,362.7011552001997,363.89277790526904,362.29157040764335,363.2969665527344,35551100,355.2816436767578,355.00980072021486,348.12309326171874,64.50271175735259,3.725068579225706,3.0668932494630887,0.6581753297626172,364.60999530209557,345.40960613833414,355.00980072021486,4.349908977294238,-0.0006658581565986976,-0.0006660799385967518,64428805.0
2021-02-10 00:00:00-05:00,365.0377849264699,365.18673775500156,360.7368749883138,363.138671875,59154400,356.74041442871095,355.53624572753904,348.6435516357422,64.20846085970848,3.918482245412008,3.237211048652873,0.681271196759135,365.6909904335889,345.38150102148916,355.53624572753904,4.35704853367949,-0.00043571703677136586,-0.00043581198902197617,64759140.0
2021-02-11 00:00:00-05:00,364.2185830573535,364.637514691375,361.29546527923713,363.7251892089844,42913300,357.95807189941405,356.04453125,349.2055889892578,64.8483210899108,4.07214980829275,3.404198800580849,0.6679510077119009,366.7550709607317,345.33399153926825,356.04453125,4.284548596426515,0.0016151332243299343,0.0016138302994066578,64639625.0
2021-02-12 00:00:00-05:00,362.9245980037026,365.7639351240039,362.8501073798465,365.52191162109375,50593300,360.05918884277344,356.7045639038086,349.7301434326172,66.8060327228536,4.289466640481123,3.5812523685609037,0.7082142719202196,368.02554814949997,345.38357965811724,356.7045639038086,4.186639964121579,0.0049397799916381935,0.0049276193094096536,64669835.0
2021-02-16 00:00:00-05:00,366.75070644597713,366.94622301748575,364.4885439172145,365.2053527832031,50972400,361.5552001953125,357.47723693847655,350.2340930175781,66.10746057753106,4.385593748255872,3.7421206444998973,0.6434731037559742,368.9035811946702,346.0508926822829,357.47723693847655,4.063142759560842,-0.0008660461324648816,-0.0008664213670792941,61860455.0
2021-02-17 00:00:00-05:00,363.45530428971625,365.5405875852445,362.44056111873977,365.28924560546875,52290600,362.56434326171876,358.1167922973633,350.74157348632815,66.20830701917433,4.417621037909612,3.8772207231818405,0.5404003147277714,369.78608663418703,346.4474979605396,358.1167922973633,3.9943487386282635,0.00022971410913408263,0.00022968772888798083,61913320.0
2021-02-18 00:00:00-05:00,362.6825372104316,364.47923283154506,360.9603038015021,363.7344970703125,59712800,363.39007873535155,358.43470764160156,351.1593731689453,62.4969290828077,4.268344859900367,3.955445550525546,0.3128993093748207,370.34983133968444,346.5195839435187,358.43470764160156,4.01824824329529,-0.004256212176680041,-0.0042652956309614486,61807155.0
2021-02-19 00:00:00-05:00,364.9912762762247,365.27986352452217,362.645304567679,363.0921630859375,83241000,363.74754943847654,358.70421447753904,351.5784167480469,60.97614318342483,4.051508164872871,3.9746580733950116,0.07685009147785937,370.7835625922085,346.62486636286957,358.70421447753904,3.919413294262998,-0.0017659418876918576,-0.001767503001228456,63577200.0
2021-02-22 00:00:00-05:00,360.3272432845483,362.7104315988189,360.02933764280306,360.29931640625,67414200,363.6842346191406,358.8973815917969,351.9215789794922,54.73911058731904,3.6126596440087724,3.9022583875177643,-0.28959874350899195,370.9489907751765,346.84577240841725,358.8973815917969,3.858228447753816,-0.007691839603341966,-0.007721574376459203,64304885.0
2021-02-23 00:00:00-05:00,358.0930892269746,362.0868041909318,353.9411313866223,360.7369384765625,107284100,363.4040252685547,359.0421447753906,352.3350463867188,55.50708322182509,3.2625725675275135,3.7743212235197143,-0.5117486559922009,371.10909753629977,346.9751920144815,359.0421447753906,4.164474473222077,0.001214606995865175,0.0012138699575355454,66148990.0
2021-02-24 00:00:00-05:00,359.64766215783163,365.1401946066292,358.6608745485557,364.7119445800781,72433900,363.54552307128904,359.41358337402346,352.8302392578125,61.84063176767758,3.2682020108209144,3.6730973809799545,-0.4048953701590401,371.69649881585997,347.13066793218695,359.41358337402346,4.329820586425753,0.011019126902563903,0.010958858655186197,67637420.0
2021-02-25 00:00:00-05:00,363.4459121163381,364.81438610383606,354.4810139951626,355.9239501953125,146670500,362.8240509033203,359.7822326660156,353.15764587402344,46.18706671825622,2.5343314868579228,3.4453442021555487,-0.911012715297626,371.1472057018525,348.4172596301787,359.7822326660156,4.758645695157733,-0.024095713111024986,-0.024390764090014738,68803390.0
2021-02-26 00:00:00-05:00,357.8044726689712,358.9495032557424,352.1071613879296,354.09002685546875,152701600,361.86053466796875,359.90930328369143,353.47877807617186,43.70103233319947,1.784184553658804,3.1131122724562,-1.328927718797396,370.95555930649857,348.8630472608843,359.90930328369143,4.907481136061668,-0.005152570763606645,-0.0051658910317940645,71728565.0
2021-03-01 00:00:00-05:00,358.95880058810565,363.92069420530373,354.28552261817083,362.6732177734375,105348800,361.57566528320314,360.81742706298826,353.88017333984374,55.715200589251744,1.8608290005498134,2.8626556180749225,-1.0018266175251092,369.35122603074035,352.28362809523617,360.81742706298826,5.259137294188333,0.024240137442425702,0.023951008345445654,70657750.0
2021-03-02 00:00:00-05:00,362.8967243179224,363.12945783435276,359.3405493685015,359.84326171875,79595300,361.0394561767578,361.29732818603514,354.2142144775391,51.79089938587341,1.6739205599845377,2.6249086064568457,-0.950988046472308,368.34999244122287,354.2446639308474,361.29732818603514,5.154120949307113,-0.007803046698792615,-0.007833649769764525,70846635.0
2021-03-03 00:00:00-05:00,359.1449892511198,360.11314003050495,354.9743952442966,355.0768127441406,119940200,360.018212890625,361.29127807617186,354.41455139160155,45.92376469743541,1.1281767574647006,2.3255622366584165,-1.197385479193716,368.36503781123315,354.2175183411106,361.29127807617186,5.153022651942915,-0.01324590309637308,-0.013334412531278919,73621110.0
2021-03-04 00:00:00-05:00,354.89067292653556,357.47866839991167,346.1957524741158,350.682861328125,183433000,358.7130493164062,361.0515640258789,354.55456481933595,41.2810852678859,0.3372283461505958,1.9278954585568524,-1.5906671124062566,369.148173920154,352.9549541316038,361.0515640258789,5.59087217150384,-0.012374650380738261,-0.012451853939290476,80171405.0
2021-03-05 00:00:00-05:00,354.18311275175654,358.1861456706564,346.9032310579424,357.1341857910156,152039600,358.11725158691405,360.9324005126953,354.84818176269533,49.37364947138592,0.2283319315208132,1.5879827531496447,-1.3596508216288314,369.1844769181898,352.6803241072009,360.9324005126953,5.997446631590281,0.018396463512524663,0.018229295663243786,85416255.0
2021-03-08 00:00:00-05:00,358.09305771331407,360.9044680233819,355.0768407972248,355.3561096191406,123149200,357.6229309082031,360.65358276367186,355.11778137207034,47.43330996873887,-0.0014286797662634854,1.2701004665664632,-1.2715291463327267,369.2561876993017,352.05097782804205,360.65358276367186,5.985316674059341,-0.004978734163845866,-0.004991169352284777,89140225.0
2021-03-09 00:00:00-05:00,359.2009087711451,362.9804987402697,358.698196429531,360.42974853515625,113633600,357.5922119140625,360.4981185913086,355.48270935058594,53.09743657879011,0.2233104548877236,1.0607424642307155,-0.8374320093429919,368.9982945986946,351.99794258392257,360.4981185913086,6.102393277421464,0.01427761836275554,0.014176653064226111,92903645.0
2021-03-10 00:00:00-05:00,362.7756352759854,364.3675242968636,361.36062596963234,362.6732177734375,109899400,357.3883392333984,360.46693115234376,355.86588195800783,55.3865804064856,0.5758094830420646,0.9637558679929854,-0.3879463849509208,368.9302994439478,352.00356286073975,360.46693115234376,5.947777740584742,0.006224428608901045,0.006205136865148623,96621060.0
2021-03-11 00:00:00-05:00,365.14023058798864,368.3240087626398,364.6840536373491,366.3504333496094,86245000,358.4309875488281,360.62751922607424,356.2635766601563,58.92521302315642,1.1387611381505849,0.9987569220245054,0.1400042161260795,369.40367605266164,351.85136239948685,360.62751922607424,5.926564401200281,0.01013919803272878,0.010088141191272146,97975590.0
2021-03-12 00:00:00-05:00,364.9913223888349,366.98350649683164,364.1814143051709,366.8438720703125,64653600,359.7063720703125,360.7834533691406,356.6843585205078,59.39068595957558,1.6062054252785742,1.1202466226753192,0.4859588026032551,369.8792306030647,351.6876761352165,360.7834533691406,5.703387814804599,0.001346903608633765,0.001345997347641151,99062605.0
2021-03-15 00:00:00-04:00,367.09516616349055,369.29218502366257,364.95402947649114,369.0315246582031,73427200,360.3422027587891,360.9589340209961,357.1390283203125,61.47512940290355,2.1286459657914065,1.3219264912985367,0.8067194744928698,370.5362785553261,351.3815894866661,360.9589340209961,5.6058712242593725,0.0059634431823665235,0.00594573223235389,100204300.0
2021-03-16 00:00:00-04:00,369.64592676134737,370.35341719951157,367.7933490003447,368.5660400390625,73722500,361.2144805908203,361.12696838378906,357.5491973876953,60.76047302693242,2.47657472773426,1.5528561385856814,0.9237185891485784,371.10593546832035,351.14800129925777,361.12696838378906,5.388313865324195,-0.0012613681705695434,-0.0012621643650003725,101341805.0
2021-03-17 00:00:00-04:00,367.2813248264547,370.6233738852898,366.1362659817345,369.8227844238281,97959300,362.68907775878904,361.35364532470703,358.0792712402344,62.043427116708585,2.8211985265855333,1.8065246161856519,1.0146739103998814,371.8908549799432,350.8164356694709,361.35364532470703,5.323942010912134,0.0034098214383300185,0.0034040211787026457,103625240.0
2021-03-18 00:00:00-04:00,367.23481832610025,369.32010118927036,363.76242462104625,364.4420166015625,115349100,364.0649932861328,361.3890213012695,358.4544384765625,53.91544842203336,2.6298174768826925,1.97118318832506,0.6586342885576326,371.96265350129244,350.8153891012466,361.3890213012695,5.3765432817599725,-0.014549584419598971,-0.014656467627348325,106407055.0
2021-03-19 00:00:00-04:00,364.1412876855865,365.7197211971754,361.59150389696646,363.7677001953125,113624500,364.7283447265625,361.4227981567383,358.7747869873047,52.97876514727798,2.3961140069374096,2.05616935204753,0.3399446548898797,372.02226128776323,350.82333502571333,361.4227981567383,5.287377140220611,-0.0018502707578507138,-0.0018519846231922986,107926230.0
2021-03-22 00:00:00-04:00,364.2813085699684,368.05460704440395,364.2252718824728,366.67230224609375,73778600,365.85996398925784,361.74144744873047,359.0498919677734,56.48563606422524,2.4174130016928075,2.1284180819765854,0.28899491971622204,372.5674109425219,350.915483954939,361.74144744873047,5.215914976568528,0.00798477173542822,0.007953062129729729,108244450.0
2021-03-23 00:00:00-04:00,366.0373101003052,367.4849724644324,363.00186510857276,363.7864074707031,90686600,366.1956298828125,361.8939208984375,359.22706298828126,52.311189720660984,2.176337553943654,2.138001976369999,0.03833557757365469,372.74486821195364,351.04297358492136,361.8939208984375,5.163571575089323,-0.007870501146971631,-0.007901637018668825,107414575.0
2021-03-24 00:00:00-04:00,365.1873129811931,366.8217830520808,361.89035449260405,361.9370422363281,97588600,366.12201232910155,361.75517578125,359.41509521484375,49.772680359333464,1.8151315000710042,2.0734278811102005,-0.2582963810391963,372.5291340680835,350.98121749441646,361.75517578125,5.1469899311169955,-0.005083656773305689,-0.005096622517327944,108672310.0
2021-03-25 00:00:00-04:00,360.4987572580339,364.76703777153006,358.556056717537,363.9731750488281,116128600,365.88428649902346,362.15763702392576,359.64236328125,52.505408478684956,1.6738765939022073,1.9935176236686019,-0.3196410297663945,372.62728566857385,351.68798837927767,362.15763702392576,5.222989297036714,0.005625654671649993,0.005609889774019014,107145215.0
2021-03-26 00:00:00-04:00,365.1219010982299,370.24013727057377,364.52416690819587,369.8385314941406,114409100,366.1837524414062,362.9450622558594,359.9679443359375,59.36407332678196,2.0120229611292757,1.9972186911607368,0.014804269968538897,373.236580606682,352.65354390503677,362.9450622558594,5.297558791658781,0.016114804187219667,0.01598633901995853,105230590.0
2021-03-29 00:00:00-04:00,368.3628933197625,370.5577590931056,366.877863754709,369.65179443359375,108107600,366.2457794189453,363.2939910888672,360.31455505371093,59.07159417965119,2.239127010837592,2.045600355096108,0.1935266557414841,373.99023417041457,352.5977480073198,363.2939910888672,5.182011402140053,-0.0005049151038764021,-0.0005050426164312799,105368530.0
2021-03-30 00:00:00-04:00,368.3816101105084,369.3436115196959,367.0740110275809,368.671142578125,76262200,366.25628967285155,363.7353851318359,360.69294006347656,57.47025489639546,2.3133117791376776,2.099142639904422,0.21416913923325565,374.55349708565694,352.9172731780149,363.7353851318359,4.995995116702394,-0.002652907060741727,-0.0026564322547331684,105201875.0
2021-03-31 00:00:00-04:00,369.2408322683644,371.7252304449524,369.2128139187483,370.16546630859375,112734200,366.2905578613281,364.4898178100586,361.04628662109377,59.281634706450774,2.4642765330381735,2.1721694185311726,0.2921071145070009,374.88356040889533,354.09607521122183,364.4898178100586,4.857287455997037,0.004053270131258113,0.004045077761676357,104841575.0
2021-04-01 00:00:00-04:00,372.09886915365325,374.2190290770349,371.893391727222,374.1629638671875,99682900,367.2626525878906,365.66382293701173,361.38202209472655,63.731752537474655,2.8733595325570036,2.312407441336339,0.5609520912206647,374.77997752807346,356.54766834595,365.66382293701173,4.799878549743046,0.010799217977997877,0.010741322865197878,100654070.0
2021-04-05 00:00:00-04:00,376.8246892465933,380.0749596235108,376.7499831645127,379.5332336425781,91684800,368.8392059326172,366.78377532958984,361.8186462402344,68.68338664611204,3.5895189070538436,2.56782973447984,1.0216891725740034,376.8836896746246,356.6838609845551,366.78377532958984,4.879315493070206,0.01435275613568443,0.01425073040616853,97636330.0
2021-04-06 00:00:00-04:00,378.9729228929124,380.3551993878055,378.6366742165215,379.30914306640625,62021000,370.10289001464844,367.98142700195314,362.27610961914064,68.26456465793018,4.091830064391843,2.872629800462241,1.219200263929602,378.05760933130415,357.9052446726021,367.98142700195314,4.653544755799763,-0.0005904372958888127,-0.0005906116726314008,94579920.0
2021-04-07 00:00:00-04:00,379.141055188101,380.0937075716996,378.6834126464064,379.7481384277344,55836300,371.6990631103516,368.94734649658204,362.71423889160155,68.66764519637717,4.473767722874868,3.1928573849447663,1.2809103379301017,379.6283098649424,358.26638312822166,368.94734649658204,4.421884053620724,0.0011573550739620853,0.0011566858548781047,91690055.0
2021-04-08 00:00:00-04:00,380.99961272494903,381.6066958698037,380.06562988582067,381.5506591796875,57863100,373.6604248046875,369.8912185668945,363.19958862304685,70.33379624375131,4.865814350356402,3.527448778027094,1.338365572329308,381.4849738000579,358.2974633337311,369.8912185668945,4.238789295652765,0.004746621693567876,0.004735392006181514,89088240.0
2021-04-09 00:00:00-04:00,381.4293518580536,384.49281512504706,381.3079295009663,384.3246765136719,61104600,375.69557495117186,370.78993072509763,363.9150628662109,72.73658285732566,5.338811645249734,3.8897213514716222,1.449090293778112,383.8414415917593,357.738419858436,370.78993072509763,4.163510461969052,0.007270377516706006,0.0072440757277724265,87831220.0
2021-04-12 00:00:00-04:00,383.7269586097735,384.7356478067026,383.11987530124844,384.4648132324219,56704900,377.158203125,371.6709777832031,364.5733868408203,72.85618845817511,5.659731410604934,4.243723363298285,1.416008047306649,385.86686334080844,357.4750922255978,371.6709777832031,3.9815291793608467,0.0003646310718874446,0.00036456461013367454,87433785.0
2021-04-13 00:00:00-04:00,384.36203264890395,386.2299986965263,383.9790961887934,385.6042175292969,56551000,378.7534454345703,372.49961242675784,365.39525634765624,73.86030102484739,5.937558562008803,4.582490403040389,1.3550681589684146,387.86874762296344,357.13047723055223,372.49961242675784,3.8579129885302805,0.002963611383042686,0.002959228544046988,86589975.0
2021-04-14 00:00:00-04:00,385.5761343766993,386.6315395766929,383.7455359385016,384.2872619628906,61659900,380.3150573730469,373.2856735229492,366.0760968017578,70.60905436534375,5.982508637588978,4.862494049950107,1.1200145876388712,389.3615525490851,357.2097944968133,373.2856735229492,3.788490892077497,-0.0034153038440410954,-0.003421149307365103,85986845.0
2021-04-15 00:00:00-04:00,386.42610852089956,388.68635987083064,386.3794207731198,388.4154968261719,60229800,382.1400604248047,374.2153091430664,366.7404504394531,74.41148947098387,6.2788670774922934,5.145768655458545,1.1330984220337488,391.4884381987118,356.94218008742104,374.2153091430664,3.83210567892482,0.010742575338549498,0.010685283816536634,84100370.0
2021-04-16 00:00:00-04:00,389.70436564966764,390.32079778500326,388.28472190043465,389.7137145996094,82037300,383.69513549804685,375.47889404296876,367.4251818847656,75.48557247398323,6.543064229400272,5.42522777024689,1.1178364591533825,393.392884807024,357.5649032789135,375.47889404296876,3.7038178364708054,0.003342342888081218,0.003336769675030409,82434780.0
2021-04-19 00:00:00-04:00,388.77974091961784,389.228034481116,386.4728019580856,387.7990417480469,78498500,384.52171630859374,376.68046112060546,367.9908135986328,70.76756319500035,6.522754030008116,5.644733022199135,0.8780210078089805,394.5147765533304,358.8461456878805,376.68046112060546,3.6707531796888753,-0.00491302404774141,-0.004925132626494138,80678480.0
2021-04-20 00:00:00-04:00,386.5848990980943,387.68699217501296,383.4840687603821,384.95977783203125,81851800,385.08677978515624,377.59483489990237,368.47135986328124,64.34503867597002,6.206014113765093,5.756989240512327,0.44902487325276574,395.1560210087903,360.03364879101446,377.59483489990237,3.716768880258581,-0.007321482547293923,-0.007348416143733026,81082140.0
2021-04-21 00:00:00-04:00,384.34336511048394,388.80780284580254,384.2032448539139,388.6023254394531,66793000,385.9721984863281,378.8356307983398,368.9726257324219,68.3176255964026,6.177705850477025,5.841132562505267,0.336573287971758,395.81607236170476,361.8551892349749,378.8356307983398,3.780182388232159,0.009462151157545673,0.009417665405723937,79887460.0
2021-04-22 00:00:00-04:00,388.4342655987634,389.26549578003414,383.98849668768133,385.05322265625,97582800,386.32245483398435,379.99143981933594,369.4077508544922,61.166637294562925,5.802006495104365,5.8333073490250875,-0.03130085392072246,395.2757797900207,364.7070998486512,379.99143981933594,3.88709786709792,-0.009132994197061484,-0.00917495567324352,79887170.0
2021-04-23 00:00:00-04:00,385.6134878217857,390.6383200253725,385.53878173639555,389.2279968261719,73209200,386.8127868652344,381.2541809082031,369.9295373535156,65.7129797116157,5.774565834277894,5.821559046075649,-0.04699321179775495,395.1458627331626,367.3624990832437,381.2541809082031,4.0083835458139605,0.010842070457488084,0.010783716616989313,77741200.0
2021-04-26 00:00:00-04:00,389.88185775138544,390.61036333622997,389.293443913069,390.0406188964844,52182400,387.3703674316406,382.2642852783203,370.45584594726563,66.5342719707161,5.752084275600907,5.807664091980701,-0.05557981637979381,395.6162315322272,368.9123390244134,382.2642852783203,3.820810900402827,0.002087779083053576,0.0020856027009806305,74629865.0
2021-04-27 00:00:00-04:00,390.3394793906885,390.53563632822335,388.81708265316865,389.95654296875,51303100,387.80559997558595,383.27952270507814,370.94453857421877,66.35716992457021,5.662212789233024,5.778573831431165,-0.11636104219814136,395.69607702783594,370.86296838232033,383.27952270507814,3.6706496700208175,-0.00021555685141783076,-0.00021558008713506603,71789640.0
2021-04-28 00:00:00-04:00,390.2273577613204,391.34814854078337,389.3774299790914,389.84442138671875,51238900,388.36131591796874,384.3381866455078,371.43731994628905,66.1044664541807,5.518329842780076,5.7265250337009475,-0.20819519092087102,395.0911568792741,373.5852164117415,384.3381866455078,3.5492260194258995,-0.0002875232742030054,-0.0002875646169444664,70538475.0
2021-04-29 00:00:00-04:00,392.5716715620224,392.9452589949812,388.9478136062445,392.3288269042969,78544300,388.7526489257813,385.446354675293,371.9781115722656,68.92810464778626,5.540900283938186,5.689400083748396,-0.14849979981021022,394.57384553087405,376.3188638197119,385.446354675293,3.5812416886623857,0.006372812797322602,0.006352592288059508,68828980.0
2021-04-30 00:00:00-04:00,390.0593289877053,390.9092569470682,388.8544829241141,389.7510986328125,85527000,388.7563873291016,386.2257614135742,372.4984436035156,63.05849144320154,5.289808769924377,5.609481820983593,-0.3196730510592154,393.9149988495153,378.5365239776331,386.2257614135742,3.573606138056699,-0.006570325947813149,-0.006592005552901545,68121185.0
2021-05-03 00:00:00-04:00,391.740486180178,392.1234226337819,390.09669546817264,390.5917053222656,68128300,389.03565368652346,386.77868499755857,373.0484344482422,64.13117275443125,5.099858872121558,5.507557231211186,-0.40769835908962726,394.0420025616633,379.51536743345383,386.77868499755857,3.4878002711218916,0.0021567782423239645,0.0021544557349534163,66943360.0
2021-05-04 00:00:00-04:00,388.60228003315905,389.09728984022036,384.49276088924864,388.1819763183594,101591200,389.3578735351563,387.2223266601562,373.60608764648435,58.855217504042336,4.700690582965933,5.346183901562135,-0.645493318596202,393.64132536025136,380.8033279600611,387.2223266601562,3.6743105684001125,-0.006169432097688943,-0.006188541681286873,68921870.0
2021-05-05 00:00:00-04:00,389.82580250833166,390.05929824240366,387.7430102993665,388.30340576171875,60162200,389.32798156738284,387.6500900268555,374.1574169921875,59.03809176514087,4.344069450670759,5.145761011383859,-0.8016915607131008,393.0844866611008,382.21569339261015,387.6500900268555,3.5773089523027575,0.00031281576880792805,0.0003127668521563214,69138165.0
2021-05-06 00:00:00-04:00,388.37814202679203,391.5350091571525,386.37008425835495,391.4042663574219,74321400,389.9630859375,388.1427703857422,374.6912634277344,63.49956942415261,4.262522463479456,4.969113301802979,-0.7065908383235229,393.03561083751333,383.2499299339711,388.1427703857422,3.6907100913381,0.007985664173149054,0.007953947497595188,69961080.0
2021-05-07 00:00:00-04:00,392.17013532299035,394.90669867070073,391.48831747234374,394.2528991699219,67733800,390.465576171875,388.63918151855466,375.45784240722656,67.05008745217049,4.37729798319009,4.850750238080401,-0.4734522548903115,393.883736621138,383.39462641597135,388.63918151855466,3.677261678619583,0.00727798099650423,0.007251624297918314,70292540.0
2021-05-10 00:00:00-04:00,394.60780651677413,394.8319533096077,390.22742408846256,390.3488464355469,81852400,390.49639892578125,388.9333831787109,376.18301879882813,58.63235769751006,4.105903679558082,4.701780926375937,-0.5958772468178548,393.8586913380755,384.00807501934634,388.9333831787109,3.7434950745142648,-0.009902407167061478,-0.009951762092924398,71549915.0
2021-05-11 00:00:00-04:00,385.8283743617133,387.85510146471046,382.9890581244751,386.8650817871094,116888000,390.1872528076172,388.9964263916016,376.66685607910154,52.32013513545274,3.5685747383236617,4.475139688765482,-0.9065649504418207,393.77990504452663,384.2129477386765,388.9964263916016,4.001801734268374,-0.008924746877695067,-0.00896481098391669,74566765.0
2021-05-12 00:00:00-04:00,384.0818760668067,385.35207938683834,377.3291680702474,378.6460876464844,134811000,389.0674194335937,388.71436767578126,377.04291259765625,41.082877338218275,2.451276750488205,4.070367101110027,-1.6190903506218222,395.0035723990126,382.4251629525499,388.71436767578126,4.397095447310773,-0.021245117555344195,-0.021474043240365132,78224320.0
2021-05-13 00:00:00-04:00,380.19641151101195,385.1278398956935,380.1496952660477,383.1944885253906,106394000,388.15398559570315,388.4533172607422,377.60526611328123,47.76859377825338,1.9108014540570366,3.638453971699429,-1.7276525176423925,395.18811162909384,381.7185228923906,388.4533172607422,4.545999504589227,0.012012274858502536,0.011940700098535043,80532530.0
2021-05-14 00:00:00-04:00,385.9310346899563,389.9284800362055,385.9030163453545,389.07855224609375,82201600,388.08673095703125,388.4215591430664,378.3731799316406,54.89873969544087,1.934960633102321,3.2977553039800074,-1.3627946708776864,395.1382461492358,381.70487213689705,388.4215591430664,4.702284647891058,0.015355293191575248,0.015238593796425337,80540745.0
2021-05-17 00:00:00-04:00,387.9671376698497,388.90112049078533,386.0711251805724,388.0885314941406,65129200,387.83641357421874,388.43603363037107,378.9922668457031,53.573577726228535,1.8528619170064644,3.0087766265852993,-1.155914709578835,395.14853854264356,381.7235287180986,388.43603363037107,4.581223392007509,-0.002544526667527358,-0.002547769477620771,79872280.0
2021-05-18 00:00:00-04:00,388.3501869549459,388.5930316977429,384.5862359561128,384.7450256347656,59810200,387.4927185058594,388.4252960205078,379.5800451660156,49.24988992724815,1.500705909436988,2.707162483155637,-1.2064565737186492,395.16065778821167,381.68993425280394,388.4252960205078,4.5401928455519815,-0.008615317351694185,-0.008652643738636764,78770200.0
2021-05-19 00:00:00-04:00,380.0563093742371,383.91363455674485,378.57125157773066,383.7361755371094,106467100,387.03599548339844,388.18198852539064,380.0461737060547,47.99132492148313,1.127220073386468,2.3911740012018035,-1.2639539278153356,395.2190053856558,381.14497166512547,388.18198852539064,4.6568772178007665,-0.0026221264225361196,-0.002625570217384931,80753905.0
2021-05-20 00:00:00-04:00,384.6142002311314,389.1253542262279,384.4928063797059,387.8644714355469,78022200,386.68201599121096,388.32255096435546,380.54999877929686,53.2554939305792,1.1510799023005234,2.1431551814215473,-0.9920752791210239,395.21478596777445,381.43031596093647,388.32255096435546,4.709184465752036,0.010758161887289397,0.010700704586317404,79775875.0
2021-05-21 00:00:00-04:00,389.34945519441624,390.59166843930177,387.089232490251,387.546875,76578700,386.01141357421875,388.2384948730469,380.9739276123047,52.81261887225052,1.1313204525764036,1.9407882356525188,-0.8094677830761152,395.12551235777926,381.3514773883145,388.2384948730469,4.6229881431305175,-0.0008188335331962282,-0.00081916896049235,79944350.0
2021-05-24 00:00:00-04:00,389.78844536691764,392.5717248506236,389.54560067622776,391.4976501464844,51376700,386.1262939453125,388.31134643554685,381.4670031738281,57.54262126286847,1.418108411599519,1.8362522708419189,-0.41814385924239983,395.3031036434653,381.3195892276284,388.31134643554685,4.651692550808593,0.010194315581784519,0.010142704013398285,79904065.0
2021-05-25 00:00:00-04:00,392.5810493076067,392.9359673967326,390.0499634392748,390.6290283203125,57451400,386.5026885986328,388.344970703125,381.8989532470703,56.20857416553714,1.5573472832581388,1.780471273325163,-0.22312399006702432,395.3744189052402,381.3155225010098,388.344970703125,4.5255719369978245,-0.002218715299687979,-0.002221180295235671,80211480.0
2021-05-26 00:00:00-04:00,391.2174583544931,391.9085966601107,390.18075089606674,391.4042663574219,43088600,387.77850646972655,388.42296295166017,382.3557177734375,57.16310190644551,1.7105323704722082,1.7664834927545723,-0.055951122282364096,395.55114633682,381.2947795665003,388.42296295166017,4.325734353215403,0.001984588908926943,0.001982622213982329,79803965.0
2021-05-27 00:00:00-04:00,392.43165081383626,392.9453300641983,391.3295292083679,391.6097412109375,56707700,388.6200317382812,388.3870086669922,382.7914569091797,57.4279714984228,1.8274470867127093,1.7786762115461998,0.048770875166509464,395.44291286288257,381.3311044711018,388.3870086669922,4.13216767483076,0.0005249683541466155,0.0005248306064668612,78712135.0
2021-05-28 00:00:00-04:00,393.178808495256,393.44032258439506,392.07671544123446,392.3102111816406,58520200,388.9431976318359,388.5149642944336,383.34882080078125,58.372914510820415,1.9540992741741547,1.8137608240717908,0.1403384501023639,395.7555753707466,381.27435321812055,388.5149642944336,3.9677686533041028,0.00178869393937231,0.0017870961314104816,77361795.0
2021-06-01 00:00:00-04:00,394.67320566118025,394.81329741149153,391.525687491623,391.96466064453125,54216600,389.330810546875,388.5836120605469,383.91276000976563,57.69260250073239,2.003493973365437,1.85170745393052,0.15178651943491683,395.926983834977,381.2402402861168,388.5836120605469,3.9191858866301343,-0.0008808094392154242,-0.0008811975797848519,76666210.0
2021-06-02 00:00:00-04:00,392.61842198763014,393.42166217448545,391.60973290730567,392.5810546875,49097100,390.1144134521484,388.8035659790039,384.4309350585938,58.61906658255299,2.068532718628319,1.8950725068700798,0.1734602117582391,396.346459148723,381.2606728092848,388.8035659790039,3.768667556669395,0.0015725755529980567,0.0015713403508593436,74041505.0
2021-06-03 00:00:00-04:00,390.26477509890356,392.2634837583409,388.79841505022597,391.1240234375,58138800,390.8531982421875,388.944596862793,384.97768737792967,55.52387753148427,1.979685564989495,1.911995118493963,0.06769044649553213,396.55002591339974,381.33916781218625,388.944596862793,3.769665562426869,-0.003711415088942127,-0.0037183194785880558,73940335.0
2021-06-04 00:00:00-04:00,392.9733282256469,395.0000837788047,391.1894173616605,394.7012023925781,55938800,391.5368713378906,389.1094436645508,385.6329705810547,60.97237649327157,2.172874457387138,1.9641709862725982,0.2087034711145399,397.05623923334224,381.1626480957593,389.1094436645508,3.777265189489572,0.009145894245101927,0.009104323827846445,73021205.0
2021-06-07 00:00:00-04:00,394.69185530536356,394.86931434784225,393.38428486307185,394.3182678222656,51555000,392.21401062011716,389.11271209716796,386.23987243652346,60.123271971366286,2.2689236870481864,2.025121526427716,0.24380216062047033,397.06801598800763,381.1574082063283,389.11271209716796,3.6135340677239163,-0.0009701885071321525,-0.0009706594446252397,72212265.0
2021-06-08 00:00:00-04:00,395.1775676834587,395.2709716921303,392.5717754098022,394.4023742675781,47134300,392.5044830322266,389.31538848876954,386.7311492919922,60.254192798124166,2.3250285983796175,2.0851029408180963,0.23992565756152118,397.5866065775198,381.0441704000193,389.31538848876954,3.5482242259099257,0.0002132958378444627,0.00021327309352136398,70476360.0
2021-06-09 00:00:00-04:00,395.242896577049,395.3176311744139,393.5897570222941,393.81390380859375,48436300,392.8229705810547,389.66282958984374,387.2143914794922,58.79959270161476,2.2955458729411475,2.1271915272427067,0.16835434569844088,398.0757193922188,381.2499397874687,389.66282958984374,3.418199220639202,-0.001492056076176529,-0.001493170300304927,67053775.0
2021-06-10 00:00:00-04:00,395.0374479909109,396.5972121670287,393.7205285195885,395.64453125,51020100,393.2469970703125,390.5127517700195,387.7538592529297,61.88237041080362,2.3923197628898833,2.180217174372142,0.21210258851774144,397.63803592704784,383.3874676129912,390.5127517700195,3.3795195368392723,0.004648458126293109,0.004637687410068282,62864230.0
2021-06-11 00:00:00-04:00,396.1955238621483,396.410321669014,394.9066230093794,396.2982482910156,45570800,393.7158477783203,391.1679397583008,388.2765148925781,62.94852629598143,2.4930252268009667,2.242778784857907,0.25024644194305967,397.87879571963714,384.45708379696447,391.1679397583008,3.2455323313246534,0.0016522837784469502,0.001650920259345065,59823070.0
2021-06-14 00:00:00-04:00,396.4103860815458,397.2883323557152,395.1682012696967,397.18560791015625,42358500,394.20338745117186,391.5732925415039,388.7369677734375,64.40395555702938,2.614301497468432,2.317083327380012,0.2972181700884198,398.6970346887423,384.44955039426554,391.5732925415039,3.1651465280885027,0.0022391207202334673,0.002236617625225137,57830915.0
2021-06-15 00:00:00-04:00,397.3350997073947,397.37243850900103,395.5792069332303,396.4571533203125,51508500,394.65263671875,391.9917236328125,389.0754461669922,62.24243343340706,2.6214155713374794,2.377949776171506,0.24346579516597355,399.22975314211686,384.7536941235082,391.9917236328125,3.0671526029229477,-0.0018340407490508026,-0.0018357246610091434,57149880.0
2021-06-16 00:00:00-04:00,396.59721625461583,396.8213630595682,392.19816419002484,394.2435607910156,80386100,394.8188873291016,392.466650390625,389.3741345214844,56.082776438816495,2.4205327143811814,2.386466363813441,0.03406635056774032,398.9472427415487,385.9860580397013,392.466650390625,3.1782987648244077,-0.005583434453781733,-0.00559908008869438,58178675.0
2021-06-17 00:00:00-04:00,393.8325179926995,395.0933719005137,391.63765283375125,394.1127014160156,90949700,395.1177551269531,392.9854766845703,389.66142578125,55.73164985604828,2.2251225177416245,2.3541975945990776,-0.12907507685745312,398.1059271420751,387.8650262270655,392.9854766845703,3.1981145006771263,-0.0003319252056709354,-0.0003319803050349311,57402805.0
2021-06-18 00:00:00-04:00,390.82934732782405,391.5227466010482,388.5898403960133,388.7959899902344,118676300,394.52723388671876,393.0320526123047,389.80633239746095,43.74743191072572,1.6225407112779635,2.207866217934855,-0.5853255066568916,397.979350503061,388.0847547215484,393.0320526123047,3.3641678234860692,-0.01349033260455379,-0.013582153876205207,59435510.0
2021-06-21 00:00:00-04:00,390.55768603100165,394.54947970964827,389.74246700562156,394.362060546875,72822000,394.5316131591797,393.37281188964846,390.007080078125,54.72399137261379,1.5759589903757956,2.0814847724230434,-0.5055257820472479,397.6562262302182,389.08939754907874,393.37281188964846,3.5348336731951995,0.014316172748542133,0.014214664011474564,59247675.0
2021-06-22 00:00:00-04:00,394.352710107166,397.30437604962555,393.63117206610633,396.47039794921875,57700300,394.73841552734376,393.62144927978517,390.24719177246095,58.06214403061584,1.6896901529286197,2.0031258485241588,-0.3134356955955391,398.01645983410543,389.2264387254649,393.62144927978517,3.544717266789772,0.005346197348244042,0.0053319571665345475,59563855.0
2021-06-23 00:00:00-04:00,396.5453419827774,397.35118140093033,395.908162638729,395.99249267578125,49445400,394.9562744140625,393.8896224975586,390.4549572753906,57.03561651996117,1.721416538780602,1.9467839865754475,-0.22536744779484552,398.17470160897125,389.60454338614596,393.8896224975586,3.3945959450334557,-0.0012053996361632846,-0.001206126714643535,59163555.0
2021-06-24 00:00:00-04:00,398.1383434268328,398.75676373658587,397.88532470396706,398.3351135253906,45110300,395.22533264160154,394.23616485595704,390.7359143066406,60.70319666012811,1.91353184859031,1.94013355897842,-0.02660171038811021,398.7747346343622,389.6975950775519,394.23616485595704,3.34957273901711,0.005915821367672658,0.00589839160357773,59264640.0
2021-06-25 00:00:00-04:00,399.08471063989845,400.1997887962621,398.75674142988316,399.75,58129500,395.5705078125,394.64317779541017,390.96260437011716,62.77031195092491,2.155111347429056,1.9831291166685474,0.17198223076050856,399.60672822513664,389.6796273656837,394.64317779541017,3.2435086341495656,0.003552000379999587,0.0035457069251495854,59335730.0
2021-06-28 00:00:00-04:00,400.27486904217596,400.7246293559444,399.0754605452032,400.55596923828125,53159600,395.9075439453125,395.0554656982422,391.1794494628906,63.93413092274229,2.3841172034484543,2.0633267340245287,0.32079046942392564,400.5199493421319,389.5909820543525,395.0554656982422,3.1296272181918234,0.0020161832102094657,0.0020141534406412196,59067700.0
2021-06-29 00:00:00-04:00,400.9400528954754,401.57723223614346,400.237273994288,400.7713928222656,35970500,396.33896789550784,395.4958023071289,391.438896484375,64.25576459619202,2.5535531064202814,2.161372008503679,0.3921810979166023,401.30172562553884,389.68987898871893,395.4958023071289,3.001793719882084,0.000537811443414693,0.0005376668746718529,58155395.0
2021-06-30 00:00:00-04:00,400.3122456149289,401.78340305544015,400.2841356012442,401.1087341308594,64827900,397.0254852294922,395.92218627929685,391.7618756103516,64.7853661467777,2.684112130728522,2.2659200329486477,0.4181920977798743,402.0527150009255,389.7916575576682,395.92218627929685,2.894470415190217,0.0008417300102638858,0.0008413759542245955,58941935.0
2021-07-01 00:00:00-04:00,401.8677508401516,403.4888379572731,401.80215127327483,403.32952880859375,53441000,397.94716796875,396.53246154785154,392.05641967773437,68.13279096391963,2.9329712023479715,2.3993302668285126,0.5336409355194589,403.0488186690554,390.0161044266477,396.53246154785154,2.8577299445633257,0.005536640039879748,0.005521369188621763,58707045.0
2021-07-02 00:00:00-04:00,404.49152708220277,406.76852436635596,403.4139096500069,406.4124450683594,57697700,399.7088134765625,397.11802368164064,392.48360412597657,72.09795927244326,3.340452727018544,2.587554758866519,0.7528979681520251,404.86034187035534,389.37570549292593,397.11802368164064,2.8992489169346745,0.007643666132931992,0.0076146013307609815,58794990.0
2021-07-06 00:00:00-04:00,406.4686382569822,406.68416744841574,402.936012721127,405.6721496582031,68710400,400.83982238769534,397.6857177734375,392.8124871826172,69.85038318930495,3.5625818919529024,2.7825601854837956,0.7800217064691068,406.1545590329026,389.21687651397235,397.6857177734375,2.95988504624568,-0.0018215372563989973,-0.0018231982727624934,59652760.0
2021-07-07 00:00:00-04:00,406.35609357661275,407.3868415804875,404.3414666485789,407.105712890625,63549500,401.9033538818359,398.32088470458984,393.1537890625,71.69079727582557,3.810373810177907,2.988122910422618,0.8222508997552893,407.57824484894945,389.06352456023023,398.32088470458984,2.9659914666501748,0.0035337975102054386,0.0035275683186049307,60473520.0
2021-07-08 00:00:00-04:00,401.7834502743056,404.54772586147544,400.60277236849515,403.7887268066406,97595200,402.6829772949219,398.8196258544922,393.4304327392578,62.22589029961902,3.6964868355898375,3.129795695456062,0.5666911401337753,408.12664632267496,389.5126053863094,398.8196258544922,3.2186306848987227,-0.00814772669347319,-0.008181100824431593,62931465.0
2021-07-09 00:00:00-04:00,405.2973236629894,408.3989192878367,403.5919064673389,408.09906005859375,76238600,403.6593719482422,399.4423522949219,393.7955255126953,68.11662094308582,3.9089781908622285,3.2856321945372957,0.6233459963249328,409.456083457525,389.42862113231877,399.4423522949219,3.3320865517272273,0.010674724096537691,0.010618151471269528,64192390.0
2021-07-12 00:00:00-04:00,408.0147135517589,409.8138402584851,407.58368379970483,409.5608215332031,52889600,404.6404541015625,400.10548095703126,394.1401654052734,69.83466174407397,4.147521014866527,3.458009958603142,0.689511056263385,410.92284936411534,389.2881125499472,400.10548095703126,3.2533772593738712,0.003581879052599435,0.0035754794011246325,64558330.0
2021-07-13 00:00:00-04:00,408.7737117077264,410.2729791942714,407.90227266855015,408.1646423339844,52911300,405.4013214111328,400.65443267822263,394.50843627929686,66.16723495846784,4.175772225589071,3.601562412000328,0.5742098135887432,411.9280723737144,389.3807929827309,400.65443267822263,3.1903293498272545,-0.003408966692644344,-0.0034147904587165903,65085970.0
2021-07-14 00:00:00-04:00,409.8606191747878,410.3478974784806,407.5274025459791,408.7736511230469,64130400,406.20154724121096,401.2702575683594,394.8720751953125,66.98177277273888,4.198901114877117,3.721030152575686,0.4778709623014308,412.8994837520661,389.6410313846527,401.2702575683594,3.163912605732558,0.0014920664993911537,0.001490954474178135,65717065.0
2021-07-15 00:00:00-04:00,407.4337224657248,408.10839135369446,405.4753153622365,407.37750244140625,55126400,406.82842407226565,401.9269546508789,395.25598571777346,63.22385294448842,4.057797630571542,3.7883836481748574,0.269413982396685,413.3767883556441,390.47712094611364,401.9269546508789,3.17351425966669,-0.003415456641603254,-0.003421302628577501,64454080.0
2021-07-16 00:00:00-04:00,408.5581415441631,408.60498202795424,403.7886192907794,404.1821594238281,75874700,406.91368713378904,402.43042755126953,395.5735607910156,55.54329124203167,3.646104601516015,3.7599278388430895,-0.11382323732707444,413.33407056683734,391.5267845357017,402.43042755126953,3.2908605794886987,-0.00784369043069022,-0.007874613979780733,63700330.0
2021-07-19 00:00:00-04:00,399.35647556745073,404.24781810954704,395.4021716073947,398.2132873535156,147987000,406.09377136230466,402.9012924194336,395.7097412109375,44.63519566446021,2.8058526944929554,3.569112809973063,-0.7632601154801075,412.08714310856453,393.7154417303027,402.9012924194336,3.6876310025361034,-0.014767777179530372,-0.014877906388284535,65165865.0
2021-07-20 00:00:00-04:00,398.87858854389634,405.19424821912867,398.0821000063619,403.91986083984375,99608200,405.9185424804688,403.37918243408205,395.90308044433596,53.947164717272145,2.5707853794156676,3.369447323861584,-0.7986619444459162,411.6912301691082,395.0671346990559,403.37918243408205,3.932239374695438,0.014330444682681076,0.014228734410938469,66505175.0
2021-07-21 00:00:00-04:00,405.11927714998365,407.3307031828911,403.8730283565818,407.19012451171875,64724400,405.92698364257814,403.91516876220703,396.2399060058594,58.277938983740526,2.6181948655939777,3.2191968322080626,-0.6010019666140849,411.74456257435946,396.0857749500546,403.91516876220703,3.898341906953571,0.008096318079223286,0.008063718734240754,66856380.0
2021-07-22 00:00:00-04:00,407.36808629960854,408.2863942745382,406.38420736629706,408.0427551269531,47878500,406.3523864746094,404.51768188476564,396.66345947265626,59.351234635141694,2.6935181888509874,3.1140611035366477,-0.4205429146856603,411.6381421072481,397.3972216622832,404.51768188476564,3.755759407045542,0.0020939373622010926,0.002091748130905477,66778035.0
2021-07-23 00:00:00-04:00,409.973137588627,412.57810387739073,409.2891176794418,412.24078369140625,63766600,406.7665588378906,405.2129653930664,397.33535339355467,64.23031410927936,3.056722294107317,3.1025933416507816,-0.045871047543464716,412.4966256783745,397.92930510775824,405.2129653930664,3.811444360144975,0.010288207575568808,0.010235644182665527,67710850.0
2021-07-26 00:00:00-04:00,411.65035780963643,413.26206508210987,411.6035173257502,413.252685546875,43719200,407.1357452392578,405.88809967041016,397.9365173339844,65.31114605194641,3.387170988472519,3.159508871015129,0.22766211745739007,413.51614685400455,398.26005248681577,405.88809967041016,3.6576660313031675,0.0024546379094463333,0.002451630206688424,66990335.0
2021-07-27 00:00:00-04:00,412.2127139090476,412.2408239272899,408.5395094805176,411.369384765625,67397100,407.4562194824219,406.4287704467773,398.382333984375,61.58156747483175,3.4572344788472833,3.21905399258156,0.23818048626572308,414.0011134495362,398.85642744401844,406.4287704467773,3.733059605235612,-0.0045572620508388395,-0.00456767802714192,67702210.0
2021-07-28 00:00:00-04:00,411.9970499079121,412.57800915894387,409.77627340490346,411.2005615234375,52472400,407.69891052246095,406.9502288818359,398.8445745849609,61.24394384104264,3.4592614621988673,3.267095486505022,0.19216597569384541,414.3262384162693,399.57421934740256,406.9502288818359,3.6665364730073833,-0.00041039330693914966,-0.00041047754131927876,68527305.0
2021-07-29 00:00:00-04:00,412.1283678734607,413.9836861978173,412.1189883356927,412.9060974121094,47435300,408.25177001953125,407.54009704589845,399.4077960205078,63.425535129269676,3.5574819164887117,3.32517277250176,0.23230914398695157,414.8396587213005,400.2405353704964,407.54009704589845,3.6034356302482697,0.0041476983454329375,0.004139120355746059,67657675.0
2021-07-30 00:00:00-04:00,410.33849754765976,412.35312442953557,410.20729844283443,410.9007263183594,68951200,408.9236267089844,407.91865692138674,399.95108703613283,59.20551476204402,3.433921536542016,3.346922525309812,0.0869990112322041,415.0896651615762,400.7476486811973,407.91865692138674,3.5388187258930324,-0.004856724340760898,-0.004868556552494718,68433185.0
2021-08-02 00:00:00-04:00,412.61558301486065,413.16843236981356,409.68264755521176,410.0387268066406,58783300,410.1061706542969,408.09997100830077,400.3945721435547,57.436484707127875,3.229218468281033,3.3233817139040562,-0.09416324562302325,415.2928191523147,400.90712286428686,408.09997100830077,3.53503058937223,-0.002097829126373685,-0.0021000326521818484,68487465.0
2021-08-03 00:00:00-04:00,410.8352061543172,413.49639234731455,408.642539261414,413.37457275390625,58053900,411.0516418457031,408.48509216308594,400.9111260986328,62.149784423181494,3.2981457300432453,3.3183345171318943,-0.02018878708864902,415.9368847407644,401.03329958540746,408.48509216308594,3.629232196267109,0.008135441189287107,0.008102526882053014,67954640.0
2021-08-04 00:00:00-04:00,412.09080591322396,413.346434118997,411.10692688961086,411.3411865234375,46732200,411.466748046875,408.6968658447266,401.30799682617186,57.93814908823115,3.1523554155455713,3.28513869681463,-0.13278328126905858,416.2202120294631,401.17351965999006,408.6968658447266,3.5319760296977,-0.0049189920340825255,-0.00493113009644578,67113775.0
2021-08-05 00:00:00-04:00,412.5030891792091,414.0304665079831,412.1844995210822,413.9461364746094,38969700,412.0570861816406,409.204736328125,401.7743389892578,61.53438371061116,3.210010231738579,3.2701130037994197,-0.06010277206084069,416.7055370033513,401.70393565289874,409.204736328125,3.471783455043977,0.006332820628024871,0.00631285257785168,64182500.0
2021-08-06 00:00:00-04:00,414.26478830639564,415.0518973321597,413.98365955681214,414.6302185058594,46930000,412.29602966308596,409.53129425048826,402.2388580322266,62.442517008859845,3.27317071721194,3.2707245464819237,0.002446170730016295,417.37209254099577,401.69049595998075,409.53129425048826,3.3027818409372864,0.0016525870662207343,0.0016512230467821626,62717070.0
2021-08-09 00:00:00-04:00,414.60196518885573,414.9205547846809,413.52437684494777,414.2927551269531,41222600,412.40003662109376,409.7678909301758,402.69251831054686,61.66904029045088,3.2584341816761366,3.2682664735207667,-0.009832291844630081,417.8788916970729,401.65689016327866,409.7678909301758,3.166595847994134,-0.0008138899767661245,-0.0008142213650345255,62133720.0
2021-08-10 00:00:00-04:00,414.74262797604996,415.52038600343246,414.05860812109773,414.8082275390625,43339300,412.7439208984375,410.1000701904297,403.1424786376953,62.43449506382803,3.2508756162630448,3.2647883020692223,-0.01391268580617755,418.46152213436704,401.7386182464923,410.1000701904297,3.0448231361613196,0.0012442226076374574,0.0012434492041463793,61655120.0
2021-08-11 00:00:00-04:00,415.87644828844924,415.93266831269824,414.75199061117655,415.8389587402344,44034300,413.2077606201172,410.4533355712891,403.6199645996094,63.983305867804816,3.290130219337584,3.2698566855228948,0.020273533814689326,419.1510239850271,401.75564715755104,410.4533355712891,2.9116698908299172,0.002484837890720959,0.0024817557856811334,60650315.0
2021-08-12 00:00:00-04:00,415.68905723891174,417.22581426197354,414.78950819398324,417.0852355957031,38909400,413.62567443847655,410.93872222900393,404.11004821777345,65.81838785039783,3.382808985495103,3.2924471455173365,0.09036183997776659,419.97263902133227,401.9048054366756,410.93872222900393,2.8777153320556588,0.0029970180265079804,0.0029925359210499114,59839465.0
2021-08-13 00:00:00-04:00,417.5350605392358,417.8630297953268,417.0478107219428,417.84429931640625,39470300,414.3200317382813,411.6218292236328,404.6444537353516,66.92377878800635,3.4774221163527272,3.3294421396844145,0.14797997666831275,420.5746099503246,402.669048496941,411.6218292236328,2.730394170721966,0.001819924696252917,0.0018182706398375847,58019245.0
2021-08-16 00:00:00-04:00,416.5417789840265,418.95932605512974,414.9862914344037,418.8281555175781,73740000,415.198974609375,412.65257263183594,405.1269927978516,68.35235316716626,3.5904047264759242,3.3816346570427167,0.20877006943320753,419.74700591155846,405.5581393521134,412.65257263183594,2.8191542028651133,0.002354600033508847,0.0023518323065917952,54306895.0
2021-08-17 00:00:00-04:00,416.26997110737653,416.9446399663895,413.0934254851267,416.08258056640625,92673900,415.469775390625,413.2607086181641,405.56227905273437,60.499537809356895,3.418987348257019,3.3891051952855773,0.029882152971441922,419.25675780798986,407.2646594283383,413.2607086181641,3.027409619264134,-0.006555373403153708,-0.00657695422866343,53960180.0
2021-08-18 00:00:00-04:00,415.07059964436183,416.6354666486862,411.2849843863083,411.5285949707031,89351900,415.48851623535154,413.4776321411133,405.90480346679686,50.19801376043832,2.8824422625506827,3.2877726087385986,-0.40533034618791586,418.86224242287324,408.09302185935337,413.4776321411133,3.1933433794865467,-0.01094490807450732,-0.01100524423393383,55191555.0
2021-08-19 00:00:00-04:00,408.8018367196642,413.36523891211175,408.6612866430519,412.1658020019531,92812200,415.31048278808595,413.6837844848633,406.27184143066404,51.443867616814906,2.480055166412683,3.1262291202734156,-0.6461739538607327,418.5067125127415,408.86085645698506,413.6837844848633,3.3012440144560697,0.001548390656292975,0.0015471931354747188,57438240.0
2021-08-20 00:00:00-04:00,412.51249736786883,415.7733732693985,412.0252190130029,415.4454040527344,72008700,415.3920013427734,413.84401550292966,406.66785888671876,57.356711336020695,2.398152560481833,2.9806138083150993,-0.5824612478332662,418.67745623266757,409.01057477319176,413.84401550292966,3.333166174594607,0.0079569970018174,0.007925507034594244,57850345.0
2021-08-23 00:00:00-04:00,417.13215804647064,420.00887376629044,415.5204503118759,419.0999450683594,54973000,415.8727203369141,414.1363784790039,407.12389282226565,62.79377366610823,2.5981848156516207,2.904128009782404,-0.3059431941307831,419.472600901724,408.8001560562838,414.1363784790039,3.4210449988061393,0.008796681778097337,0.008758216386891596,58413035.0
2021-08-24 00:00:00-04:00,419.76513671875,420.2992555252089,419.2497769837676,419.76513671875,38744700,416.3684112548828,414.55616607666013,407.5754833984375,63.70098220128671,2.7783600211217276,2.878974412050269,-0.1006143909285413,420.2636800940309,408.84865205928935,414.55616607666013,3.2623496743806655,0.0015871909748930157,0.0015859327185171182,56980415.0
2021-08-25 00:00:00-04:00,419.9525966891945,421.16135587884156,419.57775837696613,420.64599609375,40529700,416.8491149902344,415.02843780517577,408.05926025390625,64.92077473884606,2.9581286932579474,2.8948052682918046,0.06332342496614274,421.0987543916606,408.95812121869096,415.02843780517577,3.1424388049160057,0.0020984576801341692,0.0020962589931802426,56383280.0
2021-08-26 00:00:00-04:00,420.36492091811544,420.599180595031,418.06919324203466,418.16290283203125,57829600,416.9568817138672,415.29127807617186,408.53764709472654,58.910994561048405,2.867180712449624,2.8892803571233685,-0.02209964467374448,421.4261384560038,409.15641769633993,415.29127807617186,3.102036236830244,-0.00590304741939196,-0.005920539274612911,56902995.0
2021-08-27 00:00:00-04:00,418.96864575668053,422.27639048792906,418.91242573488046,421.9015808105469,77235100,417.36260986328125,415.84132080078126,409.0934246826172,64.273578709731,3.0614928658010285,2.923722858858901,0.1377700069421275,422.2686184743655,409.414023127197,415.84132080078126,3.1742827667636417,0.008940721315054967,0.008900989710101542,57317190.0
2021-08-30 00:00:00-04:00,422.5762498396636,424.5440363918998,422.3326106810009,423.7569274902344,48357400,417.85548706054686,416.52723083496096,409.7926434326172,66.60299800318896,3.3268477881363765,3.0043478447143963,0.3224999434219802,423.2522298331144,409.8022318368075,416.52723083496096,3.136295110662876,0.004397581720654076,0.00438794061286482,56795895.0
2021-08-31 00:00:00-04:00,423.6632692588089,424.0005894306205,422.52946055313254,423.129150390625,59300200,418.5601440429688,417.01495971679685,410.3679852294922,65.05731869075643,3.446755063636715,3.0928292884988604,0.3539257751378546,424.1566199891105,409.8732994444832,417.01495971679685,3.0173546654360957,-0.0014814556621587371,-0.001482554102592779,56858210.0
2021-09-01 00:00:00-04:00,424.0661623524176,424.58152211457764,423.11974426960506,423.35400390625,48721400,419.74268493652346,417.6156005859375,410.9056573486328,65.36733916192844,3.5193572828547985,3.178134887370048,0.3412223954847504,424.76812387689205,410.46307729498295,417.6156005859375,2.906242035402987,0.0005314063458341511,0.0005312651994837851,56957670.0
2021-09-02 00:00:00-04:00,424.7783747777005,425.462394702092,423.45714682758916,424.65655517578125,42501000,420.99176025390625,418.15112152099607,411.4789385986328,67.18370576990161,3.6400399515169397,3.2705159001994266,0.3695240513175131,425.71640232705266,410.5858407149395,418.15112152099607,2.8492526611486317,0.003076742531103349,0.003072019044955765,57134235.0
2021-09-03 00:00:00-04:00,423.52265580930316,425.0687635577039,423.11970753618436,424.5533752441406,47170500,421.9025573730469,418.6472793579102,412.0033038330078,66.88446003622006,3.684879085391856,3.3533885372379126,0.3314905481539432,426.5192042950947,410.77535442072565,418.6472793579102,2.784952901175125,-0.0002429726572757973,-0.00024300217991411524,57146260.0
2021-09-07 00:00:00-04:00,424.20672913760086,424.30043871518234,422.3607619842241,423.0354309082031,51671500,422.2961059570313,419.0844131469727,412.46901245117186,62.47566230586508,3.556926960228793,3.3940962218360893,0.1628307383927039,426.91139576919545,411.2574305247499,419.0844131469727,2.742642926799511,-0.003575391044917775,-0.0035817980316941193,57668705.0
2021-09-08 00:00:00-04:00,422.5012585402549,423.23214734951307,420.5990431330851,422.5199890136719,56181900,422.57159118652345,419.4700012207031,412.9082928466797,61.005145578769415,3.375026916617344,3.39028236079234,-0.015255444174996136,427.1752220452269,411.76478039617933,419.4700012207031,2.7348187332015432,-0.0012184367002656682,-0.001219179597772315,58310835.0
2021-09-09 00:00:00-04:00,422.32334708756264,424.07560485445447,420.4680001952441,420.7116394042969,57970400,422.5781555175781,419.71363525390626,413.3070977783203,56.02303778406358,3.0497949829361346,3.322184885221099,-0.2723899022849645,427.2505070826515,412.176763425161,419.71363525390626,2.7971605850593173,-0.004279914930406914,-0.00428909998317755,59007640.0
2021-09-10 00:00:00-04:00,422.64189201792766,423.06354222411983,417.27265062322766,417.39447021484375,89948200,422.5013122558594,419.7290969848633,413.6328125,48.24039006770057,2.495610655304233,3.1568700392377265,-0.6612593839334933,427.2455781459832,412.2126158237434,419.7290969848633,3.010998514761664,-0.007884662269268428,-0.00791591058212828,61559580.0
2021-09-13 00:00:00-04:00,420.3930027876443,420.6553724465294,416.1481905625877,418.4626770019531,83738600,422.157421875,419.7600158691406,413.9354754638672,50.61936456218938,2.118193724589389,2.9491347763080595,-0.8309410517186704,427.25027197959963,412.2697597586816,419.7600158691406,3.117868755417381,0.002559226016002336,0.0025559567737338013,63772995.0
2021-09-14 00:00:00-04:00,419.9056916877061,420.11184130334044,415.31420871709963,416.20440673828125,78197100,421.4021697998047,419.62882843017576,414.1313146972656,45.82424564762652,1.6182108236556587,2.6829499857775794,-1.0647391621219207,427.27015649138525,411.98750036896627,419.62882843017576,3.2378518861904833,-0.005396587050130908,-0.005411201227526057,63995850.0
2021-09-15 00:00:00-04:00,416.62609222178327,420.17747647552517,415.52039355154807,419.68084716796875,78792200,421.0573394775391,419.8087417602539,414.41148864746094,53.177518464352886,1.4853680629144606,2.443433601204956,-0.9580655382904952,427.2750518074745,412.3424317130333,419.8087417602539,3.33922553174667,0.008352723741999135,0.008318032787152502,63301765.0
2021-09-16 00:00:00-04:00,419.1560224523783,420.1305217956713,416.0637785857491,419.0154724121094,77786700,420.623486328125,420.1830856323242,414.6496838378906,51.73029084098305,1.3112833773886905,2.217003556441703,-0.9057201790530125,426.63280977087777,413.73336149377064,420.1830856323242,3.39119108018778,-0.001585430358210016,-0.0015866884828755806,62723505.0
2021-09-17 00:00:00-04:00,418.2428600689456,418.665861109797,414.5766789216659,414.93389892578125,118425000,419.651220703125,420.3214904785156,414.8725872802734,43.847198551988065,0.8343532359461392,1.9404734923425904,-1.1061202563964512,426.16766381769315,414.4753171393381,420.3214904785156,3.4660198237774713,-0.009740865803432253,-0.00978861839079975,64004145.0
2021-09-20 00:00:00-04:00,408.8048283528595,410.38408955076596,403.1457660287209,408.01519775390625,166445500,417.9974029541016,419.9499801635742,414.8709100341797,34.30427280279869,-0.100737461070878,1.5322313016598967,-1.6329687627307747,427.6414941506703,412.25846617647807,419.9499801635742,4.060456471869104,-0.016674224954352446,-0.01681480474017844,68725985.0
2021-09-21 00:00:00-04:00,410.3559031370975,411.6531636956014,407.10337084294684,407.6297912597656,92526100,416.4568389892578,419.37647247314453,414.83228942871096,33.862159599972415,-0.86295504987811,1.0531940313522954,-1.9161490812304054,428.7603225423993,409.99262240388975,419.37647247314453,4.095409070496635,-0.0009445885747939586,-0.0009450349797165731,70603640.0
2021-09-22 00:00:00-04:00,409.9046386502538,413.64601007748894,407.74255702757415,411.6061096191406,102350100,415.3654510498047,418.96852111816406,414.90111877441404,42.146562953965464,-1.1331006415020397,0.6159350967814283,-1.749035738283468,428.9403033403922,408.99673889593595,418.96852111816406,4.232609766727112,0.009754729523292038,0.009707459306114951,73783910.0
2021-09-23 00:00:00-04:00,413.47688551104596,418.21469841814167,413.24187534861926,416.6072082519531,76396000,414.9550079345703,418.7665817260742,415.0577899169922,50.53825627265004,-0.9328923036439392,0.3061696166963549,-1.2390619203402942,428.7578628174517,408.7753006346967,418.7665817260742,4.402322554746678,0.012150205052689822,0.012076983816635401,75577225.0
2021-09-24 00:00:00-04:00,414.97149473457984,418.0078359804858,414.7552750846295,417.29339599609375,62094800,414.9449005126953,418.72310638427734,415.25610778808596,51.57612446805613,-0.710664044494365,0.10280288445821092,-0.813466928952576,428.73206772015635,408.71414504839834,418.72310638427734,4.320196721968796,0.0016470856253778532,0.001645730667466288,75790485.0
2021-09-27 00:00:00-04:00,416.2593696919336,417.4250108387706,415.40392931593607,416.0995788574219,61371100,414.7085906982422,418.4330062866211,415.4944561767578,49.62513892156527,-0.6236881255163667,-0.04249531753670459,-0.5811928079796621,428.39286141396224,408.47315115927995,418.4330062866211,4.155974207744921,-0.0028608579721761673,-0.0028649580480349206,74997285.0
2021-09-28 00:00:00-04:00,413.32642918282806,413.65544911085703,406.98115550934745,407.7143859863281,130436300,413.8595886230469,417.6308792114258,415.6844781494141,38.58481729849649,-1.2173413168827665,-0.277464517405917,-0.9398767994768495,428.30486720141766,406.9568912214339,417.6308792114258,4.5104348606256,-0.020151889829157832,-0.02035770895124166,79101230.0
2021-09-29 00:00:00-04:00,409.0962556033454,410.8353363854079,407.83660468931265,408.400634765625,82329200,412.7315673828125,416.89445343017576,415.7740936279297,39.7658875133886,-1.6138378882158122,-0.5447391915678961,-1.0690986966479161,427.97407495797063,405.8148319023809,416.89445343017576,4.411185970515185,0.0016831605724108023,0.0016817456451319191,80252680.0
2021-09-30 00:00:00-04:00,409.87654418717653,410.5815747267988,403.07065855810856,403.4090881347656,140506000,411.1709289550781,415.89720764160154,415.69847290039064,34.55982128950403,-2.304278091143999,-0.8966469714831167,-1.4076311196608824,428.013555008172,403.7808602750311,415.89720764160154,4.632595270384832,-0.012222181372768759,-0.012297486455504759,84841910.0
2021-10-01 00:00:00-04:00,405.1386431605833,409.8858359543711,401.61349147576334,408.2031555175781,129240100,410.4978546142578,415.0745376586914,415.7016809082031,42.364305779347866,-2.4365289649956026,-1.204623370185614,-1.2319055948099886,426.93173731446177,403.217338002921,415.0745376586914,4.892577356686469,0.011883885425037821,0.01181382656010316,89178865.0
2021-10-04 00:00:00-04:00,407.03749673565017,407.9399274949172,400.79561465530827,402.9389343261719,128570000,409.9902282714844,413.99381561279296,415.5156439208984,37.12809531724102,-2.932315482968761,-1.5501617927422435,-1.3821536902265175,426.13491294250014,401.8527182830858,413.99381561279296,5.072217607085283,-0.01289608157176425,-0.012979957929626541,93248840.0
2021-10-05 00:00:00-04:00,404.4430001166101,409.37821255340737,403.6439886722877,407.13153076171875,90682500,409.9404022216797,413.19862060546876,415.3932208251953,43.154354640319575,-2.9528833756053245,-1.83070610931486,-1.1221772662904645,424.9436166981095,401.453624512828,413.19862060546876,5.169864794238869,0.010405041752934885,0.010351281900102446,95199390.0
2021-10-06 00:00:00-04:00,403.5312059070278,409.0304489893108,401.90495407806975,408.8236389160156,113032200,409.6621551513672,412.51380310058596,415.3423059082031,45.427839607357384,-2.8003637421361987,-2.024637635879128,-0.7757261062570708,423.58265779800115,401.44494840317077,412.51380310058596,5.309552659739024,0.004156170737086073,0.004147557716031638,98041905.0
2021-10-07 00:00:00-04:00,412.10435369862415,415.197066176869,411.9257437150467,412.358154296875,72437500,409.23724975585935,412.0961288452148,415.3654577636719,49.93226379465515,-2.3669996827725868,-2.09311004525782,-0.2738896375147668,422.5069731181651,401.68528457226455,412.0961288452148,5.385543702675762,0.008645574874855733,0.008608415912527713,98765260.0
2021-10-08 00:00:00-04:00,413.1289992900791,413.5144193283019,410.9762985644965,411.6061096191406,74557400,408.66852111816405,411.8067108154297,415.3394580078125,49.00541130028104,-2.060487249497612,-2.086585486105778,0.026098236608166125,421.9301572051886,401.6832644256708,411.8067108154297,5.182156349899309,-0.0018237657480466574,-0.0018254308335905014,97995720.0
2021-10-11 00:00:00-04:00,410.9481526531211,413.8622842543227,408.56044149355773,408.6262512207031,65233300,407.9211883544922,411.3148895263672,415.29396850585937,45.40870364889833,-2.0345703463855216,-2.076182458161727,0.041612111776205385,421.04521848053577,401.58456057219865,411.3148895263672,5.190705379246855,-0.007239587384149315,-0.007265920367156081,97070455.0
2021-10-12 00:00:00-04:00,409.54755357171507,409.9517641967118,406.83082211769147,407.6204528808594,71181200,407.9117950439453,410.8856918334961,415.24560302734375,44.228747912576694,-2.0713137189617328,-2.0752087103217285,0.0038949913599957142,420.4716584321485,401.29972523484366,410.8856918334961,5.042865143516388,-0.0024614139126869494,-0.002464448171979726,96719660.0
2021-10-13 00:00:00-04:00,408.645002322282,409.90465316392994,405.6650899688843,409.0868225097656,72974000,407.98041381835935,410.3559906005859,415.15984802246095,46.414936331490004,-1.9595211918199311,-2.052071206621369,0.09255001480143799,419.07061375613114,401.6413674450407,410.3559906005859,4.985486432911336,0.00359738972503143,0.0035909345950612954,96428750.0
2021-10-14 00:00:00-04:00,412.7529445741557,416.11830542103553,412.28292435324295,415.9678955078125,70236800,409.2362945556641,410.20361175537107,415.25238220214845,55.27479724433748,-1.3006862240803798,-1.9017942101131713,0.6011079860327915,418.3983142992111,402.00890921153103,410.20361175537107,5.131629038508377,0.016820568689627224,0.016680669533537622,96051255.0
2021-10-15 00:00:00-04:00,418.0829930190192,419.50246328838506,417.46256287521214,419.1358337402344,66260200,410.3295623779297,410.41370849609376,415.3561761474609,58.66341780693185,-0.516969325127377,-1.6248292331160124,1.1078599079886353,419.27138210684706,401.55603488534047,410.41370849609376,5.017553234370104,0.007615823881202299,0.007586969899801915,93443015.0
2021-10-18 00:00:00-04:00,417.34980775714325,420.71514033276804,416.69176789132155,420.3767395019531,62213200,412.07334289550784,411.0317855834961,415.47110656738283,59.943650092127534,0.20193490803706027,-1.259476404885398,1.4614113129224582,420.81095381292204,401.2526173540702,411.0317855834961,4.946540320589847,0.0029606291369681514,0.0029562551056545555,88231400.0
2021-10-19 00:00:00-04:00,422.0029718063698,423.6856235581585,421.39192256312816,423.6198425292969,46996800,413.7221740722656,411.83128814697267,415.6576483154297,63.15535213520802,1.0215867862527261,-0.8032637666577731,1.8248505529104992,422.8971110409918,400.76546525295356,411.83128814697267,4.829564873133814,0.007714753749662906,0.007685147210897317,85954935.0
2021-10-20 00:00:00-04:00,424.0805016742407,425.5845723051379,423.96770139728164,425.28375244140625,49571600,415.36818542480466,412.5151702880859,415.8671588134766,64.71837800161393,1.7848557232993016,-0.28563986866635815,2.07049559196566,425.03576433289015,399.9945762432817,412.5151702880859,4.624933794755757,0.003927837520959043,0.003920143707282907,83316010.0
2021-10-21 00:00:00-04:00,424.68200304136724,426.6184837964389,424.2495925287721,426.39288330078125,41305400,416.7716583251953,413.0044540405273,416.0782373046875,65.76105499912435,2.4509958909834495,0.26168728326360335,2.189308607719846,426.82389359595703,399.1850144850976,413.0044540405273,4.463787899963689,0.002607978444997938,0.002604583570438581,81561480.0
2021-10-22 00:00:00-04:00,425.96058146063757,427.40825194853414,424.0052810402493,425.951171875,58845100,418.20616455078124,413.43734283447264,416.25555603027345,64.93797786144793,2.909732764565547,0.791296379523992,2.118436385041555,428.2721611586696,398.6025245102757,413.43734283447264,4.388015257700913,-0.001035925886853195,-0.0010364628289282146,81398995.0
2021-10-25 00:00:00-04:00,427.04157156190274,428.5644324904607,425.264910041171,428.23541259765625,45214500,420.1670806884766,414.04413452148435,416.46337829589845,67.22269740617901,3.418201281406482,1.3166773599004902,2.1015239215059918,430.19895187486395,397.88931716810475,414.04413452148435,4.310265771385828,0.005362682094760318,0.005348354116570609,80591165.0
2021-10-26 00:00:00-04:00,429.7866111150071,430.9992429391153,428.2449306270115,428.6209411621094,56075100,422.2671295166016,415.08946228027344,416.65923400878904,67.6063648935734,3.8083746056525456,1.8150168090509013,1.9933577966016442,432.15084552700483,398.02807903354204,415.08946228027344,4.199806097819628,0.0009002724975837317,0.0008998674953554632,76873105.0
2021-10-27 00:00:00-04:00,429.0814956872959,429.7489164065924,426.6467655584889,426.72198486328125,72438000,424.0306457519531,416.0055297851562,416.87202209472656,63.65405529542804,3.919181982797454,2.235849843800212,1.6833321389972422,433.49407212643024,398.5169874438822,416.0055297851562,4.121402151411334,-0.00443038619083691,-0.004440229435412573,76378545.0
2021-10-28 00:00:00-04:00,428.1507944774444,430.9145155608973,428.14141358107645,430.8393249511719,51437900,425.5177886962891,417.3770416259766,417.25823669433595,68.0195582292265,4.289782618821903,2.6466363988045503,1.6431462200173526,435.0008653217474,399.7532179302057,417.3770416259766,4.126482761854529,0.009648764849108371,0.009602512796339939,71925140.0
2021-10-29 00:00:00-04:00,428.5362813944523,432.0050333226642,428.2448711186631,431.713623046875,70162400,426.77556762695315,418.5525650024414,417.64919311523437,68.8744724074454,4.60099740831231,3.0375086007061025,1.5634888076062072,436.7004909700772,400.40463903480554,418.5525650024414,4.100317007722139,0.0020292903759475678,0.0020272341475523602,68971255.0
2021-11-01 00:00:00-04:00,432.70065934906575,433.07669852419264,430.7265971184563,432.4562683105469,48433600,427.9835205078125,420.02843170166017,417.9894104003906,69.61743853213143,4.8516359976553645,3.4003340800959547,1.4513019175594097,437.6505765038208,402.40628689949955,420.02843170166017,3.975301607580295,0.0017202266132594346,0.0017187487180926084,64964435.0
2021-11-02 00:00:00-04:00,432.6255115333647,434.5150024306183,432.49389207149477,434.20477294921875,48908400,429.04201354980466,421.38209381103513,418.2915069580078,71.35134845756437,5.132197815209622,3.7467068271186883,1.3854909880909339,438.9928320824819,403.77135553958834,421.38209381103513,3.8384039299010917,0.004043194114176307,0.0040350423701886505,62875730.0
2021-11-03 00:00:00-04:00,433.6406702124122,437.25983186693117,433.19885003088245,436.8556213378906,52509800,430.19920043945314,422.78369293212893,418.6333166503906,73.79319829966883,5.504988309367377,4.098363123568427,1.4066251857989505,440.6337135213389,404.93367234291895,422.78369293212893,3.854302351768779,0.006105065061046355,0.006086504654697846,59849610.0
2021-11-04 00:00:00-04:00,437.45716584253296,438.9988457948901,437.10935550121593,438.91424560546875,52847100,431.4513366699219,424.1114974975586,418.998681640625,75.53701600207634,5.898546463635512,4.458399791581844,1.4401466720536682,442.60126628794,405.6217287071772,424.1114974975586,3.7320825021423993,0.0047123675810178955,0.004701299135676439,58870090.0
2021-11-05 00:00:00-04:00,441.14228636490327,442.4301374982926,438.92380414430136,440.437255859375,66390600,432.8999450683594,425.5530548095703,419.44416870117186,76.76862377280128,6.261163539642837,4.818952541194043,1.442210998448794,444.41010473807853,406.6960048810621,425.5530548095703,3.7166403157625028,0.0034699494699819144,0.003463943085875663,58461750.0
2021-11-08 00:00:00-05:00,441.5370209098921,442.0352412122443,440.1269602027339,440.81317138671875,50405200,434.1577209472656,427.1624008178711,419.8224005126953,77.07541057760312,6.503900509754203,5.155942134906075,1.3479583748481279,445.45172145454137,408.87308018120086,427.1624008178711,3.587471793887349,0.000853505288988865,0.000853141260468485,57720345.0
2021-11-09 00:00:00-05:00,441.17985167362065,441.4148618185051,437.9461097849906,439.3561706542969,51149100,435.2312438964844,428.74918670654296,420.13438537597654,73.04889329585507,6.503732544608226,5.425500216846506,1.0782323277617207,445.41615254484566,412.08222086824026,428.74918670654296,3.5789918110035726,-0.0033052568003774097,-0.0033107312278899312,56718740.0
2021-11-10 00:00:00-05:00,437.66397373985734,439.3560635833201,434.33625155444815,435.8215026855469,69429700,436.1411956787109,430.085920715332,420.388232421875,64.27611992035658,6.147516522617991,5.569903478000803,0.5776130446171877,444.34502785828346,415.82681357238056,430.085920715332,3.681915188778226,-0.008045108285348768,-0.00807764479299332,56541525.0
2021-11-11 00:00:00-05:00,437.31630732955944,437.3915266474943,435.9438559987734,435.962646484375,34848500,436.6535278320313,431.08565826416014,420.6404052734375,64.45966495853436,5.809632061733112,5.617849194747265,0.19178286698584657,443.9840182315706,418.1872982967497,431.08565826416014,3.5310658154331676,0.0003238568954455623,0.00032380446512084117,54772110.0
2021-11-12 00:00:00-05:00,437.2315739636778,439.807275407171,436.28212400629286,439.2526550292969,53466700,437.4074310302734,432.0914993286133,420.9323272705078,68.5198077607734,5.741151959931244,5.642509747784061,0.09864221214718327,444.22002483103785,419.9629738261887,432.0914993286133,3.5534631802447985,0.007546537694118172,0.007518205031588253,54132435.0
2021-11-15 00:00:00-05:00,440.54063749790726,440.7004283336517,438.27513622509247,439.4031677246094,46980500,438.1021209716797,433.0428207397461,421.2293231201172,68.69599743478167,5.634079936095134,5.640823785446276,-0.006743849351142472,444.3000877500457,421.7855537294465,433.0428207397461,3.472879532267258,0.0003426563131472271,0.0003425976198801202,53370800.0
2021-11-16 00:00:00-05:00,439.1399514053057,442.2796835013746,439.0647607814874,441.1422424316406,48857500,438.7958679199219,433.91894073486327,421.5914593505859,70.73413823239166,5.62471516543286,5.637602061443593,-0.01288689601073223,444.828447517276,423.00943395245054,433.91894073486327,3.454454045668684,0.003957811037268666,0.003949999507421098,53463835.0
2021-11-17 00:00:00-05:00,440.8790082432791,441.0576182388675,439.4501569663317,440.0705871582031,47858300,439.11736450195315,434.6582824707031,421.9424713134766,67.80449751041988,5.467790606315759,5.6036397704180265,-0.13584916410226722,445.1218425148257,424.19472242658054,434.6582824707031,3.328570575642988,-0.00242927375880031,-0.0024322292317033073,53378170.0
2021-11-18 00:00:00-05:00,441.1046377023812,441.82848731755604,438.37852572627077,441.5652770996094,50625600,439.38246765136716,435.41690216064455,422.3595440673828,69.69010141993871,5.401767535594729,5.563265323453367,-0.16149778785863766,445.56884895592526,425.26495536536385,435.41690216064455,3.33724136247458,0.0033964777129467105,0.0033907227099972724,53844180.0
2021-11-19 00:00:00-05:00,441.4524058684626,442.70267579983584,440.4089746825623,440.7756042480469,57315600,439.4163024902344,436.1581237792969,422.82716674804686,67.44274838236566,5.225487608431138,5.495709780448921,-0.27022217201778354,445.5755285930751,426.7407189655187,436.1581237792969,3.262702773531649,-0.0017883490675476565,-0.0017899500727969195,53767705.0
2021-11-22 00:00:00-05:00,442.65573171479053,445.1468335661726,439.32797995964046,439.5347900390625,72762000,439.28846435546876,436.7230926513672,423.24860900878906,63.95291430935824,4.928844507988799,5.382336725956898,-0.45349221796809847,445.5058745929486,427.9403107097858,436.7230926513672,3.4452849758888253,-0.002815070065189218,-0.0028190398267802035,55145080.0
2021-11-23 00:00:00-05:00,439.2057132997234,440.9729939884895,436.6018115031317,440.1175537109375,73206500,439.36460266113284,437.2979232788086,423.7268719482422,64.87228326917338,4.6867509243959375,5.243219565644706,-0.5564686412487685,445.35962527394594,429.2362212836712,437.2979232788086,3.5114205122794657,0.0013258647212504027,0.0013249865387692835,56001650.0
2021-11-24 00:00:00-05:00,438.1152611459688,441.4148123907597,437.29743052339023,441.2926025390625,61858800,439.9117126464844,438.02645416259764,424.15910705566404,66.71563447202982,4.537402286224619,5.10205610976069,-0.5646538235360703,444.63625051865273,431.41665780654256,438.02645416259764,3.554703466214467,0.002669852220656299,0.0026662944962083613,55472690.0
2021-11-26 00:00:00-05:00,434.6183409737067,436.08480192497507,430.32234880945094,431.4504089355469,112669600,439.4604888916016,438.05700836181643,424.4078057861328,45.28171130524561,3.5835507034882426,4.798355028506201,-1.2148043250179583,444.53802545309594,431.5759912705369,438.05700836181643,4.084385627885688,-0.022303101268606462,-0.022555576479844724,58534275.0
2021-11-29 00:00:00-05:00,436.24463852719293,438.58533038960036,434.0449470141302,436.74285888671875,86268800,439.2095092773437,438.30847015380857,424.84398498535154,53.865006554406065,3.2175826424237925,4.482200551289719,-1.2646179088659268,444.1435657591904,432.47337454842676,438.30847015380857,4.30228104404053,0.012266647201075065,0.012192021535654607,59339595.0
2021-11-30 00:00:00-05:00,434.29873651759567,436.207017697208,428.0004533224309,428.244873046875,148559600,438.0936798095703,438.097900390625,425.24857849121094,42.37177556422189,2.216285916275524,4.0290176242868805,-1.8127317080113565,444.9736931657571,431.2221076154929,438.097900390625,4.619432795486769,-0.0194576411884686,-0.01964943304325648,64345895.0
2021-12-01 00:00:00-05:00,433.9603470803366,436.80866888995706,423.290880760792,423.48828125,131939200,436.3282836914062,437.56207580566405,425.5657482910156,37.54307946128013,1.0270941394425108,3.4286329273180067,-2.401538787875496,446.82409504419843,428.3000565671297,437.56207580566405,5.255029605035219,-0.011107177449744654,-0.011169322746228115,68497435.0
2021-12-02 00:00:00-05:00,423.7044637690375,431.54439807571686,423.3096341374703,429.9745178222656,127637800,435.3186767578125,437.2180206298828,425.9331164550781,46.49699459979754,0.6011069851308548,2.8631277388805767,-2.262020753749722,447.0529530732874,427.3830881864782,437.2180206298828,5.467867771693171,0.01531621265438643,0.015200103536350148,72253835.0
2021-12-03 00:00:00-05:00,431.63844870413465,432.70067046910617,422.00303269299377,426.23321533203125,137331600,433.7854705810547,436.58396911621094,426.12563659667967,42.69489830589122,-0.03794533709941561,2.2829131236845783,-2.320858460783994,447.4778006061485,425.6901376262734,436.58396911621094,5.841422772008831,-0.008701219107549285,-0.008739295750910517,76478060.0
2021-12-06 00:00:00-05:00,428.78070813331755,433.16130061518345,426.3647969926562,431.2812194824219,98977500,432.8360321044922,436.1261672973633,426.40539306640625,48.780645328864765,-0.13550514067202357,1.7992294708132581,-1.9347346114852817,447.1030293945437,425.1493052001829,436.1261672973633,5.919041522804785,0.011843291345697393,0.011773708425789571,78107405.0
2021-12-07 00:00:00-05:00,436.56428721886243,440.76627012490576,431.1496438264403,440.2022399902344,95484700,432.90277709960935,436.0956207275391,426.8874462890625,57.39232656664756,0.5012516935131544,1.5396339153532375,-1.038382221840083,447.02343118442343,425.16781027065474,436.0956207275391,6.183154721066262,0.020684926921971103,0.020473898925282716,80361380.0
2021-12-08 00:00:00-05:00,440.5970473857132,441.81908870916527,438.83914733929845,441.36785888671875,72238800,433.0278076171875,436.19620513916016,427.5605157470703,58.37704812410165,1.0874068266426207,1.4491884976111142,-0.36178167096849356,447.278155976562,425.1142543017583,436.19620513916016,5.954353767409159,0.002647916776866488,0.0026444172215641017,81415865.0
2021-12-09 00:00:00-05:00,440.0800010576555,441.4712714729504,438.190538959741,438.387939453125,61272600,432.7373413085937,436.32452697753905,428.16026184082034,54.88476034844551,1.2965387074499972,1.418658539578891,-0.12211983212889388,447.44551739479175,425.20353656028635,436.32452697753905,5.763380820680603,-0.006751555133874376,-0.006774449991019784,81008010.0
2021-12-10 00:00:00-05:00,441.0952068137605,442.665058357532,438.53829554873346,442.5146484375,77159800,433.84376525878906,436.6521270751953,428.942373046875,58.58015141284763,1.7748092600275527,1.4898886836686236,0.2849205763589291,448.0926021441877,425.21165200620294,436.6521270751953,5.65721925523249,0.009413372524625041,0.009369342829757333,83123575.0
2021-12-13 00:00:00-05:00,441.99766876550603,442.3454791791736,438.3126971846737,438.5947265625,87724700,434.02895202636716,436.61923065185545,429.5502044677734,54.051170501148206,1.8165965888557594,1.5552302647060507,0.2613663241497086,448.0333592007708,425.2051021029401,436.61923065185545,5.553271540774904,-0.008858287265384512,-0.008897755143430806,84836475.0
2021-12-14 00:00:00-05:00,435.323378332146,437.8144800719802,432.65366659136504,435.5771789550781,97264100,434.7621826171875,436.4279312133789,430.2029693603516,50.79552678480335,1.5879179451650316,1.561767800797847,0.026150144367184547,447.7770748750504,425.07878755170736,436.4279312133789,5.58097071437205,-0.00688003622631761,-0.006903812794076431,87350655.0
2021-12-15 00:00:00-05:00,435.6335728638,442.6274476583098,433.1142425689226,442.383056640625,116899300,436.65166015625,436.48997192382814,430.9079998779297,57.07542323257324,1.9335768522867056,1.636129611095619,0.2974472411910867,447.9545008444846,425.0254430031717,436.48997192382814,5.861844598301706,0.015624963874080189,0.015504150965828191,90752745.0
2021-12-16 00:00:00-05:00,444.23491543308455,444.5169160885959,436.9307828900091,438.48187255859375,116568600,437.5023956298828,436.41053619384763,431.50116455078125,52.907122676003006,1.8711516037181468,1.6831340096201246,0.1880175940980222,447.79647294794063,425.02459943975464,436.41053619384763,5.985008069750642,-0.00881856577341844,-0.008857679445346689,94188260.0
2021-12-17 00:00:00-05:00,435.39999504107936,438.4092618245341,432.1077368438548,433.815185546875,135511600,438.2605926513672,436.0230316162109,431.93030517578126,48.35754537978083,1.4286479396174627,1.6322367956195922,-0.2035888560021295,447.2065826986037,424.8394805338181,436.0230316162109,6.012802901535521,-0.010642827682905254,-0.010699867645434716,98432560.0
2021-12-20 00:00:00-05:00,428.7305989396733,429.59845850346267,425.5798363191293,429.2022705078125,107134800,438.0526977539063,435.4443649291992,432.2822283935547,44.30215025064576,0.6976943200165238,1.4453283004989788,-0.747633980482455,446.78101176012996,424.10771809826844,435.4443649291992,6.171556210550533,-0.010633364604900497,-0.010690302815853198,100923520.0
2021-12-21 00:00:00-05:00,432.6267256122782,436.9661112382473,430.4570471935724,436.8246154785156,69806300,437.7149353027344,435.30885620117186,432.84619567871096,51.53479028747612,0.725109238846585,1.3012844881685002,-0.5761752493219152,446.5106780935099,424.1070343088338,435.30885620117186,6.285290819113697,0.01775933049395273,0.01760347612503183,100775735.0
2021-12-22 00:00:00-05:00,436.569793417211,441.30536576361067,436.3716706238864,441.1921691894531,58890200,437.69736633300784,435.36258697509766,433.5176300048828,55.130188549772775,1.0867336537443748,1.258374321283675,-0.1716406675393003,446.6660035258104,424.0591704243849,435.36258697509766,6.1887482705858785,0.009998414824112123,0.00994876137085934,100059920.0
2021-12-23 00:00:00-05:00,442.19203501921226,445.43713726995674,442.08828110682884,443.9372253417969,56439700,438.252294921875,435.49481811523435,434.21463806152343,57.27550568026829,1.5766520347914934,1.3220298639852388,0.2546221708062546,447.12964313013686,423.85999310033185,435.49481811523435,6.049906828437145,0.006221905881482304,0.006202629739989053,99788965.0
2021-12-27 00:00:00-05:00,445.3145445167092,450.2670958254494,445.26738887680665,450.2199401855469,56808600,439.0228240966797,436.43329467773435,434.8996789550781,61.779653874491274,2.4437089073664424,1.5463656726614796,0.8973432347049628,449.5459067351594,423.3206826203093,436.43329467773435,6.069904232381101,0.014152259565331171,0.014053051258762656,96995915.0
2021-12-28 00:00:00-05:00,450.653837085784,451.68207754216996,449.087884188701,449.85198974609375,47274600,440.14855041503904,437.0887512207031,435.5140020751953,61.37158848152369,3.0658262635600977,1.8502577908412032,1.2155684727188945,451.4489465995018,422.7285558419044,437.0887512207031,5.821639169601661,-0.0008172681985197938,-0.0008176023442441371,95046205.0
2021-12-29 00:00:00-05:00,449.9558491527363,451.4463187392995,448.95590766548065,450.4275207519531,54503000,441.6335845947266,438.19788360595703,436.1150177001953,61.79664809791843,3.5642132608907104,2.1930488848511045,1.371164376039606,453.0718955400674,423.3238716718467,438.19788360595703,5.583694305617174,0.0012793785933551405,0.0012785608859265194,90343375.0
2021-12-30 00:00:00-05:00,450.85198851964896,451.8613726077948,448.72005255913206,449.1822814941406,55329000,442.3135070800781,439.4825836181641,436.6262664794922,60.25181386714667,3.81473426375004,2.5173859606308917,1.2973483031191484,453.4644051600702,425.50076207625796,439.4825836181641,5.409239001549001,-0.0027645718799190755,-0.0027684003664708596,86512865.0
2021-12-31 00:00:00-05:00,448.6916965613621,449.8425474311,447.77665266265734,448.0502014160156,65237400,443.2703399658203,440.38636779785156,437.0815954589844,58.81237019638595,3.8772302652993744,2.7893548215645882,1.0878754437347862,454.1276989621196,426.6450366335835,440.38636779785156,5.170428699184263,-0.002520313299890886,-0.0025234946358888067,83392845.0
